3
1
74.05
165
8
17
7.21
5
6
207.35
175
20.25
8
12.65
7
8
32.28
179
3.61
0
18.87
12
10
259.99
170
1
0
16.28
13
3
205.64
166
26.25
70
7.07
14
15
13.39
160
3.61
3
18.25
3
16
45
151
14.56
21
19.7
11
17
257.47
179
16.28
14
2.24
18
19
-5.71
130
2.83
6
18.44
21
19
143.75
174
18.36
80
2.24
23
21
122.01
179
18.03
32
1
12
17
258.11
169
1
0
18.44
6
5
27.35
167
26.25
39
9.22
15
14
193.39
149
2.83
4
19.24
20
22
-32.01
178
18.36
57
1
26
24
259.99
179
14.14
8
3.16
19
18
174.29
111
2.24
6
19.42
28
27
240.95
125
2.24
5
19.42
17
12
78.11
142
2.24
4
17.72
16
3
225
119
10.44
19
27.73
26
7
61.19
163
5.1
4
18.03
30
31
-15.52
173
14.14
21
5
33
28
258.11
142
2.24
4
17.72
34
35
-47.49
175
14.87
42
2
37
36
222.88
100
3.61
10
18.87
38
39
80.54
157
4.12
11
8.54
23
22
123.69
166
14.87
45
5.1
31
36
8.97
169
17.09
53
4.24
42
43
123.69
161
5
33
3
43
44
68.2
140
3.16
34
3.61
26
24
259.99
170
9
10
8.54
27
28
60.95
118
3.61
9
19.21
32
45
167.47
176
14.14
14
4.47
47
46
252.65
145
3.16
7
14.32
48
14
46.64
144
8.06
14
18.87
49
50
-30.96
166
10.44
59
3
41
51
-59.74
158
5
11
9.49
7
26
241.19
159
8.06
10
15.62
28
33
78.11
150
6.32
12
14.32
22
20
147.99
155
17.12
65
8.06
37
40
210.47
168
19.1
75
4.24
40
32
188.53
168
17.09
45
5
39
38
260.54
165
10.05
46
3.61
54
53
237.53
148
4
12
9.9
50
55
212.01
108
4.12
25
9.06
35
34
132.51
150
10.44
36
9.06
42
44
100.3
157
7.21
32
5.39
56
18
30.96
128
9.06
21
19.24
52
34
-23.63
164
17.12
77
5.1
57
20
14.04
111
9.06
25
19.42
58
45
-38.16
154
10.2
27
9.85
39
48
64.54
155
9
14
15.62
59
51
149.74
162
10.2
37
5.39
46
37
244.54
137
6.32
13
19.21
60
13
191.89
161
11.66
24
9.22
13
61
75.96
150
10.44
57
6.32
46
47
72.65
151
9.22
27
9.9
14
48
226.64
143
9.06
17
18.36
50
49
149.04
118
9.43
48
11.18
20
57
194.04
112
8.06
23
19.24
53
54
57.53
137
10.2
51
9.06
62
63
72.47
142
17.09
58
12.37
18
56
210.96
128
9.06
21
19.24
45
32
-12.53
145
15.23
55
10.77
13
66
22.62
127
12.37
60
11.4
37
46
64.54
131
9.85
23
18.44
67
40
235.62
122
9.85
25
19.72
48
39
244.54
155
13
25
12.81
44
68
63.43
148
10.05
24
12.81
69
42
164.74
128
10
56
9.49
13
60
11.89
170
13
20
7.07
70
49
-14.04
148
15.81
69
9.06
34
52
156.37
138
15.81
61
12.04
71
32
219.09
108
10.77
30
20.22
65
59
170.54
148
15.23
56
9.85
53
67
240.26
138
9.22
19
18.44
51
59
-30.26
113
10
42
13.6
68
56
53.97
144
13
24
18.36
42
72
58.39
139
11.18
47
10.2
75
73
125.54
174
14.87
8
11.18
40
67
55.62
124
10.77
27
19.24
68
44
243.43
150
16.03
52
10.2
49
76
220.6
121
11.18
37
16.03
32
71
39.09
108
10.77
30
20.22
55
77
234.16
133
10.2
26
17
78
52
32.28
123
15
41
19.24
69
72
100.62
116
11.4
42
15.26
81
79
135
114
5.39
32
9.22
82
57
45
135
16
36
19.24
67
53
60.26
138
13.34
32
17
56
68
233.97
144
16
33
17.09
84
85
85.6
113
2.24
9
12.37
76
49
40.6
124
16.12
54
16.49
88
86
220.36
100
5.83
12
25.94
52
78
212.28
118
12.04
32
20
89
90
113.63
178
6.71
1
10.77
92
88
156.37
166
13.15
35
5.83
63
62
252.47
178
11.4
3
8.54
94
83
-87.14
157
8.94
16
12.37
92
95
-52.52
176
26.91
10
11.18
97
98
-9.46
148
13
27
15
77
55
54.16
135
17.26
50
16.03
77
71
237.53
135
13.34
29
19.24
100
59
222.88
119
16.49
52
18.25
73
75
-54.46
171
11.31
7
14.76
59
100
42.88
116
13.6
42
18
72
82
55.71
143
16.03
35
17.09
57
82
225
135
15
33
19.42
63
102
-66.8
146
16.64
45
13
103
96
153.43
135
9.49
36
11.18
104
105
-38.42
176
3.61
0
33.42
109
107
127.57
179
20.62
2
12.21
110
65
231.71
125
16.76
43
20.22
83
94
92.86
159
14.32
38
8.6
69
111
53.62
133
16.28
43
17.26
88
92
-23.63
138
15.81
61
12.04
71
77
57.53
131
16.76
40
19.92
114
93
7.13
116
6.32
14
22.2
82
72
235.71
140
19.1
45
17.26
70
115
228.18
132
16.12
39
19.24
96
112
120.7
169
26.91
25
12.04
112
104
48.81
152
9.22
60
5.1
115
70
48.18
130
19.24
48
20
108
112
-66.25
165
20.62
36
9.22
65
110
51.71
128
16.49
42
19.24
76
110
235.18
136
17.26
37
19.92
118
116
149.53
167
10.44
14
9.9
118
117
163.3
137
2.24
9
8.94
111
69
233.62
132
19.42
53
18
111
78
53.53
138
19.1
41
19.42
108
88
262.41
149
27.31
63
15.81
121
105
102.53
130
8.94
62
7.81
122
79
161.57
131
5.83
26
9.9
105
104
141.58
102
7.81
12
36.24
89
90
113.63
133
12.65
46
13
123
124
187.13
149
12.81
52
8.49
128
126
188.53
167
10.77
14
10.05
120
103
-81.03
126
8.94
27
15.81
110
76
55.18
137
20.22
46
19.24
103
120
98.97
126
15.65
51
16.28
78
111
233.53
135
19.24
42
20.4
129
83
57.09
163
15.52
41
7.28
102
63
113.2
154
15.62
38
11.4
120
104
129.4
164
36.06
80
10.63
112
96
-59.3
155
36.06
73
16.28
115
100
235.18
137
20.22
46
19.24
100
115
55.18
134
19.42
43
20.4
73
122
51.34
165
7.62
20
5.83
102
83
-43.36
156
12.65
21
14.32
119
131
-6.12
148
2.24
2
26.31
122
132
115.02
134
12.65
49
12.08
133
134
246.37
157
15
58
7.07
126
136
141.71
163
8.54
9
16.28
137
138
81.25
161
11.18
54
4.47
101
122
90
135
11.31
38
12.81
83
102
136.64
121
7.28
16
21.95
142
140
232.7
174
11.66
4
14.87
143
144
262.41
128
1.41
4
14.32
118
143
148.24
180
23.32
13
1.41
139
146
241.7
142
11.18
49
9.22
148
147
245.43
178
10.77
1
27.73
150
151
77.47
160
7.07
6
21.19
153
150
108.43
170
12.53
6
19.42
155
130
196.7
148
9.22
61
5.66
146
139
61.7
143
13.15
61
9
158
156
77.91
134
19.42
42
20.81
155
154
229.4
127
9.22
63
8.25
153
158
-35.13
156
16.28
20
19.42
161
159
-90
160
8.54
45
4.24
140
142
52.7
150
16.12
33
14.87
156
140
3.81
143
24.08
53
18.44
136
126
-38.29
160
16.76
35
10.44
128
164
163.07
155
20.22
56
10.44
161
165
140.19
179
11.4
5
4.24
143
118
-31.76
161
9.22
10
16.28
157
150
128.23
139
16.28
19
31.62
168
133
145.71
146
22
55
15
169
166
-11.89
177
35.36
33
4.24
168
132
180
135
21.21
64
16.55
122
136
265.03
172
15.03
15
8.54
172
151
202.83
170
14.42
22
7
144
173
155.22
156
8
25
7.81
133
175
-15.07
140
16.55
36
17.8
162
142
19.65
151
9.22
33
8.25
93
172
183.95
165
18.03
22
12.65
150
171
64.29
167
27.66
64
7
163
140
-49.4
123
14.14
47
16.12
93
178
-76.76
144
15.62
62
10.63
180
131
-9.46
171
23
26
8.6
182
181
33.69
161
10
33
6
143
173
210.96
129
15.13
55
14.32
147
148
65.43
135
8.54
10
33.02
185
131
235.49
114
9.43
28
17.89
178
154
-34.82
104
10.63
22
27.46
186
157
259.05
139
21.95
43
20.81
164
170
135
153
16.76
65
8.54
166
159
-63.43
155
11.4
26
11
171
177
9.46
156
14.42
27
12.65
167
187
112.48
126
9.22
16
27.17
188
158
190.01
175
11.4
10
6
190
175
-34.7
118
14.76
27
28.18
170
168
64.98
152
15.03
19
21.21
185
179
211.43
156
19.42
66
8.6
139
174
-3.58
152
12.08
46
7.81
150
157
-51.77
132
32.06
49
31.58
163
186
174.09
133
24.08
54
21.95
175
133
164.93
102
8.94
19
26.63
128
191
126.87
144
24.04
68
15.26
177
178
-27.65
133
18.03
49
17.46
178
162
-53.53
162
28.02
77
9.22
189
175
-62.53
115
22.02
46
27.51
139
193
108.43
109
9
27
18.25
150
194
37.57
154
29.97
65
14.76
180
195
116.57
168
12.81
26
6
166
169
168.11
138
13.89
18
30.02
182
159
247.62
121
15
50
16.76
162
178
126.47
119
14.14
29
25.18
194
150
217.57
113
22.8
41
32.06
197
181
81.47
135
15
47
14.42
198
199
27.41
163
1.41
0
29.07
177
171
189.46
145
15.56
37
14.76
187
167
-67.52
175
25.94
22
6
191
170
180
122
15.26
45
18.38
180
179
0
105
8.25
20
22.47
159
166
116.57
134
13.6
42
14.56
191
128
-53.13
134
18.11
46
18.25
205
203
100.3
119
3.16
16
10.05
206
204
-84.81
122
2.24
10
10.05
168
170
244.98
142
30.81
64
21
159
208
217.3
160
9.43
10
17.89
188
209
59.53
150
12
32
11.18
143
187
96.34
137
15.62
34
19.24
178
186
220.24
124
25.18
46
29.15
194
178
0
135
15.56
27
23.71
192
212
19.44
173
13.42
19
5
214
213
171.87
161
20.4
22
17.49
195
180
-63.43
156
12.81
40
8.25
216
197
82.87
139
23.02
65
16.76
207
217
-10.01
112
9.43
32
16.28
218
210
225.94
174
32.8
19
11.18
219
207
111.37
179
15.23
2
9.49
185
201
184.4
153
21.1
25
22.47
181
221
-8.53
157
11.4
25
10.82
202
166
74.05
116
10.63
43
13.89
186
178
40.24
115
22.8
40
32
175
212
50.91
160
27.51
31
18.03
208
220
-3.01
151
17.89
68
9.49
211
173
261.03
121
15.62
50
17.49
200
222
268.15
171
22.2
22
9.85
208
159
37.3
150
21.54
54
13.6
173
193
142.59
119
12.08
34
18.97
207
219
-68.63
122
17.26
43
21.54
183
224
67.62
134
19.7
31
27.2
183
222
54.32
167
36.77
34
14.87
221
209
87.51
122
10.82
27
19.72
197
221
36.47
136
20.22
45
20.22
225
196
69.68
115
8.49
16
26.4
187
195
-62.45
163
8.49
8
18.03
168
191
-76.87
114
21.38
41
29.53
227
200
214.99
152
8.94
8
29.07
203
228
141.34
168
2.24
2
10.63
201
185
4.4
157
21.47
23
21.19
216
224
36.03
134
24.19
58
20.62
219
185
-19.29
142
18.03
57
13.34
209
221
267.51
138
15.62
42
15.56
222
200
88.15
166
13.34
10
18.44
196
225
249.68
111
10.63
21
26.91
203
231
131.19
158
2.24
5
8.6
221
197
216.47
136
25.32
59
20.62
232
211
-84.56
116
11.7
33
19.24
195
201
-38.66
120
5.39
24
11.18
202
225
228.01
160
21.54
48
10
203
234
128.66
156
2.24
12
4.47
230
200
77.47
123
9.9
32
15.56
230
224
238.57
136
13.34
38
14.87
235
187
244.29
128
6.71
11
26.4
187
236
102.09
123
11.7
50
12.81
209
237
38
166
32.8
42
12.04
225
195
-70.56
142
9.43
28
12.17
235
240
147.26
174
11.18
12
5.66
221
224
260.91
126
9.9
22
21.1
238
195
260.54
154
10.44
58
5.39
241
239
-80.54
145
8.49
23
12.37
212
175
230.91
139
23.02
32
28.46
200
237
59.26
110
15.62
21
40.61
208
225
180
112
5.39
32
9.43
244
227
255.96
133
3.61
10
14.32
245
191
219.17
150
25.63
45
18.11
191
245
39.17
158
29.53
56
13.6
193
173
-37.41
126
20.88
61
19.24
244
218
177.61
178
12
2
12.04
237
200
239.26
123
17.89
24
36.62
187
235
64.29
143
14.32
25
20.62
238
246
28.07
140
5.39
15
13.34
245
211
-58.57
103
9.49
25
21.1
226
247
138.37
150
21.38
62
12.37
245
193
249.44
129
21.1
52
20.88
248
233
167.01
126
10.63
50
11.18
212
242
-87.51
135
13.45
35
16.64
232
249
81.57
143
25.06
64
16.76
250
168
-47.29
137
15.03
56
12.37
237
227
-63.43
117
12
40
16.49
249
232
261.57
159
17.46
30
12.81
248
238
140.91
154
13.34
34
10.44
242
249
17.35
141
16.64
69
11.4
232
251
145.49
128
9.49
28
15.65
232
242
118.61
154
19.42
48
11.7
236
239
71.57
149
17.46
65
10.05
236
235
39.09
148
18.97
65
11.18
201
252
18.43
158
10.63
34
7.28
245
251
116.57
134
13.6
57
11.66
246
238
208.07
137
6.32
19
13.15
249
254
105.64
158
11.4
15
16
241
249
249.78
151
18.25
64
10.05
254
249
-74.36
129
15.23
35
20.25
253
238
188.75
113
8.25
37
12.53
242
250
185.31
176
28.44
9
15.03
238
248
-39.09
170
12.53
15
8.6
251
247
165.96
107
11.66
27
24.08
242
247
190.12
121
11.7
24
24.74
256
248
191.31
173
24.35
27
7.28
255
257
19.36
124
8.25
11
35.36
256
255
178.36
168
30.59
52
8.6
252
258
14.04
175
24.35
9
13.04
259
253
201.54
129
10.44
13
35.36
259
261
-50.71
161
5.83
12
8.94
257
255
199.36
118
14.14
20
35.01
257
258
-49.76
135
12.04
45
12.04
261
259
129.29
135
12.04
55
10.44
258
257
130.24
126
13.04
48
14.14
264
262
75.07
166
9
18
7.21
266
267
205.77
178
19.24
3
13
268
269
-57.09
168
2.83
1
17.49
271
272
35.84
160
3.61
3
18.87
274
264
203.75
166
25.61
68
7.07
275
276
15.95
151
4.24
6
18.25
264
277
43.67
149
15.52
25
18.97
280
278
258.11
169
1
0
18.44
282
268
122.01
177
17.2
32
2
268
284
143.75
171
17.89
72
3.16
285
286
-15.52
177
14.32
11
4.47
289
288
237.99
103
1.41
4
18.6
281
290
-56.31
179
17.2
33
1
25
291
82.87
173
3
1
13.15
286
293
9.46
175
15.52
27
3.16
293
288
32.01
174
17.8
58
2.24
278
280
78.11
124
1.41
3
18.68
272
271
215.84
171
4.24
2
18.03
283
281
-32.01
175
17.89
57
2
267
266
25.77
168
25.61
38
9.22
297
298
125.54
171
5.66
17
3.16
299
289
258.69
143
2.24
4
18.68
276
275
195.95
140
3.61
6
19.24
301
302
84.81
161
4.12
10
7.28
284
300
177.14
106
3.16
9
19.42
291
271
59.04
168
6.32
4
17.2
287
304
167.47
180
14.32
1
4.12
298
305
45
135
3
45
3
289
295
231.34
174
18.87
77
2.24
306
23
-47.73
175
13.45
42
2
277
264
223.67
117
10.44
19
27.31
290
281
123.69
166
13.45
33
6
294
287
186.01
172
15.52
32
4.47
295
294
210.47
173
17.8
48
3.16
291
25
262.87
173
9
8
7.28
296
307
-63.43
162
5.66
12
8.25
309
308
250.56
161
3
3
15.23
289
299
78.69
151
6.32
11
15.23
310
311
-26.57
165
10.2
63
3
312
304
-38.16
164
10.77
22
8.06
305
302
100.3
101
3
15
11.05
297
305
101.31
156
8.6
56
4.24
271
291
239.04
162
9.22
11
14.87
313
307
145.3
168
10.77
24
5.83
314
275
48.18
151
9.22
14
18.03
316
315
239.74
132
3.16
11
12.04
311
317
216.87
113
4.12
24
9.22
308
295
244.54
137
6.32
13
19.21
281
283
147.99
152
17.03
64
9.06
23
306
132.27
144
10.2
42
9
302
314
63.43
154
9
15
14.87
318
306
-22.38
161
17.03
67
6
308
309
70.56
147
8.25
22
12.04
56
300
34.99
131
11.05
26
19.24
319
283
16.7
113
10.05
28
19.42
304
287
-12.53
152
14.56
50
8.94
310
317
-79.7
127
11.18
63
10
321
294
232.13
122
8.54
21
19.72
315
316
59.74
139
10.2
47
9.22
60
274
186.01
165
10.77
18
9.22
275
314
228.18
144
11.05
21
17.89
295
308
64.54
134
8.54
19
18.38
322
297
160.02
137
9.85
55
8.25
287
294
6.01
150
18.6
72
9.85
274
324
74.74
149
10.44
65
6.08
320
313
170.54
155
14.56
50
8.06
283
319
196.7
114
9.06
25
19.24
305
325
66.04
146
11.18
31
12.21
307
313
-34.7
122
9.85
38
13.6
314
302
243.43
154
13
28
12.21
300
56
214.99
131
10.05
23
19.42
315
321
242.35
139
8.25
17
18.38
297
326
56.31
135
10.2
45
10.2
306
70
200.56
111
9
31
16.28
294
321
52.13
119
9.85
25
20.12
306
318
157.62
138
17.09
63
13.04
323
320
188.97
153
18.6
72
8.94
274
327
18.43
124
11.4
56
11.4
325
56
52.7
143
13
26
17.89
274
60
6.01
168
12.65
21
7.28
322
326
100.62
121
11.7
44
14.42
325
305
246.04
149
16.12
54
10.2
317
328
234.16
133
10.2
26
17
321
315
62.35
136
13.6
34
17
310
76
222.88
123
11.18
35
16.12
331
329
129.81
175
14.14
7
9.43
332
333
22.62
123
6.08
27
11.05
313
320
-9.46
128
17.69
62
15.81
335
318
35.84
123
16.03
44
19.24
328
323
237.53
131
13.6
30
20.12
82
319
46.47
137
16
34
19.42
313
100
42.71
116
13.6
46
17.03
76
310
42.88
126
16.12
53
16.28
56
325
232.7
143
16
35
16.76
318
335
215.84
122
13.04
35
19
328
317
54.16
134
16.28
47
16.12
336
320
230.19
126
15.52
41
19.24
326
82
56.31
140
16.12
38
16.76
81
79
135
124
5.1
30
8.25
338
339
72.47
144
18.03
63
12.17
319
82
226.47
133
16.03
35
20.4
323
328
57.53
133
15.52
36
19.31
341
95
-53.75
178
27.02
7
10.3
322
111
54.16
134
16.28
47
16.12
86
343
29.48
170
26.25
82
5
320
336
50.19
122
15.81
41
20.22
341
88
157.62
170
14.32
30
5
344
342
153.43
141
9.22
34
10.3
329
331
-50.19
175
11.31
4
12.21
111
322
234.16
133
19.42
57
17.03
76
336
236.89
137
16.28
35
19.31
82
326
236.31
141
19.1
49
16.12
70
346
229.64
133
16.12
37
19.42
346
70
49.64
134
20.1
49
19
111
335
51.95
136
19.1
40
20.4
347
348
-38.42
176
3.61
0
33.42
336
76
56.89
135
19.42
45
19.42
346
100
233.97
133
19.42
45
20.22
332
98
-11.77
146
13
28
15.62
335
111
231.95
137
20.1
43
20.22
100
346
53.97
133
19.42
45
20.22
350
266
163.3
164
2
3
8.54
88
341
-22.38
144
16.49
62
11.05
350
116
147.09
164
10.44
15
10.63
342
351
119.36
171
27.02
24
11.05
352
107
128.93
178
21.26
3
12.21
355
353
188.53
178
10.2
2
10.05
357
348
95.71
123
8.94
55
9.22
359
358
257.91
172
14.04
77
2
356
344
-81.03
126
8.94
27
15.81
351
347
52.13
154
10.2
63
5.1
344
356
98.97
126
15.65
51
16.28
348
347
141.58
101
9.22
14
36.4
108
351
-65.22
164
21.26
36
10.2
360
79
153.43
143
5.1
18
9.9
361
98
-10.08
179
21.21
1
24.52
108
88
262.41
148
28.64
68
16.49
362
358
-87.4
157
8.94
14
14.32
365
363
-68.75
175
11.18
7
8.25
351
342
-60.64
154
35.23
71
16.28
339
338
252.47
172
13.15
16
7.21
367
155
52.59
176
20.25
52
2
370
368
-82.87
143
8.49
28
10.77
356
347
127.18
162
35.23
75
11.4
353
371
141.71
169
8.94
6
15.56
372
138
81.87
167
10.05
28
5
329
360
48.37
159
8.54
37
5.1
123
370
186.71
151
13.6
51
8.49
339
374
-69.44
144
16.64
38
15.81
360
375
113.63
141
13.42
50
11.18
345
360
90
135
11.31
41
12.04
358
362
92.6
158
14.32
31
10.3
377
378
77.91
177
14.14
77
1
373
379
237.53
142
10.05
50
8.06
380
134
244.98
155
15
64
7
382
366
4.4
111
7.28
16
24.52
379
373
57.53
134
12.37
63
10.05
367
358
57.09
164
14.56
33
7.62
363
365
111.25
126
12.37
39
15.81
355
384
167.74
160
20.22
57
8.54
371
353
-38.29
166
17.46
31
8.54
374
339
110.56
156
15.56
29
13.15
374
358
-41.63
153
12.37
23
14.32
376
350
-29.74
163
9.22
10
15.62
388
386
232.7
174
11.66
4
14.87
377
389
162.9
163
8
21
6.4
358
374
138.37
116
7.62
18
21.95
360
371
264.81
172
16.03
21
6.71
393
392
264.81
157
6.32
25
5.83
396
394
-7.59
175
23.02
15
7.62
397
150
107.88
172
13.42
5
19.42
398
375
174.81
132
20.52
61
17.46
376
389
213.69
132
14.14
50
13.6
398
380
142.31
148
22.09
52
15
158
156
77.91
132
18.6
40
21.4
397
158
-33.69
157
16.28
20
18.6
393
400
139.76
175
12.21
12
5
366
402
183.69
180
26.08
3
5
384
391
135
159
17.46
71
6.71
403
404
64.8
137
6.32
7
33.29
394
406
26.57
155
17.8
76
7.81
150
409
77.91
161
8.06
7
21.19
410
401
-11.59
175
36.22
41
5
412
383
196.7
144
10
68
6.4
373
390
0
159
10.77
38
6.4
407
395
211.43
160
17.8
54
7.62
380
413
-17.1
138
16.55
36
18.6
156
386
3.69
146
24.21
50
17.69
385
416
113.2
126
9.22
16
26.17
412
411
233.13
131
9.22
60
8.06
384
355
-12.26
110
15.26
37
23.43
386
388
52.7
151
15.13
29
15.23
399
150
127.41
139
16.28
19
32.57
373
419
112.38
119
10.05
32
16.28
391
398
64.98
152
16.03
21
20.52
421
420
31.61
153
11.66
47
7.28
396
422
118.07
170
12.81
28
5
401
392
-63.43
152
12.21
31
11.05
380
398
-37.69
160
27.2
76
9.85
424
413
-34.7
112
14.42
27
29.53
415
386
-47.29
125
14.14
50
15.13
425
158
180
170
11.18
15
7.28
418
388
23.2
154
9.22
30
8.06
396
395
-2.49
104
7.28
18
22.47
417
391
180
122
15.26
45
18.38
427
399
258.69
136
20.25
41
21.4
417
355
-50.19
137
18.11
50
16.28
429
428
101.31
120
3.16
17
9.06
430
355
-84.29
123
2.24
12
9.06
150
171
64.29
167
28.64
72
7.07
416
385
-66.8
176
25.94
23
5
402
409
202.83
166
15
30
7.07
423
413
-61.7
119
23
47
27.51
421
392
247.62
123
15.81
53
16.49
366
402
183.69
164
20.25
26
13
366
433
-81.47
144
15.56
50
12.04
398
391
244.98
142
30.81
64
21
401
410
168.41
135
14.42
19
31.38
411
374
122.01
156
27.46
73
12.04
422
396
-61.93
157
12.81
44
7.28
376
416
96.58
134
15
34
19.24
150
399
-52.59
135
32.25
48
30.59
415
427
176.19
138
24.21
53
20.25
407
426
184.4
153
21.1
25
22.47
392
437
218.99
159
10.3
12
17.89
432
420
79.22
135
15.81
47
15.26
392
401
116.57
131
12.37
37
15.3
435
389
261.03
118
15
47
18.03
389
419
142.59
121
10.77
30
18.38
433
418
-52.31
161
27.46
78
9.22
439
436
110.56
179
16.16
2
9.49
171
177
9.46
153
15
32
13
392
441
-55.01
111
16.49
39
24.08
442
392
132.71
146
17.46
71
10.3
437
440
-3.01
151
17.89
68
9.49
436
439
-69.44
124
17.46
42
21.54
428
443
141.34
168
2.24
2
10.63
177
433
-30.58
130
20.25
50
20.22
405
444
69.08
136
19.7
31
26.4
150
445
35.13
151
29.97
64
16.12
426
407
4.4
160
21.02
21
20.88
437
392
38.99
154
21.93
53
12.37
405
446
55.3
167
36.4
35
14.87
425
447
59.53
146
13.04
39
11.7
416
422
-62.45
167
9.22
6
17.09
438
401
78.69
117
11.4
45
14.42
450
451
171.87
158
20.62
25
18.03
418
433
127.69
120
14.14
30
24.19
431
453
16.39
170
13.42
27
5.1
398
417
-76.87
117
21.59
42
28.65
456
446
266.31
171
21.1
18
10.77
439
407
-16.7
144
18.03
59
12.37
420
458
-11.31
159
11.18
22
10.82
449
434
70.35
120
9.22
17
26.4
445
150
215.13
113
23.54
42
32.25
413
453
50.01
160
27.51
33
17.72
422
426
-38.66
131
5.1
22
10.3
428
460
135
162
2.24
11
3.61
441
444
37.3
133
24.08
60
20.62
461
448
225
172
33.6
25
11.7
432
458
35.31
137
21.38
46
20.4
177
171
189.46
140
15.62
39
16.12
462
435
-84.56
116
11.7
33
19.24
433
427
219.17
123
24.19
42
30.07
442
439
248.2
126
16.64
48
18.03
458
447
87.51
122
10.82
27
19.72
434
449
250.35
109
11.4
22
28.32
449
422
-69.44
143
9.43
30
11.18
438
449
227.86
163
21.93
42
10.05
463
422
259.7
153
10.44
68
5.1
419
389
-37.41
126
20.88
61
19.24
458
432
215.31
137
25.5
58
20.62
446
456
86.31
164
13.34
11
18.68
465
417
217.87
150
24.7
44
18.11
445
433
-1.79
129
15.62
28
25.55
416
466
102.99
123
11.7
54
12.04
437
449
185.71
115
6.32
37
9.43
464
444
238.57
136
13.34
38
14.87
468
456
215.36
158
9.43
7
29.53
469
416
243.43
123
5.83
10
26.4
417
465
37.87
158
28.65
54
13.6
447
458
267.51
138
15.62
42
15.56
427
433
39.17
117
23.54
40
32.02
464
456
74.48
124
9.22
29
15.56
458
444
258.69
129
9.22
20
21.1
469
471
139.4
166
11.18
19
8.06
453
413
230.01
138
24.02
35
27.89
473
459
162.9
131
9.43
43
10.3
463
474
28.07
137
6.32
19
13.15
465
419
248.63
126
20.25
51
20.88
435
462
95.44
153
20.25
71
9.85
99
470
-80.54
134
7.21
21
14.32
416
469
63.43
141
13.34
24
20.62
454
475
138.37
152
21.59
63
11.4
456
476
59.26
110
15.62
21
40.61
473
463
138.81
156
13.6
32
10.44
447
476
38
165
33.6
47
12.17
426
477
14.93
163
9.43
23
7.07
243
468
255.07
121
2.83
9
14.32
479
398
-45
139
15.03
60
11.4
462
480
81.25
142
24.19
63
16.76
480
462
261.25
159
17.46
32
12.04
474
463
208.07
137
6.32
19
13.15
476
456
239.26
119
17.49
23
38.01
462
482
147.99
125
9.85
31
15.65
462
472
119.74
152
18.87
49
11.7
453
472
-87.61
135
13.45
33
17.49
465
482
116.57
134
13.6
57
11.66
243
461
175.43
176
13
4
12.17
466
470
71.57
149
17.46
65
10.05
466
469
39.09
148
18.97
65
11.18
481
463
188.75
112
9.22
41
13.04
452
472
239.04
115
12.21
41
16.76
463
473
-41.19
172
13.04
13
8.6
480
484
105.64
161
12.21
15
15
99
480
249.78
151
18.25
64
10.05
476
468
-59.04
121
13
45
15.52
472
479
185.31
176
28.44
9
15.03
482
475
165.96
107
11.66
27
24.08
484
480
-74.36
129
15.23
35
20.25
472
475
190.12
121
11.7
24
24.74
485
473
185.71
176
23.35
13
7.07
485
483
173.48
168
30.15
47
8.6
483
486
13.67
117
9.22
13
35
477
487
7.91
179
23.35
3
13.04
488
481
196.14
122
11.4
16
35
488
490
-45
157
5.39
12
9.43
486
483
193.67
113
13.15
20
35.23
486
487
-47.49
129
13.04
51
13.15
490
488
135
131
13.04
60
11.4
487
486
132.51
129
13.04
51
13.15
491
492
-55.49
152
2.24
3
17.49
492
491
124.51
125
1
2
18.87
495
496
81.03
172
3
1
16.28
498
499
9.46
179
15.3
9
3
501
502
35.84
153
4.47
6
18.36
504
505
53.75
178
18.03
53
1
499
504
33.69
177
16.4
33
2
509
510
197.74
165
23.85
62
7.07
503
496
236.31
173
4.47
1
17.2
511
506
254.48
178
18.44
74
1
512
513
18.43
146
5
8
18.25
494
491
122.01
175
16.4
32
3
514
515
82.41
173
3
1
12.17
268
516
-54.46
178
16.4
35
1
491
518
143.75
168
17.46
67
4.12
520
521
122.01
174
6.4
13
3.16
506
507
231.34
176
18.03
51
2
309
506
258.69
143
2.24
4
18.68
500
522
186.01
175
15.3
20
4.12
523
524
78.69
169
4
7
6.32
507
500
212.01
175
16.4
32
3
523
521
-71.57
127
3.16
63
2.83
502
501
215.84
163
5
4
17.49
517
268
-32.01
172
17.46
57
3
515
501
62.35
161
7.07
7
17.2
519
526
-65.22
167
6.4
10
8.25
508
527
22.48
170
23.85
28
9.06
528
282
-45
174
12.81
45
2
513
512
198.43
135
4.47
9
19.24
515
514
262.41
173
9
10
6.32
530
531
-38.16
169
11.18
18
7.21
534
533
250.56
161
2
2
16.16
506
309
78.69
147
5.39
10
16.16
516
268
125.54
165
12.81
35
6
532
526
145.3
172
11.18
18
5
520
525
106.7
165
9.43
61
2.83
533
507
243.43
132
5.39
12
19.21
535
510
219.29
113
10.44
21
26.25
525
524
95.19
114
3.16
16
10.2
536
23
-16.7
164
10
73
3
538
537
241.7
138
4.12
13
12.04
23
539
221.19
118
4.12
22
9.49
501
515
242.35
164
10.2
11
14.21
531
522
-12.53
155
13.34
41
8.6
540
512
48.18
150
10.2
17
17.49
533
534
70.56
147
8.25
22
12.04
282
528
135
135
10
45
10
542
500
232.59
120
7.62
20
18.87
524
540
65.77
156
9
15
14.21
268
517
147.99
148
17
63
10.05
522
500
6.01
153
18.03
69
8.94
507
533
63.43
131
7.62
18
18.38
541
532
169.99
157
13.34
46
7.21
543
528
-19.44
161
17
70
6
545
520
155.56
138
9.49
51
8.25
537
538
61.7
141
10.2
43
9.49
539
23
41.19
120
10.2
57
10.44
546
529
36.87
132
12.04
27
19.24
526
532
-34.7
127
9.49
36
12.65
319
517
21.8
117
12.04
33
19.42
537
542
242.35
139
8.25
17
18.38
512
540
228.18
143
12.04
24
17.46
500
542
52.59
117
8.94
24
19.24
544
541
188.53
155
18.03
62
8.6
525
547
62.1
147
11.05
31
11.66
520
548
51.34
125
10.44
51
11
549
509
186.01
170
10.44
12
9.06
540
524
245.77
152
14.04
34
11.66
517
319
201.8
118
10.05
27
19.1
509
550
74.74
149
10.44
65
6.08
529
546
216.87
132
12.04
27
19.24
528
70
206.57
117
10
33
16.12
545
548
101.31
126
12.08
49
12.81
528
543
160.56
134
17.89
66
14.04
542
537
62.35
139
12.37
29
16.64
547
546
54.46
141
14.04
30
17.46
539
551
237.72
137
10.2
24
16.64
547
525
242.1
146
17.12
62
11
532
541
-10.01
130
17.03
64
14.56
536
553
227.12
126
10.2
32
15.52
551
544
236.31
133
12.37
28
19.24
552
545
176.63
137
17.03
68
12.65
509
327
14.04
120
11.4
55
12.04
509
549
6.01
172
12.37
14
7.07
554
541
228.58
119
14.87
40
20.22
553
536
47.12
127
16.28
54
16.12
551
539
57.72
137
15.3
42
15.52
335
543
37.87
125
16.03
43
19.1
546
547
234.46
145
16
36
15.81
555
319
45
135
16
36
19.24
544
551
56.31
127
14.87
36
20.25
543
335
217.87
124
14.04
37
19
548
555
59.42
143
17.12
40
15.81
541
554
48.58
123
14.56
39
19.24
545
556
52.59
132
15.3
45
16.12
556
545
232.59
131
18.44
55
17.03
319
555
225
132
16.03
36
20.22
553
554
233.97
133
15.3
33
20.25
555
548
239.42
141
20.22
52
16.12
70
346
229.64
130
16.28
38
20.4
341
557
-54.09
179
27.8
6
8.06
559
560
24.78
129
8.25
35
11.18
346
70
49.64
134
20.1
49
19
564
562
135
135
4
21
7.62
346
552
234.46
132
18.44
45
19.24
344
558
156.8
152
10.05
37
8.06
554
553
53.97
132
18.44
42
20.4
556
335
53.53
135
20.22
45
20.22
565
566
29.48
171
25.61
74
4.24
552
346
54.46
132
18.44
45
19.24
567
568
-46.74
175
12.04
5
11.4
341
88
157.62
174
14.56
22
4.24
335
556
233.53
138
20.1
44
19.24
361
559
-8.53
172
8
5
12.37
570
116
144.78
167
10.77
13
10.63
571
572
-38.42
142
3
3
34.71
573
352
165.96
166
3
7
5.39
558
574
119.36
172
27.8
23
10.05
88
341
-22.38
148
16.28
61
10.05
575
344
-80.54
121
8.54
27
15.81
572
575
220.6
125
9.06
61
8.54
344
575
99.46
123
15.23
51
16.28
572
571
141.58
101
9.22
14
36.4
574
571
52.13
153
11.18
73
5.39
352
576
127.57
177
19.85
5
13.04
578
579
73.3
145
18.97
63
12.17
559
581
-15.64
140
14.32
31
17.69
582
562
146.31
158
5.1
11
9.9
583
138
82.41
167
9.06
18
6.71
585
586
143.62
176
9.43
2
14.21
574
558
-60.64
154
35.23
71
16.28
577
574
-67.07
163
19.85
33
11.18
577
88
260.22
148
28.23
69
16.28
575
571
127.18
162
35.23
75
11.4
584
587
235.01
139
9.06
47
8.06
567
582
41.19
152
8.54
52
5.1
589
590
77.91
177
13.15
32
1.41
361
581
-12.53
177
20.22
3
25.96
345
582
93.81
136
12.04
52
10.63
361
592
215.54
126
1
5
8.06
582
593
109.44
144
14.42
53
10.82
594
587
-75.96
116
10.2
49
12.21
370
595
-83.29
147
9.22
28
10.77
599
597
255.07
174
14.14
48
2.24
600
601
244.98
152
15.03
64
8
591
370
183.58
145
12.81
52
9.22
594
602
170.13
162
20.22
56
7.62
603
597
-90
154
8.94
14
15.52
604
598
54.16
178
20.25
27
2.24
586
585
-36.38
168
17.46
30
7.62
581
361
167.47
179
45.89
77
1
607
605
-72.47
176
10.77
4
9.22
588
570
-27.65
165
9.22
9
15
579
578
253.3
171
16.12
28
5.66
589
610
171.25
172
8
13
5.39
614
612
-5.71
177
23.02
10
7.28
582
586
267.4
171
16.12
23
6.71
597
603
90
157
15.23
33
10.82
588
610
216.25
135
13.15
45
13.15
579
616
-71.57
143
18.03
37
18.03
618
619
0
173
8.06
6
9.06
602
615
135
159
17.46
71
6.71
584
611
3.81
168
10.44
25
5.39
604
597
57.09
164
14.56
33
7.62
623
621
264.81
154
5.39
21
6.71
624
625
62.02
131
5.39
7
33.02
612
627
26.57
160
16.28
65
6.4
628
613
209.05
162
16.28
45
7.28
629
593
171.87
129
20.52
62
18.03
631
609
2.2
107
8.25
18
25
602
594
-9.87
114
14.42
36
21.93
629
600
140.71
149
21.21
46
15.03
608
633
113.96
127
9.22
17
25.18
605
607
107.53
117
12.17
36
18.03
584
634
115.02
127
10.2
38
13.34
623
635
137.29
169
11.66
20
6.71
639
637
229.64
178
11.4
1
14.87
614
167
119.74
172
12.81
29
4
641
618
-34.16
160
17.46
19
18.6
616
597
-41.63
148
12.17
25
15.23
618
642
78.31
133
18.6
38
22.02
643
636
-12.99
172
36.12
50
6.71
615
629
66.57
150
16.12
23
20.52
600
644
-21.04
138
16.16
34
19.42
614
613
-2.49
106
6.32
15
22.14
641
648
108.43
172
13.42
5
18.44
616
579
108.43
154
15.56
25
16.12
597
616
138.37
116
7.62
18
21.95
632
615
177.27
121
14.42
42
18.38
632
594
-46.85
143
18.25
56
13.34
650
649
102.53
137
3.61
20
7.07
651
594
-82.87
124
2.24
15
7.07
653
652
28.61
177
9.43
10
3.16
636
621
-62.1
149
11.66
33
11.05
655
654
28.3
154
12.21
54
6.71
633
608
-66.04
177
25.94
23
4
600
629
-39.29
162
27.86
77
8.94
642
637
5.53
152
23.02
45
15.62
167
614
-60.26
159
12.81
48
6.32
640
648
128.45
142
17.46
20
31.62
628
646
184.4
156
20.59
22
22.14
648
658
76.43
167
10
6
20.25
660
620
195.26
144
11.4
71
7.21
662
644
-37.57
118
14.32
25
29.07
637
639
49.64
148
14.14
27
16.16
629
615
246.57
143
32.02
69
21.02
588
633
96.84
128
13.89
33
20.12
610
634
144.78
129
10.44
29
16.55
610
588
36.25
136
18.25
66
13.89
619
618
180
165
11.4
26
6.71
660
659
232.13
131
10.2
58
9.06
665
609
5.53
164
5.39
3
26.02
655
621
247.62
125
16.64
57
16.28
621
668
222.14
162
10.3
10
18.87
661
644
-63.43
115
23.02
46
28.79
669
667
109.8
178
16.16
3
10.44
636
643
167.01
134
14.42
19
31.91
646
628
4.4
160
21.02
21
20.88
656
637
-39.81
125
14.56
58
14.14
672
640
258.69
135
19.42
39
22.02
621
636
117.9
128
12.17
39
15.3
668
670
0
148
18.87
73
10.44
666
654
79.22
137
16.64
50
14.76
626
674
67.89
133
18.79
32
25.81
621
675
-56.31
114
16.28
38
24.08
676
621
130.6
147
17.72
69
10.3
667
669
-70.2
127
17.72
41
21.54
663
639
21.8
153
9.22
28
9.06
649
677
139.4
166
2.24
4
7.07
633
167
-62.45
167
9.22
6
17.09
626
679
53.62
166
34.54
31
16.16
167
646
-38.66
131
5.1
22
10.3
668
621
42.14
156
22.85
51
12.17
629
632
-75.53
123
23.09
44
27.78
648
640
-51.55
136
33.24
49
30.59
648
682
64.29
168
29.83
82
6.32
678
671
70.35
120
9.22
17
26.4
656
672
174.29
140
23.02
49
19.42
673
636
78.69
117
11.4
45
14.42
683
167
258.69
151
9.49
67
5.1
665
658
202.83
166
16.4
41
6.32
664
634
196.7
117
18.25
51
20.81
675
674
35.54
131
24.08
60
21.02
676
669
248.2
126
16.64
48
18.03
678
167
-69.44
148
10
31
10.2
685
664
-84.56
111
11.4
32
20.12
687
679
268.15
171
21.21
19
10.77
659
616
120.96
153
26.93
66
13.6
689
690
-10.01
180
6.08
0
11.18
609
688
-82.23
143
15.56
43
13.6
692
652
172.09
153
21.19
28
20
619
694
57.99
148
12
36
10.77
654
696
-14.04
151
11.4
27
12.04
697
632
217.57
147
24.35
47
18.25
673
678
227.86
162
22.85
47
10
609
665
185.53
161
21.02
32
13.42
653
699
10.01
162
12.53
36
6.71
644
699
48.01
159
28.79
38
17.26
671
678
250.35
109
11.4
22
28.32
678
683
-36.87
144
10
71
6.32
666
696
33.69
135
21.38
47
20.62
688
663
-51.01
161
26.93
79
9.22
632
697
37.57
158
27.78
56
12.65
633
700
104.04
120
11.4
55
12.04
701
680
158.96
133
8.94
39
10.3
696
666
213.69
135
25.5
59
21.02
702
674
236.31
133
12.37
34
16.16
703
633
241.56
107
4.24
8
26.4
696
694
87.61
130
12.04
29
18.87
682
698
9.09
152
16.4
35
13.42
679
687
88.15
165
12.37
10
19.42
663
688
128.99
114
14.56
32
25.18
697
634
250.82
126
20.81
54
20.88
648
704
35.13
151
29.97
64
16.12
689
695
225
174
35.61
23
10.77
683
705
28.07
137
6.32
19
13.15
664
685
95.44
151
20.81
73
10.77
698
688
-30.58
125
21.02
51
22.2
648
672
-6.91
138
33.02
68
23.77
696
674
258.69
124
9.9
22
21.63
646
706
7.59
162
8.94
23
7.28
701
683
138.81
160
13.93
30
9.49
702
687
78.11
124
9.9
30
16.28
694
696
267.61
138
15.62
40
16.28
708
687
213.27
164
7.81
4
30.89
703
710
135
166
11.66
18
8.94
633
703
61.56
138
12.37
24
20
699
644
228.01
136
24.02
35
28.64
688
672
219.17
123
25.18
44
30.15
681
644
140.19
158
23.09
76
8.94
705
683
208.07
135
7.28
23
13.04
698
682
189.09
142
16.28
38
16.12
713
709
-76.76
112
7.07
23
16.28
685
714
150.64
129
10.77
35
14.32
644
715
172.87
110
8.94
32
15.62
683
716
-36.03
140
13.04
66
9.22
704
688
-1.74
131
16.28
28
25.55
717
685
261.25
159
17.46
32
12.04
672
688
39.17
115
23.77
40
33.02
683
701
-41.19
175
13.6
9
7.81
685
717
81.25
142
24.19
63
16.76
697
714
114.78
134
12.65
58
10.82
685
711
119.74
150
18.36
48
12.65
692
718
158.2
167
7.07
6
14.76
687
719
57.43
108
15.62
21
40.8
694
719
36.03
165
35.61
56
11.7
700
703
36.87
146
18.97
67
11.66
700
709
71.57
149
17.46
65
10.05
699
711
-87.61
135
13.45
33
17.49
693
711
239.04
115
12.21
41
16.76
721
708
255.96
121
2.83
9
15.23
719
687
237.43
117
17.49
24
38.28
714
644
165.96
110
10.82
25
23.43
713
717
251.57
149
17.46
65
10.05
711
715
185.19
174
28.64
12
16.12
717
718
105.64
161
12.21
15
15
721
689
172.87
169
13.04
12
11.7
711
644
192.09
121
12.65
26
24.74
718
717
-74.36
134
14.76
34
18.97
719
708
-59.04
117
13.04
45
16.49
712
722
11.89
180
9.22
0
29.61
724
701
176.19
177
23
12
7.28
724
716
167.12
171
30.07
37
7.81
716
725
7.7
111
9.22
14
35.23
722
712
191.89
116
12.37
18
35.23
722
727
-41.99
150
5.1
16
9.43
725
716
187.7
107
13.15
20
35.9
725
728
-42.27
125
13.34
56
13.15
727
722
138.01
126
13.34
62
12.37
728
725
137.73
125
13.34
56
13.15
729
730
-55.49
125
2
5
18.36
732
733
29.36
178
15.26
10
3.16
735
736
54.16
178
3.61
0
18.6
733
738
54.46
178
16.64
54
1
730
729
124.51
125
1
2
18.87
741
739
254.48
178
18.44
74
1
742
743
39.81
161
5.83
6
18.03
739
734
231.34
175
16.64
32
3.16
734
744
209.36
178
15.26
10
3.16
495
745
82.41
173
4
2
11.18
736
735
234.16
176
5.83
1
16.4
748
749
195.64
165
23.32
60
7.07
750
739
258.69
143
2.24
4
18.68
735
746
260.54
179
7.07
0
11.18
740
729
122.01
175
16.4
32
3
751
752
75.96
148
3.16
16
5.83
491
753
-54.46
178
16.4
35
1
755
751
135
109
2.24
30
4.12
756
757
20.85
138
6.71
14
18.11
758
759
-66.8
177
6.71
2
8.54
761
762
-38.16
173
11.66
13
6.4
763
759
145.3
177
11.66
10
4.24
739
750
78.69
143
4.47
9
17.09
745
742
61.19
160
7.07
8
16.4
743
742
219.81
157
6.71
8
17.49
745
495
262.41
167
10.05
23
5.83
765
764
251.57
162
2
2
17.09
764
734
242.24
126
4.47
10
19.21
766
491
-29.36
172
17.09
60
3
22
494
-41.99
174
12.21
48
2
760
755
102.53
166
8.94
75
2.24
762
767
-15.52
161
13.04
34
7.81
755
752
95.19
141
4.24
19
8.25
747
769
20.77
170
23.32
27
9.06
753
491
125.54
161
12.21
35
7
757
756
200.85
133
5.39
11
19.24
772
771
244.98
141
4.12
11
13.6
773
290
-18.43
156
9.06
71
4
774
744
229.09
113
6.71
19
18.36
767
744
9.46
157
16.64
65
7.21
290
776
225
117
3.16
15
10.3
768
763
166.76
163
13.04
38
6.4
764
765
71.57
146
7.28
17
13.6
777
749
217.69
111
10.44
22
25.96
734
764
62.24
126
6.71
17
18.38
742
745
241.19
157
11.05
19
13.45
779
760
153.43
141
9.22
42
8.54
494
22
138.01
132
9.06
42
10.05
778
756
51.34
147
11.05
20
17.49
752
778
64.65
149
10.05
22
13.45
759
763
-34.7
133
9.22
35
11.7
775
768
188.97
157
16.64
59
7.81
771
772
64.98
144
10.2
35
10.3
744
774
49.09
106
7.21
21
19.24
491
766
150.64
148
17.03
66
10.05
776
290
45
130
11.05
63
9.49
771
774
241.19
136
7.28
16
18.38
780
22
-19.44
158
17.03
70
7
760
781
48.37
126
9.22
48
10
755
782
63.43
149
11.05
34
10.3
783
770
38.66
134
13.04
29
19.24
784
766
24.23
119
13.04
36
19.42
778
752
244.65
155
14
35
10.3
756
778
231.34
146
13.04
26
16.55
779
781
104.93
132
13.42
56
12.04
763
768
-13.24
130
15
55
13.93
774
771
61.19
136
11.4
28
16.64
766
784
204.23
120
10.05
27
19.03
776
786
237.72
137
10.2
24
16.64
22
787
210.96
116
10.05
34
16.03
785
779
172.87
137
15
62
11.7
786
775
235.01
130
11.4
27
19.24
782
755
243.43
147
16.12
63
10
770
783
218.66
134
13.04
29
19.24
22
780
160.56
130
17.49
62
15.13
782
783
54.46
145
14
29
16.55
788
768
226.85
120
13.6
37
19.24
773
789
226.97
132
11.05
32
15.52
775
786
55.01
128
13.6
33
19.31
786
776
57.72
137
15.3
42
15.52
768
788
46.85
116
13.93
38
20.22
789
773
46.97
130
16.12
50
16.03
779
790
53.13
129
15.52
49
16.03
783
782
234.46
142
17.03
40
16.49
781
791
55.01
138
16.12
40
16.49
335
780
41.63
129
17.03
44
19.03
791
784
48.01
135
17.03
39
19.24
790
779
233.13
131
18.44
60
16.12
780
335
221.63
125
15.13
38
20.02
789
788
235.71
135
15.3
34
19.31
791
781
235.01
139
19.1
51
16.03
784
791
228.01
135
17.03
39
19.24
792
785
231.34
129
17.46
42
20.22
787
792
231.01
134
16.12
36
19.65
788
789
55.71
133
17.46
40
19.65
785
792
51.34
129
18.44
45
20.1
792
787
51.01
133
20.22
48
20.02
790
335
52.31
137
19.1
43
19.24
335
790
232.31
134
20.22
46
20.1
344
558
156.8
157
10
33
7.21
565
566
29.48
174
25.81
74
2.83
797
795
135
147
5.1
26
6.32
341
794
159.44
176
14.56
24
2.83
559
798
30.26
133
9.22
41
10.2
800
344
-79.99
121
8.54
29
14.87
802
572
-37.18
125
3.16
4
34.71
344
800
100.01
124
15.23
55
15.56
558
803
120.14
173
27.8
23
9.06
801
572
95.71
117
8.54
50
9.9
573
804
172.87
155
3.16
14
5.39
794
341
-20.56
149
15.3
63
9.06
583
138
82.41
165
7.07
12
8.54
361
559
-8.53
164
7.07
8
13.6
572
802
142.82
98
9.9
15
36.4
805
587
228.81
131
7.07
41
8.06
803
558
-59.86
155
35.23
75
15.56
807
795
146.31
158
5.1
11
9.9
803
802
52.13
153
11.18
73
5.39
809
590
78.69
178
13.15
15
2.24
804
576
126.53
176
19.85
6
13.89
810
794
262.15
150
28.23
70
15.3
800
802
127.18
162
35.23
75
11.4
810
803
-67.07
163
19.85
33
11.18
587
805
48.81
123
10.44
60
10.2
812
807
41.19
152
8.54
52
5.1
559
813
-17.74
132
13.89
31
19.85
814
807
93.81
136
12.04
52
10.63
807
815
113.63
148
14.42
55
9.43
811
817
170.13
165
20.1
53
6.71
818
816
-36.38
171
17.89
27
6.71
361
813
-13.74
175
20.22
4
26.25
820
819
26.57
165
14.87
48
5.39
823
821
-80.54
152
11.4
33
9.85
361
825
212.01
123
3
17
8.25
808
826
-27.65
171
9.49
6
14.42
809
828
180
173
8.06
11
5.1
815
830
90
106
7.28
28
14.76
831
832
73.3
145
18.97
63
12.17
824
823
176.63
138
12.81
48
11.4
836
834
65.56
180
9.85
2
2.24
808
828
220.91
140
13.15
40
13
807
818
267.4
172
18.11
34
5
576
617
161.57
162
2
3
10.77
805
829
3.81
173
10.2
15
5.1
813
361
166.26
177
45.71
76
3
832
840
-36.25
178
10.82
3
7.81
624
841
206.57
165
14.87
34
7.07
818
817
-26.57
101
5
16
17.69
830
842
21.8
176
8.94
5
7.28
845
412
255.96
175
14.14
30
2.83
835
846
59.74
177
2.24
0
11.66
847
848
61.26
118
3.61
5
33.84
817
811
-9.87
117
13.6
35
21.21
805
851
118.3
130
10.2
43
11.4
852
844
53.62
179
20.81
8
2.83
827
853
114.78
134
9.49
17
23.19
854
815
169.7
132
19.21
56
17.46
855
412
-90
154
8.94
14
16.49
857
856
265.24
149
4.47
15
8.54
858
859
121.61
173
12.81
31
3
846
838
-6.34
160
8.25
15
10.77
858
841
-2.49
115
4.47
10
21.59
854
830
139.18
150
22.36
49
15
840
860
-70.71
173
11.18
7
10.2
856
835
67.62
179
8.54
1
9.85
837
854
66.57
151
18.11
27
19.21
850
837
177.27
124
13.6
39
17.69
850
811
-45
148
18.44
60
11.4
863
862
105.95
125
3.16
25
6.08
518
811
-81.87
125
2.24
17
6.08
857
864
135
162
11.18
29
7.28
832
831
253.3
170
19.1
59
4.12
412
855
90
157
15.23
30
11.66
859
858
-58.39
164
13.45
58
4.47
853
827
-65.22
178
25.94
24
3
624
119
185.86
160
20.12
19
21.59
830
867
-22.93
136
16.16
34
20.25
868
865
-14.38
171
37.12
59
7.28
852
412
54.78
164
12.65
22
9.43
828
851
147.09
136
10.2
28
14.76
832
870
-71.57
145
18.6
33
19.65
872
846
-33.69
164
16.76
16
17.03
846
873
77.91
128
17.03
36
22.67
828
808
40.91
141
17.26
59
12.65
808
853
97.43
116
12.65
32
21.02
854
837
246.57
143
32.02
69
21.02
865
856
-62.1
145
11.18
32
12.04
830
854
-40.82
163
28.23
75
8.94
835
875
23.2
144
13.89
63
9.22
872
877
108.43
169
13.89
8
18.25
879
866
0
102
10.2
22
26
881
880
26.57
173
10.82
26
3
119
624
5.86
159
21.47
22
20.88
860
840
109.29
115
12.04
34
19.65
882
883
109.8
178
16.16
3
10.44
856
885
223.53
163
10.3
9
18.03
887
867
-37.57
113
13.89
25
30.41
870
412
-39.81
145
12.04
26
15.23
835
856
247.62
127
17.49
60
16.12
838
846
173.66
154
11.7
34
9.22
849
889
66.37
130
17.89
30
27.2
859
119
-41.99
139
5
18
10.3
883
885
213.69
107
10.44
33
18
871
877
126.61
144
16.76
18
31.62
412
870
140.19
109
9.43
23
22.36
873
891
5.36
153
23.85
45
15.62
853
859
-62.45
171
10
5
16.16
856
890
-57.53
116
16.12
37
24.08
894
856
128.66
149
18.03
67
10.3
883
882
-70.2
130
18.03
42
20.62
886
867
-62.59
118
23
45
28.46
865
868
165.62
129
15
20
33.02
856
865
117.9
123
12.04
38
16.28
870
832
108.43
151
16.28
24
19.1
849
897
52.88
167
34.93
33
14.87
879
898
201.8
176
6.71
3
9.49
888
875
76.61
136
17.49
53
15.23
854
850
-75.53
125
23.41
45
26.93
891
902
49.64
149
13.15
24
16.55
874
851
196.7
117
17.26
49
20.25
904
869
195.26
144
11.4
71
7.21
885
856
43.53
156
21.54
48
12.04
327
905
108.43
109
5
30
9.22
877
907
78.69
164
11.05
8
20.25
893
859
-68.2
149
10
34
9.22
893
895
70.35
124
10
19
25.61
904
903
232.13
131
10.2
58
9.06
908
874
-84.56
106
11.18
30
21.02
909
850
216.16
146
24.35
48
18.44
890
889
36.03
131
24.08
57
21.54
894
882
247.17
125
16.64
50
17.72
911
871
258.31
131
17.8
36
22.67
896
865
79.38
118
11.4
42
15
885
893
185.19
119
7.62
42
10
892
891
-39.81
129
14.32
58
13.15
896
893
227.86
160
21.54
42
11.05
912
327
155.22
135
8.54
36
10.3
907
899
22.83
177
11.18
4
9.49
914
897
266.31
171
20.1
16
11.7
850
909
36.16
158
26.93
54
12.65
899
866
5.36
159
6.71
5
26
895
893
250.35
109
11.4
22
28.32
901
902
25.02
152
10
31
9.06
915
908
225
119
10.44
55
11.18
909
851
250.82
126
20.81
54
20.88
119
916
7.59
168
8.54
15
7.07
875
917
-14.04
146
11.7
30
12.73
888
917
32.62
137
21.59
46
20.62
905
918
25.02
139
7.62
25
12
912
905
136.85
162
14.32
28
9.49
919
880
172.09
148
21.93
33
21.26
877
871
-53.39
138
32.56
48
29.61
867
921
47.05
156
28.46
40
18.11
922
889
237.09
134
12.37
37
14.87
838
923
56.31
142
12.04
41
11.4
917
888
212.62
135
24.52
54
21.54
874
908
95.44
151
20.81
73
10.77
892
911
178.15
146
23.85
49
17.8
881
921
6.34
160
13.42
40
7.21
853
895
51.34
172
25.55
85
3.61
895
926
131.82
166
3.61
2
22.02
897
914
86.31
163
12.37
11
19.65
927
928
-6.34
174
6
3
12.17
907
877
258.69
102
7.62
14
29.97
917
923
87.61
133
12.73
31
18.03
917
889
258.23
128
9.22
21
20.25
853
925
59.42
133
10.44
22
20
918
905
205.02
131
7.28
25
13
903
870
118.3
150
26.93
65
15
922
914
75.26
125
9.22
27
16.28
854
900
-19.98
101
5.83
14
23.02
899
907
202.83
161
16.28
46
7.62
905
912
-43.15
177
14.21
7
7.81
932
901
-52.31
160
26.93
74
10
925
926
129.47
165
12.21
17
10.77
927
924
224.12
172
36.4
28
11.4
905
934
-39.29
141
13
63
9.22
921
867
227.05
135
24.02
36
28.44
866
932
-82.57
140
16.28
44
15
923
917
267.61
138
15.62
40
16.28
908
937
153.43
132
10.77
36
13.42
866
899
185.36
158
21.47
33
14.76
940
914
213.27
169
7.07
2
31.38
901
932
127.69
116
14.32
30
25.18
909
937
116.57
135
12.65
63
10
933
941
168.69
110
5.83
22
14.42
942
908
260.91
158
17.46
35
11.31
943
935
-76.76
104
7
23
17.26
908
942
80.91
142
24.19
66
16.49
877
944
33.69
150
29.97
66
16.64
908
936
119.74
147
17.89
46
13.6
877
911
-10.62
136
32.45
67
24.52
930
938
9.09
147
16.28
37
14.76
927
945
-11.31
176
18.11
11
7.62
932
911
220.6
124
25.18
42
31.02
946
928
161.57
162
2
4
7.62
938
932
-30.58
122
21.47
51
23.19
915
925
36.87
145
19.92
71
12.21
915
935
72.47
150
17.46
61
10.2
919
947
160.71
161
7
9
14.76
921
936
-87.61
138
14.14
35
16.64
920
936
237.26
113
12.21
43
16.49
914
948
55.56
106
15.62
21
41.05
937
933
168.69
116
10
23
23.02
938
930
189.09
140
17.03
41
16.64
936
941
186.48
172
30.08
17
15.3
911
932
40.6
119
24.52
40
33
923
948
34.08
162
36.4
60
13.42
948
914
235.56
116
16.12
22
38.28
944
932
0
131
17.03
30
25.55
943
942
252.47
150
17.46
61
10.2
936
933
195.42
123
13.6
26
25.5
942
947
105.07
161
12.21
15
16
940
946
64.98
174
15.81
64
2
947
942
-74.93
134
14.76
32
19.92
945
927
168.69
165
13.04
15
13.42
948
940
-60.26
116
13.04
48
15.81
931
949
6.01
168
9.49
4
29.02
951
934
161.08
173
30.59
31
7.81
934
952
0
103
9.22
14
36.14
949
931
186.01
110
13.34
20
36.14
934
951
-18.92
162
37
80
12.17
949
954
-34.99
146
5
19
8.6
954
952
204.78
124
13.15
57
13.04
952
954
24.78
128
13.34
59
12.21
951
955
21.04
121
12.17
53
13.04
956
957
56.31
180
16.64
11
1.41
959
960
-56.31
124
1
2
17.49
962
963
80.54
171
3
1
15.3
963
964
57.72
162
4.12
3
18.6
966
958
254.48
178
17.46
29
1.41
958
967
233.75
177
16.64
27
2.24
960
959
123.69
124
1
2
17.49
969
970
81.25
172
3
2
10.2
971
972
-38.16
177
12.21
6
5.66
974
958
258.11
124
1.41
3
18.68
976
977
126.87
127
3
36
4
977
978
80.54
153
3.16
24
3.61
963
962
260.54
178
8.06
1
10.2
979
980
41.63
155
7.62
10
17.49
973
981
142.43
178
12.21
7
4.24
964
963
237.72
171
7.62
4
15
968
959
120.96
169
14.87
44
4.12
982
983
-52.43
176
14.87
37
2
958
974
78.11
135
3.61
8
17.09
972
985
-16.39
164
13
34
6.4
984
967
243.43
120
3.61
9
18.6
987
988
25.46
139
7.62
16
18.25
989
984
251.57
162
2
2
17.09
975
990
-63.43
117
3
15
10.2
970
969
261.25
172
10
24
3.61
970
979
63.43
161
8.06
10
15
985
991
6.34
160
15.65
57
6.4
993
991
225
99
5
14
19.72
976
978
101.31
155
5
20
6.08
281
753
-41.99
169
11.66
48
3
986
973
166.76
167
13
31
5.66
980
979
221.63
155
7.62
10
17.49
995
994
244.98
137
3.16
8
14.42
983
982
127.57
159
11.66
37
7
967
984
63.43
117
5
14
18.44
996
997
-11.31
163
9.06
60
3.16
984
989
71.57
144
6.32
15
14.42
997
998
225
135
4
15
10.3
999
990
151.39
152
8
34
6.71
981
973
-37.57
143
8
25
11.18
988
987
205.46
132
7.28
16
19.24
992
986
186.34
160
15.65
57
6.4
993
992
206.57
162
19.8
77
6.4
979
970
243.43
159
11.05
18
12.73
753
281
138.01
132
9.06
42
10.05
978
1001
64.65
155
10
19
12.73
994
993
243.43
135
6.32
14
18.44
994
995
64.98
144
10.2
35
10.3
1001
987
51.34
147
11.05
20
17.49
998
997
45
130
11.05
56
10.2
990
1002
45
124
10.2
56
10.2
982
1004
150.64
144
16.12
60
11
976
1005
63.43
143
10.2
39
9.85
1003
281
-17.35
156
16.12
72
7
973
986
-13.24
137
13.89
52
12.08
999
1002
102.09
131
12.53
57
11.31
1001
978
244.65
155
15
40
9.85
993
994
63.43
132
10.77
27
17.2
1006
999
169.99
140
13.89
53
11.18
1007
992
233.62
122
10.77
27
20.12
1008
1000
40.36
135
14.04
31
19.24
1009
1004
26.57
121
14.04
38
19.42
987
1001
231.34
146
14.04
29
16.16
998
1007
239.04
138
10.2
23
17.2
1010
986
225
117
12.65
38
18.11
1002
1005
100.62
112
10.2
37
15.65
281
1011
213.69
118
10.05
33
16
1004
1009
206.57
117
11
29
20.02
996
789
230.53
136
11.05
28
16.16
1005
1008
54.46
145
15
32
16.16
1011
281
33.69
120
15.03
51
16.76
992
1007
53.62
126
12.65
32
19.31
986
1010
45
111
12.08
36
19.24
1000
1008
220.36
135
14.04
31
19.24
1007
998
59.04
137
14.32
37
16.16
999
1012
47.12
126
14.32
47
16
1012
999
227.12
124
17.46
57
17.26
789
996
50.53
134
17.12
50
16
1002
791
55.62
135
16.28
45
16.28
789
1010
234.46
133
14.32
33
19.31
1008
1005
234.46
142
18.03
43
16.28
791
1009
49.4
137
18.03
40
19.24
335
1003
41.82
129
18.03
44
20.02
1003
335
221.82
129
15.03
36
20.1
1013
1006
233.13
130
17.46
44
19.24
791
1002
235.62
137
19.24
55
16
1010
789
54.46
132
17.46
42
19.42
1006
1013
53.13
130
17.46
44
19.24
1011
1013
231.01
135
17.12
39
19.42
1009
791
229.4
137
18.03
40
19.24
1013
1011
51.01
133
19.24
45
20.1
1012
335
53.97
135
19.24
45
19.24
335
1012
233.97
135
19.24
45
19.24
1015
1016
154.98
167
10.2
19
7.07
797
795
135
157
5.39
23
5.39
1020
1018
-20.56
178
3.16
0
13.93
1015
1021
100.01
126
16.55
60
15.62
1021
1015
-79.99
115
8.25
28
15.81
1022
138
86.42
158
6.32
13
10.44
1024
1021
225
129
9.06
59
8.25
1016
1025
119.54
173
26.4
23
9.06
1026
1024
-38.16
124
3.16
4
33.97
1023
587
220.6
113
6.32
40
9
1020
1018
-20.56
149
15.3
63
9.06
559
798
30.26
132
10.2
46
10.44
1027
1029
165.96
148
3.16
16
5.83
1021
1025
145.41
106
15.62
25
34.48
1026
1021
-54.09
165
35.61
80
9.9
1023
1030
163.3
123
9.22
54
9.49
1031
795
140.19
172
5.83
5
9.9
1029
1025
255.96
107
5.83
27
12.04
1021
1026
125.91
161
35.23
77
12.04
1032
559
-5.44
161
8.25
11
13.6
1033
1031
36.87
146
9.49
67
5.83
1034
1020
262.15
150
28.23
70
15.3
1034
1025
-67.07
158
19.8
36
12.37
1035
1031
94.09
136
12.04
57
10
1030
1037
175.03
170
20.1
48
5
1038
1036
-36.38
176
18.87
16
5
1031
1039
112.38
153
15.62
57
8.6
1042
1040
-25.46
173
9.49
4
13.89
559
1043
-23.75
126
13.89
30
22.2
1042
1044
223.03
143
12.17
34
13.15
1039
1046
94.09
109
8.25
34
13.89
1032
1043
-15.78
170
21.1
7
27.31
1031
1038
267.27
171
18.11
42
4.24
1050
1051
206.57
171
13.6
18
7.07
1054
1052
-83.66
153
10.82
30
9.85
1038
1037
-32.01
103
4.24
12
18.38
1032
653
215.54
112
4.12
28
8.06
1037
1030
-4.97
122
13.6
35
19.85
1057
1058
247.38
158
3
6
10.3
1023
1060
122.47
140
10.44
53
8.54
1062
1061
111.8
131
3.16
35
4.12
1063
1064
59.62
105
2.83
4
33.02
1055
1054
173.29
141
13.04
49
10.82
1066
1067
161.57
117
4.24
19
11.4
1069
827
123.69
176
12.81
33
2
1041
1070
115.64
135
9.49
17
22.2
1069
1051
-4.97
119
3.61
8
21.59
1046
1072
21.8
173
10.3
12
6.08
1043
1032
164.22
176
45.89
60
4.12
1059
1074
61.39
152
3
8
10
1075
1039
162.35
129
18.03
49
18.38
1077
1076
265.6
150
4.47
14
9.49
1056
1030
-40.91
155
18.68
69
8.54
284
1030
-78.69
128
2.24
25
4.12
1056
1048
174.56
121
13.6
39
18.38
1048
1075
65.1
149
18.11
31
18.03
1075
1046
137.6
156
23.09
43
14.04
827
1069
-56.31
166
13.45
67
3.61
1050
1071
185.86
160
20.12
19
21.59
1078
1079
71.57
145
19.92
62
13.15
1074
1068
-9.46
147
9.85
28
11.4
1076
1059
66.04
175
9.49
5
10.3
1044
1060
149.53
144
10.05
27
13.04
1070
1041
-64.36
179
25.94
25
2
1044
1042
43.03
144
16.28
52
12.17
1084
1082
257.47
176
14.14
14
4.47
1077
1085
132.71
155
10.77
30
9.22
1042
1070
97.77
108
12.17
31
21.93
1079
1088
-40.91
173
10.82
8
9.22
1055
1053
212.47
175
11.4
32
2
1056
1075
104.93
111
21.1
39
30.87
1046
1090
-23.96
135
16.16
32
21.63
1091
1086
-14.38
168
37.01
63
9.22
1092
1082
-90
154
8.94
12
18.44
1043
1055
168.69
180
42.76
7
3.16
1086
1076
-62.1
140
10.77
32
13.04
1046
1075
-42.4
162
29.55
71
9.85
1094
1095
107.1
176
16.16
6
11.18
827
1071
-41.99
150
5.1
16
9.43
1099
1074
-35.13
166
17.09
14
17.03
1076
1100
225
159
9.85
10
19.42
1074
1101
76.43
127
17.03
34
24.08
1065
1102
64.98
127
17
30
26.63
1088
1104
-74.05
172
9.85
6
12.17
1059
1106
21.04
140
12.53
61
9.22
1095
1100
214.51
115
11.18
34
18
1070
827
-62.45
174
10.82
4
15.23
1081
1060
196.7
118
16.28
47
19.72
1059
1076
246.04
131
18.79
62
16.03
1109
1082
53.13
168
12.08
17
8.6
1089
1093
26.57
169
11.4
45
3.16
1082
1092
90
157
15.23
26
13.42
1112
1090
-37.87
118
14.32
24
30.41
1065
1113
52.13
168
33.11
28
15.23
1076
1103
-57.53
119
16.03
37
23.09
1114
1076
129.09
152
18.38
63
9.85
1095
1094
-72.9
130
18.38
42
21.02
1097
1115
108.43
120
5.1
32
8.25
1116
1079
82.23
97
4.12
10
22.14
1075
1056
-75.07
125
23.41
47
26.08
1107
827
-66.8
151
10
37
8.25
1068
1074
170.54
156
11.4
31
9.22
1099
1119
109.03
169
13.89
9
17.26
1076
1086
117.9
118
12
37
17.26
1100
1076
45
157
21.54
45
12
1121
1056
214.7
144
24.35
50
18.68
1086
1091
165.62
124
14.87
21
34.41
1123
1097
151.7
145
8.06
29
9.43
1081
1070
65.77
151
21.1
70
11.05
1107
1122
68.55
125
10.82
20
25.5
1111
1090
-62.59
118
23
45
28.46
1079
1125
-74.74
147
19.85
31
20.88
1108
1106
77.2
142
18.79
56
13.93
1100
1107
185.19
119
7.62
42
10
1103
1102
34.29
130
23.09
56
21.54
1114
1094
244.65
124
15.26
45
18.03
1098
1119
126.61
148
17.09
17
30.68
1120
1107
227.86
160
21.54
42
11.05
1071
1127
3.81
177
8.06
3
7
1101
1128
5.36
157
22.83
39
14.42
1056
1121
34.7
158
26.08
53
12.65
1121
1060
250.82
126
20.81
54
20.88
1120
1086
79.99
122
10.63
37
14.87
1104
1088
105.95
111
12.04
32
20.88
1123
1115
135
164
14.76
26
9.49
879
1116
-4.24
103
10.44
22
26.83
1122
1107
248.55
110
10.63
20
28.32
1125
1082
-39.81
145
12.04
26
15.23
1115
1131
25.02
139
7.62
25
12
1124
1070
-5.19
134
10.63
64
8.54
1082
1125
140.19
105
8.6
21
22.83
1134
1113
264.29
169
20.1
20
11.18
1128
1136
48.18
148
12.17
23
16.55
1081
1124
95.44
151
20.81
73
10.77
1137
1102
233.13
132
10.2
29
15.23
1138
1139
57.53
118
8.06
37
11.7
1140
1098
255.96
124
16.28
34
24.08
1034
1108
212.62
135
24.52
54
21.54
1108
1034
32.62
136
22.56
49
20.88
1070
1122
48.18
172
23.85
62
4.12
1106
1034
-16.7
149
11.4
28
12.73
1119
1143
79.05
165
13.04
10
19.31
1139
1138
237.53
143
12.04
64
8.06
879
1144
206.57
162
7.07
14
9.22
1125
1079
105.26
148
16.28
23
22.2
1135
1129
195.95
116
12.17
49
14.42
1090
1146
46.08
155
28.46
46
17
1131
1115
205.02
131
7.28
25
13
1115
1123
-45
175
14.21
9
8.6
1149
1093
172.09
144
22.83
37
22.63
1122
1151
133.45
148
4.12
5
22.8
1113
1134
84.29
163
10.2
8
20.62
1115
1148
-39.29
141
13
63
9.22
1068
1152
53.75
144
13
43
11.18
1089
1146
0
154
13.42
50
7.81
1138
1125
119.05
180
8.06
0
22.83
1070
1141
56.98
127
8.54
20
20
1034
1102
258.23
128
10.63
25
20
1075
1117
-19.98
116
4.24
10
21.95
1135
1136
25.02
157
10.63
32
8.06
1119
1098
-53.39
139
33.73
50
28.86
1034
1152
85.24
131
12.73
31
18.6
1124
1155
156.37
135
10.77
37
12.53
1129
1140
178.15
150
22.83
45
16.28
1143
1145
21.8
174
12.53
9
9.22
1137
1134
75.96
125
10.63
30
16.97
1141
1151
127.87
163
12.21
17
11.7
1117
1121
-18.43
113
9.22
42
12.53
1146
1090
226.08
134
24.02
39
27.17
1145
1116
5.36
141
7.07
9
27.07
1158
1124
260.54
158
17.46
39
10.63
1154
1159
165.07
121
4.24
15
13.89
1152
1034
265.24
136
15.62
40
16.97
1160
1161
-3.18
168
6.08
6
12.17
1124
1157
123.02
147
17.46
46
13.34
1124
1158
80.54
138
23.85
67
17.46
1160
1153
223.21
171
36.4
32
11.18
1164
1134
212.01
174
6.4
1
31.38
1156
1149
81.03
157
16.49
57
7.62
1143
1119
259.05
109
8.06
14
29.97
1132
1141
36.87
145
19.92
71
12.21
1138
1125
119.05
148
27.29
61
16.64
1138
1167
151.56
103
10.63
22
27.02
1132
1156
72.47
150
17.46
61
10.2
1155
1154
170.91
122
9.22
20
21.95
1145
1143
201.8
160
17.69
51
8.06
1135
1167
128.99
114
14.56
32
25.18
1157
1158
13.24
139
17.2
68
12.21
1116
1167
-83.16
140
16.28
39
16.64
1146
1157
-87.61
135
14.87
37
17.2
1149
1168
169.22
147
7.62
15
15.65
1157
1159
186.63
169
29.41
21
15.52
1119
1140
-11.98
136
31.91
63
24.74
1116
1145
185.36
156
21.95
36
15.26
1119
1169
32.2
148
29.97
67
17.2
1172
1161
156.04
130
2.24
11
8.6
1160
1171
-13.5
170
18.03
22
8.6
1157
1154
197.82
121
13.34
26
25.32
1134
1173
54.78
105
15.62
21
40.5
1167
1140
220.6
124
25.18
42
31.02
1165
1158
251.57
148
16.49
60
10.2
1166
1170
8.75
147
17.69
40
15.26
1158
1168
107.74
163
12.21
13
15.03
1170
1167
-32.47
118
21.95
50
25.18
1173
1134
234.78
116
16.12
22
37.74
1152
1173
32.91
161
36.4
63
13.89
1147
1174
0
168
9.22
3
29.07
1164
1172
66.37
175
15.81
39
2.24
1168
1158
-72.26
135
15.65
36
18.97
1140
1167
40.6
117
24.74
40
34
1170
1166
188.75
140
18.44
44
17.2
1176
1148
154.09
173
31.62
28
8.6
1169
1167
0
131
18.44
32
26.08
1177
1147
158.2
166
37.34
80
9.22
1171
1160
166.5
163
13.04
16
13.89
1173
1164
-60.26
116
13.04
48
15.81
1178
1175
178.36
169
6.08
2
29.07
1174
1147
180
103
14.32
21
37.7
1148
1176
-25.91
162
37.34
73
12.17
1174
1179
-30.96
140
6.08
29
8.06
1179
1177
211.61
130
14.14
60
12.53
1177
1179
31.61
134
14.32
62
11.66
1176
1180
24.78
125
12.17
53
12.53
1181
1182
73.61
178
16.49
28
1.41
1185
1186
231.84
179
15
6
2.83
1183
1185
254.48
179
16.49
11
2.24
1189
1187
259.99
179
14.14
8
3.16
1190
1191
-56.31
124
1
2
17.49
1189
1193
57.72
170
5.39
3
17.2
1190
1195
-60.64
176
18.03
74
1.41
1196
1197
85.24
157
3.16
7
9.22
1198
1185
258.11
124
1.41
3
18.68
1200
1201
120.96
166
2.83
12
3.16
1201
1202
71.57
162
4
26
2.83
1203
1204
-15.52
169
13.04
23
6.4
1189
1187
259.99
178
8.06
2
9.22
1206
1186
242.1
119
3.61
10
17.8
1185
1198
78.11
135
3.61
8
17.09
1204
1207
6.34
164
15.23
51
5.66
1207
1186
32.01
168
18.38
77
4.24
1210
1035
41.63
155
7.62
10
17.49
1199
1211
-63.43
162
2.83
6
8.54
1193
1189
237.72
171
7.62
4
15
1212
1213
-52.43
176
14.87
37
2
1195
1190
119.36
168
14.87
40
5.1
1214
1206
251.57
162
2
2
17.09
1205
1215
166.76
172
13.04
23
5
1197
1196
265.24
170
10.05
40
2.83
1200
1202
95.19
155
5.83
23
6.32
1186
1206
62.1
108
4.24
12
18.44
1197
1210
63.43
161
8.06
10
15
1216
1217
27.65
139
8.54
18
18.25
1208
1205
186.01
163
15.23
44
6.4
268
1218
-34.99
172
11.18
55
2
1220
1219
244.98
137
3.16
8
14.42
1222
1211
143.97
159
8.25
27
6.71
1221
1215
-42.51
152
8.25
23
9.85
1209
1208
207.9
163
18.38
72
5.66
1206
1214
71.57
144
6.32
15
14.42
1223
1224
0
157
9.85
75
4.12
1035
1210
221.63
153
8.54
13
17
1224
1225
228.01
139
4
14
10.82
1213
1212
127.57
155
11.18
37
8
1219
1209
243.43
135
6.32
14
18.44
1210
1197
243.43
159
12.04
21
12.04
1219
1220
64.98
143
9.22
31
10.82
1202
7
66.04
151
10.05
24
12.04
1218
268
145.01
122
9.85
49
11.05
1226
1200
168.69
129
9.22
58
8.54
1215
1205
-13.24
142
14.32
54
10.77
1225
1224
48.01
133
10.05
48
10
1200
1228
58.39
144
11.05
45
9.22
7
1216
51.34
147
12.04
23
17
1222
1226
105.95
142
13.6
65
9.22
1227
1222
169.99
146
14.32
56
9.85
1229
1208
234.16
121
9.85
26
19.24
1209
1219
63.43
130
9.85
25
17.8
1230
1205
222.88
109
12.08
36
19.1
1212
1232
153.43
140
16.49
63
12
1212
1231
194.04
105
8
28
16.49
7
1202
246.04
153
16.03
53
9.22
1225
1229
239.04
137
9.22
20
17.8
1228
1200
238.39
141
15.13
69
10.2
1233
1234
40.36
135
14.04
31
19.24
1205
1230
42.88
112
10.77
33
18.25
1208
1229
54.16
120
12.08
32
19.31
1216
7
231.34
146
14.04
29
16.16
268
1235
216.25
122
11.05
36
16
1223
1236
228.81
134
10.05
27
16.16
1229
1225
59.04
137
14.32
37
16.16
1232
1237
208.81
119
12
31
20.02
1228
1233
57.53
144
16.03
35
16.16
1235
268
36.25
123
15.03
50
16.49
1222
1238
47.29
122
14.56
50
16.03
1238
1222
227.29
120
16.76
57
17.26
1234
1233
220.36
135
15.03
34
19.1
1236
1230
234.46
133
14.32
33
19.31
1236
1223
48.81
132
16.12
48
16
1226
1239
54.16
137
15.13
42
15.3
1240
1227
233.62
130
16.49
44
18.25
1233
1228
237.53
145
19.03
46
15.3
1239
1226
234.16
136
19.24
57
16.03
1230
1236
54.46
131
16.49
39
19.65
1239
1237
49.4
137
19.03
43
19.1
1227
1240
53.62
127
16.76
44
19.24
1241
1231
43.36
128
18.11
46
20.02
1231
1241
223.36
130
15.03
37
19.1
1235
1240
231.01
134
16.12
36
19.65
1237
1239
229.4
134
18.11
40
20.22
1240
1235
51.01
135
19.1
45
19.1
1238
1241
52.31
134
19.24
43
20.22
1241
1238
232.31
137
19.1
43
19.24
1015
1243
158.2
175
10.44
9
5.83
1246
1244
135
174
6.4
11
3.61
1015
1247
100.62
123
16.16
60
15.62
1247
1015
-79.38
108
8.06
29
15.81
1022
138
86.42
155
5.39
11
11.4
587
1022
0
145
8.6
68
5.39
1024
1247
228.81
133
9.06
55
8.06
1243
1249
119.54
174
27.2
22
8.06
1250
1024
-36.87
110
3.61
5
33.97
1020
1018
-20.56
152
15.13
62
8.06
1248
1251
163.3
128
8.6
52
8.54
1247
1249
145.41
106
15.62
25
34.48
1250
1247
-54.09
163
35
77
10.63
1027
1252
172.87
140
3.61
23
5.83
1253
1244
137.49
177
6.4
2
9.9
1251
1255
177.51
172
20.1
42
4.24
1256
798
33.69
134
11.18
50
10.44
1247
1250
125.91
161
35.23
77
12.04
1252
1249
255.96
107
5.83
27
12.04
1246
1257
253.3
112
6.4
36
10
1258
1253
94.4
133
11.4
57
10
1259
1254
-34.38
178
18.87
10
4.24
1260
1020
259.51
148
26.93
71
15.13
1260
1249
-68.2
157
18.38
35
12.37
1263
1261
-23.2
176
9.49
3
13.42
1252
1264
127.57
173
18.38
9
14.76
1265
1256
-5.44
155
8.54
15
13.93
1253
1266
115.2
158
16.28
58
7.21
1263
1267
225
147
10.2
23
13.93
1253
1259
267.27
172
19.1
53
3.61
1259
1255
-32.01
115
3.61
10
17.69
1255
1251
-2.49
127
12.81
33
18.6
1256
1270
-25.64
121
14.42
31
23.85
1248
205
127.87
145
10.44
64
6.71
1272
1271
116.57
151
3.61
53
2.24
1266
1273
90
114
7.62
34
12.21
1275
1276
233.47
176
31.91
53
3
1277
1278
-4.76
142
3.61
6
21.38
1262
1280
116.57
135
9.49
18
21.21
1283
1281
-81.03
154
12.21
32
9.85
1265
1270
-16.93
169
21.1
8
27.73
1284
1285
248.96
169
6.08
8
8.06
1265
1288
215.54
126
5
35
7
205
1269
164.48
102
6.71
20
18.6
19
1251
-71.57
135
2.24
45
2.24
1269
1268
174.56
124
12.81
37
17.69
1289
1279
185.86
162
19.7
16
21.38
1279
1262
141.34
108
3.61
16
12.21
1290
1266
160.82
130
17.49
45
18.79
1287
1283
169.99
135
12.21
45
12.21
1291
1292
-45
154
12.65
63
6.32
1267
205
149.53
156
10.05
21
11.4
1273
1293
21.8
161
10.63
29
7.07
1268
1290
65.1
150
19.1
34
17.49
1286
1295
61.7
162
6.08
12
9.22
1297
1296
265.91
131
4.24
15
11.7
1267
1263
45
147
15.3
45
12
1270
1265
163.07
175
46.87
73
5
1290
1273
137.6
157
24.35
47
13
1296
1286
66.04
177
11.7
5
8.06
1280
1298
246.8
149
21.21
66
12
1269
1290
104.93
111
21.1
39
30.87
1295
1292
-15.52
133
9.43
29
14.14
1297
1299
132.71
155
10.77
30
9.22
1262
1279
-38.66
142
5
19
9.43
1302
1303
107.1
176
16.16
6
11.18
1273
1305
-26.57
132
16.16
33
21.95
1287
1282
214.99
167
12.04
79
2.83
1276
1307
61.82
126
15.65
29
26.08
1298
205
194.04
116
15.3
44
19.72
1309
1300
-14.38
168
37.01
63
9.22
1296
1310
225
162
8.94
8
20
1300
1296
-63.43
139
10.77
30
14.04
1280
1262
-63.43
176
11.66
3
15.23
1273
1290
-42.4
165
29.07
68
8.54
1303
1310
216.87
117
11.18
33
18.03
1301
1312
110.56
111
5
34
8.25
1270
1287
168.93
177
43.42
33
4.24
1276
112
49.4
168
31.76
24
16.55
1311
1262
-66.8
151
10
37
8.25
1314
1301
148.39
149
8
26
9.43
1317
1315
255.96
174
15.13
16
5.83
1296
1308
-57.53
120
17.03
39
23.19
1303
1302
-72.9
133
18.79
43
20.12
1319
1296
129.09
155
18.79
65
8.94
1290
1269
-75.07
130
24.17
49
24.41
1286
1296
246.04
129
19.24
62
17.03
1295
1286
241.7
115
10
40
13.93
1322
1323
70.71
145
20.88
70
13
1326
1295
-32.74
167
18.03
14
16.28
1327
1269
211.61
143
22.47
47
18.68
1328
1306
0
175
22.09
45
2.83
1295
1329
75.96
124
16.28
34
24.08
1310
1330
0
177
18.03
18
3.16
1298
1280
66.8
152
21.1
66
11
1310
1296
45
157
21.54
45
12
1333
1305
-39.17
120
13.93
23
30.41
1310
1311
185.19
119
7.62
42
10
1296
1300
116.57
117
12
36
18.25
1311
1334
68.55
128
11.66
21
24.76
1306
1313
28.61
161
12.04
73
4.24
1308
1307
32.47
130
23.19
57
21.02
1319
1302
243.43
122
15.26
47
17.72
1292
1295
164.48
151
12.37
37
10
1314
1312
135
167
15.26
24
8.54
1332
1311
227.86
160
21.54
42
11.05
1327
205
249.15
123
20
55
20.62
1323
1337
-40.91
164
9.85
15
10.82
1338
1315
267.88
149
8.06
11
20.62
1269
1327
31.61
157
24.41
50
12.65
1300
1309
165.62
121
15.56
22
35
1318
1321
79.7
142
19.24
58
13.93
1328
1305
-62.59
118
24
47
28.79
1312
1339
21.8
135
7.62
26
12.04
1330
1310
180
174
9.06
4
12.04
1334
1311
248.55
110
10.63
20
28.32
1340
1315
53.13
170
11.18
12
9.22
1331
1280
0
144
10
63
6.71
1326
1344
109.03
171
14.76
8
16.28
1298
1331
95.44
149
20
68
11.18
1332
1300
80.54
122
10.63
35
15.56
1337
1345
-72.35
166
9.43
9
14.14
1315
1338
87.88
159
14.87
22
14.32
1312
1314
-45
178
14.87
5
7.81
1349
112
266.19
171
20.1
17
10.77
1325
1344
127.65
148
18.03
18
30.68
1339
1312
201.8
128
7.28
26
13.04
1351
1307
234.78
129
10.44
29
16.55
1312
1347
-42.27
143
13.04
60
9.22
1130
1352
-32.62
176
23.71
18
6.4
1353
1318
212.01
134
24.52
57
21.02
1280
1334
46.64
173
22.2
46
4
1329
1355
7.13
160
21.47
31
14.32
1352
1323
83.16
135
6.4
12
21.19
1318
1353
32.01
133
22.36
51
21.19
1321
1353
-19.29
147
12.37
32
12.81
1280
1354
54.16
118
6.71
17
20
1334
1357
131.99
132
4
6
24.41
112
1349
86.19
160
10.44
10
20.62
1305
1358
42.8
154
28.79
49
17.12
1290
1320
-24.44
156
3
3
21.47
1323
1360
-75.96
145
19.85
28
23.77
1353
1307
258.23
124
9.9
23
20.81
1355
1362
45
147
10.2
18
17.89
1331
1363
162.65
137
11.18
41
11.66
1364
1313
172.3
143
24.19
39
23.35
1366
1325
257.01
117
15.62
35
24.08
1368
1367
6.48
176
16.28
2
28.07
1360
1315
-35.84
140
13.04
34
14.87
1320
1327
-18.43
117
8.49
40
11.66
1292
1369
54.46
141
13.04
49
11.05
1306
1358
-6.71
145
12.53
46
10
1337
1360
255.38
148
23.09
70
13.04
1315
1360
144.16
104
9.22
24
21.95
1352
1130
147.38
156
27.29
66
12.17
1361
1356
194.93
117
10.2
39
14.32
1353
1369
85.24
137
12.81
30
17.2
1372
1373
57.53
118
8.06
37
11.7
1351
1349
75.96
121
9.9
28
17.69
1374
1331
259.7
156
16.49
42
10
1359
1368
162.65
163
3
3
13.93
1354
1357
124.99
160
12.21
17
13.6
1358
1305
222.8
131
23.02
38
28.07
1331
1367
124.38
142
16.76
46
14.32
1373
1372
237.53
139
12.17
63
9.06
1344
1377
79.05
165
14.04
11
18.38
1367
1331
-55.62
115
17.26
44
22.36
1344
1325
-52.35
143
34.21
50
26.68
1369
1353
265.24
133
14.87
37
17.69
1361
1362
26.57
155
11.4
32
9.06
1360
1372
-60.02
180
21.95
0
8.06
1371
1378
205.02
161
8.49
18
9.06
1356
1366
180
153
21.47
39
15.62
1360
1323
104.04
147
16.28
20
25.18
1342
1354
36.87
145
19.92
71
12.21
1365
1313
133.26
176
13.45
6
10
1375
1364
81.47
157
15.52
45
8.6
1363
1359
170.91
126
8.49
18
21.47
1342
1375
72.47
149
16.49
55
10.44
1381
1370
221.42
170
37.01
36
11.05
1381
1382
0
162
6.32
9
12.17
1377
1379
21.8
170
13.04
15
9.06
1367
1368
186.48
167
29.73
23
16.76
1367
1374
10.01
133
16.64
63
13.6
1358
1367
-87.51
135
13.45
35
16.64
1367
1359
199.65
122
14.32
28
25.32
1379
1352
3.47
139
8.49
11
27.29
1364
1384
174.56
140
8.6
21
15.65
1350
1385
-4.51
158
9.49
7
29.61
1377
1344
259.05
115
8.6
15
29.07
1372
1388
155.38
104
11.4
25
26.25
1380
1374
251.57
147
15.52
54
10.44
1389
1347
150.26
176
33.11
20
7.81
1372
1360
119.98
145
26.4
60
17.49
1390
1369
210.96
159
40.61
78
14.87
1361
1388
130.36
116
15.52
35
24.08
1374
1384
107.74
162
13.6
17
14
1392
1382
153.43
135
3.16
14
9.22
1381
1391
-13.5
167
18
27
9.22
1344
1366
-15.26
137
31.76
62
24.52
1394
1350
152.78
167
38.08
75
9.22
1379
1377
201.8
157
18.38
57
8.6
1352
1388
-83.42
140
16.28
37
17.49
1388
1366
219.61
125
24.08
39
31
1390
1349
232
111
15.26
22
38.08
1344
1393
28.18
145
29.07
64
18.6
1384
1374
-72.26
135
15.65
36
18.97
1369
1390
30.96
160
37.01
64
14.42
1352
1379
183.47
153
23.32
41
16.4
1395
1392
63.43
172
15.81
45
3.16
1387
1396
6.58
142
18.38
44
16.4
1396
1388
-31.33
118
23.32
52
26.17
1366
1388
39.61
118
24.52
39
34
1397
1386
171.87
163
6.08
3
29.61
1391
1381
166.5
158
13.15
20
14.42
1396
1387
186.58
135
17.8
42
18.6
1395
1391
71.57
130
15.26
62
13.15
1393
1388
0
129
17.8
31
26.93
1350
1394
-27.22
158
38.12
74
15.3
1347
1389
-29.74
164
38.08
70
11.18
1385
1398
-26.57
144
6.08
29
7.21
1398
1394
217.57
136
14.14
57
11.7
1394
1398
37.57
139
15.3
64
11.18
1389
1399
28.3
129
11.18
48
11.7
1400
1401
30.07
177
3.61
0
18.36
1404
1405
254.48
176
15.3
18
3.61
745
1406
82.87
173
3
1
13.15
1408
1409
-16.39
177
13.34
10
4.47
1411
1405
255.26
166
1
0
18.68
1413
1414
113.2
167
5
23
3
515
1415
84.81
175
3
1
8.06
1406
1400
59.04
168
6.32
4
17.2
1409
1417
6.34
171
14.56
32
4.47
1414
1419
75.96
148
3.16
49
2.24
1421
1420
240.64
106
2.83
8
17.8
1417
1420
29.36
170
17.03
63
3.61
1410
1423
163.61
177
13.34
10
4.47
1405
1411
75.26
121
2.83
7
18.38
1412
1424
-67.38
166
5
8
8.25
1425
1421
252.47
136
2.24
4
18.38
1418
1410
186.34
171
14.56
32
4.47
1421
1422
229.4
169
18.36
83
3.61
1415
515
264.81
170
10.05
58
2.24
1413
1419
100.3
168
7.62
24
4.12
1400
1406
239.04
170
8.54
5
15
1422
1418
207.9
168
17.03
54
4.47
1427
1423
-40.24
159
9.49
23
8.94
1426
101
41.63
153
8.54
13
17
1428
1424
146.31
165
9.49
25
5.83
1224
1429
247.62
140
3.16
7
16.12
1421
1425
72.47
141
5.39
12
16.12
1415
1426
63.43
161
8.06
10
15
1430
1431
-30.96
166
10.44
59
3
1434
1433
230.71
141
3
9
12.04
1435
1436
29.74
139
9.49
20
18.25
1431
1437
209.05
106
4.12
23
10.05
1429
1422
242.24
131
5.39
12
18.44
1432
1438
132.27
149
10.44
42
8
1423
1410
-16.39
146
12.65
44
10.3
101
1426
221.63
151
9.49
16
16.55
1440
1413
158.2
132
8.94
54
8.25
1429
1224
67.62
146
9.22
25
12.04
1419
1441
64.8
150
10.05
26
11.4
1439
1428
165.96
148
12.65
49
8.94
1426
1415
243.43
158
13.04
25
11.4
1442
1418
230.53
120
8.54
22
19.24
1424
1428
-33.69
120
8.94
37
12.65
1431
1430
149.04
120
10.3
53
11.05
1410
1418
6.34
149
17.8
72
9.85
1433
1434
50.71
135
10.05
45
10.05
1413
1444
59.74
140
11.18
53
9.06
1422
1429
62.24
132
8.54
22
17.03
1441
1435
51.34
146
13.04
26
16.55
1433
1442
241.19
139
9.22
20
17.03
1443
1439
186.01
148
17.8
66
10.3
1441
1419
244.8
152
16.03
58
9.06
1440
1444
100.62
123
10.77
40
13.89
1418
1442
50.53
117
9.85
26
19.7
1437
1445
230.53
135
10.05
25
16.55
1446
1428
225
121
16.49
59
16.49
1428
1446
45
117
12.65
45
16
1435
1441
231.34
142
15
33
16.76
1447
1448
41.82
132
15
35
19.1
1430
1449
218.66
124
11.05
35
16.03
1442
1433
61.19
135
13.6
36
16.55
1444
1447
54.46
141
16.03
37
16.76
1445
1443
236.31
130
13.6
32
19.7
1449
1430
38.66
125
15.03
49
16.28
1451
1439
230.19
127
16.49
44
19.1
1445
1437
50.53
134
16.12
46
16.03
1440
1452
54.16
134
16.28
47
16.12
1448
1447
221.82
136
15.03
35
18.11
1439
1451
50.19
127
16.49
44
19.1
1443
1445
56.31
133
16.49
40
18.68
1452
1440
234.16
135
18.25
54
16
1447
1444
234.46
142
19.03
47
16.12
1449
1451
232.7
136
16.12
37
18.68
1452
1453
51.01
138
19.03
44
18.11
1450
1241
225
132
15.03
36
19.24
1241
1450
45
129
19.1
47
20.02
1241
1446
231.34
132
18.25
45
19.1
1451
1449
52.7
134
18.25
43
19.24
1446
1241
51.34
132
18.25
45
19.1
1453
1452
231.01
135
19.1
45
19.1
1022
1454
83.29
140
3.61
9
14.56
1243
1457
-23.2
120
15
59
15.13
1457
1458
66.8
150
15.13
73
8.06
587
1022
0
157
7.62
56
3.61
1459
1456
228.81
133
9.06
55
8.06
1243
1460
119.74
174
27.2
29
6
1455
1461
158.2
135
7.62
45
7.62
1456
1460
145.84
109
15
26
32.25
1462
1018
-17.35
160
16.03
72
6
1463
1459
-36.87
110
3.61
5
33.97
1463
1456
-54.09
163
35
77
10.63
1461
1466
180
175
20.1
33
3.61
1464
1467
171.87
139
3.61
28
5
1456
1463
125.91
161
33.84
70
12.21
1468
1469
-37.87
116
8.94
46
11.05
1471
1468
258.69
124
8.49
52
8.94
1467
1460
257.01
114
5
21
12.21
1474
1472
-20.85
178
9.49
1
13
1476
1477
227.49
175
10
8
6.4
1460
1478
113.75
111
16.03
34
26.48
1474
1479
226.85
150
9.22
18
14.76
1461
1482
-33.69
147
1
11
2.83
1478
1460
-66.25
155
18.44
36
13.34
1483
1484
33.69
134
12.17
55
10.77
1470
1475
115.2
161
18.38
76
6.4
1486
1466
-34.51
146
3
5
17.03
1466
1461
0
132
12.04
30
17.49
1461
1455
-21.8
114
4.24
23
9.9
1485
1470
96.01
97
3
9
19.03
1489
1483
-2.73
148
8.06
16
14.87
1490
1491
-4.76
157
3.16
3
21.21
1494
1495
233.47
178
30.23
19
3.61
1484
1496
-59.42
176
12.21
4
13.42
1473
1498
118.61
138
9.49
19
19.24
1475
1499
94.4
130
8.6
41
10
650
1487
161.57
117
4.24
12
17.49
1483
1496
-29.25
118
14.42
30
25.55
1487
1485
174.56
127
12.04
34
17.03
1492
1501
141.34
123
3.16
13
11.4
1479
650
152.1
164
10.2
17
9.9
1502
1503
250.35
168
8.06
14
7.21
1507
1505
-81.03
161
12.53
29
8.54
1479
1474
46.85
149
14.32
37
12.17
1489
1496
-18.06
165
21.02
11
28.65
1509
1475
158.63
131
17
43
18.79
1485
1509
64.29
149
19.1
36
17
1489
881
212.01
123
6
39
8.06
1498
1508
246.8
148
19.24
57
12.17
1512
1513
-55.3
148
13
55
8.54
1499
1514
21.8
161
12.04
40
6.32
1517
1516
261.87
127
2.83
10
12.65
1510
1507
166.76
135
13.04
48
12.53
1504
1518
61.7
159
8.06
21
7.81
1487
1509
105.42
111
21.1
41
29.97
1509
1499
137.49
159
24.7
43
13.04
1501
1492
-38.66
153
5.1
15
8.6
1516
1504
66.04
175
12.65
9
7.21
1496
1489
161.94
174
46.87
71
6
1520
1521
107.1
174
15.23
7
12.17
1508
650
194.04
117
14.32
41
19.24
1495
1523
60.95
125
15.65
30
25.55
1520
1525
-14.04
153
17.46
57
9.49
1518
1513
-18.43
124
11.4
36
15.81
1498
1501
-62.45
177
11.66
2
14.32
1517
1528
132.88
150
10.44
27
11.4
1519
1530
110.56
122
5.1
36
7.28
1521
680
219.09
120
12.17
35
18.03
1516
680
226.4
163
8.94
7
20.62
1531
1519
145.3
160
8.25
19
8.6
1499
1532
-27.41
131
16.16
31
23.32
1527
1501
-65.22
152
10
40
7.28
1499
1509
-42.51
165
30.41
68
8.54
1529
1516
-64.8
132
10.44
33
14.14
1533
1487
208.3
141
21.54
46
18.97
1495
1534
47.73
167
30.89
25
16.16
1535
1529
-15.38
165
37
59
11.4
1509
1487
-74.58
130
24.17
51
23.6
1537
1510
48.01
105
3.61
15
13.04
1516
1524
-57.53
123
17
40
22.2
1521
1520
-72.9
135
19.24
45
19.24
1539
1516
127.41
156
19.24
63
8.94
680
1540
0
177
18.03
14
4.12
1508
1498
66.8
152
20.1
61
11.05
1538
1504
116.57
117
17
50
19.7
680
1527
185.19
119
7.62
42
10
1531
1530
133.26
168
15.81
22
8.54
1496
1510
168.93
176
43.29
42
5
680
1516
46.4
159
21.54
41
12.04
1533
650
248.2
120
19.21
54
20.62
1527
1544
68.55
128
11.66
21
24.76
1518
1504
241.7
117
12.21
49
14.32
1487
1533
28.3
155
23.6
50
13
1524
1523
30.58
129
22.2
55
21.02
1539
1520
242.1
121
15.26
48
17.46
1543
1527
227.86
160
21.54
42
11.05
1516
1529
115.2
111
12.04
37
18.44
1546
1537
0
172
21.21
56
3.61
1548
1518
-32.74
170
18.38
12
15.56
1530
1549
18.43
132
7.62
27
12.17
1550
1532
-39.17
120
13.93
23
30.41
1540
680
180
169
10.2
9
12.17
1518
1551
75.96
121
15.56
32
24.76
1508
1541
95.71
148
19.21
69
11.18
1529
1535
164.62
123
16.28
22
35.61
1538
1545
76.61
141
20.12
64
14.32
1513
1518
161.57
142
11.7
36
12.21
1541
1498
5.19
149
10
64
5.83
1510
1537
228.01
102
5
21
13.42
1544
1527
248.55
110
10.63
20
28.32
1496
1542
173.37
174
6
1
37.34
1546
1532
-62.59
118
23
45
28.46
1549
1530
198.43
125
7.28
27
13.15
1530
1555
-45
144
13.15
57
9.22
1543
1529
77.47
119
10.63
34
16.28
1558
1556
256.61
178
15.3
5
6.32
1559
1523
233.13
127
10.44
31
16.16
1560
1534
264.29
169
19.1
18
12.08
1498
1544
46.64
176
20.62
20
4.47
1558
1563
117.9
179
8.06
1
11.18
1564
1538
209.25
134
23.77
54
21.02
1565
1566
68.2
142
20.88
68
14
1548
1569
109.65
172
14.76
8
15.3
1538
1564
29.25
133
21.59
48
21.19
1498
1561
50.91
110
5.83
16
19.42
1562
1556
267.95
149
8.06
11
21.59
1541
1570
165.96
140
11.18
42
10.82
1547
1569
127.65
151
18.38
17
29.73
1571
1556
50.91
168
11.18
14
10
1545
1564
-19.29
141
11.7
31
14.21
1564
1523
255.38
125
9.22
22
20
1534
1560
84.29
158
10.44
10
20.88
1544
1573
133.53
107
4.47
9
26.63
1536
1533
-22.62
124
7.21
33
10.82
1566
1575
-43.03
161
9.85
16
11.66
1532
1576
40.43
149
28.46
52
18.44
1578
1577
5.19
172
16.49
5
28
1551
1579
5.36
164
21.54
27
13
1581
1541
259.7
156
16.49
42
10
1553
1542
172.3
139
25.24
42
24.84
1575
1583
-75.38
169
8.94
7
15.13
1541
1577
125.84
140
16.49
47
14.32
1556
1562
87.95
155
15.23
24
15.65
1513
1584
49.76
140
12
44
11.05
1537
1576
-12.53
141
13.42
46
11.66
1559
1560
73.3
123
9.22
26
17.69
1561
1573
124.29
163
12.81
14
14.87
1541
1581
79.7
134
22.2
66
17.46
1576
1532
220.43
128
23.02
40
28
1564
1584
85.24
136
14.21
35
17.03
1586
1547
254.36
111
13.6
30
24.76
1579
1588
43.45
152
9.49
14
18.36
1589
1590
-35.75
170
23.26
27
8.94
1570
1591
170.91
138
7.21
13
20.62
1590
1566
81.87
146
8.94
13
21.54
1584
1564
265.24
133
14.87
37
17.69
1585
1552
252.47
112
12.81
37
19.42
1587
1580
194.93
124
9.49
37
13
1552
1585
72.47
149
16.49
55
10.44
1592
1556
-32.28
139
13.15
34
15.23
1556
1592
147.72
111
10
26
21.1
1593
1594
59.74
126
9.85
44
11.4
1566
1592
-78.41
145
20.52
27
25.96
1585
1553
81.87
156
14.56
36
9.9
1582
1542
130.1
173
13.45
9
11.66
1596
1555
145.56
177
34.99
15
7.81
1594
1593
239.74
141
12.17
59
9
1569
1547
-52.35
145
35.44
53
25.96
1577
1578
185.19
166
29.73
25
17.09
1554
1597
-10.44
152
9.49
8
30.68
1575
1592
254.36
150
23.77
65
13.15
1569
1599
76.87
163
14.04
13
17.89
1577
1581
13.24
136
16.64
64
12.81
1577
1591
199.65
122
14.32
28
25.32
1580
1586
180
159
21.54
36
13.6
1600
107
220.46
170
36.24
35
11.05
1587
1588
29.36
158
11.4
29
9
1590
1589
144.25
155
27.46
62
13.15
1576
1577
-87.51
135
13.45
35
16.64
1592
1593
-60.95
178
21.1
5
9.85
1602
1554
147.85
168
39.22
70
9.22
1600
1603
6.01
153
7.21
14
13.15
1553
1605
180
135
9.9
26
15.65
1595
1581
250.56
145
14.56
53
10.44
1601
1606
205.02
152
10
31
9.06
1592
1566
101.59
145
16.28
19
28.28
1581
1605
108.43
160
12.81
18
14
1608
1584
208.5
159
39.05
76
14.87
1599
1607
21.8
163
14.21
28
9.06
1593
1609
157.38
106
11.4
25
25.5
1605
1581
-71.57
135
15.65
37
18.03
1599
1569
256.87
113
8.6
16
28.65
1587
1609
131.82
117
15.52
36
23.09
1607
1590
5.19
133
10
15
27.46
1612
1603
142.13
98
2.83
14
11.4
1600
1611
-15.07
159
19.1
37
11.4
1608
1560
230.19
107
14.42
21
37.59
1593
1592
119.05
142
26
56
19.24
1614
1598
168.69
143
6.71
7
30.68
1569
1586
-16.39
139
30.87
58
23.77
1584
1608
28.5
158
36.24
65
15
1609
1586
218.42
124
23.09
38
31
1613
1612
63.43
177
15.23
18
2.83
1569
1615
24.9
145
28.65
65
18.44
1607
1599
201.8
157
18.38
57
8.6
1590
1609
-83.88
139
16.28
34
19.24
1555
1596
-34.44
165
39.22
65
11.18
1554
1602
-32.15
159
38.64
69
15.3
1590
1607
185.19
153
23.85
42
16.4
1586
1609
38.42
114
23.77
38
35
1611
1600
164.93
157
14.14
21
15
1610
1616
6.58
142
18.38
44
16.4
1613
1611
66.8
124
14.42
58
14.14
1609
1590
96.12
130
27.46
63
23.85
1618
1602
220.24
139
13.15
50
11.18
1597
1618
-21.8
132
6.71
38
8.06
1616
1610
186.58
136
19.21
47
18.44
1615
1609
0
129
19.21
33
27.46
1596
1617
34.7
135
11.18
45
11.18
1602
1618
40.24
142
15.3
62
10.77
1620
1621
254.48
176
15.3
18
3.61
1622
1623
32.28
168
4.24
2
18.36
1625
1626
82.41
173
3
1
12.17
1628
1629
6.34
175
14.32
20
4.12
1631
1632
113.2
177
4.47
4
3.16
1629
1633
28.07
172
15
46
3.16
1633
1621
51.84
173
17.49
78
2.24
1636
1637
78.69
169
4
7
6.32
1636
1632
-71.57
109
2
36
3.16
1623
1622
212.28
176
5
1
17.49
1621
1620
74.48
102
2.24
6
18.38
1626
1622
57.72
167
6.32
5
16.4
1202
1641
-67.38
177
4.47
2
8.54
1630
1642
186.01
174
14.32
17
5.1
1626
1625
262.41
173
9
10
6.32
1635
1634
229.4
171
17.49
67
3.16
1634
1630
206.57
170
15
40
4.12
1643
1635
252.47
136
2.24
4
18.38
1644
1645
-40.24
167
8.94
14
8.6
1646
1641
140.71
168
8.94
19
5.83
1631
1638
101.31
169
7.62
29
3.16
1637
1636
258.69
169
10
78
2
1622
1626
237.72
167
9.49
9
13.45
1434
1648
247.62
140
3.16
7
16.12
1635
1643
72.47
141
5.39
12
16.12
1647
1639
45
154
9.49
14
17.49
1648
1634
242.24
131
5.39
12
18.44
1637
1647
64.65
155
9
16
13.45
1645
1642
-17.35
149
12.37
46
8.94
1651
1650
235.3
146
4
10
12.73
1432
1652
213.69
106
3.16
16
10.44
1653
1631
153.43
131
7.62
42
8.54
1649
1646
166.76
153
12.37
41
8.6
1654
1630
229.09
116
7.62
22
17.89
1642
1630
6.01
151
17.2
64
9.43
1648
1434
67.62
144
8.25
22
12.73
1641
1646
-39.29
118
7.62
32
12.65
1656
1657
31.76
138
11.4
25
18.11
1634
1648
62.24
130
7.62
19
17.69
1638
1658
60.64
151
10
26
10.82
1639
1647
225
151
11.4
19
16.55
1631
1659
51.34
131
10.2
51
10
1432
1660
153.43
120
10.82
58
11.05
1647
1637
244.65
155
13
30
10.82
1650
1651
55.3
140
10.05
38
10.44
1655
1649
186.34
151
17.2
69
8.94
1630
1654
49.09
108
9.43
27
19.31
1650
1654
241.19
138
8.25
18
17.69
1653
1659
97.59
125
11.18
46
12.81
1658
1638
240.64
148
16.03
60
10
1658
1656
53.13
144
13
28
16.55
1646
1649
-13.24
127
15.62
57
14.87
1661
1653
172.87
134
15.62
64
12.65
1654
1650
61.19
139
13.34
34
15.65
1652
1662
232.59
137
10.05
26
15.65
1662
1655
233.13
131
13.34
31
19.31
1660
1663
220.91
126
11.05
33
16.12
1656
1658
233.13
144
16
38
15.52
1665
1649
228.81
123
14.56
42
18.11
1664
1666
43.45
134
16
37
19.1
1659
1664
55.01
142
16.03
40
15.52
1663
1660
40.91
128
16.03
51
16.28
1653
1668
50.91
134
15.13
47
15.03
1662
1652
52.59
132
15.3
45
16.12
1649
1665
48.81
120
14.87
42
19.1
1655
1662
53.13
128
14.56
35
19.92
1668
1653
230.91
132
18.25
58
16.12
1666
1664
223.45
138
16.03
37
18.11
1664
1659
235.01
142
19.03
51
15.03
1663
1665
232.7
132
15.3
35
19.92
1667
1670
226.55
133
16.03
37
19.24
1668
1669
51.01
138
19.03
44
18.11
1670
1667
46.55
131
19.1
46
20
1670
1661
231.34
132
18.25
45
19.1
1661
1670
51.34
132
18.25
45
19.1
1665
1663
52.7
134
18.25
43
19.24
1669
1668
231.01
135
19.1
45
19.1
1022
1454
83.29
110
2.24
7
16.49
587
1022
0
172
7.07
26
2.24
1673
1457
-19.65
127
14.42
61
13.15
1457
1458
66.8
149
13.15
59
8.06
1671
1674
153.43
146
7.07
36
6.71
1675
1672
231.34
142
9
44
8.06
1673
1676
119.74
176
26.63
20
6.08
1672
1676
144.46
111
14.42
24
32.25
1674
1678
182.49
180
20.02
2
3
1679
1677
-16.39
161
16.03
64
6.08
1680
1675
-34.16
101
4.24
7
33.3
1680
1672
-55.41
159
33.84
73
12.81
1683
1682
-18.43
175
9.22
4
13
1681
1684
180
135
4.24
30
5.83
1685
980
-37.87
122
8.54
46
10.05
1672
1680
124.59
161
34.41
76
12.04
1687
1685
258.69
129
9.22
58
8.54
1683
1688
228.58
155
7.28
11
16.4
1684
1676
255.96
107
5.83
27
12.04
1690
1691
227.49
172
10.82
16
5.83
1676
1692
112.62
110
16.03
36
25.71
1692
1676
-67.38
156
17.69
36
12.37
1674
1671
-26.57
135
3.16
14
9.22
1695
1678
-36.87
162
3.16
3
17.03
1678
1674
2.49
138
11.31
27
16.55
1691
1686
-47.12
102
5.83
17
18.79
1694
1686
96.01
115
3.16
9
18.03
1697
1698
36.87
136
13.15
58
10.77
1501
1699
120.96
134
9.22
21
18.25
1693
1696
161.57
144
3.16
6
16.55
1702
1700
141.34
160
3.16
6
9.9
1696
1694
171.87
127
11.31
32
17.03
1688
1693
152.1
169
10.44
12
9.22
1704
1705
139.4
166
2.24
1
16.28
1707
1697
-2.6
146
9.43
20
15.23
1689
1708
94.76
127
9.43
49
9.9
1710
1706
33.69
179
8.6
1
9.43
1688
1683
48.58
152
13.34
30
12.65
1698
1712
-62.53
173
12.21
5
16.16
1715
1713
218.66
178
12.04
4
7.21
1694
1716
64.36
149
19.1
41
15.23
1697
1712
-32.62
111
15
29
28.18
1716
1689
153.43
131
15.23
38
18.79
1713
1704
250.35
167
10.05
25
5.66
1699
1711
247.75
149
18.25
49
12.65
1700
1702
-38.66
153
5.1
15
8.6
1721
1719
-83.99
160
13.42
35
8.06
1696
1716
107.82
116
21.21
43
27.73
1707
1712
-19.89
163
22.02
12
29.68
1703
1722
262.41
109
2.24
8
14.56
1711
1693
191.31
115
13.34
39
19.24
1707
1710
215.54
118
7.07
49
8.25
1716
1708
135
162
24.6
40
12.04
1708
1724
18.43
154
11.31
41
7.62
1715
1727
-60.64
142
13
44
11.4
1717
1714
63.43
160
10.05
29
7.21
1728
1729
106.5
174
15.23
7
13.15
1722
1717
66.04
172
14.56
21
5.66
1733
1731
57.99
118
13.89
29
25.06
1728
1734
-11.31
156
17.46
58
8.54
1718
1736
113.2
125
5.1
41
6.32
1723
1721
163.61
132
13.04
47
13.42
1737
1718
142.43
163
8.54
16
8.6
1699
1700
-62.45
179
12.53
0
13.42
1729
327
221.19
123
13.15
38
18.03
1738
1700
-63.43
154
10
45
6.32
1712
1707
160.11
173
47.07
61
7.07
1722
327
226.4
167
8.06
5
21.26
1739
1696
206.57
140
20.62
45
18.97
1733
1740
45.94
168
28.3
20
16.55
1703
1741
132.88
139
10.05
29
13.34
1714
1727
-23.96
115
12.04
36
18.36
1716
1696
-72.18
134
25.5
57
22.02
1708
1359
-29.05
133
15.81
29
23.32
1737
1736
133.26
171
16.4
20
7.62
327
1744
0
177
18.03
14
4.12
1708
1716
-45
165
30.89
71
8.94
1742
1722
-63.43
123
10.05
34
15.13
1711
1699
67.75
153
20.1
57
11.18
327
1738
185.19
119
7.62
42
10
1722
1732
-57.53
123
17
40
22.2
1729
1728
-73.5
137
19.72
44
19.24
1747
1722
127.41
158
19.72
67
8.06
1739
1693
247.17
119
19.21
55
20.4
1748
1742
-16.7
162
37.01
60
13.34
327
1722
46.4
160
20.62
36
12.17
1696
1739
26.57
157
22.02
45
12.65
1746
1717
116.57
117
17
50
19.7
1738
1750
67.83
130
12.53
24
23.35
1749
1738
226.47
160
20.62
41
11.05
1751
1723
50.71
115
4.47
18
13.04
1736
1752
14.93
129
7.62
28
12.37
1732
1731
28.61
127
22.2
56
21.47
1747
1728
242.1
121
15.26
48
17.46
1744
327
180
164
10.44
14
12.37
1737
1736
133.26
179
7.07
0
16.28
1742
1749
257.47
141
17.89
68
12.17
1711
1745
95.71
148
19.21
69
11.18
1714
1717
243.43
121
13.04
51
14.32
1712
1723
167.74
174
43.19
51
6.71
1736
1753
-47.49
146
13.34
55
9.22
1745
1699
10.3
159
9.43
55
4.24
1752
1736
194.93
121
7.28
27
13.34
1759
1359
-38.16
121
13.93
22
30.89
1750
1738
247.83
110
10.63
21
27.59
1758
1751
0
170
22.36
63
4.47
1761
1714
-31.26
174
18.79
8
14.21
1746
1754
76.61
141
20.12
64
14.32
1742
1748
163.3
121
16.28
22
36.24
1727
1714
156.04
141
11.4
33
13.04
1749
1742
77.47
119
10.63
34
16.28
1714
1762
72.9
113
14.21
31
25.5
1758
1359
-60.95
120
24
47
28.46
1723
1751
230.71
115
6.71
28
13
1712
1755
174.69
166
6.08
2
37.34
1764
1731
230.91
129
9.22
25
16.55
1765
1746
207.47
133
23.77
55
21.47
1767
1740
263.88
168
17.12
18
12.08
1768
1757
212.01
168
18.38
77
4.24
1745
1769
173.29
147
11.18
38
9.9
1743
1739
-18.43
131
5.83
26
9.9
1746
1765
27.47
131
21.59
49
21.54
1765
1731
255.38
121
9.9
24
20.62
1740
1767
83.88
162
9.22
8
19.65
1750
1770
132.14
96
5
10
28.3
1754
1765
-21.8
143
11.4
28
14.21
1772
1771
6.48
166
17.09
8
28.02
1775
1773
257.2
175
15.13
10
7.62
1776
1745
258.11
153
14.56
46
9.43
1761
1778
110.32
173
14.76
8
14.32
1359
1779
37.87
147
28.46
56
18.97
1745
1771
127.41
135
17.12
52
15.52
1760
1778
127.65
153
18.79
17
28.79
1771
1745
-52.59
121
17.12
49
19.42
1763
1755
172.3
137
25.81
43
25.61
1768
1770
122.01
161
12.81
14
16.76
1764
1767
75.26
121
9.9
30
16.97
1779
1359
217.87
126
22.02
39
28.02
1782
1753
142.35
179
37.2
7
7.07
1775
1784
113.96
171
7.21
5
12.65
1762
1785
7.13
168
21.19
21
12.37
1769
1787
170.54
140
5.83
10
20.25
1361
1773
49.09
172
9.43
7
10.63
1727
1789
47.49
138
12
47
11
1751
1779
-18.43
139
13
42
12.53
1765
1789
85.03
136
14.21
37
16.28
1783
1773
267.95
145
7.21
10
22.56
1781
1757
251.57
111
12.81
39
18.87
1756
1791
-14.74
142
9.85
11
32.2
1793
1794
69.15
144
21.84
69
14
1757
1781
71.57
146
14.56
49
10.77
1760
1762
41.82
149
25
72
13.89
1789
1765
265.03
133
14.87
40
16.97
1771
1772
186.48
166
30.08
27
17.09
1797
1756
143.39
169
40.72
65
9.22
1771
1787
201.45
127
15.52
30
24.33
1785
1799
41.82
153
8.54
12
18.36
1781
1763
82.23
156
13.6
30
11.4
1773
1783
87.95
159
14.87
21
15.23
1780
1755
128.66
171
13.45
10
12.53
1771
1776
6.71
132
15.81
60
13.6
1794
1803
-43.15
161
9.85
14
13.04
1803
1801
-75.96
168
8.94
6
16.12
1798
1786
198.43
129
8.54
32
12.37
1779
1771
-87.4
135
13.45
37
15.81
1778
1760
-52.35
146
35.74
53
25
1805
1790
218.66
170
36.88
38
11
1806
1807
-40.03
168
23.71
28
10.77
1800
1776
250.56
144
13.6
48
10.77
1808
1809
58.39
125
9.85
39
12.65
1786
1796
180
161
21.19
30
13.89
1809
1808
238.39
144
13.04
58
9
1773
1810
149.93
109
10.63
28
21.1
1763
1811
185.44
134
11.4
32
15.65
1810
1773
-30.07
138
14.32
40
14.87
1807
1794
82.65
151
10.77
13
22.47
1778
1813
76.87
164
16.03
16
16.12
1798
1799
29.36
158
11.4
29
9
1776
1811
108.43
163
13.6
18
13
1814
1792
162.07
132
5.83
7
32.2
1805
1815
6.01
157
8.06
15
12.17
1794
1810
-79.22
144
21.93
27
28.16
1803
1810
253.5
150
24.74
61
14.32
1810
1808
-60.95
178
21.1
5
9.85
1817
1789
205.28
159
38.21
73
14.87
1811
1776
-71.57
135
15.65
37
18.03
1807
1806
139.97
153
28.64
61
15.3
1753
1782
-37.65
168
40.72
63
10.2
1818
1819
205.02
145
10.3
36
10.2
1817
1767
227.12
102
13.6
20
38.01
1756
1797
-36.61
159
39.29
64
16.28
1815
1822
-55.01
163
11.4
68
3.61
1808
1824
159.44
108
11.4
26
24.76
1810
1794
100.78
144
16.28
18
31.26
1805
1822
-17.1
157
19.1
37
12.21
1798
1824
133.36
115
15.81
38
23.09
1789
1817
25.28
156
36.88
67
16.28
1813
1820
20.85
159
14.87
32
10.2
1813
1778
256.87
118
9.22
17
27.78
1827
1797
225
144
13.15
45
11
1778
1796
-17.93
142
31.02
59
22.56
1808
1810
119.05
140
25.63
55
20.12
1791
1827
-16.7
133
5.83
33
7.81
1821
1823
64.8
178
15.23
8
3.61
1824
1796
217.48
123
23.09
37
32
1820
1807
5.19
125
10.3
17
28.64
1778
1828
20.77
142
27.78
61
19.85
1782
1826
37.57
139
10.2
37
11
1807
1824
-84.09
139
16.28
32
20.12
1820
1813
200.85
156
19.8
61
9.22
1797
1827
45
146
16.28
61
10.44
1821
1822
66.8
121
13.6
54
14.32
1822
1805
162.9
151
14.32
25
16.28
1796
1824
37.48
115
22.56
35
35.01
1807
1820
185.19
151
24.41
45
17.03
1825
1829
6.34
142
19.8
46
17.03
1824
1807
95.91
130
27.46
60
24.41
1829
1825
186.34
134
20
47
19.85
1828
1824
1.64
129
20
34
27.46
1830
1831
75.07
178
14.32
30
1.41
1832
1833
253.61
176
14.32
17
3.61
1836
1834
186.34
173
4.12
2
14.04
1836
1837
28.07
175
14.42
28
3
1837
1833
51.84
178
17.2
51
1
1842
1840
261.87
178
11.05
10
3.16
1843
1844
35.84
163
5
4
17.49
1846
1847
82.87
155
3.16
14
5.39
1846
970
-90
135
2.83
45
2.83
1832
1839
250.56
177
17.72
70
1
1838
1835
209.36
176
14.42
15
4.12
1849
1850
-68.96
175
6.71
5
7.28
1839
1838
227.12
173
17.2
47
3
1852
1853
-42.71
171
10.82
13
7.21
1854
1850
140.19
174
10.82
13
5
1855
1839
255.26
139
2.24
4
18.03
1842
1843
59.04
165
7.28
6
16.4
1842
1840
261.87
172
9
13
5.39
1844
1843
215.84
157
5.83
7
17
1851
1848
101.31
165
8.94
56
2.83
1848
1847
95.71
141
2.83
12
8.06
1853
1858
-16.39
155
12.17
38
8.6
1839
1855
75.26
129
5
13
17
1861
1860
247.62
132
2.24
5
17
1860
1838
240.95
115
5
13
19.1
1843
1842
239.04
166
10.44
11
13.45
1859
1854
165.96
157
12.17
42
7.21
1858
1835
3.18
154
16.12
63
8.06
1864
1835
229.09
113
6.71
19
18.36
1865
1851
149.04
142
8.06
43
7.28
1867
1866
235.3
146
4
10
12.73
1847
1862
64.65
155
9
16
13.45
1862
1857
45
152
10.44
16
17
1850
1854
-39.81
134
8.06
30
11.7
1860
1861
67.62
144
8.25
22
12.73
1838
1860
60.95
125
6.71
18
17.69
1863
1859
183.01
154
16.12
57
8.6
1851
1868
52.13
131
10.2
58
9.06
1848
1869
61.93
147
10.05
32
10.3
1835
1864
49.09
110
8.06
23
18.79
1866
1867
55.3
140
10.05
38
10.44
1862
1847
244.65
155
14
35
10.3
1866
1864
241.19
138
8.25
18
17.69
1857
1862
225
150
12.37
23
16.16
1865
1868
101.31
133
11.66
49
11.4
1854
1859
-14.04
130
15
58
13.6
1869
1848
241.93
149
16.03
68
9.06
1872
1865
172.87
137
15
62
11.7
1869
1871
53.13
144
14
31
16.16
1864
1866
61.19
136
11.4
28
16.64
1873
1863
233.62
129
11.4
28
18.79
1870
1873
235.62
140
10.05
22
16.64
1874
1859
226.97
118
14.87
43
19.03
729
1875
223.03
128
10.05
28
16.49
1859
1874
46.97
120
13.6
40
18.11
1865
1876
53.13
132
15.3
49
15.03
1871
1869
233.13
144
17
41
15.3
1863
1873
53.62
124
14.87
38
19.65
1868
1877
53.62
141
16.03
42
15.3
1873
1870
55.62
135
15.3
41
16.49
1877
1878
45
135
17
38
19.1
1876
1865
233.13
131
18.44
60
16.12
1875
729
43.03
130
16.03
50
16.12
1877
1868
233.62
141
18.03
49
15.03
1875
1874
231.34
131
15.3
36
19.65
1878
1877
225
135
17
38
19.1
1880
1872
231.71
132
17.26
45
18.11
1872
1880
51.71
130
18.44
48
19.03
283
1880
226.55
133
16.03
37
19.24
1874
1875
51.34
132
17.26
42
19.24
1876
1879
48.01
135
18.03
42
19.1
1880
283
46.55
134
19.03
46
19
1879
1876
228.01
135
19.03
45
19.03
1673
1457
-19.65
131
13.89
60
12.17
1457
1882
65.22
146
12.17
58
8.06
1884
1885
-41.35
180
30.48
3
2.83
1887
1886
146.31
147
7
37
6.32
1885
1881
231.34
142
9
44
8.06
1890
1888
12.53
176
16.76
7
11.05
1673
1891
121.61
177
25.81
20
5.1
1881
1891
145.84
116
13.89
24
30.53
1893
1892
-13.24
164
16.03
65
5.1
1894
1881
-54.46
159
33.29
74
12.81
1885
1884
138.65
172
33.29
85
5
1888
1890
192.53
112
13.15
28
25.96
1897
1890
141.34
110
9.43
28
18.38
1900
1898
228.58
158
6.32
8
17.03
1901
1902
-33.69
124
7.62
43
9.22
1881
1894
125.54
160
33.84
77
12.04
1904
1901
259.7
138
9.43
56
7.62
1884
1905
180
127
5
38
6.4
1905
1891
257.01
116
6.4
28
12.04
1907
1886
7.13
146
10.63
21
16.49
1909
1910
227.73
165
11.18
36
5.1
1911
1903
98.53
133
3.61
8
18
1910
1903
-51.34
118
5.1
15
17.46
1914
1915
185.86
169
19.92
11
20.1
1916
1917
123.69
137
9.22
23
16.28
1915
1918
145.01
164
3.16
5
9.22
1906
1911
171.87
131
10.63
29
16.4
1898
1900
48.58
154
11.4
22
13.42
1921
1922
36.87
132
13.04
56
11.7
1925
1926
137.12
138
2
4
17.69
1908
1927
100.3
138
10
60
7.81
1929
1928
225
177
13.45
5
7.81
1911
1930
63.43
145
20.22
48
15.52
1918
1915
-34.99
167
5.39
10
7.07
1917
1920
247.75
148
16.28
41
13.42
1933
1921
0
144
10
23
15.23
1930
1908
151.39
137
15.52
37
17.46
1922
1934
-64.29
171
12.21
6
18.03
1932
1936
216.25
180
10
0
8.6
1906
1930
108.43
117
21.21
45
26.83
1920
1937
191.31
117
11.4
33
18.38
1938
1925
250.35
166
12.04
43
4.47
1941
1938
216.25
168
12.04
20
7.28
1921
1934
-35.75
108
15
28
29.97
1942
1931
139.76
177
10
4
7.07
1943
1944
107.1
174
15.23
7
12.17
1931
1946
113.2
135
5.39
45
5.39
1947
1925
79.38
173
16.03
79
2
1950
1948
-81.03
159
13.89
38
8.06
1952
487
55.71
111
12.21
27
25.06
1943
1914
-8.53
159
17.46
58
7.62
1930
1927
136.22
165
25.06
35
11.18
1933
1934
-20.96
160
22
14
30.81
1954
1918
-61.39
156
10
50
5.39
1927
1955
17.35
150
13.45
52
8.6
1947
1939
68.75
170
16.28
42
4.47
1956
1906
202.93
137
19.7
44
19.31
1944
1097
221.19
122
12.17
34
18.11
1950
1957
-18.43
179
10.44
2
8.54
1939
1940
60.26
156
12.04
44
7.28
1941
1959
-60.95
138
12.65
37
14.14
1933
1936
215.54
119
8.06
56
8.54
1947
1097
225
171
8.6
3
21.26
1942
1946
131.63
172
17.03
18
7.62
1952
1960
43.03
168
26.63
21
16.16
1957
1950
161.57
133
12.53
41
13.89
1930
1906
-71.57
136
25.94
61
20.52
1097
1954
185.19
119
7.62
42
10
1937
1920
11.31
126
19.7
60
18.44
1920
1917
67.75
152
19.1
52
11.4
1947
1951
-59.42
125
16.03
38
21.21
1944
1943
-72.9
138
19.72
46
18.36
1964
1947
125.22
156
19.72
70
8.6
1097
1965
-2.6
172
18.11
34
5
1924
1966
135
135
10
32
13.34
1934
1933
159.04
172
47.07
61
8.06
1927
1930
-43.78
166
32.25
75
8.06
1906
1956
22.93
156
20.52
41
12.65
1927
1968
-29.74
133
16.76
30
24.19
1967
1947
-60.64
120
10
32
16.03
1959
1941
119.05
146
20.12
70
12.04
1946
1969
14.93
129
7.62
28
12.37
1097
1947
45
158
20.62
36
13.15
1954
1970
67.07
129
12.53
25
22.67
255
1954
226.47
160
20.62
41
11.05
1965
1097
177.4
167
10.2
11
12.37
1951
487
28.61
127
21.21
53
21.02
1964
1943
240.64
117
14.42
47
17.46
1963
1939
115.35
119
16.03
46
19.31
1920
1962
96.01
146
18.44
69
11.18
1946
1972
-47.49
150
13.6
56
8.25
1973
1967
-15.38
162
37.05
61
13.34
1969
1946
194.93
119
8.25
32
13.6
1967
255
257.47
139
18.36
68
13.15
1962
1917
15.26
164
9.43
48
3.61
1975
1957
53.13
125
6.32
24
12.53
1970
1954
247.07
104
10
20
27.59
1940
1939
240.26
126
14.32
56
14.04
1978
1968
-39.4
124
13.6
21
30.89
1934
1957
167.74
172
43.1
54
7.62
1939
1963
-64.65
112
14.04
39
20.62
1967
1973
164.62
120
16.97
24
36.24
1977
1975
0
165
22.8
71
6.32
255
1967
77.47
115
10
32
16.97
1980
487
227.12
124
8.25
25
16.16
1959
1940
153.43
135
12.65
38
14.32
1982
1940
-28.89
176
19.7
7
13.6
1983
1963
205.64
132
21.84
50
21.02
1977
1968
-60.95
120
24
47
28.46
1962
1984
176.63
151
11.18
37
9.22
1985
1974
209.36
170
17.03
63
3.61
1133
1960
261.87
169
16.03
14
13
1940
1987
74.93
111
13.6
29
25.46
1934
1979
176.01
158
6.32
3
37.34
1961
1956
-18.43
140
5.39
22
9.22
1957
1975
233.13
120
7.62
30
13
1963
1983
25.64
130
20.62
47
21.54
1983
487
254.05
120
9.9
26
19.1
1960
1133
81.87
158
8.25
8
20.88
1990
1989
6.48
163
17.46
10
28.07
1991
1985
-59.04
169
28.32
75
5.66
1992
1962
257.47
151
13.6
45
9.43
1993
1972
137.64
179
38.29
7
7.81
1962
1989
129.09
133
17.03
54
15.52
1976
1983
-21.8
140
12.65
34
14.42
1989
1962
-50.91
123
17.12
51
18.44
1968
1994
35.13
144
28.46
59
19.7
1971
1995
-18.89
138
9.85
11
33.62
1984
1997
172.87
152
5.39
7
19.65
1985
1991
120.96
160
12.81
14
17.72
1994
1968
215.13
123
21.02
39
28.07
1980
1133
73.3
119
9.9
28
18.38
1999
1971
140.36
170
42.54
64
8.25
1988
1979
172.3
135
26.4
45
26.4
1982
2002
111.04
178
15.23
2
12.65
1974
1985
29.36
139
18.03
68
12.81
1981
2002
129.47
154
19.7
18
27.86
1983
2003
82.23
139
14.42
39
14.87
1974
1998
70.56
144
13.6
48
10.77
1959
2003
42.27
133
12
52
11.18
1975
1994
-23.96
134
13
41
14.32
1989
1990
186.48
164
30.46
30
17.46
1989
1997
203.2
129
15.52
30
24.19
2007
2005
257.74
180
14.32
0
9.22
1987
2008
6.91
177
21.38
6
12
2003
1983
262.23
125
13.45
37
18.38
1989
1992
6.71
132
15.81
60
13.6
1998
1988
82.57
155
12.65
25
13.04
1587
2005
46.97
169
9.43
9
11.4
1981
1987
45
151
22.8
63
12.65
2000
1979
127.3
166
12.81
12
14.32
1994
1989
-87.27
132
12.81
37
15.81
2007
2014
115.35
172
7.21
4
13.93
2015
1996
159.08
121
6.4
9
33.62
2013
2005
268.03
145
7.21
10
23.54
2008
2017
38.29
155
6.71
8
18.36
2010
1992
249.44
142
12.65
47
10.77
2016
2009
201.8
139
6.71
21
12
1988
1582
190.78
134
13.04
37
15.65
2020
2018
-74.05
111
14.04
37
21.54
2021
2004
216.61
168
36.88
46
11.18
1972
1993
-42.36
168
42.54
64
10.44
1992
1582
109.18
164
13.6
19
12
2022
2023
117.76
179
8.06
1
13.42
2002
1981
-50.53
149
36.06
54
22.8
2025
2004
217.3
177
9.22
0
43.6
2005
2013
88.03
155
15.23
23
16.55
2009
2012
180
170
21.38
18
12.65
1971
1999
-39.64
160
40.16
60
16.28
2024
1082
-76.5
164
8.06
7
18.11
2026
2027
58.39
127
10.77
44
12.37
2019
2024
-43.15
154
10.44
20
13.42
2027
2026
238.39
144
13.04
58
9
1582
1992
-70.82
136
15.65
39
17.09
2029
1999
229.4
149
12.17
38
10.2
2016
2017
29.36
158
11.4
29
9
2030
2003
203.96
161
36.07
65
13.45
2005
2031
152.24
115
11.4
31
19.72
2034
2032
205.56
179
8.94
0
16.55
2021
2035
8.97
149
9.22
23
12.37
2002
2037
76.87
164
17.03
18
15.26
2031
2005
-27.76
136
13.6
39
15.23
1995
2029
-12.53
129
6.4
43
7.21
2038
2039
-42.71
163
23.26
27
14.87
1993
2028
42.71
150
10.44
31
10.2
2031
2026
-62.59
177
19.72
5
10.77
2039
2019
84.96
156
14.87
16
21.54
1133
2040
23.81
160
36.07
75
12.81
2024
2031
256.43
153
25.71
59
13.6
2019
2031
-78.44
145
21.93
25
29.83
1999
2029
49.4
151
16.28
61
9.22
2035
2041
-59.74
162
12.04
56
4.47
2021
2041
-19.09
152
19.24
40
13.89
2003
2030
23.96
155
36.88
68
16.97
2039
2038
137.29
153
30.08
57
16.28
2026
2043
163.74
112
11.4
27
23.35
2016
2043
136.74
115
16.16
41
22.09
2040
2042
64.8
180
14.32
1
4.47
2033
2032
205.02
144
12.53
48
9.85
2002
2012
-19.44
144
30.36
57
21.59
2043
2012
215.36
121
22.09
35
33
2037
2002
256.87
126
10.63
19
26.08
2031
2019
101.56
142
15.62
16
34.13
2026
2031
117.41
134
25
53
22.36
2037
2044
18.43
156
16.28
42
9.85
2040
2041
65.22
117
12.81
53
14.32
2041
2021
160.91
149
14.32
25
16.97
2002
2045
17.24
140
26.08
58
19.85
2044
2039
4.9
124
12.53
20
30.08
2039
2043
-86.19
134
15.62
30
22.36
2012
2043
35.36
112
21.59
33
36.01
2044
2037
198.43
152
20.52
67
10.63
2039
2044
184.9
151
26.63
47
17.69
2046
2047
6.34
140
20.52
49
17.69
2043
2039
93.81
126
28.3
59
26.63
2047
2046
186.34
134
20
47
19.85
2045
2043
1.59
129
20
33
28.3
2048
2049
253.61
178
12.37
5
5.39
2050
2051
26.57
179
14.76
8
3.16
2053
2054
52.59
170
4.47
2
17.03
2051
2049
52.43
178
15.81
52
1
2057
2058
85.6
176
3
1
10.05
2052
2060
205.2
177
14.76
11
4.12
2056
2052
229.4
175
15.81
30
3.16
2048
2056
250.56
177
17.72
70
1
2062
2063
123.69
124
1
15
3.16
2066
2064
139.76
179
6.4
0
10.63
2063
2067
81.87
172
4
10
3.16
2068
2069
37.87
159
5.83
6
17.49
2065
2070
135
177
10.63
8
5
2054
2053
232.59
174
5.83
2
15.62
2071
2056
255.26
139
2.24
4
18.03
2061
2072
-71.57
109
1
5
9.22
2058
2057
265.6
176
10
14
3.16
2066
2073
-20.56
160
12
35
7.21
2058
2068
57.72
164
7.28
7
15.62
2062
2067
95.71
153
3.61
13
7.07
2056
2071
75.26
132
3.61
8
17.46
2075
2052
239.53
116
3.61
10
18.44
2069
2068
217.87
155
6.71
9
17
1867
2075
251.57
135
2.24
5
17.46
2073
2060
6.34
160
15.65
57
6.4
2074
2065
166.76
167
12
25
6.4
2060
2052
25.2
161
18.38
76
6.4
2079
2072
145.01
146
7
31
7.62
2070
2065
-45
135
7
25
11.7
2052
2075
59.53
111
6.4
18
18.44
2068
2058
237.72
163
11.4
16
12.04
2077
2074
183.18
157
15.65
59
7.21
2067
2080
63.43
154
10
21
12.04
2075
1867
71.57
146
7.28
17
13.6
2078
2077
205.2
161
18.38
76
6.4
2080
2076
46.55
152
11.4
18
17
2072
2082
45
123
9.22
57
9.22
2062
2083
60.26
145
10.05
36
9.85
2081
2078
237.72
132
7.28
17
18.44
2081
2084
60.26
139
10.2
38
10.77
2079
2082
102.09
138
12.21
57
9.9
2065
2074
-13.24
134
14.42
54
13
2080
2067
243.43
154
14
39
9.85
2086
2079
169.38
136
14.42
59
11.7
2076
2080
226.55
150
13.34
24
16.16
2083
2062
240.26
147
16.03
72
9.22
2088
2077
232.13
126
10.44
26
18.79
2078
2081
57.72
132
10.44
26
17.49
2089
2074
225
118
13.6
41
18.03
2085
2088
235.62
135
10.2
24
17.49
2083
2087
53.13
144
14
31
16.16
2074
2089
45
113
13
38
19.1
2077
2088
52.13
126
13.6
36
18.68
2091
2090
225
130
11.05
30
16.49
2079
2092
47.12
126
14.32
47
16
2092
2079
227.12
128
17.26
57
16.28
2088
2085
55.62
135
15.3
41
16.49
2082
2093
53.62
141
16.03
42
15.3
2087
2083
233.13
144
17
41
15.3
2090
2091
45
132
16.03
48
16.03
2093
2094
45
135
17
38
19.1
2090
2089
233.13
132
15.3
37
18.68
2093
2082
233.62
138
19.1
53
16
2095
2086
231.71
129
17.46
45
19.1
2086
2095
51.71
132
17.26
45
18.11
2094
2093
225
135
17
38
19.1
2089
2090
53.13
130
17.46
44
19.24
517
2095
226.55
133
16.03
37
19.24
2092
18
51.01
135
19.1
45
19.1
2095
517
46.55
134
19.03
46
19
18
2092
231.01
138
19.03
44
18.11
1673
1457
-19.65
134
13.42
60
11.18
1457
1882
65.22
145
11.18
51
8.25
2098
2099
-41.35
177
29.21
22
4.47
2099
2096
231.34
142
8
37
8.25
1673
341
123.69
179
25.81
15
3.16
2096
341
147.26
121
13.42
23
28.84
2101
2100
12.53
172
17.09
12
11
2102
1892
-10.01
170
16
61
3.16
2103
2096
-53.47
158
32.76
75
12.81
2098
2104
180
173
8.06
9
6.08
2107
2106
231.71
164
5.39
4
19.1
2099
2098
138.65
170
32.76
79
5.83
2108
2109
-33.69
139
7.07
40
7.28
2111
2108
259.7
144
11.18
71
7.07
2096
2103
126.53
160
33.29
78
12.04
2113
2101
139.09
113
8.94
26
18.38
2100
2101
192.53
115
14.32
30
25.3
2116
2117
9.46
153
10
16
16.12
2098
2105
187.13
129
5.83
45
6.4
2105
341
257.01
116
6.4
28
12.04
2114
2101
161.57
133
10.3
22
19.85
2118
2110
98.97
156
3.61
5
16.03
2121
2122
225
164
12.53
45
5
2124
2125
185.86
174
19.42
5
20
2122
2110
-52.59
128
5
12
18.79
2126
2127
126.87
146
9.49
23
13.34
2115
2118
169.22
133
10
26
16.4
2129
2105
-50.44
175
1.41
0
28.43
2106
2107
51.71
157
11.4
18
14.42
2125
2124
5.86
166
20.25
14
20.22
2134
2132
180
135
1.41
6
9.06
2135
2125
-34.99
167
5.39
10
7.07
2127
2130
246.8
144
13.34
33
14.42
2138
2134
135
109
2.24
6
19.21
2118
2139
61.39
143
19.24
50
15.3
2120
2140
95.71
137
9.22
62
7.21
2130
587
191.31
117
11.4
33
18.38
2142
2141
223.03
176
13.45
9
7.21
2115
2139
109.09
120
21.38
47
25.06
2139
2120
148.67
138
15.3
33
18.79
693
2143
34.7
133
15.13
63
12.53
2145
2136
137.29
179
10.63
2
7.07
2136
2146
116.57
139
5.39
53
4.47
2137
2134
128.66
176
19.1
83
1.41
2131
2147
107.1
173
14.32
8
13.15
2149
2138
250.35
161
13
59
5.1
2152
693
2.73
138
11.31
31
14.76
2155
2153
51.34
107
12.21
27
25.08
2131
2124
-8.53
162
17.26
54
6.71
2135
2127
119.74
179
11.66
1
12.53
2143
2158
-65.1
168
11.4
7
19.92
2161
2149
214.51
167
13.45
26
7.07
2151
2162
216.87
172
11.31
10
8.94
2157
2135
-59.04
158
10
57
4.47
2163
2115
199.09
136
17.89
40
19.31
2164
2138
79.99
174
16.03
53
2.24
2165
2133
4.64
177
28.28
10
9.06
2139
2140
135
167
26.93
39
10.05
2147
2166
223.15
125
13.15
36
18.11
2168
2142
180
160
17.09
45
8.49
2145
2146
131.63
175
17.69
15
6.71
693
2158
-36.16
110
15.81
28
30.87
2164
2166
225
175
7.81
1
21.93
2170
2168
-81.03
165
14.32
35
6.71
2164
2150
66.04
167
17.26
54
5.1
2155
2171
41.99
171
25.61
15
15.65
587
2130
11.31
128
17.89
56
16.97
2140
2167
14.93
147
13.45
59
8.49
2166
2172
-2.6
172
18.11
34
5
2166
2157
185.19
119
7.62
42
10
2139
2115
-70.91
137
25.94
64
19.8
2129
2174
259.38
145
14.32
60
9.49
2130
2127
66.8
151
18.11
51
11.4
2150
2160
63.43
154
13
55
7.07
2152
2158
-20.96
157
21.02
15
32.2
2161
2174
-65.77
133
12.65
34
16.28
2170
2177
-22.38
177
9.49
4
8.94
2115
2163
19.09
155
19.8
41
13
2164
2154
-58.24
129
16.12
40
19.24
2147
2131
-72.9
141
20.25
48
17.49
2179
2164
125.22
159
20.25
75
7.81
2146
2180
11.31
125
7.62
29
12.65
2162
2177
-26.57
127
8.94
63
8
2172
2166
177.4
161
10.44
15
12.65
483
2157
225
159
19.7
39
11.05
2140
2139
-45
167
32.76
74
8.06
2146
2183
-49.76
148
13.6
52
9.22
2166
2164
45
159
19.7
32
13.34
2177
2170
157.62
130
12.53
42
14.32
2157
885
66.25
128
12.53
26
22.02
2130
2176
96.34
142
16.97
65
11.66
2137
2133
132.88
128
10.05
31
15.3
2184
2164
-59.04
116
10.05
34
16.03
2154
2153
23.5
123
19.24
47
21.93
2179
2131
239.04
116
14.42
49
17.26
2140
2181
-31.26
134
15.52
26
24.7
2180
2146
191.31
118
7.28
28
13.6
2158
2152
159.04
172
48.05
69
8
2178
2150
111.8
119
16.12
45
19.7
2174
2161
114.23
144
20.59
66
13.45
2176
2127
15.26
175
8.54
15
3
2184
483
257.47
137
17.49
64
13.34
2165
2184
-16.7
159
37.12
61
15.3
885
2157
246.25
104
10
21
26.87
2169
2186
196.39
179
23.09
2
12.37
2160
2150
243.43
131
15.23
63
13
2189
2177
57.26
134
8.25
28
12.53
2150
2178
-68.2
112
13
35
20.62
2186
2181
-39.4
127
12.37
18
30.53
2190
2153
227.29
119
6.32
20
15.65
483
2184
77.47
115
10
32
16.97
2184
2165
163.3
119
16.97
23
36.88
2176
2191
183.37
153
11.66
38
8.6
2158
2177
167.99
170
44.01
59
9.49
2193
2178
202.93
130
20.88
47
21.93
2173
2163
-22.62
158
5
12
8.6
2187
2189
-2.39
160
23.09
73
8.25
2194
2185
206.57
175
15.26
26
3
2174
2160
150.95
133
12.65
37
15.23
2195
2183
135.86
180
40.31
0
7.07
1029
2171
261.25
168
15.03
15
12.08
2187
2181
-58.39
124
24.02
49
26.25
2198
2160
-28.18
178
18.79
4
13.04
2158
2192
178.7
153
6.71
4
38.21
2193
2153
253.3
123
9.22
26
17.69
2178
2193
22.93
127
20.62
46
22.85
2177
2189
237.26
129
9.49
34
13
2160
2200
72.26
105
13.04
28
26.17
2201
2176
255.96
149
13.6
55
8.54
2176
2202
132.88
130
17.03
57
15.52
391
2202
6.48
158
18.36
14
28.28
2171
1029
81.25
153
6.32
7
20.88
2203
2194
-60.95
167
28.32
62
7.21
2182
2204
-24.1
132
9.85
11
35.81
2206
2182
135.86
170
43.27
58
9.22
2202
2176
-47.12
127
17.12
56
16.49
2188
2193
-23.2
139
12.65
32
15.81
2191
1448
173.16
174
5
1
20.22
2181
2207
31.61
140
26.25
58
20.12
2194
2203
119.05
162
13.45
13
18.68
2207
2181
211.61
116
20.1
39
28.28
2190
1029
73.3
123
9.22
26
17.69
2208
2185
250.56
113
13.45
43
17.89
2185
2208
70.56
144
13.6
48
10.77
2199
2192
173.99
134
27.66
46
27.8
2202
391
186.48
165
31.38
31
16.55
2202
1448
202.48
128
15.52
29
25.18
2193
2210
84.81
141
15.81
45
14.21
2174
2210
39.29
130
11
49
11.18
2189
2207
-26.57
131
13
40
15.23
2198
2213
114.62
179
15.65
2
10.77
2197
2213
131.19
157
18.79
16
26.4
2214
2205
154.8
110
7.07
10
35.81
2202
2201
6.71
134
15
58
12.81
2210
2193
264.81
127
13.45
37
17.69
2208
2199
82.87
152
10.77
19
15.65
2183
2195
-44.14
170
43.27
58
9.22
2209
2192
127.69
164
13.6
14
15.23
2207
2202
-84.29
132
13.6
42
15
2197
2200
43.45
154
20.25
48
12.04
2215
2201
246.8
135
10.77
45
10.77
2182
2206
-44.14
160
41.63
59
16.49
2219
2217
255.96
178
15.3
4
9.49
2221
2206
230.91
151
12.17
30
11.7
2201
2222
110.85
163
12.81
20
11
2199
2222
198.43
135
15.65
45
15.65
2224
2225
34.99
162
5
4
19.72
2204
2221
0
135
7.07
51
6.4
2195
2220
45
148
9.22
25
11.7
2226
2211
214.78
168
36.8
45
11.18
2223
2227
200.56
148
5
11
13.15
2213
2197
-48.81
152
37.34
61
20.25
2228
2211
215.79
176
9.22
1
43.83
2222
2201
-69.15
138
15.65
44
15.23
2229
2217
266.05
138
6.4
10
24.74
2227
2216
181.79
177
20.1
6
12.04
2219
1562
116.57
168
6.4
5
13.93
2206
2221
50.91
155
16.49
50
9
2230
2210
199.36
161
34.83
61
13.45
2217
2229
86.05
152
14.32
22
17.89
2226
2232
11.89
152
9.22
21
12.17
2234
2233
240.26
142
13.15
54
10.05
2233
2234
60.26
134
10.44
40
11.7
2223
2225
30.47
159
11.4
24
10.05
2236
2237
116.57
173
7.21
3
15.23
2239
2240
64.65
141
20.62
68
14.04
1029
2242
20.38
162
34.83
68
12.04
2217
2243
157.17
109
12.04
34
20.25
2238
2231
-78.69
158
7.21
8
19.03
2213
2245
76.87
164
18.03
20
14.42
2243
2217
-22.83
137
13.93
42
14.32
2248
2246
206.57
175
9.43
2
17.46
2240
2238
-45
147
10.2
21
15.23
2243
2233
-62.59
175
20.25
10
10.44
2210
2230
19.36
153
36.8
68
18.44
2232
2249
-63.43
162
12.73
48
5.39
2226
2249
-21.04
148
19.42
42
15.65
2251
2252
-45
159
22.85
28
17.72
2252
2240
83.66
158
17.72
19
21.02
2238
2243
255.07
154
25.5
54
13.93
2233
2253
166.5
115
11.4
26
23.43
2223
2253
140.19
120
17.09
44
21.1
2240
2243
-80.13
145
22.63
24
31.05
2213
2216
-20.38
145
31.05
56
21.59
2253
2216
216.25
121
21.1
34
32.02
2249
2230
195.95
131
14.32
64
12.04
2252
2251
135
153
30.36
55
17.26
2245
2213
256.87
129
11.4
20
25.24
2233
2243
117.41
131
25.71
55
23.71
2247
2246
203.63
141
13.42
50
11.18
2249
2226
158.96
144
14.56
28
18.44
2245
2256
17.65
153
16.97
44
11.18
2243
2240
99.87
140
15.62
16
36.22
2213
2254
14.93
139
25.24
54
20.62
2216
2253
36.25
113
21.59
34
35.01
2256
2252
4.9
122
13.42
22
30.36
2252
2253
-88.15
132
15.62
29
23.71
2256
2245
197.65
151
21.93
69
11.4
2255
2257
6.12
140
21.93
51
18.38
2253
2252
91.85
125
27.46
55
27.2
2252
2256
184.9
149
27.2
49
18.38
2254
2253
1.64
129
20
34
27.46
2257
2255
186.12
133
20
45
20.62
2258
2259
49.76
177
15
23
2.24
2262
2259
256.76
167
1
0
16.49
2260
2263
229.4
177
15
15
3.61
2264
2265
54.16
171
4.47
2
17.8
2267
2268
80.54
171
3
3
9.22
2261
2260
250.56
175
16.49
43
2.24
737
2270
111.8
157
1.41
7
4.12
2270
2271
80.54
171
3
8
3.16
2272
2273
-16.39
169
12.04
22
6.4
2275
2260
254.48
120
1.41
3
18.03
1637
2276
-73.3
152
1.41
4
9.22
2265
2264
234.16
178
7.21
1
15
2277
2278
36.38
161
7.21
8
17
2268
2267
260.54
177
9.06
8
3.16
2273
2279
3.18
163
13.93
41
6.4
2274
2281
162.65
168
12.04
27
5.66
2282
2263
239.53
116
3.61
10
18.44
737
2271
95.19
164
5.39
14
6.08
2260
2275
74.48
131
3.61
9
16.55
2279
2263
26.57
162
16.97
71
5.66
2268
2277
63.43
161
8.06
10
15
2285
2276
147.53
155
8.06
30
6.71
2284
2281
-42.51
145
8.06
25
10.77
2280
2274
183.18
163
13.93
41
6.4
2263
2282
59.53
105
5.66
16
19.1
2278
2277
216.38
157
8.06
11
16.55
2283
2280
205.2
161
16.97
63
6.4
2282
2286
71.57
144
6.32
15
14.42
2277
2268
243.43
163
12.17
18
11.31
2271
2288
62.1
159
9.06
17
11.31
2289
737
163.3
127
10
60
9.22
2287
2283
237.72
130
6.32
14
19.1
737
2290
58.39
144
11.05
45
9.22
2281
2274
-17.35
135
12.53
48
12.08
2288
807
48.18
148
12.17
23
16.55
2285
2289
102.99
136
13.04
66
10
2291
2285
165.07
137
12.53
53
10.77
2288
2271
242.1
153
15
49
9.22
2292
2280
232.13
126
10.44
26
18.79
2293
2274
222.88
115
12.65
39
18.03
2283
2287
57.72
132
10.44
26
17.49
2289
2290
97.13
114
10.44
38
15.26
807
2288
228.18
147
14.14
29
15.81
2294
2292
235.62
135
10.2
24
17.49
2293
2291
186.01
144
19.1
71
12.08
2280
2292
52.13
124
12.65
33
18.97
2290
330
53.13
144
15
34
15.81
2285
2295
47.29
125
13.34
47
15
2295
2285
227.29
128
17.26
62
15.52
2292
2294
55.62
134
14.32
38
16.76
2289
275
54.16
138
16.12
46
15.13
2296
2293
233.13
132
14.32
34
18.97
330
2290
233.13
144
18
45
15.13
2297
2291
228.37
128
16.28
42
19.1
275
2289
234.16
138
18.11
54
15
275
2298
46.47
137
18
40
19.1
2291
2297
48.37
129
17.26
45
19.03
2293
2296
53.13
133
16.28
40
18.44
766
2297
229.64
137
16.03
37
18.44
2298
275
226.47
137
18
40
19.1
2295
2299
49.64
134
18.11
43
19.1
2297
766
49.64
134
19.1
46
19.03
2299
2295
229.64
134
19.1
46
19.03
1673
2301
-15.95
142
13
61
9.22
2301
2302
61.39
139
9.22
47
8.25
2303
2304
-41.19
175
27.2
27
5.39
2304
2300
231.34
142
8
37
8.25
1673
2305
126.03
180
25
9
2.24
2300
2305
148.74
127
13
22
27.2
2308
2307
231.71
176
3.61
0
20.62
2309
2300
-52.43
158
32.25
76
12.81
2311
2310
10.49
166
16.55
19
12.17
2303
2312
176.19
170
8.06
12
7.28
2309
2304
-29.74
99
6.4
11
31.89
2314
743
-33.69
147
7
37
6.32
2317
2318
9.46
163
8.94
9
16
2315
2319
114.44
115
7
34
11.18
2300
2309
127.57
159
32.76
79
12.04
2321
2311
133.03
119
8.25
23
18.03
2303
2313
187.13
136
6.4
52
5.66
2322
2315
101.31
161
5.83
7
15.03
2310
2311
190.49
113
14.32
31
25.63
2326
2327
185.86
174
19.42
5
20
2313
2305
252.9
118
5.66
24
12.04
2316
2322
168.69
143
8.94
22
14.42
2328
2329
225
162
13.42
56
5.1
2324
2311
159.44
129
11.66
26
20.52
1918
2330
128.66
148
9.49
24
12.37
2329
2315
-52.59
139
5.1
10
17.89
2307
2308
51.71
161
9.49
11
15.62
2332
2305
-67.75
147
15.81
39
13.6
2327
2326
5.86
169
19.92
11
20.1
2335
2313
-47.73
133
1
1
29.07
2336
2327
-30.96
171
5.39
7
6.4
2333
2326
-5.71
165
17.26
53
5.83
2331
2339
188.53
117
9.49
27
18.03
2330
2331
247.75
144
12.37
27
15.62
2313
2335
132.27
167
15.81
13
14.76
2342
2340
180
109
3.16
18
9.49
2322
2343
62.35
142
20.4
58
15.03
2316
2343
109.8
122
20.4
47
23.71
2342
2344
-54.78
173
20.52
80
2.83
2347
80
-41.19
123
7.28
42
9.06
2337
2348
116.57
139
5.39
53
4.47
2334
2349
162.9
163
1
1
12.65
2343
80
146.89
144
15.03
30
17.89
2350
2347
220.91
167
13.6
24
7.28
2333
2351
107.74
172
13.42
8
13.15
2353
2354
203.5
156
24.08
72
10.63
2356
2336
-56.31
156
9.43
60
4.47
2357
2316
197.1
136
17
38
19.31
2351
2333
-72.26
143
20.81
52
15.81
2359
2348
131.63
175
17.69
15
6.71
2344
2342
125.22
173
19.1
53
3.16
2360
2361
34.7
133
15.13
63
12.53
2363
2345
246.8
161
15.03
78
5.1
2351
2365
223.15
125
13.15
36
18.11
2366
2345
80.54
175
16.03
35
2.83
2339
2331
8.53
127
17
53
16.97
2368
2352
143.13
177
10.82
8
4.24
2343
2346
135
169
27.46
38
9.06
2366
2365
225
175
7.81
1
21.93
2365
2356
185.19
122
6.71
37
9.43
2355
2369
38.66
171
24.08
15
15.23
2365
2367
-2.73
171
18.11
42
4.24
2349
2363
216.25
164
15
45
6.08
2372
2360
2.6
135
12.04
32
16.12
2343
2316
-70.2
140
26.42
69
18.44
2361
2374
-65.85
163
10.63
8
21.84
2331
2330
67.75
152
17.12
43
12.08
2377
2341
6.17
173
28.86
24
9.49
2379
2350
180
155
16.55
45
9.9
2371
1537
220.91
173
12.04
11
8.06
2366
2364
64.8
165
18.25
76
5.1
2316
2357
17.1
157
18.44
35
12.65
2348
2380
3.81
121
6.71
26
13
2348
2382
-51.84
153
14.32
52
8.25
2346
2378
14.93
141
13.6
59
9.9
2366
2354
-58.24
133
16.28
41
18.25
2333
2338
10.01
135
15.81
61
12.81
2358
2366
123.69
159
20.81
73
7.81
2360
2374
-37.57
108
15.81
28
31.78
2385
2379
-80.54
162
14.76
48
6.4
2367
2365
177.27
154
9.85
19
13
2335
2386
261.03
143
14.76
50
11.66
2364
2370
63.43
158
15.03
72
6.08
716
2356
223.45
159
18.79
38
11.05
2331
2376
96.71
142
16.97
70
11.18
2380
2348
183.81
110
7.28
28
14.32
2356
2387
64.44
128
13.42
31
20.25
2365
2366
45
161
18.79
27
13.6
2354
2353
23.5
123
18.25
45
21.54
2349
2386
-68.63
130
12.65
30
19.24
2372
2374
-21.6
156
22.02
15
32.8
2346
2343
-45
168
33.29
78
7.21
2385
2389
-23.96
168
10.2
12
10
2390
2366
-57.26
112
10.2
36
16.03
2344
2341
132.88
122
10.2
32
16.28
2389
2372
95.71
133
10
65
8.06
2346
2388
-32.74
133
15.52
26
25.55
2383
2364
111.8
123
16.28
47
18.79
2389
2385
156.04
132
12.08
37
14.76
2356
716
43.45
160
25.5
75
9.43
2390
716
257.47
135
16.64
60
13.6
2386
2349
111.37
143
21.1
58
15
2374
2372
158.4
170
47.85
62
10.05
2377
2390
-16.7
158
37.22
62
16.28
2376
2391
186.71
161
11.18
29
7.62
2392
2353
225
117
6.32
21
15.23
2393
2370
111.8
117
13.04
48
15.65
716
2390
77.47
110
9.43
30
17.69
2373
2357
-18.43
173
5.1
4
7.62
2364
2383
-68.2
117
13.04
36
19.65
2384
2394
197.45
176
23.77
8
13.15
2394
2388
-38.42
133
13.15
18
29.68
2396
2383
201.04
130
18.97
42
21.54
2390
2377
163.3
117
17.69
25
37.54
2397
2389
57.26
135
9.22
32
12.08
2399
2369
260.54
162
13.15
19
12.53
2374
2389
169.16
168
44.01
62
10.44
2395
2397
0
158
23.77
77
9.22
2386
2370
148.57
131
12.65
36
16.16
2381
2401
-27.76
124
10.3
13
38.29
2403
2381
133.36
172
45.61
57
8.25
2395
2388
-57.38
123
24
50
26.25
2396
2353
251.57
117
8.49
26
16.97
2376
2404
135
129
17.12
59
15.52
2405
2376
254.05
145
11.7
53
8.54
2383
2396
21.04
126
19.65
44
22.85
2407
2404
6.48
155
18.87
16
28.44
2369
2399
80.54
153
6.32
8
18.97
2374
2400
181.3
142
7.81
7
38.21
2410
2409
-61.82
168
29.07
61
7.21
2404
2376
-45
132
17.03
60
14.56
2389
2397
237.26
131
10.44
38
12.65
2411
2412
223.45
152
25.3
72
12.53
2393
2396
-23.2
139
12.65
32
15.81
2388
2413
28.3
137
26.25
59
21.1
2406
2409
23.63
136
16.16
62
12.81
2409
2410
118.18
157
12.81
14
20.62
2413
2388
208.3
113
19.1
38
28.44
2392
2399
71.57
117
8.49
26
16.97
2406
2414
68.2
139
11.7
46
10.77
2404
2415
204.9
130
15.52
29
24.08
2404
2407
186.48
162
30.87
33
17.89
2416
2402
150.8
101
7.81
11
38.29
2382
2417
-46.64
172
45.61
57
8.25
2408
2400
173.99
132
28.32
47
28.6
2396
2419
81.87
138
15.81
48
14.42
2404
2405
3.37
133
14.21
54
12.81
2386
2419
33.69
129
11.05
48
11.4
2397
2413
-31.43
131
12.65
36
16.16
2381
2403
-46.64
162
42.94
57
16.49
2419
2396
261.87
127
12.73
36
16.97
2422
2403
232.59
153
11.18
23
12.53
2414
2408
83.16
152
10.77
18
16.55
2412
2425
132.09
160
19.24
15
24.6
2413
2404
-83.99
133
13.6
45
14.21
2424
2425
116.57
179
14.76
2
9.85
2417
2421
47.12
152
8.25
18
12.53
2418
2400
126.47
163
13.6
14
16.16
2423
2405
246.8
135
10.77
45
10.77
2401
2422
6.34
137
7.81
57
6.4
2412
2411
43.45
156
18.38
38
12.04
2405
2428
111.8
164
12.81
21
10
2403
2422
52.59
157
16.49
46
9.06
2408
2428
203.2
139
16.55
46
15.23
2428
2405
-68.2
135
15.23
45
15.23
2429
2420
212.57
167
36.07
47
11.4
2432
2430
256.5
179
14.32
1
11.4
2433
2434
200.56
167
3.61
3
13.6
2436
2420
214.9
170
9.9
2
42.72
2425
2412
-47.91
154
37.7
64
18.38
2437
2419
196.56
162
34.41
61
12.73
2399
2438
18.92
164
34.41
67
10.63
2439
2430
266.05
132
5.66
9
25.71
2429
2440
14.74
150
9.9
24
12.17
2433
2442
32.91
158
12.21
27
10.05
2443
2441
237.26
143
13.04
51
10.05
2432
1317
112.83
158
5.66
7
15.52
2441
2443
57.26
131
10.44
38
12.65
2430
2439
86.05
156
13.93
19
17.46
2419
2437
16.56
151
36.07
67
19.21
2425
2447
74.05
162
19.03
29
12.73
2430
2448
159.78
112
12.04
35
19.42
2440
2449
-66.37
162
13.45
42
6.32
2429
2449
-22.93
143
19.65
43
17.46
2451
2452
118.81
170
7.81
5
15.23
2448
2430
-20.22
137
15.23
48
13.93
2448
2441
-61.7
174
19.42
11
10.44
2453
2445
-77.01
154
7.81
10
20.02
2456
2454
-76.61
116
14.32
39
20.12
2459
2457
209.25
172
11.4
5
17.46
2433
2460
142.13
122
17.09
46
20.1
2441
2460
170.91
116
12.21
28
22.8
2452
2456
170.54
177
10.05
2
14.32
2449
2437
195.95
137
13.89
64
10.63
2455
2453
-43.15
143
10.05
23
15.23
2425
2427
-21.8
149
30.41
53
19.65
2462
2463
-47.05
156
23.77
28
20.62
2460
2427
214.11
119
20.1
32
33.02
2453
2448
255.96
153
26.68
52
15.23
2449
2429
157.07
142
14.56
28
19.21
2463
2455
83.99
160
20.62
20
20.12
2447
2425
254.05
127
11.4
22
24.21
2441
2448
118.3
128
25.32
54
24.6
2455
2448
-80.34
143
21.93
23
32.98
2463
2462
132.95
154
31.95
52
18.25
2425
2461
9.46
138
24.21
52
20.52
2458
2457
203.63
137
15.23
58
12.21
2447
2465
18.43
147
17.8
53
12.21
2427
2460
34.11
110
19.65
30
36.06
2448
2455
99.66
137
15
15
38.21
2465
2463
4.76
118
15.23
24
31.95
2463
2460
-88.15
129
15
28
24.6
2465
2447
198.43
150
21.26
70
11.4
2461
2460
3.18
133
20.62
34
26.93
2460
2463
91.85
124
26.93
54
27.8
2466
2464
184.09
134
20.62
47
20.52
2464
2466
4.09
136
21.26
49
19.8
2463
2465
184.76
148
27.8
49
19.8
2467
2468
47.49
180
13.45
2
2.83
2470
2469
49.4
177
5
1
13.45
2471
2469
251.57
176
16.49
26
2.83
2472
2473
111.8
157
2.83
21
3
2474
2475
79.7
170
3
3
8.25
2477
2478
-20.56
170
11.18
18
6.4
2480
2481
54.16
166
5.39
4
17.03
2473
2483
90
166
4.12
45
1.41
2480
2476
259.38
177
8.06
3
8.25
2478
2484
6.34
166
13.93
37
5.83
2479
2486
162.65
173
11.18
13
5.83
1406
2487
-70.02
155
2.83
7
9.22
2488
2470
237.99
103
2.83
8
18.44
2484
2470
23.63
167
16.4
68
4.24
2475
2474
259.7
176
10.05
34
1.41
2469
2490
74.48
120
2.83
8
17.46
2472
2483
101.31
170
5.39
11
5
2481
2480
234.16
174
8.06
3
14.21
2491
2492
38.29
159
8.06
10
17
2485
2479
183.18
163
13.93
41
6.4
2493
2486
-45
151
7.28
21
9.85
2494
2487
141.34
158
7.28
24
6.71
2470
2488
57.99
103
4.24
12
18.38
2489
2485
201.25
164
16.4
52
5.83
2475
2491
62.24
160
8.06
11
14.21
2492
2491
218.29
155
8.94
13
16.55
2496
2472
156.04
121
8.6
53
9.22
2486
2479
-17.35
141
13
50
10.77
2498
2489
239.93
132
6.32
14
18.38
2483
2499
62.1
158
10.05
20
10.63
2491
2475
242.24
162
12.17
21
10.63
2494
2496
102.99
142
12.81
67
8.6
2497
2494
165.96
144
13
52
9.85
2472
1210
57.53
137
10.2
51
9.06
2479
2485
3.18
146
17.8
71
10.77
2501
2485
228.81
115
9.85
27
19.31
2499
2495
48.18
148
12.17
23
16.55
2489
2498
59.93
126
9.85
26
18.03
2499
2483
242.1
153
16
55
9.06
2496
1210
97.59
122
9.85
40
13.04
2500
2497
183.18
146
17.8
71
10.77
2502
2501
235.62
134
9.22
21
18.03
2485
2501
48.81
118
10.77
30
18.97
2495
2499
228.18
146
15.13
33
15.52
2494
2504
42.51
120
13.34
50
15.13
2494
2497
-14.04
124
16.28
61
15.52
1210
2503
53.13
144
16
38
15.52
2501
2502
55.62
133
13.34
35
17.09
2505
2500
231.71
129
13.34
33
18.97
2496
512
52.59
135
15.13
45
15.13
2506
2497
228.58
128
16.28
45
18.03
2503
1210
233.13
144
18
45
15.13
512
2496
232.59
137
19.1
60
15.13
2497
2506
48.58
124
15.52
42
19.1
2500
2505
51.71
132
16.28
42
18.25
512
2507
46.47
137
18
40
19.1
2508
2506
228.18
135
16.03
38
18.25
2504
300
49.64
134
19.1
46
19.03
2507
512
226.47
137
19
43
19.03
300
2504
229.64
134
18.11
43
19.1
2506
2508
48.18
132
18.11
45
19.03
1673
2301
-15.95
146
12.65
60
8.25
2301
2302
61.39
138
8.25
40
8.54
2304
2509
233.97
144
8
33
8.54
2510
2304
-39.81
175
26.63
28
5.39
2509
2306
149.35
131
12.65
22
25
2511
2509
-52.77
155
30.41
73
13.6
2513
2318
14.62
169
8.94
7
15.13
2514
2515
39.29
163
3.61
5
10.82
2517
2518
-29.05
160
7.07
34
4.47
2304
2510
140.19
168
30.41
76
6.71
2521
2519
12.53
166
17.89
22
11.18
371
2522
112.62
121
7.07
32
11.18
2509
2511
127.23
158
31.38
78
12.04
2524
2525
187.5
179
18.25
1
20.1
2526
371
101.89
166
6.71
7
13.04
2510
2528
194.04
131
6.71
52
6.4
2512
2526
169.22
143
8.94
20
15.26
2530
2521
135
121
8.25
22
18.38
2528
2306
257.01
116
6.4
28
12.04
2532
2533
135
154
9.49
26
9.49
2535
2531
53.13
167
7.62
5
17.69
2519
2521
192.53
110
16.12
34
26.93
2525
2524
7.5
170
19.92
10
19.03
2515
2514
219.29
156
13.42
70
5.83
2514
371
-55.62
156
5.83
7
17.89
2536
2521
158.2
132
11.18
23
21.21
2539
2525
-30.96
171
5.39
7
6.4
2534
2541
185.71
119
7.62
22
17.72
2537
2524
-3.01
171
17.12
53
3.61
2203
2544
8.97
111
5.1
15
18.11
2533
2534
247.75
140
9.49
20
17.69
2528
2545
129.29
176
27.59
65
2.24
2526
2547
59.93
139
19.42
59
15
2512
2547
113.5
125
21.38
53
21.95
2540
2548
120.96
143
5.39
64
3.61
2528
2546
133.53
166
15.26
16
13.42
2544
2550
-26.57
154
10
63
5
2537
2552
107.74
172
13.42
8
13.15
2547
2538
145.18
146
15
28
17.89
2554
2555
199.18
157
21.93
64
9.9
2558
2538
-45
145
6.08
29
7.28
2559
2539
-56.31
161
10
67
3.61
2551
2560
-57.72
172
21.26
65
3.61
2562
2512
191.31
133
15.26
36
18.79
2563
2548
129.81
178
17.69
8
5.83
2552
2537
-72.26
146
21.4
54
15
2545
2564
167.01
104
2.24
9
13
2565
2558
216.25
164
15
45
6.08
2567
2566
128.66
178
10.63
12
2.24
2552
2568
225
127
13.15
35
18.25
2541
2534
5.71
128
15.26
48
16.28
332
240
-28.61
174
10.77
34
2.24
2570
2553
140.19
174
10.82
13
5
2568
2559
180
117
6.71
36
10
2568
2569
-2.73
168
18.25
50
5
2556
2571
34.99
172
21.93
11
15.23
2560
2551
122.28
172
18.44
32
5
19
2547
148.67
114
15.81
35
25.08
2534
2533
67.75
152
17.12
43
12.08
2574
2573
86.63
118
5.83
19
15.23
2575
2561
81.03
175
16.03
24
3.61
2547
2557
137.39
173
28.02
31
7.28
2512
2562
11.31
157
15.81
29
12.65
2548
2576
3.81
121
6.71
26
13
2548
2578
-51.84
153
14.32
52
8.25
2579
240
37.57
135
16.12
66
12.53
2569
2568
177.27
154
9.85
19
13
2561
2575
261.03
112
5.83
17
17.89
2564
2573
214.51
163
16.4
52
6.32
2576
2548
183.81
110
7.28
28
14.32
2575
2555
-56.98
134
16.28
43
17.26
2537
2542
6.71
134
15
58
12.81
394
2575
123.69
162
21.4
78
7.07
2534
2572
96.71
140
16.28
65
11.66
2582
2550
7.5
168
29.73
34
11.18
934
2559
220.1
157
17.89
40
11
2584
2565
180
152
17
48
10.63
240
2585
-67.25
162
10.63
8
23.77
2100
2579
5.19
134
12.81
34
16.12
2559
2587
62.35
124
12.53
31
19.72
2568
2575
45
162
17.89
23
13.93
2555
2554
19.18
120
17.26
43
21.93
2557
2583
14.04
141
15
62
10.63
2586
1751
220.91
170
12.81
17
7.62
2573
2574
266.63
106
6.32
21
16.55
2546
2588
258.69
143
13.42
40
12.81
2590
2584
-80.54
163
15.65
54
5.66
2557
2547
-42.61
168
33.62
81
7.21
2585
240
112.75
152
33.42
75
16.4
2575
2560
86.42
142
15.81
69
10.44
2564
2588
-72.26
131
13
29
20.4
2581
2574
112.83
124
16.28
49
17.89
2557
2591
-30.38
136
16.49
27
24.7
2560
2550
130.6
114
10.44
33
17.12
2559
934
40.1
158
23.71
72
9.43
2100
2585
-21.6
154
22.09
17
33.42
2592
934
257.47
133
15.81
56
13.93
2590
2593
-26.57
165
10.2
14
10.63
1751
2593
-41.19
116
7.62
43
10.05
2593
2590
153.43
129
12.08
36
15.65
2588
2564
107.74
142
21.63
55
16.4
2572
2594
193.24
163
11.66
29
7.28
2582
2592
-16.7
156
38.33
66
17.12
2595
2554
222.51
111
5.39
19
15.23
2585
2100
158.4
170
47.85
62
10.05
934
2592
77.47
110
9.43
30
17.69
2596
2577
131.08
172
47.51
55
8.25
2597
2581
197.1
127
18.03
41
21.93
2574
2581
-67.17
117
14.04
41
18.97
2577
2599
-31.87
120
10.3
13
39.6
2598
2580
113.63
118
14.04
48
16.55
2592
2582
163.3
117
17.69
25
37.54
79
2591
-37.18
135
13.15
19
28.84
2589
79
197.45
176
23.77
8
13.15
2602
2593
59.04
138
10.2
34
12.08
2604
2571
257.74
163
12.04
16
12.53
2594
2572
13.24
119
15.52
53
17.03
2606
2572
250.02
139
10.77
62
8.06
2597
2554
250.56
116
8.49
28
16.28
2608
2605
6.48
150
20
20
28.86
2588
2580
146.31
127
11.7
32
17.46
2601
2591
-56.31
127
24.02
52
24.35
2581
2597
17.1
126
18.97
43
22.36
2601
2602
-2.39
156
23.77
76
10.2
2585
2593
169.16
167
44.05
63
11.4
2571
2604
77.74
146
5.39
8
19.31
2605
2572
-40.24
140
17
69
11.7
2611
2610
-61.82
167
28.32
57
8.06
2578
2612
-49.03
172
47.51
64
7.62
2585
2609
182.6
138
8.49
8
38.21
2593
2602
239.04
134
11.4
40
12.65
2614
2600
147.09
103
8.49
12
39.6
2598
2597
-26.57
134
11.7
30
16.64
2607
2610
23.63
136
16.16
62
12.81
1941
2616
223.45
154
23.41
63
11.7
2605
353
206.57
132
15.52
28
24.02
2591
2605
-14.04
145
27.86
69
17.12
2610
2611
118.18
157
12.81
14
20.62
2607
2615
68.2
137
10.77
41
11.18
2591
2617
21.04
131
24.35
56
22.2
2605
2608
186.48
160
31.3
35
18.36
2595
2604
68.75
114
8.49
26
17.69
2577
2596
-48.92
163
43.57
51
16.28
2619
2596
234.16
160
11.4
19
12.21
2612
2618
47.12
161
7.62
12
12.21
2613
2609
173.99
131
29
48
29.41
2597
2621
81.03
139
16.64
58
13
2605
2606
0
132
13.45
51
12.81
2599
2619
11.31
147
8.49
56
5.66
2602
2617
-35.84
126
12.65
34
18.03
2588
2621
22.62
119
9.06
42
11.7
2621
2597
261.03
117
12.21
38
17.69
2615
2613
83.16
147
8.94
15
18.38
2596
2619
54.16
155
16.28
42
10.2
2617
2605
-83.29
130
13.04
48
13.45
2623
2606
245.22
129
8.94
38
11.18
2620
2609
125.31
158
13.04
15
18.03
2616
2625
133.99
162
19.24
15
22.83
2625
2624
-61.19
180
8.06
0
14.76
2606
2627
112.83
165
12.81
22
9
2613
2627
207.65
141
18.38
50
15.23
2616
1941
43.45
161
15.65
25
12.65
2627
2606
-67.17
137
15.23
47
14.32
2629
2622
210.26
166
35.36
50
11.7
2630
2621
193.67
164
31.38
48
12.21
2631
2622
214
166
10.63
3
41.68
2625
2616
-46.01
158
38.08
70
15.65
2604
2632
15.95
166
31.38
52
10
2629
2633
16.7
148
10.63
25
13.15
2635
2636
32.91
158
12.21
27
10.05
2621
2630
13.67
149
35.36
66
20
2637
2634
237.26
143
13.04
51
10.05
2638
2639
264.09
130
5.66
9
25.96
2634
2637
57.26
133
11.4
43
12.37
2633
2642
-71.57
160
14.21
41
7.62
2629
2642
-24.78
139
20.88
46
18.97
2640
2644
115.35
161
5.66
6
15.81
2639
2638
84.09
152
13
19
18.79
2625
2647
73.5
161
19.03
31
12.04
2639
2648
165.26
117
12.04
37
17.8
2642
2630
195.95
137
11.66
52
10
2648
2634
-60.75
172
17.8
13
11.4
2635
2650
146.31
127
18.03
53
18.03
2648
2639
-14.74
139
15.65
52
13
2634
2650
175.43
121
12.21
29
21.63
2642
2629
155.22
140
14.56
28
20
2651
2646
226.33
177
18.44
4
12.04
2650
2628
212.01
119
18.03
28
33.06
2625
2628
-23.2
152
30.15
51
18.68
1801
2645
-79.11
153
6.4
8
21.02
2653
2654
115.46
167
6.4
4
17.09
2657
2655
-75.96
116
15.3
44
19.72
2659
2651
213.69
166
12.04
10
17.46
2660
2661
-49.84
151
23.41
28
24.52
2654
2657
173.16
174
10
4
15.3
1801
2648
254.74
154
26.48
48
15.65
2634
2648
119.25
124
25.08
54
25.5
2647
2625
253.5
129
12.21
24
22.67
2656
1801
-45
135
10
24
17.09
2625
2652
5.71
138
22.67
48
20.52
2661
2656
83.05
162
24.52
23
19.72
2628
2650
32.01
107
18.68
28
37.05
2656
2648
-81.87
144
22.63
23
34.21
2658
2651
203.63
136
16.16
62
12.81
2661
2660
130.16
152
32.31
48
20.22
2647
2663
15.26
146
18.44
53
12.81
2648
2656
98.13
132
14.42
15
41.3
2661
2650
-88.15
126
14.42
27
25.5
2663
2647
195.26
149
21.93
70
12.21
2663
2661
4.76
117
16.16
26
32.31
2652
2650
3.09
133
20.62
33
27.78
2664
2662
184.09
134
20.62
47
20.52
2650
2661
91.85
123
27.78
55
28.6
2662
2664
4.09
138
21.93
51
19.1
2661
2663
184.76
149
28.6
51
19.1
2667
2665
160.56
172
5.1
3
13
2670
2668
258.69
179
12.17
7
3.16
2672
1475
206.57
170
5
3
13
2671
2673
10.3
154
5
7
18.03
2667
2674
0
172
13.15
26
4.47
2676
2677
78.69
169
4
7
6.32
2678
2666
-20.56
174
4.12
2
13
2676
2483
-71.57
109
2
36
3.16
2674
2680
26.57
169
16.4
60
3.61
2670
1244
56.31
165
6.32
6
15.62
2680
2683
49.4
174
18.03
75
2.24
2271
2685
-71.57
172
4.47
4
8.25
2670
2668
258.69
176
9.06
7
6.32
2675
2666
183.18
175
13.15
14
5.1
2687
2678
-45
165
8.06
12
9.43
2686
2679
95.71
170
7.28
24
3.16
2688
2685
138.01
168
8.06
17
5.83
2673
2671
190.3
160
5.83
6
17.03
2677
2676
258.69
169
10
78
2
2681
2675
205.2
168
16.4
51
4.47
2684
2681
225
169
18.03
78
3.61
1244
2670
236.31
167
8.54
8
13.45
2690
2671
40.1
151
8.54
13
17.89
2677
2690
62.24
159
9.06
14
13.45
2678
2666
-20.56
145
11.4
40
10.3
2692
2686
150.95
128
7.62
46
8.25
6
2681
238.57
127
5.39
13
18.38
2691
2688
162.65
148
11.4
40
9.43
2685
2688
-41.99
115
7.62
33
12.37
2693
2689
27.65
140
10.77
24
17.03
2666
2675
3.18
146
16.4
64
10.3
2679
2695
63.43
154
10
26
10
2696
2675
230.91
115
8.94
25
18.79
2671
2690
220.1
152
10.77
18
16.16
2686
1426
57.53
142
10.05
50
8.06
2690
2677
242.24
161
13.15
25
10
2681
6
58.57
123
8.94
24
18.03
2694
2691
183.18
146
16.4
64
10.3
2692
1426
97.13
127
10.3
39
13.04
2675
2696
50.91
112
10.3
29
19.31
2695
2679
243.43
154
15
56
8.06
2695
2693
48.18
147
13.15
26
16.16
2688
2691
-17.35
123
15.62
57
15.52
2688
2697
39.81
116
12.37
47
15.13
2696
2698
55.62
137
12.17
30
16.55
2693
2695
228.18
146
15.13
33
15.52
2699
2694
229.9
131
12.17
28
19.31
1426
2700
51.71
142
15
36
15.52
2701
2691
226.85
126
15.3
43
18.03
2692
756
52.59
136
16.12
48
15.03
2691
2701
46.85
122
15.52
43
19.03
756
2692
232.59
137
19.1
60
15.13
2694
2699
49.9
129
15.3
38
19.42
2700
1426
231.71
142
18
47
15.03
756
2702
45
135
18
41
19.03
529
2697
229.64
134
19.1
46
19.03
2697
529
49.64
134
19.1
46
19.03
2702
756
225
135
18
41
19.03
2704
2705
-12.99
149
12.65
68
7.07
2705
2706
55.01
137
7.07
34
8.54
2707
2703
233.97
144
8
33
8.54
2708
2707
-38.37
171
25.06
35
7.28
2703
2709
150.95
133
12.65
22
24.21
2710
2703
-50.44
154
29.55
75
13.6
2711
2518
-21.8
173
8.25
23
2.83
2707
2708
141.63
166
29.55
74
7.62
586
2712
114.78
129
8.25
35
11.18
2709
2703
-29.05
106
11.31
21
29.83
2713
586
101.89
169
7.62
7
12.04
2715
2713
166.61
153
8.25
14
14.76
2719
2717
12.53
166
17.89
22
11.18
2722
2720
51.71
173
5.83
2
18.44
2135
2723
140.19
159
9.49
26
7.62
2726
2724
7.5
173
19.65
7
19
2727
2709
257.01
123
7.07
32
11.31
2729
2719
133.15
127
8.06
20
18.38
2730
2731
70.35
116
7.07
28
13.45
2732
586
-55.62
170
7.07
4
16.12
2721
2733
186.01
127
5.83
16
16.28
2717
2719
192.53
110
17.12
36
27.31
2725
2724
0
174
17.12
45
2.83
2737
2738
198.43
169
8.06
11
8.06
2734
2719
156.25
130
11.18
23
21.93
2723
2721
246.8
134
7.62
17
18.44
2741
2739
-30.96
105
1.41
14
5.66
2715
2742
115.46
129
21.59
59
19.42
2713
2742
55.49
134
19.42
66
15.3
2744
2745
11.89
111
7.07
21
18.25
2727
2746
130.6
176
26.87
67
2.24
2740
2748
-46.74
179
5.66
0
17.69
2725
2749
108.43
170
12.53
9
13.15
2740
2751
139.4
95
1.41
8
9.22
372
2715
186.84
130
13.04
30
19.7
2752
2753
197.65
159
19.21
53
8.6
2725
2735
6.71
136
14.21
55
12.04
2742
2730
143.53
155
15.3
23
16.12
2727
2747
135
160
14.32
20
14.32
2749
2725
-71.57
146
21.4
57
14.21
2745
2757
-34.99
146
10
55
7
2733
2721
6.01
129
13.04
42
15
2760
2730
-48.37
151
6.32
25
7.28
2758
2761
-59.04
172
22.02
64
3.61
2749
2762
221.42
123
13.15
35
19.1
2764
2750
143.13
173
10.3
16
5
2762
2751
185.71
119
7.62
46
9.22
2762
2763
-5.19
169
19.1
47
5
2765
2760
218.16
160
15.26
56
6.32
2754
2766
30.96
173
19.21
9
16.16
2721
2723
66.8
150
15.13
38
12.53
2768
2742
150.52
119
15.26
35
23.26
2740
2770
-49.4
154
15.23
54
8.25
2746
2771
171.25
108
2.24
9
12.65
2740
2772
0
114
7.62
28
14.76
2715
372
6.84
156
15.26
29
13
2755
2773
123.69
162
21.4
78
7.07
2763
2762
174.81
146
10.3
23
14.76
2772
2740
180
109
6.32
23
15.23
2773
2736
81.03
175
16.03
24
3.61
2761
2758
120.96
169
17.69
30
7
2775
2774
128.66
174
9.9
20
3.16
2742
2759
136.17
173
28.6
30
7.28
2777
2776
86.99
126
6.4
18
16.16
2721
2767
97.59
135
15
66
11.66
2778
2751
218.29
162
16.64
32
10.05
2773
2753
-56.98
138
16.49
43
16.28
2780
710
-32.47
170
10.77
39
3.16
2736
2773
261.03
120
6.4
19
17
2751
327
61.19
123
12.53
33
19.24
2753
2752
17.65
119
16.28
42
21.02
2762
2773
42.27
166
16.64
17
14.32
2781
2757
8.75
165
31.78
43
12.21
2771
2776
212.01
158
17.2
65
7.21
2785
2783
171.25
172
4
3
9.22
2786
2765
177.51
149
18.36
52
12.21
2780
2787
263.29
116
13.04
45
16.4
2759
2742
-43.83
168
34.13
79
7.21
2759
2069
11.31
133
15.26
66
12.21
2790
2791
-36.03
180
8.6
0
32.2
710
2792
-67.89
158
9.9
8
25.71
2776
2777
266.99
121
7.21
22
16.55
2747
2793
262.57
148
14.32
34
13.45
2795
2787
5.19
132
13.6
37
16.64
2773
2761
86.42
138
14.21
59
11.18
2751
2778
38.29
158
22.83
70
9.43
2779
2777
112.83
127
16.49
50
17
2794
2784
221.19
168
13.6
20
8.54
2783
2786
-80.54
165
16.55
62
5
2759
2788
-31.83
137
15.3
24
25.24
2757
1131
-83.66
144
17.69
69
11.18
1131
2778
256.76
128
14.21
51
14.32
2792
710
112.11
153
34.06
74
16.4
2771
2793
-71.57
127
12.65
25
23.19
2767
2797
197.35
167
11.66
26
6.08
2798
2769
128.16
173
48.8
52
8.25
2795
2792
-22.62
153
22.09
17
34.06
2769
2799
-35.1
116
10.3
12
41.77
2800
2752
217.57
102
4.47
15
16.16
2783
2801
-29.05
164
9.22
12
12.04
2784
2801
-41.63
118
8.54
43
11.05
2793
2771
108.43
143
23.02
53
17.2
2781
1131
-16.31
155
39.46
67
18.11
2778
1131
76.76
109
9.43
31
16.97
2801
2783
150.95
127
12.08
35
16.55
2802
2779
195.07
129
17.46
40
21.02
2777
2779
-67.17
121
14.14
42
18.03
2792
2795
157.38
169
47.85
62
11.05
256
2782
112.38
121
14.14
47
16.55
1131
2781
163.69
119
16.97
23
37.64
2797
2767
17.35
119
15.3
54
16.4
2804
2767
248.2
135
9.85
61
8.06
2481
2788
-35.91
135
12.17
17
28.6
2807
2766
256.61
161
10.05
15
12.53
2770
2808
-49.76
175
48.8
62
5.39
2802
2752
246.37
112
8.49
28
16.4
2796
2481
198.92
176
25.08
9
12.17
1911
2803
6.48
148
20.62
22
29.12
2809
2801
62.1
143
12.17
37
12.08
2779
2802
15.07
125
18.03
41
22.36
2804
2803
180
112
10.77
37
16.4
2790
2799
-47.91
169
40.8
77
8.6
122
2788
-53.53
132
25.08
57
22.47
2793
2782
145.62
128
12.65
33
18.38
2766
2807
76.61
141
4.47
8
18.38
2811
2810
-63.43
165
28.32
50
9.85
122
2809
-4.57
152
25.08
75
12.17
2792
2801
169.16
166
44.1
65
12.37
2814
2798
236.98
158
11.18
17
14.21
2769
2798
-51.84
164
45.22
52
16.49
2808
2813
47.12
159
5.39
7
14.21
2805
2810
17.35
133
14.32
56
12.81
2803
2816
206.57
128
15.3
28
25.02
256
2802
-26.57
135
12.65
33
16.12
2792
2812
183.9
135
9.22
9
38.21
2803
1911
186.48
160
31.3
35
18.36
2805
2815
65.22
132
9.85
43
10.77
2788
2803
-15.95
147
27.2
66
16.12
2810
2811
116.57
156
12.81
13
22.56
2801
2809
242.1
139
12.37
39
13
2788
2818
17.1
128
22.47
52
22.2
2800
2807
67.62
113
8.49
27
17.03
2799
2814
23.96
150
8.6
60
5
2819
2820
221.99
157
21.93
52
11.18
2798
2814
56.98
162
16.49
33
9.85
2803
2804
0
135
12.73
48
12.04
2802
2822
80.54
141
16.12
60
11.7
2817
2812
173.99
129
29.7
49
30.23
2809
2818
-35.84
122
13
35
18.97
2822
2823
160.02
141
11.7
70
8
2822
2802
260.54
116
12.21
40
17.03
2815
2817
83.42
140
7.21
12
21.19
2818
2803
-82.87
130
13.04
52
12.73
2824
2804
239.04
116
7.21
37
10.77
2821
2812
124.22
157
13.04
15
18.97
2804
2825
115.2
164
12.04
25
8
2820
2826
136.04
167
19.72
13
20.25
2817
2825
211.76
142
21.19
58
15.65
2825
2804
-64.8
142
15.65
56
11.66
2820
2819
41.99
166
14.42
15
13.42
2828
2823
207.18
166
34.71
47
11.7
2829
2822
188.97
165
30.87
43
12.21
2830
2823
212.47
161
11.4
5
41.59
2827
2826
157.38
102
14.42
21
38.9
2807
2831
12.88
168
30.87
48
8.6
2833
2834
192.53
180
13.34
1
5.1
2828
2835
19.29
148
11.4
28
13.15
2822
2829
8.97
148
34.71
63
20.81
2837
2838
32.91
162
12.81
26
9.06
2835
2839
-73.3
160
15
37
8.54
2833
2836
237.26
148
13
50
9.06
2828
2839
-26.57
135
21.19
46
20.88
2836
2833
57.26
128
11.7
44
13.34
2839
2829
195.95
144
11.4
51
8.6
2841
2842
263.88
111
4.47
8
26.93
2826
2845
72.9
163
20
36
10
2842
2846
171.03
124
13.45
43
16.4
2837
2848
149.53
129
17.09
55
16.03
2839
2828
153.43
138
14.56
28
20.81
2842
2841
83.88
150
12.08
19
18.79
2846
2836
-59.74
173
16.4
10
11.7
2836
2848
180
129
12.81
30
19.72
2843
2850
113.96
141
4.47
9
16.49
2848
2827
209.36
116
16.03
25
33.06
2826
2827
-22.62
156
31.02
50
16.76
2846
2842
-8.97
142
16.12
56
12.08
2852
2844
226.4
176
19.21
9
10
2854
2849
-79.11
146
5.66
8
22.02
2853
2855
115.46
161
5.66
6
18.03
2857
2852
214.22
163
12.81
11
18.38
2836
2846
120.26
121
25
54
26.4
2845
2826
252.9
128
12.21
26
21.93
2826
2851
1.85
135
21.93
45
21.93
2860
1388
-75.96
119
15.52
46
18.87
2854
2846
255.17
155
26.48
45
16.12
2848
2851
183.09
154
36.72
75
16.76
2861
2862
-52.59
148
23.41
28
26.31
2855
2860
173.16
168
10.05
8
15.52
2859
2854
-45
130
10.05
25
18.03
2862
2859
81.87
164
26.31
23
18.87
2856
2852
202.38
137
17.46
64
13.45
2859
2846
-82.03
143
22.63
22
35.17
2845
2254
15.26
144
19.21
57
13.45
2862
2861
127.41
152
31.78
45
21.21
2862
2848
-86.42
126
15.26
28
26.4
2846
2859
97.97
130
15.26
16
42.43
2254
2845
195.26
149
21.93
70
12.21
2851
2848
3.09
133
20.62
33
27.78
2254
2862
4.76
119
17.46
28
31.78
2863
2858
181.97
132
20.62
45
21.93
2848
2862
93.58
124
27.78
54
28.43
2858
2863
1.97
136
21.93
48
20.52
2862
2254
184.76
146
28.43
51
20.52
2864
2865
0
176
13.04
14
4.12
2865
2867
26.57
172
15.81
45
3.16
2869
2870
77.47
168
4
9
5.39
2869
2872
-71.57
135
2.24
45
2.24
2867
2874
47.29
173
17.2
73
2.24
2877
2878
206.57
168
6.4
6
11.7
2866
2879
180
176
13.04
11
5.1
2876
2880
12.8
155
6.4
9
17.03
2881
2882
-45
172
10
11
7.21
2868
2866
205.2
171
15.81
39
4.12
2884
2885
57.72
167
6.32
5
16.4
2883
2887
137.73
175
10
10
5
2884
2871
257.91
175
9.06
9
5.39
2885
2876
25.02
169
5
5
11.7
2875
2868
225
171
17.2
63
3.16
2888
2873
95.71
172
8.25
32
2.24
2873
2870
90
117
2.24
12
9.22
2882
2879
-20.56
155
11.05
33
8.6
2880
2876
192.8
148
5.66
9
18.03
2885
2884
237.72
165
10.44
12
12.73
267
2868
237.09
121
4.47
12
18.38
2889
2883
161.57
157
11.05
37
7.21
2870
2891
60.95
158
9.06
15
12.73
9
2888
146.31
131
7.28
42
8.25
2891
2876
43.36
151
10.44
18
16.55
2879
2866
0
151
16.12
63
8.94
2887
2883
-42.27
122
7.28
29
12.65
2893
2866
227.12
104
7.21
21
18.79
2868
267
57.09
114
7.21
20
18.6
2873
2894
61.93
152
10
29
9.43
2888
1647
52.13
137
10.05
59
8.06
2892
2889
183.01
154
16.12
57
8.6
2891
2870
240.95
160
13.15
28
9.43
2895
2890
29.74
135
11.4
26
18.03
2866
2893
47.12
111
8.94
27
18.03
2876
2891
223.36
149
11.4
21
16.16
9
1647
97.59
132
10.82
45
11.4
2894
2873
241.93
152
16
69
8.06
2883
2889
-18.43
123
14.21
55
14.56
2896
9
168.69
130
14.21
60
12.65
2894
2895
48.18
147
13.15
26
16.16
2890
2895
209.74
135
11.4
26
18.03
2897
2892
230.19
131
12.17
30
18.03
2898
2889
225
120
14.56
41
19.03
2895
2894
228.18
146
16.12
36
15.3
9
2900
49.09
132
15.13
49
15
1647
2899
51.71
142
16
40
15.3
2889
2898
45
120
14.56
41
19.03
2899
1532
40.36
138
16.12
37
18.03
2892
2897
50.19
125
14.56
38
19.42
2900
9
229.09
133
18.11
60
15.3
2899
1647
231.71
142
19
51
15
2901
2896
228.18
132
18.11
45
19.03
2896
2901
48.18
132
18.11
45
19.03
2900
2902
48.01
139
19
44
18.03
2902
2900
228.01
135
19.03
45
19.03
2704
2904
-8.75
158
12.37
69
5.1
2904
2706
52.13
131
5.1
25
8.94
2905
2903
233.97
144
7
27
8.94
2906
2905
-38.05
167
24.17
44
8.06
2903
2907
152.59
139
12.37
21
22.67
2905
2908
157.83
104
13.6
27
29.07
2909
2910
102.53
172
8.54
6
10.05
2905
2906
141.95
165
29.15
81
8.06
2912
2909
166.61
160
8.06
11
14.32
2910
2915
113.2
134
8.54
33
11.18
2907
2903
-27.41
108
11.31
21
29.07
2916
2917
205.2
149
3.61
6
15.81
2921
2919
6.01
175
19.42
6
19
494
2922
185.71
141
5.66
12
16.12
2926
2924
12.09
163
18.36
26
12.37
2920
2919
0
177
16.03
18
3.16
2929
2926
133.26
134
8
18
18.79
2931
2910
-56.98
174
7.81
3
16.12
2933
494
249.15
129
5.83
13
19.42
2918
2917
198.43
165
7.21
12
9.06
2937
2935
-30.96
105
1.41
14
5.66
2926
2938
-24.78
144
28.64
71
18.11
2909
2912
-13.39
115
17.8
48
21.47
2910
2909
-77.47
118
15.52
50
17.8
2938
2926
155.22
129
11.18
21
23.35
2936
2940
144.46
100
1.41
9
8.49
2941
2912
182.29
128
12.21
28
20.12
2920
2942
109.18
169
11.66
10
13.15
2920
2927
3.58
139
12.73
52
10.63
2945
2946
195.26
162
18.03
45
8.06
2948
1334
17.53
114
9.06
26
18.25
2942
2920
-70.82
149
22.02
64
12.73
2922
494
5.71
131
12.21
37
15.26
2939
2930
141.95
157
15.52
22
16.12
2951
2949
131.99
174
25.5
60
3.16
2953
2943
140.19
170
10.3
19
5.83
2942
2954
223.26
125
13.15
34
19.24
2954
2940
185.71
123
6.71
41
8.6
2954
2952
-5.19
166
19.24
53
5.83
2951
2950
138.18
156
13.6
23
14.32
2936
2957
-51.84
155
15.65
61
7.62
2959
2930
-48.37
166
7.21
19
5.39
2735
2960
28.07
175
18.03
6
16.16
494
2933
69.15
148
14.32
36
13.04
1334
2962
-45
141
10.05
45
9
2964
2939
148.67
128
13.93
30
21.47
2936
2965
-3.58
113
6.71
24
14.76
2963
2966
-61.39
168
22.67
59
5.83
2912
2941
2.29
162
13.93
20
12.65
2965
2936
176.42
105
6.32
22
15.65
2952
2954
174.81
146
10.3
23
14.76
2942
2944
-39.47
102
6.4
16
21.63
2515
2959
215.54
156
16.12
69
7.21
2941
494
-31.61
118
11.66
46
14.32
2968
2940
216.38
162
15.81
30
10.05
2967
2934
78.69
173
15.03
19
5.83
2967
2946
-55.62
142
16.76
46
14.32
2939
2958
137.39
176
29.21
25
5.39
2970
2971
84.29
175
3
0
17.12
2966
2963
118.61
166
17.69
28
9
2974
2973
87.14
144
7.21
16
14.87
2940
2975
58.57
123
13.42
39
18.03
2946
2945
15.26
118
14.32
38
20.62
2954
2967
42.27
167
15.81
13
14.76
2934
2967
258.69
135
7.21
18
16.12
2977
2978
-37.41
170
8.94
2
34.06
1763
2979
128.66
174
9.9
20
3.16
2981
2962
8.75
160
33.12
53
14.14
2982
2958
148.17
97
6.4
10
33.97
2971
2980
-32.47
170
10.77
39
3.16
2984
2515
177.51
146
18.87
55
13.04
2985
2973
212.01
152
18.36
72
9.22
2940
2968
36.38
158
21.1
62
8.94
2986
2956
126.87
173
51.62
60
7.62
2515
2958
240.26
118
13.04
48
15.3
2967
2966
86.19
135
13.45
59
11.18
2989
2987
175.6
158
3.16
6
10.2
2969
2974
112.83
131
16.76
52
16.12
2961
2990
200.56
170
11.66
20
6
2956
2991
-38.85
110
9.43
11
44.05
2973
2974
267.14
128
9.22
26
16.12
2950
2992
263.42
149
14.32
28
15.81
1339
2968
256.76
125
13.45
48
14.76
2971
2972
263.29
116
13.04
45
16.4
2958
2982
-31.83
137
15.3
24
25.24
2993
2976
140.19
178
5
0
34.06
2980
2994
-69.08
156
9.9
8
27.66
2962
1339
-83.66
144
17.69
69
11.18
2987
2984
-76.76
166
17
76
4.47
2997
2972
7.77
132
14.42
40
16.64
2945
2960
21.8
171
15.26
66
2.83
2985
2992
-73.3
126
12.65
23
26.17
2996
2988
223.15
167
14.42
22
8.54
2994
2980
110.92
154
35.38
73
16.4
2957
2999
-51.84
174
51.62
69
5.83
3000
2969
190.89
130
14.76
33
20.62
1339
2975
227.29
151
17.46
73
8.94
2997
2994
-23.63
149
22.2
19
35.38
2981
1339
-16.31
155
39.46
67
18.11
2990
2961
20.56
124
13.34
48
14.76
2974
2969
-67.17
129
14.56
44
16.16
2992
2985
106.7
145
22.8
46
18.36
2987
3003
-31.43
160
10.2
16
12.04
4
611
119.74
120
8
59
8.06
2988
3003
-48.37
112
8.54
41
12
2977
2991
-50.53
167
42.8
76
10
3003
2987
148.57
127
10.77
30
17
1339
2981
163.69
117
17.69
24
38.29
2945
2998
31.61
150
14.76
71
7.81
2993
2986
236.98
166
9.49
9
14.87
3002
1538
108.43
125
14.56
48
16.12
2999
3004
50.91
172
5.83
3
14.87
3006
2960
254.48
158
8.06
15
11.66
3008
2982
-34.99
146
13
16
27.02
3009
3001
5.19
145
21.26
24
29.73
2994
2997
156.37
167
48.84
66
12
2956
2986
-53.13
166
46.23
48
15.3
611
3001
180
120
8.06
28
14.76
2969
3000
10.89
123
16.16
37
22.36
2995
3008
198.43
171
25.94
18
13
2960
3006
74.48
120
2.83
8
17.46
3011
3010
-63.43
165
28.32
50
9.85
3007
2982
-51.01
132
25.02
60
21.54
2992
1538
142.13
124
12.65
33
18.97
3012
3003
64.8
147
13.15
42
10.77
3001
3013
204.9
128
13.34
24
25
2991
2993
26.57
154
10
63
5
4
3010
14.04
131
13.42
52
12.81
2995
3007
207.55
109
13.15
29
25.02
3001
3009
185.19
161
30.87
34
18.36
3005
3015
96.01
179
8.06
0
11.05
4
3014
63.43
124
8.06
36
11.18
2994
3003
169.38
165
44.18
62
13.6
2986
2993
56.98
159
15.3
30
11.18
3002
3000
-26.57
135
12.65
33
16.12
2982
3001
-19.65
150
26.48
62
15.13
3010
3011
116.57
156
12.81
13
22.56
2998
3006
66.37
107
7.81
26
17.03
2994
3016
185.19
136
9.22
9
38.12
2982
3017
10.89
123
21.54
50
23.43
3003
3012
244.8
138
13.6
46
12.65
3001
611
0
135
12.73
48
12.04
3019
3020
221.99
155
20.62
46
12.04
3000
3021
79.99
141
16.12
64
11.4
678
3016
175.49
130
30.41
51
30.23
3017
3001
-82.41
127
12.53
52
12.73
3021
3000
259.99
111
11.66
39
17.03
3014
678
83.42
129
5.66
11
23.09
611
3014
26.57
151
10.82
71
5.66
3012
3017
-39.81
122
12.65
32
19.92
3021
3023
155.56
141
11.4
65
8
3018
3016
124.22
153
12.53
16
19.92
611
3024
118.07
167
12.04
28
6
678
3024
217.3
145
23.09
60
15.23
3024
611
-61.93
142
15.23
61
10.82
3020
3025
138.24
169
19.72
11
18.6
3020
3019
41.99
174
12.04
5
15
3027
3023
203.39
165
33.42
47
12.08
3028
3021
186.01
167
29.73
36
11.66
3029
3023
210.02
159
12.81
6
40.31
3006
3030
9.46
170
29.73
36
8.94
3026
3025
156.04
108
12.04
17
37.54
3021
3028
6.01
148
33.42
60
20.81
3027
3031
20.85
150
12.81
29
13.15
3033
3034
186.34
174
13.34
17
5.1
3031
3035
-76.61
160
14.42
31
9.49
3038
3039
32.91
161
11.4
21
10.2
3027
3035
-26.57
133
22.47
50
21.59
3035
3028
195.95
143
10
42
8.94
3033
3037
236.31
147
13
45
10.2
3037
3033
56.31
133
12.37
43
13.34
3035
3027
153.43
138
14.56
28
20.81
3038
3041
156.04
137
18.03
61
14.04
3025
3043
71.57
162
21
51
8.54
3044
3045
261.87
109
4.47
8
27.2
3037
3041
182.29
131
11.4
26
19.7
3041
3026
207.98
114
14.04
22
33.14
3045
3047
176.99
129
13.45
44
14.87
3025
3026
-23.96
158
31.02
47
15.81
3047
3037
-60.52
168
14.87
15
12.37
3045
3044
81.87
148
12.08
19
19.24
3047
3045
-3.01
142
17.2
62
12.08
3046
3049
116.57
144
4.47
9
16.76
3050
3042
223.53
171
20
22
8.54
3047
3041
243.43
124
26.42
61
25.02
3043
3025
251.57
130
13.04
30
19.85
3041
1059
183.09
156
36.24
74
15.81
3025
1059
-1.85
138
19.85
39
21.26
3053
3048
-78.69
133
5.83
11
22
3055
3050
214.7
164
14.21
12
18.38
3052
3056
115.46
147
5.83
9
18.68
3053
3047
255.58
155
25.5
40
17.2
3058
3059
-54.16
144
23.09
27
29.27
3060
3057
-75.26
120
15.52
48
18.03
3043
3061
12.26
140
20
57
15.56
3061
3054
71.57
117
15.56
49
18.38
3059
1810
82.23
165
29.27
25
18.03
1810
3053
-45
125
11.18
29
18.68
3056
3060
175.6
166
11.18
10
15.52
1810
3047
-82.18
143
22.63
22
36.14
3059
3041
-88.15
121
14.76
28
26.83
1059
3041
3.09
135
19.85
31
27.29
3059
3058
125.84
153
33.54
46
21.38
3061
3043
192.26
148
22.63
69
13.04
3062
3051
181.97
133
19.85
43
21.26
3047
1810
97.82
127
14.76
15
44.41
3041
3059
91.85
121
27.29
53
29.21
3061
3059
4.76
114
18.97
31
33.54
3051
3062
1.97
137
22.63
51
19.85
3059
3061
184.76
147
29.21
53
19.85
3063
3064
25.02
175
13.89
25
3
3068
3066
257.91
180
10.2
1
4.12
2475
3069
123.69
124
1
15
3.16
3069
3070
82.87
173
3
4
5.1
3065
3071
205.2
175
13.89
13
5.1
3072
3073
-49.76
176
9.9
6
7.21
2311
3076
208.07
152
7.21
17
11.18
3066
3068
77.91
180
5.1
0
9.22
2669
3077
-77.47
103
1
6
9.06
3068
3078
56.31
163
7.28
8
14.87
3075
3080
17.65
142
7.21
14
18.03
2475
3070
95.19
152
3.61
12
8.06
3073
3081
-20.56
160
12
35
7.21
3078
3075
25.02
154
6.4
14
11.18
2168
3083
-2.73
121
7.21
19
18.38
3082
3074
159.44
160
12
35
7.21
3081
3071
0
154
15.65
60
8.06
273
3077
142.13
133
6.08
31
8.54
3086
3071
222.88
102
5.83
17
18.79
3085
3074
-45
126
6.08
25
11.7
3078
3068
236.31
169
10.77
11
11.31
3080
3075
197.65
142
7.21
14
18.03
3070
3087
59.53
163
9.22
14
11.31
3084
3082
183.18
157
15.65
59
7.21
3087
3075
41.82
154
10.77
16
16.55
3077
1862
48.81
133
9.06
55
8.06
3071
3086
42.88
104
8.06
24
18.97
2475
3088
60.26
146
11.05
41
9.49
273
1862
97.59
136
11.4
48
10.63
3087
3070
239.53
154
14.04
41
9.49
3074
3082
-20.56
130
13.89
52
13.6
3089
273
165.96
136
13.89
55
11.7
3090
2168
28.61
139
11.7
25
18.03
3075
3087
221.82
152
11.7
20
16.16
3088
2475
240.26
151
15
67
8.06
1674
3084
228.58
124
11.4
30
18.97
3091
3082
225
118
13.6
41
18.03
3088
3090
51.34
146
14.04
29
16.16
2168
3090
208.61
133
12.37
28
19
3082
3091
45
118
13.6
41
18.03
273
3092
47.12
130
15.13
50
15.03
3084
1674
48.58
122
13.6
36
19.42
3092
273
227.12
128
18.25
61
16.49
1862
3093
50.19
141
15
38
15.3
3090
3088
231.34
145
17.03
40
15.3
3093
1154
40.36
134
17.03
40
19
3093
1862
230.19
141
19
54
15.03
770
3089
228.37
132
17.12
45
18.03
3089
770
48.37
129
18.25
48
19
1768
3094
41.63
120
9.22
46
11.05
3095
3096
235.3
133
9.22
35
11.7
2704
2904
-8.75
162
12.17
67
4.12
2904
3098
48.81
125
4.12
22
8.94
3101
3099
-10.01
167
16.03
65
4.12
121
3097
233.97
144
7
27
8.94
3102
121
-36.47
164
23.41
47
9.06
3097
3103
156.04
147
12.17
19
20.52
3099
3101
169.99
152
6.32
14
12.08
121
3105
161.57
108
13.6
28
27.59
3106
3107
164.05
165
8
8
14.32
3107
1486
102.53
175
9.49
6
9.06
3112
3110
6.01
178
19.24
2
19.03
3113
3104
12.09
123
8.54
36
12.08
1486
3115
111.8
133
8.54
31
12.17
121
3102
143.53
162
28.46
80
8.94
3116
81
36.03
150
7.62
28
8.06
3103
3097
-23.96
112
11.31
22
27.59
216
1729
207.9
145
4.47
9
15.81
3102
3119
165.07
145
8.54
30
9.9
282
3121
182.86
157
4.47
6
16.03
3111
3110
3.01
180
16.03
3
3
3125
282
248.2
114
4.24
11
20.25
3128
3126
-30.96
150
1
5
5
3103
3130
119.36
130
16.28
57
14.76
3116
1486
-55.01
175
9.22
3
15.26
3133
3132
10.12
161
18.36
28
12.65
3107
3106
-15.95
117
16.28
45
20.59
3135
3133
131.63
132
8
17
19.7
3118
1729
198.43
154
8.49
24
9.06
1486
3107
-77.47
125
16.16
55
16.28
3127
3137
144.46
145
1
4
7.81
3138
3106
180
132
10.63
23
19.7
3130
3103
-60.64
133
13.34
46
13.6
3111
3123
3.58
139
11.31
44
10.63
3111
3140
109.98
167
10.82
11
13.15
3142
3143
189.87
169
16.16
23
8.25
3133
3145
-26.57
144
28.44
69
18.11
3121
282
2.86
135
10.63
31
14.76
3140
3111
-70.02
152
21.26
64
11.31
3145
3133
153.43
127
11.18
21
24.08
3147
3141
143.13
173
10.3
16
5
3148
3137
180
121
5.83
35
8.6
3127
3150
-51.84
158
16.12
64
6.71
3134
3131
140.44
163
16.16
18
15.26
3140
3148
223.26
125
13.15
34
19.24
3148
3146
-2.6
169
19.24
50
5
3152
3153
22.83
118
12.04
35
18.44
282
3125
68.2
146
13.34
35
13.04
3127
3155
-7.59
114
5.83
22
13.89
3120
3156
133.45
172
24.21
57
4.12
3127
3149
-29.74
158
15.13
69
6.08
3146
3148
177.4
147
11.66
27
13.89
3159
3131
-48.01
173
9.22
15
4.47
3120
3157
141.71
155
13.34
25
13.42
3138
282
-28.3
121
11.66
48
13.34
3140
3139
-41.19
101
6.4
17
21.1
3162
3161
-62.45
168
23.43
58
5.83
3153
3163
-50.19
136
10.05
39
11
3164
3137
212.28
160
15
32
10
3160
3143
-56.31
145
17.09
52
12.65
3166
3159
205.02
147
15.26
65
9.22
3143
3142
9.87
119
12.65
32
20.62
3137
1519
55.49
117
12.53
39
17.72
3168
3169
-40.31
161
8.54
4
35.36
3160
3136
78.69
173
15.03
19
5.83
3134
3158
137.39
177
29.83
20
4.47
3148
3160
42.27
170
15
10
15.26
3170
3149
125.42
174
52.4
61
6.71
3172
3171
87.27
148
8.06
16
14.87
3161
3162
117.55
163
16.97
27
11
3136
3160
258.69
139
8.06
20
15.26
3149
3173
-40.73
108
9.43
11
45.61
3176
3174
259.99
177
17.12
79
1
3137
3164
32.28
157
19.42
58
8.94
3177
3158
146.77
102
5.66
9
33.97
3178
3167
137.05
164
4.47
2
35.36
3154
3179
206.57
176
11.66
8
6.32
3150
3180
-52.5
176
52.4
64
4.47
3181
3163
10.18
157
34.67
60
15.62
3165
3172
112.83
134
17.09
54
15.26
3160
3161
86.19
132
12.73
55
11.66
3183
3166
180
146
19.42
57
13.04
3185
3184
126.03
167
9.22
24
5.1
3187
3171
209.36
149
18.36
74
9.9
3166
3158
238.39
116
13.04
50
15.13
1549
3164
256.76
122
12.73
45
15.26
3130
3189
236.31
143
17.03
66
11.18
3171
3172
267.27
133
9.9
27
16.12
3142
3190
21.8
174
14.76
48
2.24
3157
3189
261.57
146
13.42
25
18.03
3158
3177
-33.23
140
15.13
23
25.24
3176
1357
-32.47
159
10.2
46
5.1
3193
168
184.4
140
4.24
15
10.2
3163
1549
-83.66
142
16.97
65
11.66
3180
3194
50.91
168
4.47
3
16.28
3178
3170
236.98
162
8.25
9
16.28
3195
3165
188.75
130
13.89
31
20.62
3168
3173
-52.13
169
43.28
69
9.43
3196
168
115.02
97
3.16
10
16.49
1549
1519
227.29
151
17.46
73
8.94
1357
3197
-69.08
152
9.22
8
28.64
3187
3189
-73.81
124
13.6
24
27.29
3176
3175
263.29
116
13.04
45
16.4
3179
3154
26.57
130
13.34
47
13.93
3199
3196
20.38
180
34.18
1
3.16
3149
3170
-54.58
167
47.51
51
14.56
3154
3201
-14.04
121
5.66
42
7.21
3203
3175
9.87
132
15.26
40
17.49
3202
3192
225
167
15.26
29
7.28
3172
3165
-67.17
133
14.87
46
15.23
3197
1357
110.92
154
35.38
73
16.4
3181
1549
-15.02
155
39.62
68
18.11
3142
3191
28.3
149
13.89
68
7.81
3205
3198
5.19
143
21.93
26
30.08
3203
3197
-22.2
148
23.35
20
35.38
1549
3181
164.98
118
17.69
24
37.64
3189
3187
106.19
146
23.43
45
18.36
3207
3190
252.65
154
6.08
13
11.66
3200
3198
176.63
132
5.66
17
13.93
3173
3178
33.69
156
9.43
60
4.47
3204
3186
107.53
128
14.87
47
16.12
168
3208
-31.43
160
10.2
16
12.04
3199
3177
-33.69
147
13
15
26.25
3170
3178
56.98
163
14.56
23
10.82
3208
168
148.57
129
11.7
33
16.55
3192
3208
-48.37
116
7.28
36
11.05
3165
3195
8.75
122
15.23
35
22.36
3190
3207
72.65
100
2.24
7
16.55
3211
3210
-64.18
163
27.59
45
11.7
3197
3203
157.8
169
48.84
62
11.05
3198
1670
206.57
130
13.34
24
25.02
3196
3199
200.38
170
25.55
20
13
3201
3210
10.62
130
12.53
49
12.81
3209
3177
-49.64
135
25.08
64
19.7
3198
3205
185.19
159
31.3
37
18.87
3189
3186
140.19
122
12.65
32
19.92
3201
2531
61.39
118
7.21
34
11.18
3212
3208
67.17
146
15.3
47
11.7
3206
3213
93.18
174
6.08
3
12
3196
3209
210.58
110
15.3
35
25.08
3177
3198
-21.45
155
26.08
59
13.15
3210
3211
115.82
155
12.81
13
23.54
3204
3195
-26.57
135
12.65
33
16.12
3197
3208
169.38
162
44.41
64
15.52
3191
3207
64.98
105
7.81
27
16.4
3177
3214
4.4
119
19.7
46
24.08
3197
3215
187.77
132
10.82
12
38.12
3198
3200
-3.37
135
12.04
45
12.04
3208
3212
247.17
143
15.52
48
12.65
3189
3195
-60.26
115
11.05
41
15.3
3219
3220
221.82
159
17.89
36
11.05
3216
3215
175.49
130
30.41
51
30.23
3214
3198
-81.25
124
12.08
57
12.04
3200
2531
26.57
154
10
63
5
2531
3216
83.42
121
5
10
24.04
3195
3207
37.57
139
15.3
64
11.18
3212
3214
-41.63
120
12.65
31
20.88
3218
3222
151.39
147
11.05
61
7
3217
3215
124.22
149
12.08
17
20.88
3200
3223
121.61
170
12.04
31
4
3223
3200
-58.39
142
14.87
68
10
3216
3223
220.6
148
24.04
60
14.87
3220
3225
141.58
171
20.59
11
17.03
3226
3222
198.89
164
33.02
47
12.53
3227
3218
181.51
170
28.64
28
11.18
3207
3228
6.34
175
28.64
20
8.25
3229
3222
208.07
151
13.04
9
40.16
3230
3225
154.72
115
9.22
13
37.01
3218
3227
1.51
147
33.02
60
21.1
3226
3231
24.23
147
13.04
32
13.15
3231
3232
-74.74
161
15.81
33
9.49
3235
3236
180
166
12.37
26
6.71
3226
3232
-26.57
130
21.93
48
22.8
3232
3227
198.43
154
9.9
32
8.25
3238
3239
31.43
167
11.31
14
10.44
3235
3237
239.04
145
12.04
42
10.44
3232
3226
153.43
135
15.81
32
21.1
3237
3235
59.04
135
12.37
45
12.37
3238
3241
164.48
141
17.46
65
12.17
3241
3230
205.11
106
12.17
20
34.13
3237
3241
186.58
142
11.31
22
18.68
3225
3243
70.02
161
20
55
8.25
3225
3230
-25.28
163
31.26
43
13.93
3246
3245
182.86
133
14.21
45
14.87
3245
3237
-57.53
165
14.87
18
12.37
3247
3246
261.25
96
4.12
8
26.25
3246
3247
81.25
143
10.3
19
19.24
3245
3246
2.86
150
18.03
63
10.3
3250
3242
220.6
170
20.62
26
8.25
3241
3244
183.09
158
35.34
72
13.93
3245
3241
244.36
122
26.08
57
26.17
3248
3251
113.96
128
4.12
10
17.46
3225
3244
-7.35
141
18.87
35
20.52
3243
3225
250.02
127
14.42
38
18.87
3254
3249
-80.91
136
5
9
22
3256
3250
215.75
160
14.42
16
18.03
3254
3245
252.55
154
25.32
38
18.03
3253
3257
115.46
153
5
7
18.97
3259
3260
-54.61
138
23.54
28
33.24
3262
3257
-6.58
178
13.04
2
13.15
3244
3241
3.09
139
19.8
30
25.94
3243
3264
9.87
139
20.62
60
15.62
3262
3258
-74.48
128
16.16
55
15.62
3260
3241
-90
113
13
25
27.73
3264
3255
68.75
119
15.62
49
18.03
3263
3252
180
135
19.8
43
20.52
3260
3265
82.41
166
33.24
32
15.62
3264
3243
189.87
144
21.93
66
14.42
3265
3245
-83.16
139
22.67
24
36.69
3260
3259
125.39
154
34
43
22.2
3241
3260
90
118
25.94
51
29.21
3265
3254
-41.42
124
11.4
30
18.97
3257
3262
173.42
159
11.4
15
16.16
3252
3263
0
134
21.93
48
21.26
3245
3265
96.84
120
13
14
45.4
3264
3260
3.09
115
19.31
31
34
3260
3264
183.09
146
29.21
51
21.26
1949
1779
-19.29
175
4.12
1
17.09
3267
3268
81.25
172
3
2
10.2
3271
3272
116.57
117
1
12
4.12
3272
3273
80.54
171
3
8
3.16
3274
3275
229.76
174
7.21
4
9.9
1779
1949
160.71
161
3
3
18.38
3277
134
47.73
175
5
2
9.9
3278
3279
-23.63
162
11.05
26
7.81
3270
3281
-78.69
102
1
5
10.05
3268
3267
261.25
177
10.05
9
3.16
3271
3273
95.71
160
4.47
15
6.08
3280
3282
159.44
165
11.05
24
7.07
1293
3274
203.63
154
7.81
18
11.05
3279
3284
0
156
14.32
56
7.21
3268
134
56.31
163
7.28
8
14.87
3287
3281
145.01
154
7.07
28
6.71
3283
1949
16.93
147
7.81
13
18.03
134
3283
25.02
149
7.21
19
11.05
3286
3282
-47.73
141
7.07
25
10.44
3285
3280
180
156
14.32
50
7.81
1948
3276
0
120
8.06
22
18.38
134
3268
236.31
162
11.4
18
11.4
3273
3288
59.53
156
10.05
21
11.4
3271
3281
-84.29
117
8.54
50
9.9
1949
3283
196.93
137
8.06
16
19
3276
1948
180
121
5.83
15
18.68
3271
3290
58.39
143
10.05
39
9.49
3288
3283
45
151
11.4
19
16.55
3282
3280
-20.56
133
13.42
51
12.65
3287
2080
102.09
138
12.21
57
9.9
3291
3287
165.07
139
13.42
58
10.44
3288
3273
239.53
154
14.04
41
9.49
2080
3290
90
111
8.54
31
15.26
3292
3280
220.6
113
12.65
40
18
3283
3288
225
148
13.34
26
15.81
3293
1948
30.58
134
13.34
30
19
3280
3292
40.6
113
12.65
40
18
3290
3293
49.9
144
14.04
31
15.81
3287
1216
45
123
14.32
52
15.13
1216
3287
225
125
16.28
59
15.52
1948
3293
210.58
134
13.34
30
19
2080
3294
48.58
139
16
44
15.03
3297
3295
60.26
112
6.4
23
15
3293
3290
229.9
144
18.03
46
15.03
3294
2080
228.58
139
19
56
15.13
3294
1305
41.99
136
18.03
41
19
3291
1000
46.74
127
16.28
43
19.03
3298
3295
135
157
5.39
3
31.89
1561
3295
131.19
160
14.76
15
18.79
3300
3301
45
124
10.2
45
12
3303
3304
-4.09
172
13.04
59
2.24
3095
3096
235.3
134
10.2
40
11.4
3304
3098
45
109
2.24
12
9.43
1532
1578
194.04
105
6
21
16.12
357
3302
233.97
144
6
21
9.43
3307
1578
63.43
174
8.54
4
11.66
3302
3308
157.83
154
13.04
18
18.44
357
3309
165.47
112
13.6
28
26.17
3312
3310
6.01
177
18.25
3
20.02
3305
1578
172.87
147
6.71
19
11.18
3314
1912
103.24
177
10.44
5
7.07
1578
3307
243.43
174
8.54
4
11.66
1912
3307
110.56
143
9.43
30
11.18
3320
3318
182.86
165
3.16
2
17
3308
3302
-22.17
117
10.63
21
26.17
3316
3313
12.99
124
8.54
39
11.18
3321
3322
32.47
137
8.25
38
9.06
3324
3325
212.91
142
6.32
14
15.81
3328
1249
164.05
138
8.94
37
10
3320
3329
58.57
172
20.62
77
3.16
3314
3331
-15.95
122
14.87
42
18.87
3333
1948
163.07
178
12.37
3
11.7
3308
3335
122.74
137
16.49
67
12.21
3336
3331
175.6
139
10
19
19.7
3334
3337
-33.02
162
12.37
18
12.81
3338
3327
-46.55
176
16.28
6
10
3311
3339
3.37
146
11.4
40
10
1912
3314
-76.76
129
16.55
60
14.87
3341
3342
187.43
174
16.49
15
7.07
3311
3343
108.43
167
9.43
9
13.15
3318
3320
2.86
146
10
25
13
3326
3325
198.43
154
8.49
24
9.06
2167
3334
10.49
162
18.36
30
11.7
3346
2167
129.81
137
8.06
17
18.38
3335
3308
-57.26
132
13.15
51
12.65
3343
3311
-71.57
150
21.26
70
11.4
3348
3349
-51.84
158
16.12
64
6.71
3351
3344
143.13
168
9.85
22
5.83
3352
3353
185.71
127
5.83
35
8.06
3343
3352
223.26
125
13.15
34
19.24
3352
3350
-5.19
166
19.24
53
5.83
3348
3354
-7.59
114
5.83
22
13.89
2167
3355
-29.25
141
27.46
66
19.1
3332
3356
141.63
167
16.55
14
15
3320
3330
67.17
142
11.4
31
13.6
3355
2167
150.75
129
10.77
20
23.43
3348
3347
-29.74
158
15.13
69
6.08
3350
3352
174.81
149
11.18
25
13.89
3334
3355
263.99
148
15.65
54
10.3
3336
3320
-22.62
124
10.82
52
11.4
3360
3361
22.83
113
14
40
19.92
3343
3340
-41.19
118
5.39
14
19.42
3363
3353
210.07
163
13.45
24
10.05
3327
3338
133.45
170
23.6
54
5.1
3366
3356
-53.97
175
10.63
17
3.16
3368
3369
-42.27
161
7.62
3
37.48
3327
3364
143.62
153
13.15
27
13.42
3362
3342
-53.13
148
17.09
58
10.77
3371
3347
124.25
174
53.91
60
6.71
3373
3372
-64.36
166
23.43
48
7.62
3342
3341
7.43
120
10.77
27
20.25
3353
2568
53.75
118
13.42
43
17.26
3352
3362
39.29
172
13.45
7
15.26
3361
3374
-52.43
128
10
37
13
3332
3365
138.65
178
30.61
30
3.16
3375
3366
201.8
142
16.12
70
10.63
3362
3345
79.7
174
15.03
12
7.62
3347
3376
-42.51
106
9.43
11
47.2
3349
3377
-53.97
176
53.91
81
4.24
3378
3367
136.97
152
4.12
3
37.48
3345
3362
259.7
146
9.85
21
15.26
3379
3380
87.4
154
9.85
18
13.93
3382
3375
180
171
6.08
2
22.02
3353
3363
30.07
157
18.6
56
8.94
3372
3373
115.64
161
16.97
25
13
3383
3384
6.34
176
26.48
69
2.24
3357
3386
209.36
176
10.82
6
7.62
126
3365
146.77
110
5
8
33.3
3378
3371
238.24
169
8.54
5
16.4
3370
3379
112.83
134
17.09
54
15.26
3362
3372
86.19
128
12.04
51
12.21
3388
3363
255.96
118
12.04
44
15.26
3368
3376
-53.62
169
44.6
68
9.43
3384
3389
86.63
151
2.24
4
15.13
3341
3390
18.43
174
14.32
45
2.24
3392
3374
11.59
156
35.81
64
16.4
3347
3371
-55.75
167
48.84
50
14.56
3381
3375
177.4
142
18.6
57
13.89
3375
3365
240.26
120
13.89
52
15.13
3335
3395
239.53
147
17.03
59
11
3365
126
-33.23
140
15.13
23
25.24
3380
3379
267.4
140
11.4
29
15.26
3397
3370
186.58
132
12.21
26
20.25
3364
3395
262.15
146
13.42
22
19.72
3386
3357
29.36
134
12.37
42
13.34
3374
3388
-83.99
142
16.97
61
12.21
3401
3399
126.03
167
9.22
24
5.1
3388
2568
225
150
16.49
71
8.94
3357
3402
-20.56
133
4.47
30
6.4
3376
3378
37.87
160
9.43
51
4.12
3383
3403
184.4
140
4.24
15
10.2
3371
3378
58.24
165
14.56
20
11.4
3389
3400
-30.26
161
11.18
48
5.1
3379
3370
-67.17
137
15.23
47
14.32
3406
3395
-75.96
119
12.37
21
29.27
3341
3391
24.78
150
12.21
58
7.21
3407
3403
113.63
114
4
13
16.28
3408
3407
18.92
178
33.24
18
4
3409
3398
3.9
141
21.93
27
30.46
1861
3398
176.63
151
4.47
9
13.34
3400
3410
-69.62
151
9.22
8
29.61
3412
3390
250.35
147
4.12
11
11.66
3392
3388
-15.02
154
39.81
68
19.1
3388
3392
164.98
120
16.97
23
37.01
3389
3384
266.63
117
13.89
49
16.4
3414
3384
9.87
132
15.26
40
17.49
3413
3404
225
167
15.26
29
7.28
3410
3400
110.38
155
36.07
72
16.4
3395
3406
104.04
144
23.43
44
19.72
3370
3397
6.58
122
14.32
33
22.36
3405
3396
107.53
131
15.23
49
15.26
3398
3415
206.57
131
12.37
21
25.08
3408
126
-33.69
156
13.15
12
24.76
3390
3412
70.35
97
2.24
8
14.76
3414
3410
-23.2
147
23.35
20
36.07
3402
3416
7.13
129
11.66
45
12.81
3417
3416
-64.18
161
26.87
44
12.65
3398
3409
183.9
158
31.3
38
19.42
3403
3418
-35.84
156
10.2
18
13.6
3402
3329
59.04
111
6.4
32
11.18
3418
3403
144.16
129
11.4
30
17.46
3404
3418
-53.97
111
7.28
31
13.04
3419
814
177.71
113
18.79
44
24.76
3407
3408
198.92
167
26.08
27
13.15
3395
3396
140.19
122
12.65
32
19.92
3410
3414
156.8
167
48.66
62
13.04
126
3398
-23.2
160
26.02
56
11.18
3416
3417
115.82
155
12.81
13
23.54
3411
3421
93.58
170
4.12
3
12
3419
3418
66.04
145
15.3
50
11.4
3405
3397
-26.57
135
12.65
33
16.12
3412
3397
214.7
153
14.76
68
7.21
3407
814
212.47
112
15.3
34
25.02
126
3420
-2.2
113
18.79
42
25.46
3398
1861
-3.37
139
11.4
41
11.31
3410
3418
170.54
162
44.55
65
15.52
3410
3423
189.04
131
11.66
13
38.12
3418
3419
246.04
142
15.52
52
12.37
3395
3397
-60.26
125
11.05
42
13.34
3422
3420
160.02
123
11.4
59
11.18
1861
3329
26.57
162
8.49
40
4.12
3424
3423
175.49
130
30.41
51
30.23
3427
3428
218.66
162
16.64
28
11.18
3329
3424
83.16
98
4.12
9
25
3397
3412
34.7
138
13.34
56
10.77
3419
3420
-45
121
12.37
29
21.84
3425
3189
147.53
153
11.05
57
6
1861
3429
126.03
172
11.31
36
3
3422
3423
124.22
145
11.7
18
21.84
3426
3429
160.35
116
8.49
34
13.6
3424
3429
222.14
149
25
61
14.87
3189
3431
24.54
177
17
1
33.62
3428
3433
145.41
175
20.59
7
14.87
3434
3425
178.49
173
28.16
20
10.77
3435
3189
194.74
163
31.91
47
13.04
3412
3436
3.18
178
28.16
10
8.06
3431
3189
204.54
151
13.6
9
39.29
3437
3433
154.72
132
7.62
9
35.23
3425
3434
-1.51
147
31.91
57
21.1
3435
3438
23.2
150
13.6
31
13.15
3438
3439
-77.74
159
14.42
27
11.4
3439
3434
194.93
160
8.6
22
8.06
3435
3439
-28.3
129
22.85
49
23.54
3442
3443
176.82
164
13.34
35
6.4
3445
3446
32.91
168
11.31
14
9.49
3439
3435
151.7
137
15.52
30
21.1
3442
3444
239.04
150
12
40
9.49
3444
3442
59.04
131
12.65
46
13.34
3445
3448
170.54
152
18.03
74
9.06
3448
3437
201.5
106
9.06
14
34.23
3444
3448
190.89
146
11.31
20
18.25
3433
3437
-25.28
168
31.78
38
11.18
3433
3451
67.17
158
20
74
8.06
3452
3450
218.37
174
4.24
1
26.4
3454
3444
-55.01
164
12.81
16
12.65
3455
3454
188.53
141
14.87
47
12.81
3455
3457
72.26
172
25.32
72
4
3455
3456
80.91
139
9.43
18
19.24
3448
3449
184.51
164
35.47
67
11.18
3454
3455
8.53
153
18.6
66
9.43
3453
3459
36.16
172
4.24
1
28.02
3454
3448
244.36
120
24.41
53
26.48
3433
3449
-12.72
144
17.46
30
20.52
3453
3450
217.3
165
21.4
44
8.06
3451
3433
247.17
124
14.42
43
17.46
3457
3461
115.2
116
4
11
17.46
3463
3458
-80.54
127
4.47
9
22
3459
3453
216.16
161
15.81
16
18.03
3463
3454
252.55
154
24.33
36
18.6
3449
3448
4.51
140
19.8
29
26.4
3466
3448
-88.03
110
13.6
27
27.73
3451
3467
9.87
138
21.4
62
16.4
3465
3460
180
135
19.8
43
20.52
3462
3468
115.46
143
4.47
7
19.92
3469
3466
-56.31
134
23.35
28
35.13
3467
3464
69.78
123
16.4
50
18.03
3467
3451
189.87
144
21.93
66
14.42
3466
3465
218.05
127
29.02
62
26.4
3471
3468
-4.4
176
13
4
13.15
3471
1580
-73.61
129
16.16
58
14.87
3460
3465
0
134
21.93
48
21.26
3466
3472
81.35
167
35.13
33
14.87
3466
3469
123.69
154
34.48
43
22.36
3472
3454
-83.16
139
22.67
24
36.69
3467
3466
3.09
114
20.25
32
34.48
3454
3472
96.84
114
13.6
15
46.53
3466
3467
183.09
146
29.21
51
21.26
3472
3463
-41.42
119
11.7
31
19.92
3468
3471
175.6
156
11.7
17
16.16
3473
3474
-15.95
153
5.1
7
17.46
2870
3477
111.8
176
2.24
3
3.16
3478
3479
79.7
170
3
3
8.25
3481
3482
-23.63
172
11.4
15
6.4
3477
3484
80.54
171
4
17
2.24
3485
3486
-36.87
125
3.16
8
18.38
3475
3487
182.6
172
5.1
2
17
3476
3488
-79.7
164
2.24
3
9.06
3490
3491
227.49
172
7.21
6
9.22
3483
3492
158.2
174
11.4
15
5
3493
3489
47.73
169
5.83
7
9.22
3474
3473
164.05
146
3.16
5
19.31
3479
3478
259.7
177
9.06
16
2.24
2870
3484
95.19
164
5.39
14
6.08
3486
3485
143.13
144
3
5
17.69
3496
3488
141.34
158
7.28
24
6.71
3495
3492
-47.49
149
7.28
20
10.77
3479
3489
57.72
162
8.25
9
14.87
3487
3490
206.57
149
9.43
26
11
3485
3498
-54.78
168
17.69
46
5.1
3489
3497
21.8
146
7.21
21
11
3497
3473
19.98
142
9.43
19
17
2870
3488
-83.66
123
8.94
60
8.6
3500
3485
2.6
120
8.94
23
19.31
3484
1928
57.99
155
9.06
20
11.4
3492
3483
-21.8
134
12.08
48
11.7
3489
3479
237.72
162
12.37
19
11.4
3496
3499
102.99
142
12.81
67
8.6
2870
3502
56.31
142
11.05
49
9.06
3501
3496
161.57
138
12.08
49
10.77
3498
3485
125.22
162
18.6
61
6.71
3473
3497
199.98
137
8.94
19
18
3485
3500
182.6
120
6.71
17
19.65
1928
3497
45
150
12.37
23
16.16
1928
3484
237.99
152
15.03
51
9.06
3499
3502
90
117
8.94
33
14.42
3504
3501
180
142
17.8
70
11.7
3498
3503
143.75
141
18.03
67
12.37
3497
1928
225
148
14.32
30
15.52
3506
3500
33.69
136
14.32
33
18
3496
1435
42.51
120
13.34
50
15.13
1435
3496
222.51
122
16.28
60
15.81
3502
3506
49.9
144
15.03
34
15.52
3507
3503
22.25
125
14.32
36
19.65
3499
3508
50.53
141
16
46
14.04
3503
3507
202.25
127
12.37
31
19.24
3500
3506
213.69
136
14.32
33
18
3510
3511
-84.81
141
7.07
38
7.21
3506
3502
229.9
147
18.11
45
14.04
3508
3499
230.53
138
19.03
58
15.13
3509
3512
60.26
106
7.07
25
15.81
3512
3513
-46.08
161
4.47
2
33.3
3508
3507
41.99
139
18.11
41
18
3096
3509
129.29
166
27.2
72
7.21
3151
3512
110.22
129
15.81
49
16.12
3513
3512
133.92
156
5.39
3
32.65
3515
3512
130.03
154
15.23
19
20.25
3509
3096
-50.71
148
15.81
29
17.26
3151
3096
-79.99
124
15.23
55
15.56
3300
3301
45
123
9.22
40
12.04
3517
3300
65.56
119
10
50
11.4
3516
3096
233.13
131
9.22
37
11.4
3300
2592
-14.04
121
14.14
52
15.23
3519
348
-7.77
177
14.04
6
8.25
1532
3521
197.35
108
7
24
16.12
3522
3521
64.65
172
10.44
8
10.82
3519
801
-31.33
157
22.2
53
11.05
3523
3300
146.98
162
23.77
80
7.62
3525
3526
103.24
178
11.4
3
6.08
3520
3521
172.87
134
7.81
27
12.21
3521
3522
244.65
177
10.77
3
10.3
3526
3522
110.56
143
9.43
30
11.18
3530
801
-12.53
105
8.94
18
26.93
3093
3528
12.09
124
10.77
47
12.21
3531
3532
30.96
134
9.22
51
8.54
3534
3535
38.66
174
2.83
1
10
35
3537
61.19
176
19.7
27
3.61
3519
3539
160.35
140
8.54
33
10
3525
3541
-15.95
129
13.6
38
17.2
3545
3543
0
151
10.3
32
9.43
3540
3546
251.57
123
6.4
30
10.63
3530
3519
63.43
115
6.4
42
8.54
3542
3526
149.04
114
13.6
45
17.46
3547
35
0
154
8.94
18
12.65
3545
3549
110.22
160
9.22
15
12.04
3551
3546
-14.04
118
10.63
39
15
3554
3555
-51.84
158
16.12
64
6.71
3093
3556
2.6
171
14.32
16
8.25
3544
3549
138.81
110
10.3
28
20.25
3557
3532
72.65
137
11.18
41
11.66
3559
3550
145.3
170
9.85
16
6.4
3560
3561
185.71
127
5.83
35
8.06
3562
3563
163.74
174
12.17
6
13
3564
3565
-30.96
159
12.17
20
12.81
3560
3558
-5.19
166
18.25
46
6.4
3552
3546
-53.13
127
13
55
12.65
3549
3560
221.42
127
12.04
31
18.25
3554
3566
-11.31
110
5.83
22
14.42
3554
3553
-29.74
162
15.3
71
5.1
3556
3567
130.1
145
8.25
14
18.79
35
3538
66.04
140
10.44
30
13.6
3567
3564
10.12
159
18.87
32
13
3558
3560
174.81
144
11.66
28
14.42
3542
3557
140.19
172
17.49
10
14.21
3548
35
-18.43
128
10.82
54
10.44
3565
3564
149.04
137
13.34
34
16.55
3532
3557
252.65
137
6.71
21
12.81
3556
3532
177.71
165
22.56
61
6.71
3571
3572
-44.09
160
7.62
4
37.54
3573
3567
150.02
129
10.77
19
24.84
3574
3553
122.86
174
54.04
59
6.71
3567
3573
-29.98
140
28.44
65
20.1
3575
3561
207.76
163
12.73
22
10.05
3549
3544
-41.19
118
5.39
14
19.42
3564
3573
264.29
150
16.55
55
10.3
3555
3577
-53.97
178
54.04
81
2.83
3576
3579
-51.34
150
17.09
62
9.85
3579
1617
4.97
119
9.85
25
20.25
3011
3581
27.76
118
16
45
19.92
3553
3582
-45
103
9.43
10
48.26
3583
3570
135
150
4.12
3
37.54
3560
3576
37.69
173
12.73
6
15.26
3586
3584
-65.22
165
23.43
45
8.54
3583
3574
238.24
165
7.28
6
17.8
3576
3585
79.7
174
14.04
10
8.54
3581
3588
-56.31
130
10.05
33
14
1402
3589
60.26
113
11.4
41
15.81
3561
3575
27.76
158
17.03
48
8.54
3585
3576
259.7
150
11.7
25
13.6
3571
3582
-55.98
169
44.55
63
10.3
3553
3574
-57.14
168
49.5
49
13.6
3591
3118
85.24
156
11.7
20
14.32
1254
1402
146.77
121
4.47
6
32.65
3584
3586
114.78
160
16.97
24
14
3593
3589
182.05
164
6.32
4
22.02
3578
3591
115.2
136
17.09
61
13.6
3594
3595
4.24
174
26.48
75
3.16
3575
3576
31.61
138
14.56
65
10.82
3576
3584
85.91
120
10.82
47
12.81
3597
1254
45
176
18.44
18
4.47
3574
3583
58.24
166
13.6
16
12.04
3582
3583
41.63
161
10.3
55
4.12
3599
3568
32.01
137
12.37
40
13.15
3600
3578
180
135
9.9
20
20.25
3601
3588
12.99
154
37.64
69
18.03
3568
3603
-20.56
174
4.12
6
4.47
3592
3589
177.4
139
19.21
59
14.76
3589
1402
240.26
122
14.76
56
15.03
3552
3606
243.43
151
18.03
53
11.18
3596
2136
222.51
149
14.56
63
8.54
3595
3607
86.63
159
3.16
4
14.14
3118
3591
265.24
145
11.66
24
16.12
3588
3596
-84.29
141
16.97
57
12.81
3609
3606
262.65
145
12.53
19
22.36
1617
3610
17.1
153
9.9
43
6.71
3598
3602
-10.01
179
13.15
4
4.12
3597
3598
5.19
141
22.63
28
30.46
3591
3578
-64.8
139
15.23
53
12.53
3612
3613
45
174
6.4
2
16.28
3614
1573
123.69
160
8.6
25
7.07
3617
3615
245.56
129
2.24
9
10.82
3594
3618
192.09
141
6.4
23
10.2
3619
3620
20.38
178
33.62
20
4
3621
3606
-76.76
118
12.37
20
31.26
3598
3622
206.57
131
12.37
21
25.08
3596
3601
164.98
123
16.28
22
36.4
3620
3618
118.07
119
4
13
15.52
3601
3596
-15.02
152
40.02
69
20.1
3578
3600
0
119
12.53
28
22.83
3598
3597
185.19
159
31.3
37
18.87
3617
3610
239.74
175
12.08
33
2.24
3603
3624
0
127
10
38
12.81
3607
1800
-33.69
152
11.05
48
7.07
1800
195
-69.62
146
8.6
9
30.59
3619
1254
-32.35
157
13.15
12
24.04
3611
3608
106.7
130
15.23
46
16.12
3625
3624
-64.18
160
26.17
42
13.6
3623
3602
210.96
158
10
57
4.47
3606
3621
103.24
147
24.76
43
19.72
3626
3595
12.26
133
16.12
43
17.49
3607
3595
266.63
121
14.42
51
15.81
3613
3612
225
165
16.12
30
8.25
195
1800
110.38
156
36.77
75
15.81
3626
195
-23.2
145
23.54
21
36.77
3627
2109
175.43
114
17
40
24.04
1254
3598
-23.2
166
26.31
52
8.25
3624
3625
115.82
155
12.81
13
23.54
3606
3608
136.64
123
12.37
29
20.88
3620
3619
200.38
167
26.63
29
13.15
3618
3629
-34.38
157
10.2
16
14.21
3629
3618
145.62
136
11.18
27
17
3616
3630
94.09
158
2.24
4
12
3612
3629
-50.71
116
8.25
34
13.04
3611
3600
-28.81
138
12.37
31
16.12
3617
3600
214.7
155
13.89
61
6.71
195
3626
156.8
167
48.66
62
13.04
3598
3602
-10.01
141
10.3
34
11.31
3627
3629
67.17
148
17.26
56
11.18
1254
3628
-8.75
110
17
37
26.17
3620
2109
214.29
115
17.26
38
25.08
195
3629
170.54
161
44.72
66
16.49
195
3632
190.3
129
12.53
14
38.12
3602
3623
30.96
172
7.81
16
4.12
3631
3628
164.74
136
10.3
60
8.25
3629
3627
247.17
144
16.49
53
12.37
3606
3600
-60.26
131
11.18
43
12.37
3633
3634
254.36
172
24.19
60
4.12
3633
3632
175.49
130
30.41
51
30.23
3600
3617
34.7
139
12.37
51
10.44
3602
3636
128.66
174
11.31
38
2
3627
3628
-46.55
120
12.37
28
22.8
3635
3637
147.53
158
11.18
57
5
3631
3632
124.22
140
11.4
18
22.8
3634
3636
160.35
121
7.81
31
12.81
3633
3636
223.6
150
25.96
63
14.87
3637
3639
22.44
172
17.49
4
32.57
1015
3635
173.99
177
28.02
10
10.44
3640
3637
191.89
163
30.89
44
13.04
3639
3637
202.44
149
13.6
10
38.83
1747
3642
152.78
161
7.07
4
32.76
3635
1015
-6.01
145
30.89
53
21.95
3640
3643
23.2
150
13.6
31
13.15
3644
1015
198.43
169
8.06
11
8.06
3643
3644
-77.74
159
14.42
27
11.4
3640
3644
-28.3
129
22.85
49
23.54
3644
3640
151.7
134
15.81
31
21.95
3648
3649
29.05
165
11.31
17
10.2
3651
3652
171.03
159
13.34
36
8.49
3651
3647
234.46
145
12
43
10.2
3653
3648
19.44
100
6.08
19
18
3647
3651
54.46
130
11.4
41
13.34
3654
1747
198.43
99
6.08
10
34.37
3642
1747
-27.22
170
31.32
33
10.3
3647
3654
197.1
153
11.31
17
18
3225
3642
-87.14
114
8.54
25
18.38
3657
3647
-50.53
159
12.53
24
11.4
3658
3225
216.87
164
5
3
25.24
3660
3657
193.39
146
14.87
42
12.53
3654
3655
183.01
165
34.79
63
10.3
3660
1613
72.26
172
24.33
58
4.12
3642
3655
-16.7
149
15.52
24
19.85
3657
3654
244.36
115
22.02
47
27.2
3657
3660
13.39
157
20
67
8.6
3660
3661
80.54
135
8.6
18
19.24
3656
3642
247.62
127
15.26
52
15.52
3659
3225
213.69
162
21.4
54
8.54
3659
3664
36.53
164
5
2
28.84
1613
3665
116.57
103
4.12
13
17.46
3655
3654
3.01
141
19.1
27
26.4
3668
3663
-80.13
100
4
9
23
3668
3657
251.08
152
23.35
34
20
3664
3659
216.53
158
17.49
21
18.68
3666
3662
180
138
19.1
40
19.85
3670
3654
-90
105
12.37
25
27.73
3656
3671
4.97
133
21.4
61
18.03
3671
3656
184.97
140
21.21
63
15.26
3670
3666
215.31
126
28
59
26.4
3671
3669
68.2
125
18.03
52
18.68
3673
3670
-56.63
133
24.33
28
37.12
3662
3666
0
135
21.21
46
20.52
3667
3674
117.76
118
4
10
19.92
3671
3670
3.01
115
21.54
33
34.99
3670
3673
123.37
155
34.99
40
23.19
3670
3675
81.35
167
37.12
39
13.45
3670
3671
183.01
148
29.41
49
20.52
3675
3657
-84.17
136
22.02
24
37
3676
3674
-4.4
172
13.04
8
13.34
3676
3672
-72.65
133
16.55
65
13.45
3657
3675
95.83
110
12.37
14
46.53
3675
3668
-39.47
117
12.08
33
19.92
3674
3676
175.6
152
12.08
20
16.55
3677
3678
-26.57
178
12.08
4
5.83
3680
3070
-80.54
172
3.16
9
3
3681
3682
4.97
174
5.1
1
18.03
3684
3685
79.7
170
4
5
7.28
3680
3687
75.96
166
3
30
1.41
3679
3688
154.98
180
12.08
1
4.47
3689
3690
-13.39
145
5.39
10
17.46
3691
3273
99.46
177
9.22
9
3
3692
3693
-34.51
119
4.47
12
17.69
3694
3688
-47.49
156
7.62
18
9.85
3697
3698
229.76
167
8.94
14
8.6
3070
3687
90
171
6.08
14
4.12
3685
3684
259.7
176
10.05
34
1.41
3695
3691
138.01
162
7.62
21
6.71
3682
3681
184.97
164
5.39
4
18
3699
3696
48.01
160
5.39
12
8.6
3690
3689
166.61
141
4.47
8
18.38
3693
3692
145.49
119
2.24
6
18.44
3685
3696
58.57
163
8.25
10
13.45
3688
3679
-25.02
140
11.4
43
10.77
3681
3697
203.63
138
9.85
33
12.17
3703
3070
150.95
122
8.06
48
9.22
3692
3704
-56.31
165
18.44
52
6.32
3701
3695
158.2
143
11.4
44
9.85
3696
3702
20.56
138
8.94
30
12.17
3691
3695
-41.99
109
8.06
35
13.34
3702
3689
22.25
137
9.85
22
18
3687
3705
60.64
157
10.05
23
10
3070
3706
51.34
142
10
51
8
3696
3685
238.57
163
12.37
21
10
3707
3692
5.44
120
9.85
27
18.38
3704
3692
123.69
158
18.03
54
8.54
3703
3706
93.81
123
10.3
42
12.81
3689
3702
202.25
137
9.85
22
18
3705
3687
240.64
155
16.03
60
8
3705
3702
43.45
148
12.37
22
17.09
3692
3707
185.44
116
8.54
23
18.97
3701
1656
100.62
123
16.16
60
15.62
3695
1656
39.81
117
13.34
51
15.3
3704
3708
186.71
104
8.06
27
17.09
3704
2192
146.31
140
17.12
65
12.17
3702
3705
223.45
149
15.52
32
15.3
1690
3707
34.29
140
15.52
34
18
3706
1690
49.9
144
16.03
38
15.3
3703
3710
48.81
135
15.03
45
15.03
3711
2192
23.2
125
15.3
41
18.97
3710
3703
228.81
136
19.03
60
15.3
2192
3711
203.2
123
12.17
32
19.24
3707
1690
214.29
136
15.3
34
19
1690
3706
229.9
144
18.03
46
15.03
3713
3714
-84.81
152
7.21
36
5.83
3712
3715
59.04
116
7.21
24
15.81
3710
3711
41.99
136
18.03
41
19
3715
3513
-48.12
159
4.47
2
34.83
1656
3717
45
132
19.03
48
19.03
3711
3710
221.99
135
19.03
45
19.03
3096
3712
129.56
169
28.43
70
5.83
2010
3715
109.29
127
16.76
50
17.49
3513
3715
131.88
154
5.39
4
34.21
3515
3715
127.87
155
15.65
18
21.19
3712
3096
-50.44
147
16.76
30
18.25
2010
3096
-80.54
127
15.65
54
15.56
3718
3096
190.3
127
11.18
63
10
3718
3719
50.19
129
10.2
40
12.17
3516
3096
233.13
132
10.2
42
11.18
3721
572
-5.19
167
14.14
21
8.94
3722
3723
203.63
114
10
34
16.28
3725
3723
65.77
172
11.4
9
10.82
3721
1458
-29.48
156
22.09
55
11.05
3726
3718
143.13
163
24.35
76
7.62
3728
3729
108.43
179
11.7
4
4.12
1458
3731
171.25
121
14.21
32
22.67
3729
3725
109.44
155
9.9
25
10.05
1968
3723
169.38
130
7.81
28
12.81
3723
3725
245.77
176
11.7
4
10.3
3735
3732
-19.09
128
10.82
22
22.67
1830
3736
62.35
178
18.79
9
5
1458
3721
150.52
160
26.31
78
9.49
3738
3739
30.96
132
11.18
62
9.43
2899
3734
12.09
123
11.7
50
12.81
2899
3740
151.39
170
3.16
3
9.43
3728
3741
-16.7
139
12.08
34
14.21
3744
3742
-3.37
159
9.49
23
8.94
3745
1830
0
166
8.25
9
12.17
3744
3747
112.38
158
8.49
17
11.05
2317
3729
147.99
124
12.08
39
15.81
3750
3751
-51.84
161
16.64
69
5.83
3752
3735
250.02
116
7.07
36
10.82
3743
3747
138.81
121
9.49
26
18.38
3754
3748
143.13
164
8.54
19
7.21
3755
3756
185.71
133
5
28
7.62
3757
3735
-14.04
126
9.22
33
13.45
3755
3753
-5.19
163
18.44
51
7.21
3750
3759
-14.93
112
5
18
14.42
3750
3749
-32.74
163
15.52
68
5.1
3747
3755
221.42
127
11.05
28
18.44
2899
3760
-2.6
166
14.32
23
8.94
1830
3737
64.8
135
8.54
25
14.21
3762
3739
73.61
140
12.08
42
11.66
3753
3755
174.81
144
11.66
28
14.42
3746
1830
-9.46
137
10.82
59
8.54
3763
3749
121.48
175
55
62
5.83
3758
3735
-48.01
128
13.04
61
11.7
3765
3766
-45
151
7.28
5
39.05
3769
3767
-28.81
157
11.05
19
13.45
3768
3770
163.07
169
11.05
9
13.42
2317
3762
141.34
174
18.87
9
13.45
3763
3751
126.87
127
2
1
53.82
3760
2492
128.66
156
8.94
12
17.89
3772
3756
202.83
165
11.4
17
10.05
3747
3743
-41.19
128
5.1
12
18.6
3774
3764
134.03
135
4
4
39.05
2492
3769
8.13
157
18.87
34
13.42
3749
3775
-45.81
103
9.43
10
49.09
3739
3762
253.61
141
7.62
22
12.81
3760
3739
175.43
163
22.56
62
7.62
3774
3763
237.53
175
6.71
2
19.42
3779
3777
0
124
7.21
17
19.92
3767
3769
151.19
135
13.6
36
16.55
3773
3779
-47.29
157
17.46
76
7.21
3781
2492
150.02
124
11.18
21
25.61
2492
3781
-29.98
142
28.28
66
19.1
3755
3773
36.03
179
11.4
1
15.81
3769
3781
263.99
149
16.55
60
9.85
3749
3763
-58.52
168
50.21
52
13.93
3211
1970
32.28
123
19
52
20.25
3765
3775
-56.63
169
45.25
62
10.3
3163
3783
-65.22
165
23.43
45
8.54
3756
3772
22.83
158
15.56
43
8.54
3773
3784
79.7
174
14.04
10
8.54
3763
3774
57.53
169
13.93
12
12.73
3786
3787
64.98
123
13.04
49
14.56
3775
3774
45
165
10.3
45
4
3784
3773
259.7
152
12.65
28
12.81
3790
3786
148.17
115
3.61
5
32.8
3789
3791
85.43
157
12.65
20
14.32
3778
3789
115.2
139
17.46
63
12.81
3792
3790
48.58
178
19.21
14
3.61
3783
3163
114.78
158
16.28
24
15
3772
3773
34.7
141
14.56
63
10.3
3794
3787
181.97
164
6.32
4
23.02
3773
3783
85.91
115
10.3
43
13.45
3796
3761
34.51
140
11.4
34
13
3797
3778
180
135
8.49
17
19.92
3798
3799
2.12
170
26.68
80
5.1
3793
3785
222.51
149
14.56
63
8.54
3758
3801
245.56
153
18.03
45
11.7
3802
1147
14.38
153
38.95
72
18.87
3787
3786
244.98
126
16.12
61
15.03
1436
3787
177.51
137
19.85
57
16.12
3777
3804
14.04
150
8.49
40
6.71
1147
3793
-84.29
139
16.28
53
13.45
3792
3795
3.99
136
22.67
30
31.3
3791
3789
265.43
149
13.42
27
15.26
343
3801
262.87
142
11.66
17
24.17
3789
3778
-64.8
142
15.65
56
11.66
3795
3807
205.71
131
11.4
20
24.08
3808
3809
56.31
176
10.3
56
1
3799
3811
86.63
166
5.1
6
12.17
3795
3792
183.99
159
29.97
35
18.87
3813
3814
0
131
9.22
34
12.21
3793
3802
166.29
124
16.28
22
35.81
3778
3797
0
121
11.66
27
21.47
3810
3804
231.34
171
10.3
32
3.16
3812
995
210.96
162
9.22
45
4.12
3815
3816
20.38
175
34.44
46
4.47
3802
3793
-13.71
152
40.26
70
20.1
3817
3801
-77.12
117
12.37
20
32.25
3818
3819
43.15
172
6.4
3
15.62
3820
3814
-63.43
159
25.5
43
13.6
3798
3821
195.95
145
6.4
21
10.05
3816
3821
118.07
145
4.47
10
13.6
3815
3790
-29.54
164
13.34
9
22.02
3806
3805
106.7
134
15.65
48
15.26
3824
3823
123.69
154
8.06
26
8.06
3801
3817
102.88
147
24.76
41
20.59
3790
3795
-26.57
169
26.93
47
7.28
2947
167
-69.62
141
8.06
9
31.58
3814
3820
116.57
152
12.21
14
23.54
3826
3822
175.43
120
14.42
34
22.02
3811
2947
-33.69
147
11
49
8.06
3801
3805
136.64
123
12.37
29
20.88
3810
3797
206.57
156
12.81
53
6.71
167
2947
110.38
156
36.77
75
15.81
3806
3797
-27.76
139
12.37
33
14.76
3819
3818
223.15
163
16.12
36
8.06
3827
3799
12.26
133
16.12
43
17.49
3816
3815
200.38
165
27.2
33
13.34
3795
995
-10.01
147
9.85
31
10.63
3827
167
-23.2
145
23.54
21
36.77
3811
3799
266.63
121
14.42
51
15.81
3829
3821
143.62
139
11.05
25
17
3821
3829
-36.38
150
10.05
18
15.81
3790
3825
-15.07
109
14.42
31
26.17
3818
3829
-55.3
118
8.06
30
14.04
167
3827
156.8
166
48.51
62
14.04
3816
3822
216.03
117
18.25
40
25.08
3826
3829
67.17
148
18.25
61
11.05
167
3829
171.7
159
45.12
68
17.46
3828
3825
164.74
141
9.85
58
7.28
167
3830
192.8
132
12.53
14
38.01
3801
3797
-61.7
139
11.7
52
9.85
3831
3833
254.93
173
24.19
48
4.47
3829
3826
247.17
144
17.46
57
12.17
3831
3830
178.49
131
31.14
53
29.41
3797
3810
26.57
141
9.85
37
10.2
3826
3825
-46.55
124
12.17
27
21.84
3828
3830
125.31
141
11.4
19
21.84
3832
3834
143.97
164
11.7
53
4
3833
3828
167.91
135
7.21
29
10.63
3831
3828
227.6
153
26.93
59
14.32
3834
356
19.18
169
17.49
6
31.78
3836
3834
186.01
163
29.55
42
13.6
356
3834
199.18
143
14.42
13
38.21
3838
3839
154.09
178
7.62
0
31.3
3832
3840
-8.97
148
29.55
49
21.1
3836
3841
27.65
152
14.42
32
13.04
3841
3842
-78.69
160
15.26
25
12.37
3836
3842
-28.3
125
23.71
50
25.5
3842
3836
151.7
137
15.52
30
21.1
3845
3846
31.43
167
11.31
14
10.44
3649
1681
161.57
153
13.15
39
9.43
3845
3849
186.34
167
18.03
82
4.12
3649
3844
232.43
143
10
35
10.44
3838
3848
6.71
174
33.96
82
4.12
3844
3649
52.43
128
11.4
43
13.15
3839
3838
-25.91
175
31.95
24
7.81
3844
3849
201.04
157
11.31
14
18.11
3851
3839
-87.14
130
10
29
15.65
3853
3844
-49.09
153
10.77
25
11.4
3849
3850
183.01
170
33.96
53
7.81
3854
3853
199.29
152
14.87
41
10.77
3855
3851
215.75
160
7.21
6
24.19
3839
3850
-20.14
153
15.13
20
19.85
3853
3849
242.53
112
19.85
41
27.86
3852
3839
243.43
120
14.42
55
15.13
3853
3854
19.29
159
19.85
69
7.81
3854
3860
69.44
173
22.56
42
4.47
3854
3859
77.2
128
7.81
19
18.87
3856
3851
209.74
156
22.2
66
10
3856
3861
36.53
161
7.21
5
26.93
3850
3849
3.01
143
18.44
25
26
3862
3857
178.03
138
18.44
38
19.85
3863
3859
-76.76
166
17
76
4.47
3849
3853
62.53
153
27
71
13.15
3864
3853
252.07
152
21.38
31
19.85
3858
3865
87.4
167
21.38
76
5.1
3861
3856
216.53
158
17.49
21
18.68
3852
3867
4.76
131
22.2
60
19.42
2621
3862
215.31
126
27
57
26
3867
3852
184.76
144
21.26
61
14.42
3857
3862
-1.97
137
21.26
47
19.85
3867
3866
71.57
128
19.42
56
18.68
3869
2621
-57.62
128
24.08
29
39.05
2621
3867
183.09
148
29.41
52
19.85
3865
3870
119.05
108
5.1
14
19.65
3867
2621
3.09
112
22.14
35
35.51
2621
3869
122.38
155
35.51
42
22.36
2621
3871
80.13
168
39.05
45
12.21
3853
3871
95.95
105
13.15
15
46.69
3871
3853
-84.05
138
21.26
23
35.74
3871
3872
156.37
122
12.21
43
15.23
3872
3870
-4.24
168
14.14
12
13.6
3871
3864
-41.19
115
12.08
34
19.65
3870
3872
175.76
152
12.08
19
17.46
3874
3875
24.23
168
5
3
17.09
3877
3878
83.66
174
3
3
6.08
3880
881
7.77
151
5
7
18
3881
3882
-49.76
166
8.6
13
8.94
3879
3884
78.69
179
6.08
1
9.22
3883
3885
135
171
8.6
14
5.83
3875
3874
204.23
168
5
3
17.09
3273
3887
90
172
7.07
18
3.16
3888
3889
-10.78
133
5
11
18.38
3887
3878
90
135
1.41
6
9.06
3890
3891
-34.51
119
4.47
12
17.69
3884
3892
41.99
159
6.71
18
7.62
3874
3893
227.49
162
9.85
24
7.62
881
3880
187.77
151
5
7
18
3882
3894
-25.02
145
11.18
41
9.85
3891
3890
145.49
101
2.83
8
19.1
3889
3888
169.22
143
4.47
8
18.03
3878
3892
56.31
159
9.22
14
13.45
3897
3273
146.31
131
7.28
42
8.25
3895
3883
158.2
148
11.18
41
8.94
3885
3883
-45
120
7.28
30
12.37
3898
3899
-30.96
165
11.4
77
3.16
3880
3874
200.56
138
11.18
40
11.7
3890
3901
-57.72
166
19.1
50
6.32
3887
3902
59.04
150
10
29
10.3
3273
3903
48.37
139
10
55
8.06
3892
1073
18.43
133
9.85
38
11.7
3900
3901
129.81
146
11.4
46
9.06
3892
3878
236.31
160
13.34
27
10.3
1073
3888
23.5
141
11.18
23
18
3897
3903
93.81
128
10.82
45
12.04
3904
3890
10.78
123
10.77
30
18.03
3899
3898
149.04
128
10.77
59
10
3901
3890
122.28
156
18.03
50
9.49
3902
3887
239.04
153
16.03
66
8.06
3883
3895
-21.8
125
14.42
56
14.32
3907
3897
165.07
132
14.42
61
12.37
3902
1073
45
148
13.34
26
15.81
3888
1073
203.5
136
10.77
23
19
3890
3904
190.78
120
9.49
26
18.68
3901
3908
193.24
110
9.06
30
16.76
3901
3906
146.31
134
17.46
64
14.14
1073
3902
225
147
15.3
33
15.3
3898
3910
210.47
121
10
30
17
3897
3375
46.97
134
15.03
46
15
3903
3909
49.9
144
16.03
38
15.3
3909
3904
34.29
136
15.3
34
19
3375
3897
226.97
134
19.03
61
15.52
3911
3906
27.65
129
16.28
43
18.68
3910
3898
30.47
125
15.03
47
16.76
3909
3903
229.9
143
19.03
49
15
3906
3911
207.65
126
14.14
36
19.24
3904
3909
214.29
135
16.28
37
19.03
3913
3914
-90
147
7.21
38
6.4
3907
3915
46.55
134
19.03
46
19
3375
3911
41.99
135
19.03
45
19.03
3908
3915
216.87
131
15.03
36
19
3915
3908
36.87
131
18.03
45
19.24
3912
3916
59.04
116
7.21
24
15.81
3911
3375
221.99
136
18.03
41
19
3916
3917
-49.09
150
3.16
2
37.01
3096
3912
127.23
169
30.48
75
6.4
2010
3916
107.65
132
17.46
48
17.49
3917
3916
130.91
143
5.1
5
35.81
3515
3916
125.91
153
15.65
18
23.09
3912
3096
-52.77
151
17.46
27
18.25
2010
3096
-80.54
127
15.65
54
15.56
3516
3096
233.13
133
11.18
47
11.05
3919
3719
52.43
133
11.18
42
12.17
1882
3920
230.71
141
4
12
11.4
918
3719
109.44
124
16.49
57
16.4
3922
3719
122.47
155
9.43
13
18.03
3924
572
2.73
164
14.87
32
8.06
3722
3925
207.9
118
11
34
17.12
3924
1882
-26.57
151
21.02
58
12.04
3926
3925
68.2
172
13.34
13
8.6
2351
3919
139.64
164
25.08
72
7.62
1882
3928
175.6
125
14.21
33
21.4
3929
3920
-15.07
132
10.82
22
21.4
3925
3926
248.2
173
12.37
10
9.43
1591
3925
173.29
124
9.22
32
14.21
3934
3932
-3.58
164
9.22
19
7.62
3928
1882
-4.4
110
9.85
22
24.6
3935
3936
-15.95
149
11.4
26
13.45
3938
3939
-2.86
178
8
1
12.04
3941
3942
-49.76
163
16.64
77
5
3934
3943
113.63
154
7.81
18
11.05
3947
3945
259.7
117
10
53
11.18
3930
3931
12.09
117
12.37
51
14.21
3930
3947
147.53
166
3.16
4
10
3937
3315
141.34
127
11.4
36
15.52
3948
3949
180
127
5
29
8.06
3933
3943
138.81
127
9.22
25
17.46
3951
3944
146.31
161
8.25
22
7.21
3941
3940
-32.74
163
15.52
68
5.1
3941
3952
-14.93
112
5
18
14.42
3948
3950
-5.19
163
18.44
51
7.21
3953
3940
121.48
176
55.8
68
5
3953
3942
126.25
153
2.24
1
53.82
3943
3948
221.42
127
11.05
28
18.44
3939
3955
63.43
127
6.71
21
14.87
3950
3948
174.81
144
11.66
28
14.42
3957
3958
-46.79
142
7.07
6
40
2467
3939
-4.76
147
10.3
58
6.71
3959
3946
74.48
144
13.93
47
11.18
3930
3960
-2.6
166
14.32
23
8.94
3961
3956
132.09
119
4.12
5
40
3961
3953
239.42
172
5.39
2
20.25
3940
3963
-47.42
101
9.43
10
49.4
3964
3949
197.53
164
10.82
17
10
3943
3933
-41.19
128
5.1
12
18.6
3966
3905
-28.81
146
11.05
24
15
3960
3967
128.66
156
8.94
12
17.89
3970
3968
-2.6
127
6.4
15
18.97
937
3971
165.38
161
11.05
15
13.89
3940
3953
-58.52
169
50.25
49
12.65
3969
3965
153.43
103
6.4
20
17.69
3946
3959
254.48
144
8.54
23
12.81
3957
3963
-58.24
169
45.28
60
10.3
3960
3946
175.43
161
22.8
64
8.54
3953
3961
59.42
168
12.65
11
13.45
3967
3966
6.12
155
18.87
36
13.89
3963
3961
48.01
168
10.3
33
4.12
3905
3966
151.19
135
13.6
36
16.55
3973
3967
148.39
127
10.77
19
25.61
3949
3964
17.53
162
13.6
31
8.25
3967
3973
-31.61
143
28.16
64
19.1
3966
3973
263.99
149
16.55
60
9.85
3965
3975
79.22
174
12.04
7
9.49
3978
3979
34.38
125
21
57
20.62
3975
3965
259.22
153
13.6
34
11.31
3981
3982
4.09
180
24.08
4
4
3983
3981
64.98
127
14.76
56
14.14
3985
3983
148.17
130
3.16
4
32.2
3986
3985
48.58
176
20
30
3.16
3965
3969
-26.57
109
11.31
36
17.89
3988
3319
34.51
142
10.44
30
13.04
3964
3965
37.57
145
13.6
56
9.49
3976
3989
221.99
137
12.04
60
9.49
3990
3969
175.43
146
8.06
13
18.97
3982
3981
184.09
154
5.83
6
23.02
3989
3974
222.51
150
13.6
56
8.25
3968
3992
8.75
160
8.06
27
6.32
3983
3985
-31.83
149
15
20
22.8
3986
3987
3.99
136
22.67
30
31.3
3995
3996
247.38
155
19.03
42
12.08
3987
115
205.71
133
10.44
18
24.19
3993
3981
118.07
119
15
53
16.55
3997
1350
15.75
152
40.31
75
19.72
1350
3989
-84.29
139
16.28
53
13.45
3991
3981
177.51
135
20.52
59
17
3998
3999
-2.05
164
27.89
80
8.06
3980
3969
-63.43
147
16.12
63
10
3987
3986
183.99
159
29.97
35
18.87
4003
4004
-7.13
134
7.81
27
12.21
4005
3996
263.09
140
10.82
15
26
4002
538
206.57
167
7.81
26
4
3969
3990
-4.57
123
10
23
21.47
3989
3997
167.62
126
16.28
22
35.23
4006
4004
-62.65
156
24.21
43
14.56
3997
3989
-12.38
152
40.52
71
20.1
4007
4008
20.38
174
34.89
57
5
3999
4009
86.63
170
8.06
9
9.22
4007
3985
-28.07
165
13.34
9
21.4
4011
3996
-77.47
117
12.37
19
33.24
4001
2779
106.7
137
16.12
50
14.42
3985
3987
-26.57
175
27.86
36
4.47
4008
4013
118.07
155
5
9
12.65
4004
4006
117.35
153
12.21
14
22.56
3593
4014
45
159
7.62
10
15.81
3998
4013
204.78
138
7.62
30
10.05
3996
4011
102.53
146
24.76
40
21.47
4015
4010
175.43
122
13.6
32
21.4
3987
538
-10.01
152
9.49
26
10
4017
3990
203.2
159
11.31
41
6.32
4020
4018
123.69
147
7.62
27
9.06
4001
3990
-27.76
139
12.37
33
14.76
3996
2779
136.64
123
12.37
29
20.88
4019
827
-69.62
134
7.62
9
32.56
4008
4007
200.38
165
27.2
33
13.34
3985
4012
-21.04
105
13.6
28
27.66
827
4019
110.38
156
36.77
75
15.81
4021
827
-22.2
144
23.77
22
36.77
4009
4019
-33.69
142
11.05
49
9.06
4014
3593
225
162
17.89
45
8
4021
3999
14.62
132
17.89
48
18.03
4022
4013
143.62
139
11.05
25
17
4013
4022
-36.38
150
10.05
18
15.81
4008
4010
216.03
117
18.25
40
25.08
4016
4012
174.81
157
9.49
58
4.47
4009
3999
266.63
121
14.42
51
15.81
827
4021
157.8
167
48.51
63
13.04
4015
4022
67.17
148
18.25
61
11.05
3593
4022
-55.3
125
8
30
13.04
3996
3990
-61.7
147
12.53
58
8.06
827
4022
171.7
158
45.35
69
18.44
827
1030
194.04
131
13.42
15
38.01
4024
4025
255.47
173
23.19
30
5.66
3990
4017
23.2
143
8.06
28
10.05
4024
1030
178.49
133
30.41
52
28.6
4022
4015
247.17
145
18.44
62
12.04
4016
1030
126.47
132
11.05
21
22.8
4015
4012
-49.4
126
12.04
25
22.8
4023
4026
140.71
170
12.53
50
3
4027
4024
48.81
139
2
2
30.41
4025
4027
167.91
159
6.08
14
8.94
4024
4027
228.81
154
27.89
60
14.32
4026
2300
15.78
165
17.49
8
31.26
4029
4026
181.51
162
28.79
40
14.21
2300
4026
195.78
140
14.42
14
38.01
4023
4030
-13.67
147
28.79
48
21.47
4031
4032
-80.91
158
15.26
27
12.65
4029
4031
27.65
152
14.42
32
13.04
4029
4032
-29.25
124
23.71
51
25.32
4032
4029
150.75
133
15.81
32
21.47
4035
4036
29.05
168
10.63
12
10.44
4038
4039
158.75
151
13.15
39
10.3
4035
3635
192.53
174
18.03
75
2.24
2755
4040
8.37
177
33.73
71
2.24
4038
4034
232.43
143
10
35
10.44
4042
2755
-27.22
178
33.11
11
6.4
4034
3635
202.93
162
10.63
10
18.44
4034
4038
52.43
128
11.4
43
13.15
4043
4042
-86.99
135
12.04
39
13.6
3635
4041
184.51
173
33.73
43
6.4
4045
4034
-45
147
10.2
29
11.4
4046
4045
204.23
157
14.87
35
10.2
4042
4041
-25.02
163
15.13
13
19.21
4047
4043
215.75
147
8.54
11
24.17
3635
4034
22.93
142
27.29
67
18.38
4042
701
-7.59
119
13.6
54
14.76
4045
4046
24.23
166
20.62
69
5.66
4046
4051
65.56
174
19.92
28
5
4048
4043
204.44
151
22.2
66
12.04
4046
4050
72.47
118
5.66
16
18.03
4041
3635
4.51
147
17.8
22
25.3
4048
4053
37.57
149
8.54
10
25.94
4052
701
178.03
140
17.8
36
19.21
3635
4045
61.56
152
25
65
13.04
3654
4052
215.31
126
25
53
25.3
4054
4050
-76.76
164
16.12
66
5
4055
4044
182.49
142
21.26
64
14.76
4056
4045
249.44
148
19.42
30
20.62
4044
4055
2.49
129
22.2
62
19.72
4049
4057
87.4
166
19.42
56
5.83
701
4052
-1.97
137
21.26
47
19.85
4053
4048
217.57
156
19.24
27
17.26
4055
1108
70.71
131
19.72
60
17.26
3654
4055
183.09
148
29.41
52
19.85
4059
3654
-56.98
124
24
30
40.05
4055
3654
3.09
113
21.19
34
34.99
4060
4056
-75.96
164
19.72
73
5.83
3654
4059
123.02
154
34.99
43
22.36
4045
4061
95.08
100
13.04
16
44.91
3654
4061
78.44
166
40.05
58
11.7
4061
4045
-84.92
135
20.62
25
34.18
4061
4062
153.43
134
11.7
40
13
4062
4060
-2.12
166
14.32
14
13.6
4056
4060
104.04
144
20.62
71
13.04
4060
4062
177.88
146
13.04
24
17.89
4064
4065
-45
172
5
2
16.28
4069
4067
254.05
180
11.4
2
3.16
4072
4070
-90
154
2.24
45
1.41
4072
4073
77.47
168
4
9
5.39
4074
4075
-49.76
171
9.22
10
8.06
4065
4064
135
162
2.24
2
19.1
4077
4078
25.46
175
5.83
1
17.46
4076
4080
132.27
173
9.22
11
5.83
4069
4067
254.05
177
9.22
5
5.39
4081
4071
95.71
174
9.22
50
1.41
4082
4083
9.87
152
6.4
9
18
4071
4073
84.81
149
2.24
7
9.22
4078
4077
205.46
167
6.4
4
17.09
4084
4064
-8.13
134
6.4
15
17.46
3607
4064
132.88
165
18.87
79
5
4069
4086
41.63
151
6.32
25
7.28
4077
4087
227.49
160
10.77
31
7.28
4088
4081
142.13
143
7
36
7.28
4080
4076
-47.73
133
7
27
11.4
4085
4089
-42.88
170
18.87
80
3.61
4083
4082
189.87
152
6.4
9
18
4073
4086
57.09
160
9.22
15
12.04
4064
4084
171.87
119
5
13
19.31
4090
4091
-30.96
160
11.18
73
4.12
4081
4093
48.37
133
10.05
54
9.06
4071
4094
54.46
150
11.05
36
9.49
4085
4095
-57.72
166
19.1
50
6.32
4082
4077
200.56
131
11.7
43
13
4092
4095
132.27
143
11.18
48
9.06
4088
4093
93.58
132
11.4
45
12.04
4086
4096
17.35
130
10.77
39
13
4086
4073
237.09
156
14.14
38
9.49
4097
4091
24.44
120
11.05
55
11.66
4096
4084
26.57
137
11.7
26
18
4098
4088
165.07
135
13.89
59
11.4
4094
4071
234.46
149
15.03
60
9.06
4095
4085
122.28
154
17.49
48
10.44
4100
4085
12.8
122
12.65
34
19.31
4094
4096
46.55
145
14.14
29
16.76
4084
4096
206.57
135
12.65
29
18.03
4085
4100
192.8
120
10.44
27
19.65
4095
4101
196.39
113
9.06
30
16.49
4088
4102
45
132
16.03
52
15.13
4101
4095
16.39
115
14.14
47
17.49
4090
4103
215.22
131
11.05
31
16.03
4102
4088
225
132
18.03
59
15.52
4093
2350
46.74
141
15.03
39
15.13
4096
4094
226.55
147
17.26
38
15.13
2350
4100
37.3
138
17.26
40
18.03
4103
4090
35.22
129
16.03
49
16.49
2350
4093
226.74
140
19.03
54
15.13
4104
4099
27.65
125
16.12
42
19.65
4099
4104
207.65
126
14.14
36
19.24
4100
2350
217.3
135
16.12
37
19
4098
4105
45
132
18.03
45
19
4107
4108
-90
151
8.06
45
5.66
4101
4105
218.66
133
16.03
38
19
4102
4104
43.53
137
19.03
43
19
4105
4101
38.66
132
19.03
47
19.24
4104
4102
223.53
137
19.03
43
19
4106
4109
63.43
124
8.06
26
15
4109
3917
-49.84
145
4.12
3
38.6
3096
4106
126.16
170
31.83
81
5.66
2010
4109
108.43
135
17.89
45
17.89
3917
4109
130.16
131
5
5
38.83
1561
4109
124.51
155
16.12
16
25.3
4106
3096
-53.84
153
17.89
26
18.25
2010
3096
-80.54
130
16.12
57
14.87
4112
3096
180
120
10.3
56
10.82
2302
4113
230.71
141
4
12
11.4
4115
3096
230.71
131
11.18
50
11
4112
3719
54.46
135
11.18
40
12.37
4116
3719
107.53
125
16.76
53
17.2
4117
4118
7.77
162
15.65
34
8.94
4119
3719
121.33
148
8.94
13
19.92
4121
4122
214.51
121
13.04
41
17.12
4117
2302
-24.44
148
22.2
65
13
4123
4122
67.17
170
14.32
22
7.07
2302
4124
180
130
14.21
32
20.25
4125
4112
138.01
164
25.5
71
7.62
4112
4125
-41.99
156
16.76
30
13.6
4129
4127
-7.13
173
9
8
7.28
4130
4113
-12.99
138
10.3
19
20.25
4131
4132
-15.95
165
11
15
11.66
4004
4135
-49.76
165
15.81
66
4.47
4122
4123
247.17
172
12.37
12
8.6
4129
4137
116.57
151
7.21
20
10.05
4124
2302
0
112
10.77
24
24.17
4120
4122
173.29
121
10
35
14.87
4140
4135
125.42
152
2.24
1
53.25
4142
4143
185.71
133
5
28
7.62
4145
4138
146.31
161
8.25
22
7.21
4133
4146
139.09
140
11
31
13.6
4140
4134
121.48
177
55.22
58
4.47
4128
4137
138.81
139
9
22
15.65
4004
4134
-34.7
164
15.81
81
4.47
4004
4147
-18.43
109
5
18
15
4142
4144
-5.19
163
18.44
51
7.21
4150
4148
260.54
129
12.04
63
10.44
4139
4122
137.73
130
14.14
61
12.37
4152
4153
-47.64
133
7
7
41.62
4136
4150
143.97
126
3.16
12
12.04
4144
4142
174.81
140
12.21
31
15
4137
4142
219.47
124
10.05
26
18.44
4154
4151
130.31
117
4.12
5
41.62
4134
4155
-48.18
103
10.3
11
49.74
4156
4143
194.74
171
9.85
9
10.05
4158
4159
-53.13
175
13.45
36
2
4134
4140
-58.52
170
50.99
51
11.7
4160
4149
76.76
144
15.23
60
10.44
4136
4161
-7.77
165
14.14
24
9.43
4152
4155
-59.83
168
46.01
63
10.82
4137
4128
-41.19
139
4
8
18.44
4140
4154
56.31
167
11.7
11
14.14
4165
4163
-5.19
130
4.24
9
19.65
4149
4161
-4.57
157
3.16
3
22.2
4155
4154
45
169
10.82
30
4.12
4164
4162
153.43
109
4.24
13
17.03
4161
4166
128.66
161
9.43
10
17
4149
4160
256.76
147
8.54
24
11.4
4167
4159
-26.57
144
11.18
26
15
4158
4168
167.74
158
11.18
17
13.89
4143
4156
14.74
167
12.53
21
8.06
4161
4149
175.43
161
22.8
64
8.54
4170
4166
146.82
131
10.44
18
25.61
4166
4167
6.12
155
18.87
36
13.89
4159
4167
153.43
133
13.93
38
16.55
4166
4170
-33.18
141
28.16
62
20.1
4173
2056
39.09
146
10.44
26
13.34
4174
4162
257.2
153
15.52
39
11.4
4167
4170
264.29
150
16.55
55
10.3
4177
4178
36.38
127
23
61
21.02
2086
4179
50.19
176
20.81
31
3.16
4179
4180
149.62
132
3.16
4
31.62
4162
4164
-26.57
116
11.4
38
16.55
4156
4162
39.81
150
11.7
46
8.06
4182
4180
-64.98
116
14
50
16.55
4181
4183
4.09
177
24.19
18
4.12
4184
4164
171.25
164
7.07
5
19.65
4185
2772
227.73
148
12.17
54
8.06
4178
4186
-62.24
118
11
30
19.03
2772
4169
219.81
150
11.7
46
8.06
4163
4188
0
172
7.07
9
6.08
4172
4189
205.71
133
10.44
18
24.19
2086
4172
3.99
134
23.43
32
31.76
4183
4181
184.09
154
5.83
6
23.02
4180
4179
-30.38
150
15
20
22.02
4172
2086
183.99
159
29.97
35
18.87
4192
4193
-10.62
143
6.71
20
11.66
4175
4164
-64.98
150
15.81
70
8.49
4186
2772
-84.29
133
15
47
14.87
4190
4181
118.07
119
15
53
16.55
4178
4195
225.97
109
21.47
30
40.52
757
4181
177.51
135
20.52
59
17
4164
4184
-8.75
127
8.49
17
22.36
2772
4195
167.62
128
15.62
20
34.67
4196
4197
261.63
138
10.82
15
27.31
4199
4193
-62.65
156
24.21
43
14.56
4202
4200
194.53
105
9
18
27.07
4195
2772
-12.38
152
40.52
71
20.1
4179
4172
-28.18
178
29.97
35
2.24
4205
4179
-25.02
173
13.6
5
19.72
4193
4199
117.35
149
11.66
15
23.54
4194
4206
104.04
139
15.81
50
13.6
4205
4207
20.38
172
35.36
65
5.66
4172
4209
-13.24
155
9.22
23
10
4210
4197
-79
111
12.17
19
34.37
4211
4184
204.78
160
9.9
34
6.08
4212
4204
175.43
131
11.31
25
19.72
4194
4184
-26.57
140
12.37
31
15.26
4201
4213
83.29
174
9
7
8.25
4207
4214
119.74
165
5.66
7
10.77
4197
4210
101
147
24.04
38
21.47
4197
4206
135
121
12.37
30
20.62
4215
4216
45
154
9.49
16
14.76
4200
4214
211.61
141
9.49
37
10.05
4179
4203
-25.71
110
11.31
22
28.32
4207
4205
200.38
163
27.8
37
13.6
4208
4203
180
168
9.22
63
2.24
4219
4217
123.69
140
7.28
27
10.05
4218
1473
-69.08
127
7.28
10
32.56
4220
1473
-22.2
143
22.8
21
37.48
4207
4204
217.69
119
19.24
42
25.08
4201
1473
-43.92
107
16.12
25
36.4
4221
4214
143.62
144
11
23
16.12
4212
4221
67.17
149
19.24
67
11
4197
4184
-58.39
156
14.42
70
6.4
4216
4215
225
164
17
37
8.06
4224
4223
255.47
174
22.2
24
6.4
4214
4221
-36.38
150
10.05
18
15.81
1473
4220
157.8
165
48.37
63
14.04
4220
4201
15.26
134
17
47
16.64
4213
4218
-36.87
138
11.05
47
10.05
4215
4221
-55.3
118
8.06
30
14.04
1473
2699
195.26
131
14.32
16
38.01
4184
4211
24.78
154
6.4
18
9.06
1473
4221
172.87
158
45.61
70
18.44
4213
4201
263.29
121
15
53
16.12
4224
2699
178.49
134
29.7
50
27.8
4221
4212
247.17
145
18.44
62
12.04
4223
4225
167.91
168
6
8
8.54
4208
2699
127.69
128
10
20
23.09
4225
4224
48.81
139
3
3
29.7
4212
4203
-47.86
128
12.04
24
23.09
4222
4226
137.73
172
14.42
74
2.24
4224
4225
228.81
154
27.89
60
14.32
4226
4228
12.26
162
17.49
10
31.02
4229
4226
176.99
161
28.16
39
14.87
4228
4226
192.26
136
14.42
15
38.05
4222
4230
-16.56
147
28.16
45
21.47
4231
4232
-80.91
161
14.76
23
12.37
4229
4231
27.65
152
14.42
32
13.04
4229
4232
-29.25
124
23.71
51
25.32
4232
4229
150.75
133
15.81
32
21.47
4235
4236
26.57
170
10
9
10.44
4238
4239
153.43
144
12.17
34
12.53
4238
4234
230.19
141
9
33
10.44
4234
4240
206.57
170
10
5
19.31
4234
4238
50.19
129
10.2
40
12.17
4240
4241
184.51
178
33.24
15
5.1
905
4243
-86.99
144
14.21
48
11.31
4245
4234
-37.57
143
11
41
10.2
4243
4241
-28.07
167
15.52
10
19.21
4247
4245
207.65
160
14.87
27
11
4240
4234
26.57
147
26.42
64
16.4
4248
905
214.22
141
10.44
16
23.09
4243
4246
-14.93
121
11.31
44
13.89
4245
4247
27.65
167
21.26
58
5.83
723
905
197.65
144
22.2
68
14.21
4241
4240
4.51
149
17.2
20
25
4247
4251
73.61
105
5.83
19
17.2
4247
4252
66.8
174
17.72
21
5.66
4250
4246
176.05
141
17.2
34
19.21
723
3187
36.53
144
10.44
13
26
4240
4245
60.52
151
23
60
13
4253
4250
213.69
124
23
49
25
4254
4244
180
144
20
59
13.89
4246
4250
-3.95
140
20
43
19.1
4244
4254
0
126
22.2
60
20.59
4255
4245
248.84
146
17.46
27
21.26
4256
4251
-79.38
161
13.89
55
5.66
4249
4257
87.27
165
17.46
48
6.4
3187
723
216.53
157
19.72
26
17.26
4254
4258
71.57
133
20.59
61
17.26
4253
4254
183.09
150
28.84
50
19.1
4254
4253
3.09
112
22.14
35
35.51
4260
4253
-57.99
120
23.02
29
41.05
4253
4260
122.01
155
35.51
45
21.59
4261
4253
258.18
163
43.19
78
13
4262
4255
-78.69
162
18.36
62
6.4
4261
4245
-84.69
133
20
26
33.24
4253
4261
78.18
166
41.05
67
11.18
4261
4263
153.43
144
11.18
36
11.18
4263
4262
0
162
15.81
21
13.93
4255
4262
101.31
139
20
67
14.42
4262
4263
180
147
14.42
26
17.89
4265
4266
-23.2
169
5.1
3
17.89
4268
4269
-45
162
4.47
4
17.03
4270
4271
-51.84
177
10.63
4
7.21
4274
4272
257.01
179
10.2
5
3.16
4276
4277
104.04
105
1
14
4
4278
1400
-47.73
178
4.24
1
10.63
4277
4279
81.87
172
3
5
4.12
4265
4266
-23.2
180
18.38
3
4.47
4269
4268
135
162
2.24
2
19.1
4283
4281
226.85
176
6.4
1
15.56
4282
4284
30.96
160
6.4
7
17.46
4275
3687
-77.47
103
1
6
9.06
4274
4272
257.01
180
9.22
1
4.12
4276
4279
90
166
4.12
8
7.07
4285
4265
12.26
143
7.81
15
18.03
4286
3687
138.37
139
7
34
8.25
4278
1400
-47.73
133
7
27
11.4
4274
4287
38.66
152
7.62
30
7.07
4284
4282
210.96
161
7.81
9
16.16
4280
4268
132.88
163
18.36
73
5.83
4289
4268
-5.44
124
6.4
16
18.38
4282
4281
225
157
10.77
36
7.07
4288
4290
-42.88
167
18.36
73
4.47
4279
4287
54.78
158
9.22
16
12.81
4293
4291
174.81
104
3.16
16
10.77
4265
4285
192.26
141
6.4
12
19
4292
4294
212.47
123
4
17
11.4
3687
4295
36.87
121
9.06
55
9.49
4268
4289
174.56
116
5.83
15
19.31
4276
4296
55.3
146
11
42
9.22
4286
4295
94.09
136
12.04
57
10
4297
4091
52.43
137
10.05
37
11.4
4293
4106
135
141
11.05
51
9.06
4288
4106
-59.04
164
19.1
46
7.28
74
4286
161.57
135
13.42
56
11.4
4285
4282
201.8
131
12.65
50
12.53
4287
4279
234.78
157
15.3
42
9.22
4294
4292
32.47
128
11.05
54
10.77
4287
4298
14.93
127
10.77
43
12.53
4295
4296
90
109
9.49
34
15.81
4298
4289
27.55
136
12.65
27
19
4106
4288
120.96
152
17.49
46
11.4
4294
4300
228.58
133
10.05
24
17.46
4301
4288
15.26
123
13.6
36
19.31
4296
4298
46.55
148
15.3
31
15.52
4286
4302
40.6
127
14.04
48
15.13
4106
4303
199.44
116
9.06
30
16.28
4288
4301
195.26
121
11.4
29
19.65
4302
4286
220.6
128
17.03
59
15.81
4289
4298
207.55
135
13.6
30
19.03
4291
4304
217.41
133
11.05
30
16.12
4303
4106
19.44
118
15.13
50
17.49
4300
4294
48.58
135
15.03
41
16.12
4295
4305
50.19
141
16
42
15.13
4298
4296
226.55
147
17.26
38
15.13
4304
4291
37.41
131
16.03
48
16.28
4305
4295
230.19
141
20
57
15.13
4305
4301
36.03
137
17.26
39
19.03
74
4105
41.63
129
17.03
44
19.03
4306
4299
28.61
129
17.26
43
19.65
4299
4306
208.61
127
15.13
37
20.22
4301
4305
216.03
137
17.26
39
19.03
4303
4105
220.36
134
16.03
37
19.03
4307
4308
-90
154
8.94
63
4.47
4302
4306
45
135
20
48
19.03
4105
4303
40.36
131
20
48
20.22
4306
4302
225
135
20
48
19.03
4106
4309
64.8
129
8.94
27
15
4309
3917
-50.71
130
4
4
40.22
4308
3096
-46.22
108
4.47
7
32.2
2010
4309
107.74
135
17.89
42
18.79
3917
4309
129.29
130
5
5
39.66
4106
3096
-53.84
153
17.89
26
18.25
1561
4309
123.69
154
16.12
15
26.25
2010
3096
-80.54
130
16.12
57
14.87
2706
4311
230.71
141
3
9
12.04
3096
4312
-59.04
127
11.05
60
10.3
2181
4314
45
131
14.04
45
15
4315
3096
228.01
128
11.18
53
11.05
4121
4316
218.99
180
20.62
0
6.4
4313
3301
54.46
135
11.18
40
12.37
4313
4312
240.95
175
7.62
15
2.83
4318
4319
12.8
158
17.2
44
9.43
4320
3301
107.53
125
16.76
53
17.2
4321
3301
121.33
148
8.94
13
19.92
2181
4322
13.5
149
19.8
49
13.6
4121
2076
219.09
126
14.04
42
17.03
4318
2706
-19.98
148
22.56
70
13
4323
2076
67.17
169
15.3
28
6.4
3923
4324
198.43
163
17.2
41
7.62
2706
4325
184.4
134
14.21
32
19.24
4327
4328
-33.69
173
6.71
6
7.81
4329
4313
135
165
26.42
68
7.62
4331
4332
-49.76
168
16.4
73
3.61
4333
4332
125.42
160
3.61
1
51.87
4335
4336
-15.95
175
11.18
5
10.77
4313
4329
-45
153
16.76
30
15.52
4320
4329
-75.07
132
8.94
34
11.7
4333
4330
122.01
177
55.22
65
3.61
4326
4338
123.69
151
6.71
21
9.22
4328
4327
146.31
159
9.22
29
6.71
4331
4330
-37.57
165
16.16
78
4.47
4341
4338
140.91
149
8.06
17
14.42
4331
4340
-21.8
114
4.24
15
15
4344
4345
-47.64
133
8
8
41.05
4337
4346
136.97
148
11.18
28
12.65
2076
4323
247.17
171
13.34
16
7.81
4342
4339
-5.44
163
18.44
57
6.71
4325
2706
4.4
117
10.77
24
23.41
4347
4343
130.16
104
4.47
6
41.05
4339
4342
174.56
137
11.4
31
15
2181
2076
176.63
118
11.66
41
15.56
4338
4342
219.09
117
9.22
26
18.44
4330
4349
-48.18
100
9.43
10
50.25
4330
4333
-57.99
171
50.99
53
10.77
4351
4352
131.99
116
10.44
46
13.04
2087
4352
143.13
125
3.16
11
13.45
4348
2076
135
127
14.14
57
13.34
4333
4347
58.24
171
10.77
7
14.21
4344
4349
-58.84
169
46.01
60
10.3
4353
4354
188.97
177
9.22
3
10.05
4349
4347
50.71
170
10.3
24
4.47
4338
4341
-39.09
153
5.1
8
16.28
4358
4356
-7.43
159
4.12
4
19.42
4359
4351
76.76
144
15.23
60
10.44
4357
4355
153.43
140
4.12
10
15
4361
4362
-58.39
170
13.45
50
3.16
2087
4363
-10.3
162
14.14
26
10
4351
4363
-6.84
155
3.16
3
22.36
4354
4353
8.97
169
11.7
16
8.06
4351
4359
256.76
149
9.49
27
10.63
4363
4365
130.36
168
10
7
16.64
4363
4351
173.16
158
22.8
64
9.49
4366
4362
-26.57
140
12.37
31
15.26
4368
3839
167.01
173
11.05
32
2.83
4361
4369
168.23
155
12.37
21
14.42
4372
4370
39.09
150
8.54
18
13.93
4373
4374
52.13
174
21.1
52
3
4375
4365
147.8
132
10.44
17
26.25
4374
4376
149.62
150
3
2
31.06
4362
4366
153.43
133
13.93
38
16.55
4355
4357
-26.57
120
10.82
36
15.65
4353
4355
39.81
152
10.77
39
8
4365
4366
6.12
152
19.42
39
14.42
4380
4357
169.11
178
7.07
1
19.42
4365
4375
-32.2
142
28.16
60
20.02
4381
4382
-90
118
21.47
51
24.21
4366
4375
267.14
153
16.55
55
9.43
4383
4379
227.73
149
11.18
47
8
4385
4376
-64.98
120
14.04
51
15.65
4371
4386
203.96
135
8.54
14
24.33
4384
4387
6.12
177
24.33
20
4.12
4379
4364
216.87
149
10.77
43
8.06
4356
4388
-9.46
179
7.07
1
5.1
4373
4371
2.66
131
22.8
31
33.12
4367
4389
-63.43
122
11.05
29
19.03
4371
4373
182.66
159
29.55
34
18.87
4391
4392
-10.62
151
6.32
15
11.18
4376
4374
-30.38
158
15.13
16
20.52
4387
4384
186.12
148
6.4
8
23.02
4395
4378
142.43
109
7.21
25
15.65
4389
4379
-84.29
133
15
47
14.87
4357
4380
-10.89
136
7.21
13
21.93
4393
4384
116.57
125
15.13
53
15.65
4367
1479
226.91
111
22.36
31
40.52
4379
1479
167.62
131
15
19
34.13
4396
4392
-60.95
154
23.02
45
14.56
4394
4384
177.51
133
21.21
60
17.89
4392
4396
119.05
146
11.18
16
22.56
4371
4398
-14.04
159
8.06
17
9.43
1479
4379
-12.38
152
40.52
71
20.1
4400
4374
-23.43
178
13.93
1
18.79
4402
4401
198.43
109
11
22
27.07
4403
4380
201.04
165
10
32
5.1
4400
4404
18.92
171
35.36
70
6.4
4395
4380
-24.23
142
12.37
32
14.42
4406
4399
175.43
139
10
20
18.79
4374
4407
-29.05
115
10
18
28.32
4404
4408
119.74
172
6.4
5
9.85
4397
4407
180
173
8.06
26
2.24
2620
4409
82.87
173
11
14
5.39
4404
4400
198.92
162
27.8
39
13.93
4401
4408
211.61
141
9.49
37
10.05
4410
4411
46.85
156
9.49
16
13.89
4412
4405
143.13
107
5
19
14.42
4414
4413
255.96
175
21.21
15
8.06
4404
4399
217.69
119
19.24
42
25.08
4415
4416
-69.08
120
7.07
10
33.54
4406
4418
66.04
148
19.24
71
11.05
4380
4403
21.04
165
5
8
9.22
4419
4416
-21.19
142
23.09
22
37.48
4417
2948
126.03
135
7.07
30
10.05
4418
4408
141.71
147
11.05
21
16.12
2620
4416
-43.92
107
16.12
25
36.4
4416
4420
196.46
132
14.32
16
38
4416
4419
158.81
165
48.26
64
14.04
4414
4420
180
135
29.7
51
27.02
4408
4418
-38.29
148
10.05
18
16.64
4416
4418
174.05
158
45.88
71
18.44
4411
4410
226.85
161
17.46
46
8
4410
4418
-57.26
123
8
28
14.04
4419
2620
17.65
132
17.46
48
17.49
4397
4420
128.99
129
10
20
22.14
4421
4414
51.07
142
5
6
29.7
4418
4406
246.04
144
18.44
66
12
4409
4415
-33.69
137
11.18
50
10.05
4406
4407
-47.86
133
12
23
22.14
4405
4412
-36.87
99
1.41
5
14.87
4409
2620
262.87
117
14.42
53
16.12
4414
4421
231.07
156
28.86
59
14.14
4422
4424
8.65
158
17.49
12
31.06
4425
4422
172.5
163
27.46
34
14.87
4424
4422
188.65
133
14.42
16
38.33
4412
4426
-19.86
150
27.46
43
20.12
4427
4428
-83.16
159
14.76
25
12.65
4428
4425
149.74
135
15.52
33
20.12
4425
4428
-30.26
123
23.71
52
25.18
4425
4427
27.65
152
14.42
32
13.04
4432
4430
-31.43
174
12.08
9
9.22
4434
4435
26.57
175
9.43
4
10.77
4430
4432
148.57
144
12.04
32
13.42
4430
4433
227.73
138
7
25
10.77
4433
4437
208.3
177
9.43
1
20.12
4433
4430
47.73
127
10.2
42
12.04
1530
4438
-86.63
147
15
61
9.43
4440
4433
-28.3
137
11.4
50
10.2
4438
4442
-30.96
178
17
2
18.03
4443
4440
211.76
167
14.14
16
11.4
4437
4433
28.3
151
24.7
56
14.76
4438
4441
-28.07
120
9.43
33
14.76
4444
1530
212.62
138
11.4
19
22.56
4442
4437
4.51
155
16.12
16
24.52
4440
4443
31.76
171
21.26
43
5.1
4445
1530
192.8
141
21.4
65
15
4448
4447
234.46
163
15.81
65
5.1
4446
4441
176.05
147
16.12
29
18.03
4443
4449
63.43
172
15.81
18
7.07
4437
4440
58.24
149
20
53
13.04
4445
4450
36.53
142
11.4
15
25.63
3994
4446
212.01
123
20
43
24.52
4451
4439
177.51
141
20
59
14.76
4441
4446
-3.95
140
20
43
19.1
4439
4451
-2.49
125
21.4
58
20.59
4452
4440
246.57
146
16.28
25
21.26
3994
4451
181.55
150
28.3
48
19.1
4453
4448
-78.69
153
12.81
56
7.07
4450
4445
216.53
156
20.59
29
17.12
4451
4454
70.71
132
20.59
64
17.12
4447
4455
87.27
167
16.28
35
6.4
4451
3994
1.55
111
21.19
33
35.51
4457
3994
-57.99
118
24.08
30
42.01
4458
3994
256.61
163
41.11
72
13.04
3994
4457
122.01
155
35.51
45
21.59
4458
4440
-85.82
129
19.42
27
32.7
3994
4458
76.61
166
42.01
76
11
4459
4452
-75.26
163
16.64
53
6.4
4458
4460
153.43
154
11
31
9.43
4460
4459
0
161
14.87
21
13.93
4452
4459
104.74
140
19.42
68
13.6
4459
4460
180
144
13.6
26
17.89
4462
4463
66.37
177
17.09
66
1
4465
4466
-21.8
159
4
4
17.89
4464
4468
244.8
176
17.09
38
2.24
4469
4470
77.01
168
4
5
9.49
4473
4474
111.8
176
2.24
3
3.16
4475
4476
46.85
174
5
1
16.97
4478
4479
-40.91
140
3
6
17.69
4480
4468
246.04
157
1
1
18.79
4472
3887
-79.7
164
2.24
3
9.06
4466
4465
158.2
159
3
3
18.79
4479
4478
139.09
113
2.24
6
19.1
4470
4469
257.01
179
10.2
5
3.16
4476
4475
226.85
176
6.4
1
15.56
4473
4482
90
159
5.39
18
6.32
4468
4480
66.04
123
3.61
9
18.03
4483
4485
29.74
159
6.4
7
18.38
4487
3887
135
151
7.28
29
7.28
4486
1622
-50.19
146
7.28
23
10.44
4091
4484
243.43
135
3.16
7
18.03
4488
4465
14.62
141
8.6
17
18.03
4470
4489
33.69
140
7.28
41
7.07
4490
4360
234.46
145
3
6
14.87
4484
4091
63.43
146
7.07
15
14.87
4481
4478
132.88
159
18.79
76
7.21
4483
4475
225
154
12.65
53
7.07
4485
4483
209.74
156
8.6
12
16.76
4492
4478
-2.6
123
8.6
22
18.79
4473
3887
-83.66
123
8.94
60
8.6
4495
4494
216.03
127
4
16
11.7
4497
4496
180
109
3.16
16
10.44
4482
4489
55.49
157
10.2
21
10.82
4360
4498
230.53
133
7.07
16
18.03
4491
4499
-38.66
167
18.79
77
4.47
4487
4493
98.13
144
12.73
62
8.6
4473
4500
53.13
144
11
46
9.06
330
4487
158.2
140
12.65
51
10.44
4360
4490
54.46
139
10.05
34
11.7
4465
4488
194.62
141
8.6
17
18.03
4478
4492
177.4
122
7.21
18
19.31
4497
4501
135
135
11
50
10.05
4494
4495
36.03
132
11.05
52
10.44
4491
4501
-55.62
164
19.21
50
7.28
4498
4360
50.53
130
10.2
26
17.46
4489
4482
235.49
154
15.13
49
9.06
4493
4500
86.42
113
8.94
33
15
4488
4483
197.35
124
14.56
54
15
4489
4503
10.62
120
12.65
47
15
4494
4502
228.58
133
10.05
24
17.46
4501
4491
124.38
151
17.89
49
11.4
4503
4492
30.58
137
14.56
33
18.03
4487
4505
40.24
123
14.14
51
15.3
330
4505
96.71
119
16.16
56
17.03
4506
4491
15.95
119
13.34
37
19.31
4500
4503
45
143
15.13
34
16.28
4496
4507
219.47
135
11.05
28
16.28
4501
4508
203.96
120
10.05
30
17.12
4502
4494
48.58
135
14.04
37
16.28
4491
4506
195.95
122
11.4
31
18.68
4493
4509
46.74
141
16.03
42
15.03
4508
4501
23.96
122
16.12
50
17.89
4492
4503
210.58
134
13.34
30
19
4507
4496
39.47
130
16
46
17.12
4503
4500
225
146
17.26
41
15.03
4509
4493
226.74
140
20.02
58
15.3
330
4510
43.26
127
17.12
46
19.03
4509
4506
37.69
138
17.26
37
19
4511
4504
31.76
132
18.25
47
18.68
4504
4511
211.76
129
16.12
40
19.24
4508
4510
220.36
131
16
37
20.02
4505
4511
43.53
137
20.02
46
19.03
4506
4509
217.69
138
18.25
40
19.03
4513
4514
-90
154
8.94
75
4.12
4511
4505
223.53
137
20.02
46
19.03
4510
4508
40.36
134
20.02
49
19.24
4512
4515
64.8
129
8.94
27
15
4514
3096
-48.5
118
4.12
6
33.02
4515
3917
-51.55
129
4
4
41.05
2010
4515
107.1
137
18.36
42
18.79
3917
4515
128.45
118
5.1
6
41.34
4512
3096
-54.87
155
18.36
25
18.25
4517
4515
122.15
155
16.64
15
27.2
3098
4311
228.01
139
2
6
12.04
2010
3096
-80.54
133
16.64
60
14.21
4519
590
136.47
176
22.02
15
5.83
3096
4312
-59.04
132
11.18
62
9.43
4520
4314
48.81
136
16.03
48
15
4521
3096
225
125
11.18
55
11.18
1985
4312
237.99
172
7.62
31
2.24
4121
4316
218.99
176
21.93
17
5.39
1985
3301
56.31
137
11.18
37
12.65
4524
4319
19.98
158
19.1
51
9.43
4526
4525
-55.44
180
51.04
0
3.61
4527
3301
105.95
127
17.09
49
18.03
4528
3301
120.26
141
8.54
14
21.84
4520
4529
13.5
145
21.26
55
14.87
4531
4526
-47.49
168
15.81
76
3.61
4319
4524
199.98
110
14
35
22.8
4525
4530
121.14
177
54.64
64
3.61
3098
4532
188.75
141
13.45
28
18.03
4121
4523
223.15
130
16.03
46
17.03
3923
4533
200.85
158
19.1
56
8.6
4534
4523
67.17
168
17.26
45
5.39
4535
1985
132.27
166
27.46
65
7.62
4536
4531
158.2
102
3.61
12
15.81
4538
4539
-47.64
125
7.07
7
42.44
4542
4540
149.74
157
9.06
33
6.71
4543
4537
129.29
96
3.61
4
42.44
4531
4536
-21.8
114
4.24
15
15
1985
4535
-47.73
153
17.09
28
16.49
4527
4535
-75.96
125
8.54
31
13.6
4544
4541
-5.44
163
18.44
57
6.71
4530
4525
-58.86
171
51.09
55
9.85
4530
4545
-49.76
104
8.94
10
49.74
4541
4544
174.56
137
11.4
31
15
4525
4543
56.98
171
9.85
6
14.21
4535
4546
41.63
149
13.6
29
14.32
4547
4544
219.09
117
9.22
26
18.44
4532
3098
8.75
121
10.77
24
22.8
4538
4545
-59.83
168
46.01
63
10.82
4523
4534
247.17
170
14.32
22
7.07
4545
4543
50.71
175
10.82
17
3.61
4520
4523
176.63
116
12.53
44
16.28
4550
4549
-10.3
144
4.47
8
18.97
4551
4552
186.01
180
9.06
0
10.05
4554
4555
124.7
119
10.05
38
14.04
4546
4535
221.63
147
11.4
23
15.81
3907
4555
137.49
104
3.61
12
15.81
4548
4523
132.51
125
14.14
54
14.32
4557
4554
76.76
147
17.09
71
10.05
3907
4558
-12.8
160
14.14
28
10.63
4552
4551
6.01
175
10.2
6
9
4561
4562
-58.39
170
12.04
31
4
4554
4558
-6.84
140
3.61
5
22.56
4554
4557
256.76
147
8.54
24
11.4
4566
4564
43.15
154
8.54
14
14.76
4567
684
54.46
145
4
9
14.14
4558
4568
130.36
172
10.63
5
15.81
3011
2587
-27.76
178
18.79
17
2.83
4558
4554
173.16
161
22.56
62
8.54
4571
4572
50.19
171
21.95
64
4.12
4573
4562
-24.23
138
12.65
34
15.26
4549
4569
167.01
173
11.05
32
2.83
4551
4574
39.81
154
9.85
32
8.06
4565
4576
203.96
135
8.54
14
24.33
4561
4577
170.54
153
12.65
24
14.42
4578
4568
147.8
132
10.44
17
26.25
4549
4579
-68.55
162
22.02
36
11.4
4571
4565
2.66
133
23.43
32
32.25
4575
4559
214.7
149
9.85
34
9
4562
4573
155.77
131
14.32
40
16.55
4565
4571
182.66
159
29.55
34
18.87
4584
4582
-67.62
125
14.32
48
15.65
4568
4573
6.12
152
19.42
39
14.42
4586
4587
-17.35
163
6
9
11.18
4568
4578
-32.2
142
28.16
60
20.02
3011
4588
-90
118
21.47
49
24.84
4583
4589
8.13
177
24.52
22
4.12
4573
4578
267.14
153
16.55
55
9.43
2587
4590
-64.54
121
11.05
28
20.02
4582
4572
-28.07
160
15.13
14
20.52
4579
4549
111.45
146
14.42
24
20.02
684
4567
234.46
116
12.53
43
16.28
4593
684
171.47
142
16.12
52
12.53
4594
4595
-13.5
140
6.71
11
21.02
4589
4583
188.13
144
7.07
10
23.02
4575
4598
170.31
136
15.81
20
32.25
4599
4587
-60.02
152
21.1
41
15.3
4591
4583
116.57
125
15.13
53
15.65
2587
4598
228.69
114
23.26
31
40.8
4565
4600
-17.35
169
9.06
12
8.06
4587
4599
119.98
147
11.18
16
21.59
4597
4583
177.51
133
21.21
60
17.89
4602
4595
195.95
170
8.94
15
6
4598
4575
-9.69
154
40.8
74
19.1
4596
4595
-25.35
146
12.17
32
13.04
4604
4605
175.24
146
8.06
14
18.03
4606
4607
19.44
169
34.99
75
7.21
2418
4608
200.32
111
14
28
27.29
4572
4609
-34.7
116
8.06
14
29.07
4607
164
121.61
178
7.21
1
8.06
4607
4606
199.44
161
27.02
40
13.93
3561
4610
255.96
175
20.22
12
8.94
4611
4603
137.73
124
4.12
15
13.04
4608
164
217.57
145
10.44
37
10
4607
4605
218.99
121
19.24
43
24.08
2821
4613
82.87
173
14
37
2.83
4612
4614
45
152
10.44
22
13
3561
4615
180
134
29
49
27.66
4604
4616
66.04
148
19.24
71
11.05
4617
4615
196.46
132
14.32
16
38
771
4615
130.6
126
11.05
22
23.09
4618
4617
-68.5
112
7
11
33.54
4619
3561
52.13
152
6.08
5
29
4616
164
143.62
149
11.05
22
15.26
4620
4617
-20.17
143
23.09
22
36.8
4617
4616
174.05
158
45.88
71
18.44
4617
4620
159.83
166
48.26
65
13.04
2821
4617
-42.8
108
16.12
25
35.47
4604
4609
-49.18
131
12
23
23.09
164
4616
-36.38
144
10
20
16.64
3216
4621
126.03
127
7
30
11.05
4616
4604
246.04
144
18.44
66
12
4612
4616
-57.26
130
8.06
28
13.04
4614
4612
225
159
17.46
52
8.06
3561
4619
232.13
157
28.86
56
14.04
4620
2821
17.65
132
17.46
48
17.49
4613
4618
-33.69
132
11.4
51
11.05
4613
2821
262.87
117
14.42
53
16.12
4623
4624
6.2
154
16.64
13
32.25
4625
4623
167.8
164
27.07
32
14.14
4626
4622
173.52
179
12.04
0
32.25
4611
4627
-22.07
154
27.07
37
19.72
4624
4623
186.2
131
15.81
18
37.85
4626
4628
-83.16
159
14.76
25
12.65
4628
4625
151.56
136
14.56
31
19.72
4625
4628
-28.44
122
24.19
54
25.18
4625
4626
29.74
155
15.81
34
12.04
4631
4632
22.83
179
9.85
1
10.77
4635
4633
-33.69
171
12.08
11
9.9
4633
4630
227.73
138
7
25
10.77
4633
4635
146.31
142
13.04
35
13.93
4639
4637
30.96
175
10
3
19.24
4630
4633
47.73
122
10.44
43
13.04
4639
4640
-86.63
156
17
77
7.28
4642
4630
-21.04
133
11.18
52
10.44
4643
4630
29.05
155
24.41
50
13.93
4113
4642
213.69
175
14.21
7
11.18
4640
4644
-33.69
131
7.28
22
14.42
4645
4643
4.64
162
15.23
12
23.19
4637
4639
210.96
134
13.34
25
22.09
4642
4113
33.69
173
21.26
33
5
4646
4644
174.09
151
15.23
25
17.49
4647
4639
185.19
135
22.02
67
17
4649
4648
229.76
165
14.32
49
5
4113
4650
60.95
176
14.32
9
6.4
4643
4642
55.01
149
17.03
42
13.34
4651
4646
210.26
124
17.03
37
23.19
4652
4641
175.03
142
18.03
51
14.42
4647
4653
35.13
139
13.34
21
24.74
4644
4646
-5.91
141
18.03
36
19.1
4654
4637
195.59
179
19.92
1
24.74
4641
4652
-4.97
125
22.02
59
21.02
4655
4642
244.29
142
13.34
23
21.26
4651
4652
181.51
152
27.78
44
19.1
4652
4656
69.15
134
21.02
62
17.12
4653
4647
215.13
156
19.72
28
17.12
4648
4657
83.99
161
13.34
33
7.81
4658
4649
-77.91
155
11.4
50
6.4
4652
4651
1.51
113
22.47
35
36.06
4660
4657
-52.43
177
10.63
6
5.83
4661
4651
255.96
162
37.12
62
13.34
4662
4651
-57.34
114
24.33
31
43.01
4651
4662
122.66
157
36.06
47
19.65
4661
4642
-85.36
127
18.87
30
29.97
4654
4651
-88.67
107
11.4
15
41.23
4663
4660
-26.57
178
12.08
18
1.41
4660
4655
-75.26
158
16.4
54
7.81
4661
4664
153.43
169
11.4
18
7.07
4655
4660
104.74
137
18.87
65
14.21
4664
4660
2.12
158
16.55
28
13.42
4660
4664
182.12
143
14.21
28
17.89
4665
4666
66.37
179
16.16
21
1.41
1776
2620
243.43
176
16.16
36
2.24
4667
4668
0
169
5.1
3
18.03
4671
4672
99.46
172
3.16
9
3
4672
4673
75.96
166
3
30
1.41
4675
4676
-19.29
147
4.12
7
17.89
3900
2620
244.8
155
1
1
17.89
4677
4678
45
172
5
2
17.69
4670
4071
-80.54
172
3.16
3
9.06
4680
643
-38.66
123
3.16
8
17.69
4682
643
108.43
174
18.79
81
2.24
2620
3900
64.8
110
2.83
8
18.03
4668
4667
180
166
4.12
3
19.03
4684
4685
-52.43
158
8.06
19
9.49
4671
4673
90
171
6.08
14
4.12
4686
4674
255.96
177
11.18
30
1.41
3290
4071
135
165
8.06
18
6.71
643
4680
141.34
115
2.24
6
18.38
4490
4683
243.43
135
3.16
7
18.03
4676
4675
160.71
143
3.16
5
18.79
4678
4677
225
171
8.6
5
14.21
4687
4667
31.76
158
8.6
11
17.09
4688
4681
112.38
166
15
44
5.39
4690
4689
236.31
147
3
6
15.62
4683
4490
63.43
144
6.08
13
15.62
4685
2518
-28.07
138
12.37
46
11.4
4689
4691
230.53
132
6.08
14
18.6
4686
4692
29.05
134
8.25
52
7.62
4693
4671
150.95
125
8.94
54
9.06
4695
4694
216.03
127
3
11
12.08
4696
4675
16.26
139
9.43
19
19.03
4698
4697
190.3
115
4.12
21
10.2
2503
3290
158.2
145
12.37
49
9.49
4687
4677
219.29
148
12.65
62
7.62
4681
4680
135
155
18.03
74
8.06
3290
4693
98.13
144
14.14
71
8.94
4673
4692
55.49
156
11.18
26
10.3
4667
4687
211.76
154
9.43
14
16.76
4700
4680
0
123
9.43
25
18.79
4689
4690
56.31
141
10.05
31
12.08
4671
4701
50.71
141
10
44
9.06
4699
1605
-36.25
164
18.03
75
5.39
4691
4689
50.53
128
9.22
23
17.89
4698
4703
138.01
128
11.18
53
11.05
4694
4695
36.03
132
10.05
47
10.2
4675
4696
196.26
139
9.43
19
19.03
4693
4701
90
120
10.3
39
14.21
4680
4700
180
120
8.06
21
19.31
4692
4673
235.49
154
15.13
49
9.06
4699
4703
-55.62
161
18.6
48
8.25
4694
4702
230.19
135
10.05
23
17.89
4696
4687
197.35
124
14.56
54
15
4692
4704
10.62
120
12.65
47
15
4705
3290
217.57
121
16.12
59
16.16
3290
4705
37.57
120
14.14
52
15.52
4703
4699
124.38
149
17.46
48
12.37
4702
4694
50.19
137
14.04
36
16.49
4697
4707
219.47
136
10.05
25
16.49
4704
4700
29.48
136
14.56
32
19.03
4703
2801
206.57
122
11.05
33
17.12
4701
4704
45
143
15.13
34
16.28
4708
4699
17.65
124
14.56
38
19.31
4693
4509
43.15
134
16
46
16.03
2801
4703
26.57
124
16.12
50
17.46
4699
4708
197.65
122
12.37
32
19.65
4707
4697
39.47
130
16
46
17.12
2503
3821
41.42
125
16.12
44
19.03
4509
4693
223.15
137
19.03
58
15.52
4700
4704
209.48
136
14.56
32
19.03
4704
4701
225
142
19.1
48
16.03
2801
3821
220.36
131
16
37
20.02
4509
4708
40.6
137
19.1
43
19.03
4706
4511
213.69
131
16.12
39
19.1
4511
4706
33.69
130
19.1
48
19.65
4511
4705
221.99
135
19.03
45
19.03
4705
4511
41.99
135
19.03
45
19.03
3821
2801
40.36
134
19.03
46
19.1
4708
4509
220.6
137
19.1
43
19.03
4512
4709
113.96
114
4
23
9
3510
4710
-50.6
130
4
5
33.84
4512
4515
64.8
131
9.85
31
14.42
4515
3917
-51.55
115
4.12
5
41.88
3151
4515
106.5
139
18.87
41
18.79
3917
4515
128.45
118
5.1
6
41.34
4512
4710
-55.84
157
18.87
24
18.25
3921
4712
228.01
139
1
3
12.73
4517
4515
122.15
152
16.12
15
28.16
3151
4710
-80.54
130
16.12
57
14.87
4710
550
-59.04
132
11.18
62
9.43
4525
4714
121.68
177
55.22
87
3.61
4716
4314
50.19
141
18
50
15
4714
4717
145.3
112
3.61
13
14.87
4713
550
237.99
172
7.62
31
2.24
4719
4710
225
125
11.18
55
11.18
4720
1675
24.44
156
21.26
61
10
4121
4721
219.29
173
23.35
29
6.08
4723
2147
186.34
175
14.32
20
4.12
4713
4724
56.31
137
11.18
37
12.65
4725
4718
36.87
172
2.83
10
2.24
252
4724
119.25
143
7.62
11
23.09
4726
4724
107.65
131
18.38
51
18.03
4728
4729
129.29
103
4.47
5
41.88
4730
4727
-48.58
124
7.07
8
41.88
1675
4720
204.44
115
14
34
22.36
3921
4731
192.53
145
13.45
25
18.44
4732
4717
154.98
110
2.83
9
15.81
4716
4733
15.07
145
23.43
60
15.56
4714
4525
-58.32
172
51.09
58
8.94
4525
4728
55.62
173
8.94
4
14.21
4717
4732
-25.02
122
3.61
11
15
4714
4734
-49.76
104
8.94
10
49.74
3923
4736
205.46
157
21.26
66
9.22
4737
4722
67.17
164
18.11
57
6.08
4121
4722
226.74
137
18
50
16.03
4734
4728
50.71
170
10.3
24
4.47
4738
4735
174.56
137
11.4
31
15
4730
4734
-59.83
169
45.34
59
10.3
4739
4713
129.81
167
28.6
63
7.62
4740
4712
-2.2
158
8.54
10
18.44
4726
4739
-79.99
124
7.62
25
14.56
4713
4739
-50.19
153
18.38
29
17.26
4741
4742
173.66
174
7
20
2.24
4739
4723
43.36
150
14.56
31
14.32
4731
3921
12.53
130
11.18
22
22.36
4722
4737
247.17
170
14.32
22
7.07
4722
4745
-49.76
134
16.03
62
13
4725
4746
-15.26
128
5
11
20.12
4748
4749
122.74
118
10.05
36
15.03
4723
4739
223.36
148
12.37
24
15.81
4749
4748
-57.26
166
16.28
77
4.24
4745
4722
130.24
127
14.04
52
14.32
4751
4748
76.76
147
17.09
71
10.05
4750
4739
198.43
132
15.23
63
12.73
4744
4753
-15.26
161
14.04
25
10.63
4756
4754
41.19
158
6.71
9
15.26
4748
4753
-6.84
129
4.24
8
22.8
4733
4757
-58.39
167
11.31
31
5
4758
4759
-25.2
133
13
43
13.93
4762
4763
53.62
173
22.83
72
3.16
4748
4751
256.76
149
9.49
27
10.63
4760
4764
181.85
160
13
13
19.42
4755
4765
202.93
140
6.71
10
23.54
4766
4764
51.84
142
5
12
14.21
4753
4748
173.16
158
22.8
64
9.49
4753
4767
131.82
174
10.63
4
15
4750
4752
246.8
157
5
10
10.82
4769
4770
-27.76
175
18.38
28
3.61
4201
4769
-24.78
172
7.28
8
7.21
4755
4762
182.73
160
28.23
32
18.36
4762
4755
2.73
130
23.6
33
32.76
2563
4773
211.61
152
8.06
25
9.06
4746
4768
162.9
169
11.05
39
3.61
4775
4776
-20.56
169
6.08
6
11.18
2093
4777
165.96
140
2.24
5
14.87
4746
4779
-68.55
162
22.02
36
11.4
4780
4757
-21.8
136
13
36
15.26
4781
4767
147.8
137
10.2
15
25.5
4777
4782
-68.75
131
14.87
49
14.76
4733
4783
172.87
151
13
26
14.42
4757
4780
158.2
134
14.32
41
15.65
4778
4784
8.13
172
25
45
5
4769
4006
-90
118
21.47
48
25.5
4759
4758
154.8
149
18.11
70
10.05
4782
4763
-26.57
165
16.28
14
18.44
4767
4781
-32.2
144
28.07
60
19.03
4780
4781
266.99
151
15.65
54
9.43
4767
4780
4.09
153
18.87
37
14.42
4779
4746
111.45
139
13.42
24
22.02
4770
4787
-66.5
119
11.05
26
22.02
4764
4766
231.84
121
13.93
48
16.03
2563
4789
170.07
139
15.26
19
30.89
4790
4776
-59.04
151
20.59
42
15.3
4758
4764
168.11
136
16.64
57
13.93
4755
4792
-17.35
176
9.22
5
7.62
4784
4778
188.13
144
7.07
10
23.02
4776
4790
120.96
148
11.18
16
20.62
4786
4778
119.36
130
16.28
57
14.76
4770
4789
230.53
118
25.08
34
39.56
4793
4778
177.51
131
20.52
58
18.36
4789
2563
-9.93
154
39.56
73
18.11
4794
4795
175.24
168
7.07
5
17.26
4758
4788
212.74
129
10.05
37
13.04
4763
4796
-38.93
133
7.07
10
29.07
4797
4798
17.93
167
34.99
78
8.06
4801
4799
200.32
111
15
30
27.46
4803
4802
255.96
176
18.25
7
10.77
4798
4797
197.93
159
27.02
42
14.32
4798
4795
218.99
121
19.24
43
24.08
4803
4804
181.51
137
28.28
48
26.17
4791
4804
133.45
124
11.18
25
22.14
4805
4803
52.13
151
7.07
7
28.28
4799
4806
220.24
146
11.4
40
10
4808
4804
198.82
133
15.23
17
38.01
4798
4794
-81.03
110
11.18
34
18.79
4807
4810
45
151
11.4
26
12.65
4800
4811
82.41
173
15
82
2
4812
4801
192.99
178
11.4
12
2
4794
4796
-49.18
136
12.04
22
22.14
4808
4809
176.42
158
46.49
73
18.44
4803
4805
232.13
157
28.86
56
14.04
4809
4806
141.71
153
11.18
20
15.26
4813
4808
-18.08
142
23.41
23
36.12
4808
4813
161.92
166
48.09
67
13.04
2824
4808
-67.25
105
7.07
12
32.56
4809
4794
244.8
143
18.44
69
12.04
4800
4808
-41.63
112
15.65
25
33.62
4806
4809
-38.29
142
10
20
17.49
4807
4809
-59.04
135
8.25
26
13.04
4725
4812
128.66
121
7.07
33
11.05
4810
4807
225
158
18.38
59
8.25
4813
4800
19.98
133
18.38
50
17.49
4800
2824
26.57
125
15.13
60
14.42
4811
2824
-33.69
132
11.4
51
11.05
4815
4816
2.49
152
17.49
15
31.78
4817
4815
164.88
165
26
27
14.87
4818
4819
-25.28
155
26
34
19.72
4820
4814
170.96
171
13
3
31.78
4816
4815
182.49
130
15
17
38.33
4820
4821
-85.43
157
14.76
27
13
4821
4817
151.56
136
14.56
31
19.72
4817
4821
-28.44
123
25.06
56
25.08
4817
4820
28.61
156
15
28
13
4824
4825
23.96
178
8.94
2
10.77
4828
4826
-37.87
169
11.18
10
12.04
4826
4823
219.29
141
5.1
17
10.77
4826
4828
142.13
138
13.04
33
15.81
4831
3976
29.25
165
11.31
9
18.03
4823
4826
39.29
116
8.25
34
13.04
4833
4831
115.2
123
8.06
25
16
4834
4823
-9.46
140
11.66
66
8.25
3976
4835
11.89
175
13.6
2
25.32
4837
4823
33.18
160
23.6
42
12.17
4838
4834
218.66
174
14.14
7
11.66
4832
4839
-39.09
149
8.06
17
14.42
4840
4837
4.64
165
14.87
9
23.09
3976
4831
209.25
131
15.3
31
22.02
4841
4839
174.09
155
14.87
22
17
4834
4838
38.66
178
21.26
12
4.47
4842
4831
177.4
129
21.26
62
18.79
4844
4843
227.73
172
10.82
21
4.47
4837
4834
53.62
148
15.03
36
13.6
4845
4841
208.44
123
15.03
33
23.09
4838
4846
55.49
180
10.82
1
8.6
4839
4841
-5.91
144
17.49
34
18.44
4847
4833
172.57
142
17.49
48
14.42
4842
4848
35.13
137
15.3
25
24.33
4833
4847
-7.43
124
21.26
57
21.02
4849
3976
191.82
178
19.65
2
24.33
4845
4847
181.51
154
27.29
42
18.44
4850
4834
242.53
138
11.4
21
21.26
4847
4851
68.2
133
21.02
64
17.03
4848
4842
215.13
155
20.59
31
17.03
4847
4845
1.51
114
21.54
33
35.51
4843
4852
83.66
159
11.4
29
8.6
4853
4844
-81.87
144
9.9
43
8.6
4854
4855
135
175
7.81
11
3.61
4856
4852
-50.71
170
7.81
12
6.71
4857
4845
254.88
160
33.14
57
13.6
4858
4845
-55.95
113
24.52
32
42.01
4845
4858
124.05
157
35.51
49
18.68
4857
4834
-84.81
122
17.89
32
28.18
4849
4845
-88.64
116
12.08
16
38.33
4856
4850
-77.47
154
14.21
48
8.6
4859
4856
-24.78
171
11.4
31
3.61
4857
4860
153.43
178
12.08
4
5.83
4850
4856
102.53
130
17.89
62
15.62
4860
4856
4.09
157
17
28
14.32
4856
4860
184.09
145
15.62
30
17.89
4861
4862
64.98
177
16.16
64
1
4863
4864
244.8
177
16.16
19
2.83
4865
4866
-71.57
154
2.83
4
16.49
4868
4869
20.85
175
4.47
1
18.03
4871
634
229.4
95
2.83
8
18.44
4872
4873
73.3
178
4.12
1
6.32
4875
4876
56.31
147
3
56
2
4877
4878
2.49
161
5.39
5
18.03
4879
4276
-81.25
175
4.12
2
9.06
4864
4863
64.8
110
2.83
8
18.03
4881
4868
48.58
170
5.83
3
16.97
3268
4883
-49.76
166
8.6
13
8.94
4871
4885
218.66
170
18.44
72
3.61
4886
4887
-18.43
135
4.47
9
19.24
4866
4865
108.43
174
18.79
81
2.24
4869
4868
200.85
180
5.39
0
17.09
4884
4276
129.29
165
8.6
20
6.32
4889
4865
-36.87
117
4.47
12
18.44
4890
4871
242.1
126
2.24
5
18.03
4880
4876
90
165
7.28
33
3.61
4873
4872
253.3
170
10.05
73
2
4878
4877
182.49
156
4.47
5
19.03
4865
4889
143.13
117
2.24
6
19.1
4887
4886
161.57
135
4.47
9
19.24
4883
1902
-28.07
148
12.04
43
9.49
4871
4890
62.1
141
5.1
11
15.62
4868
4881
228.58
171
9.43
6
13.45
4892
3905
236.31
147
3
6
15.62
3905
4885
230.53
130
5.1
11
19.21
4894
4888
112.38
164
14.21
40
6.32
4891
4877
33.69
156
9.43
13
17.09
3930
4884
156.37
152
12.04
39
8.94
4895
4880
142.13
129
8.25
45
9.06
4897
4896
222.27
133
4
13
12.53
4276
4884
-50.71
116
8.25
34
13.04
4873
4898
26.57
135
9.49
56
8.06
3905
4892
56.31
140
9.06
27
12.53
4885
3905
50.53
128
9.22
23
17.89
4876
4898
53.75
150
10.05
27
11.18
4891
4881
221.99
145
13.34
71
8.06
4880
4900
45
135
10
51
9.06
4901
4893
116.57
152
12.21
39
9.22
4888
4889
137.12
154
17.72
67
8.54
4903
4886
21.37
134
10.77
24
19.03
1093
4893
-36.25
161
17.72
72
6.32
4877
4891
213.69
146
10.77
20
17.46
4896
4897
42.27
138
11.05
47
10.05
4901
4902
145.01
130
11.4
60
10.05
4905
4889
2.73
115
10.77
30
19.24
4896
4899
228.58
133
9.06
22
17.89
4895
4900
90
128
11.4
45
12.73
4898
4876
233.75
151
16.12
60
9.06
4884
3930
-23.63
124
16.64
59
16.12
1093
4902
-56.98
160
18.6
45
9.22
4889
4905
182.73
114
8.54
23
19.31
4886
4903
201.37
134
10.77
24
19.03
4884
4906
32.74
119
13.04
47
15.52
4899
4896
48.58
135
13.04
34
16.49
4908
4891
139.76
133
16.12
62
13.34
4904
4907
221.42
137
11.05
27
16.49
4903
4891
193.24
119
15.52
53
17.03
4902
1093
123.02
147
17.46
46
13.34
4902
4910
206.57
123
10.05
29
17.03
4900
4908
45
143
16.12
37
16.12
4895
4911
45
135
16
48
15.03
3930
3821
39.47
123
16.12
45
19.1
4908
4905
31.33
137
15.52
34
19.03
4907
4904
41.42
132
16
44
17.03
2170
1093
19.98
125
15.52
41
19.31
4911
4895
225
135
19
59
15.52
4910
4902
26.57
124
16.12
50
17.46
1093
2170
199.98
123
13.34
34
19.65
4908
4900
225
144
19.24
48
15.03
4905
4908
211.33
137
15.52
34
19.03
4910
3821
221.99
132
16
36
20.1
4912
4906
221.82
132
19
47
19.1
4909
4912
214.29
132
16.12
37
20.02
4906
4912
41.82
132
19
47
19.1
4911
2170
39.29
139
19.24
42
19.03
3821
4910
41.99
132
19
44
20.02
4912
4909
34.29
133
20.22
49
19.65
2170
4911
219.29
138
20.22
45
19.1
4512
4913
116.57
131
4.12
20
9.06
4914
4710
-51.58
143
4.12
4
33.84
4512
4515
64.8
129
11.18
36
14.76
4515
3917
-51.55
102
4.47
5
42.72
4715
4917
-55.44
107
3.16
3
53.85
4918
4515
105.95
141
19.42
41
18.79
4512
4710
-55.84
159
19.42
24
17.26
3917
4515
128.45
107
5.39
7
42.19
4919
4515
121.43
152
16.12
15
29.12
4917
4920
55.62
176
8.06
2
15
4729
4922
-57.43
175
42.01
77
4.24
4916
4917
-58.67
172
50.45
61
8.06
4918
4710
-79.99
130
16.12
60
14.21
4710
324
-61.39
139
11.7
64
8.6
4924
4922
-48.58
116
7.28
8
42.72
4916
4921
-50.63
103
8.94
10
49.24
4923
324
234.46
172
6.71
27
2.24
4921
4920
53.13
177
10.82
8
4.24
2507
4926
53.62
141
19.03
53
15
4928
1675
28.61
159
23.43
69
9.22
4710
4923
-19.98
123
11.4
59
11.18
4924
4921
-60.83
168
45.34
62
10.82
4927
4930
220.6
171
23.43
40
6
1308
4931
180
176
14.04
18
3.16
4933
4925
45
169
3.61
18
2.24
4114
4934
196.5
155
13.45
19
17.03
4923
4936
57.99
138
11.18
35
13
4932
4936
119.25
136
7.28
12
24.04
1675
4928
208.61
119
15
36
22.2
4937
4936
106.93
130
18.38
48
18.87
2507
4938
15.07
142
23.6
60
16.97
3846
4939
208.61
159
23.43
69
9.22
4940
1639
67.17
164
19.1
67
6
4927
1639
230.19
138
19.03
53
16.03
4941
4942
-39.09
151
6.08
11
15.62
4944
4923
129.81
168
29.21
66
6.71
4937
4944
-79.99
116
7.28
24
15.52
4923
4944
-50.19
153
18.38
29
17.26
4941
1327
167.47
160
7.07
43
3.61
4944
1308
41.63
147
15.52
37
14.04
4934
4114
16.5
131
12.08
24
22.2
1639
4940
247.17
169
15.3
28
6.4
4946
4947
145.49
168
10.77
14
9.22
4949
4950
39.29
175
8.49
8
5.83
4952
4928
-26.57
162
7.07
14
9.22
1639
4953
-53.75
130
16.03
55
14.87
4933
4954
-19.98
116
5.66
13
21.63
4956
4883
120.96
121
10
34
15.03
1308
4944
221.63
146
12.37
26
15.52
4942
4941
140.91
162
20.25
77
6.71
4883
4956
-59.04
166
16.97
75
4.24
4941
4945
188.13
125
6.71
59
6.4
4953
1639
126.25
127
14
47
15.3
4928
4952
153.43
120
10.82
42
13.93
4934
4928
65.56
117
6.4
31
10.82
4955
4958
-70.56
110
10
32
17.46
4949
4944
194.93
129
15.23
62
13.45
4960
4961
241.19
95
3.61
9
22.8
1216
4963
-17.65
163
14
23
10.63
4964
4965
201.04
143
5.83
8
23.54
2821
4945
128.66
115
4.12
38
6
4956
4963
-9.09
126
4.24
8
23.09
4968
4957
-19.44
131
13.89
49
13.93
4969
4967
-60.26
165
11.31
29
6
4956
4958
256.76
151
10.44
31
9.9
4964
4961
181.36
161
27.86
30
18.36
4959
4954
131.19
180
13.45
1
7.81
4961
4964
1.36
130
22.8
32
32.76
4952
4950
181.85
152
13.89
19
19.92
4963
4956
170.91
156
22.8
64
10.44
4970
4950
55.49
146
7
16
14.21
4949
4959
246.8
157
7
17
9.22
4963
4971
131.82
174
10.63
4
15
4972
4973
-30.07
173
18.38
33
4.47
4801
4972
-21.04
175
7.28
5
6.71
4954
4975
-68.55
161
21.26
35
12.37
1447
4976
162.65
118
1.41
4
16.16
4954
4042
158.96
165
11.05
42
4.47
4977
4967
-19.29
131
13.89
40
16.12
4976
4978
-68.2
134
16.16
48
15.65
4979
4971
146.31
141
10.05
14
25.5
1233
4963
16.93
152
1.41
1
22.8
4957
4980
191.89
158
15.81
51
7.81
4983
4982
-56.89
150
20.12
45
14.32
4984
4970
83.42
165
19.24
34
9.22
4978
4962
-25.77
166
15.3
12
17.8
1233
4986
8.43
172
24.04
45
5
4967
4977
160.71
133
14.76
44
15.65
4969
4988
175.24
145
13.89
32
15
4980
4957
11.89
114
10.2
31
18.03
4972
4199
-90
121
21.95
46
26.17
4989
2260
171.47
140
15.26
18
30.41
4982
4983
123.11
145
10.77
18
19.65
4975
4954
111.45
135
13
23
23.02
4971
4979
-33.69
145
28.02
59
19.03
4977
4979
266.99
151
15.65
54
9.43
4973
4991
-67.38
118
11.05
25
23.02
4971
4977
2.05
151
18.87
38
15
4950
4970
235.49
129
16.76
55
16
4986
1233
188.43
139
7.81
13
22.09
4968
4950
162.47
127
17.2
55
16.76
4985
1233
115.2
127
15.3
51
15.65
4970
4984
263.42
158
18.68
38
11.31
4973
2260
231.34
119
26
35
39.56
3292
1233
174.81
128
20.52
59
18.79
2260
4989
-8.53
156
39.56
74
17.12
4980
4994
260.27
121
7.81
12
32.31
4962
4996
-40.24
148
7.07
7
28.32
4993
4992
58.57
134
18.68
58
16
4997
4998
17.93
167
34.99
78
8.06
4552
4999
255.47
177
16.28
5
11.7
4968
4992
215.54
137
10.2
35
12
4994
4980
80.27
161
35.51
80
12
4994
4992
99.73
145
24.04
41
21.1
4998
4997
197.93
158
27.66
46
14.76
5003
5001
202.17
113
17
34
27.66
5004
5005
135
125
11.18
25
21.19
4552
5005
181.51
138
27.59
46
25.46
5006
4552
52.13
150
8.06
8
27.59
4998
5000
220.6
123
20.22
45
24.08
3128
5005
198.82
133
15.23
17
38.01
4552
5006
232.13
157
27.89
52
14
4995
4996
-47.86
137
12.04
22
21.19
4998
4995
-81.47
114
11.4
33
18.79
3128
5007
176.42
158
46.49
73
18.44
5001
5008
222.71
148
11.4
36
10.05
5007
4995
244.8
143
18.44
69
12.04
5007
5008
143.62
159
11.4
17
13.6
5009
5010
43.03
149
11.4
28
12.37
3128
5011
161.92
166
48.09
67
13.04
5011
3128
-18.08
145
23.09
22
35.47
5003
5002
-90
147
3.61
8
14.14
5013
3128
-66.57
98
7.28
12
32.56
5015
5003
188.75
165
12.08
65
3.61
5008
5007
-36.38
138
10.05
22
17.49
5002
3128
-40.43
114
15.65
26
32.7
5009
5007
-59.04
135
8.25
26
13.04
5010
5009
223.03
157
17.46
57
8.25
5014
5015
128.66
113
7.28
33
12.04
5011
5002
17.65
132
17.46
48
17.49
5002
5013
26.57
125
14.14
56
13.89
5012
5013
-30.26
126
12.08
54
12.04
5016
5017
160.64
167
27.17
25
14.14
5017
5020
-1.27
148
17.49
17
31.62
5018
5021
-27.82
159
27.17
32
18.36
5020
5017
178.73
123
14.42
18
39.22
5022
5019
166.91
167
13
5
31.62
5023
5016
152.45
137
14.56
33
18.36
5022
5023
-85.24
155
13.89
27
13
5016
5023
-27.55
123
24.19
57
24.08
5016
5022
29.74
154
14.42
29
13
5027
5025
-43.26
164
11.18
14
13.04
5028
2125
196.7
169
14.76
9
17.12
5025
5029
218.66
129
4
16
10.77
5025
5027
136.74
137
12
29
16.76
5029
5025
38.66
115
8.25
38
12
5032
4579
27.47
154
13.6
20
17.12
5034
5032
113.96
141
8.94
23
14
5031
5035
219.29
116
8.25
34
13.04
5036
5029
33.69
164
22.02
29
13.04
5033
5037
-45
162
8.94
12
13.04
4579
5038
11.89
164
14.76
9
25.02
5035
5039
38.99
180
14.21
0
12.81
5040
5036
4.64
169
14.56
7
23.02
5041
5037
174.09
159
14.56
19
16.55
4579
5032
207.47
132
16.49
35
21.21
5035
5039
38.99
178
21.26
8
5.83
5042
5032
171.87
123
19.85
57
19.7
5044
5041
204.62
120
12.04
27
23.02
5036
5035
50.53
146
12.04
29
13.93
5045
5043
222.27
173
9.22
11
5.83
5037
5041
-5.91
148
17.89
34
17.03
5046
5034
172.57
147
17.89
50
13.04
4579
5047
10.54
179
38.83
10
5
5034
5046
-7.43
124
19.85
53
20.59
5042
5048
32.74
137
16.49
27
24.08
5044
5046
180
156
26.4
40
17.03
5049
5035
237.53
134
8.25
16
21.26
5047
4579
190.54
174
19.92
5
24.08
5046
4357
67.17
129
20.59
63
18.03
5046
5044
0
113
20.62
33
34.67
5048
5042
212.74
154
19.72
29
18.03
5043
5050
82.87
159
8.25
19
8.94
5052
5045
-80.54
135
8.6
45
8.6
5053
5054
138.81
149
6.08
30
6.32
5056
5044
252.07
159
29.07
51
13.93
5055
5050
-48.37
142
6.08
27
8.25
5044
2542
124.44
158
34.67
51
16.76
2542
5044
-55.56
109
25
34
42
5056
5035
-86.05
118
17.46
36
26.08
5047
5044
-90
127
13.6
17
35.74
5055
5049
-76.76
152
12.04
39
8.94
5057
5055
-28.3
157
11.05
43
6.32
5049
5055
103.24
127
17.46
63
15.62
5038
5055
4.09
154
17.49
32
14.76
5055
5038
184.09
145
15.62
30
17.89
1581
4201
244.8
178
15.23
8
3.61
5060
5058
129.09
179
17.03
5
3.61
5061
4201
40.6
174
17.69
67
2.24
5063
5064
-72.47
171
2.24
1
17.72
4201
1581
64.8
178
18.38
64
1
5058
5060
-50.91
179
18.44
12
2.24
5065
5066
22.25
172
5.83
2
18.03
5069
4872
-90
154
2.24
26
2.24
5069
5070
71.57
162
3
8
6.71
4201
4690
67.62
95
2.24
6
18.36
5062
5072
216.25
169
17.69
69
3.61
5073
5074
-51.84
174
9.9
8
8.06
3706
4473
126.87
172
9.9
15
5.39
4892
5062
243.43
154
2
2
18.36
5075
5076
4.97
155
5.83
8
18.03
5077
5071
251.57
175
9.22
8
6.71
5078
5063
104.74
172
17.46
48
3.61
5079
5068
90
173
8.06
26
2.24
5077
5065
48.58
166
6.71
6
16.28
5068
5070
79.7
144
2.24
8
9.49
5074
1469
-30.96
150
12
40
9.49
5082
5058
-13.39
122
5.66
14
19.24
5083
5063
-34.51
109
5
14
18.44
5066
5065
202.25
172
5.83
2
18.03
5062
4892
63.43
143
5.1
11
16.4
5084
5072
228.81
128
5.1
12
18.6
5085
5084
237.99
148
3
5
16.4
5081
3706
156.37
157
12
36
8.06
5086
5087
-55.3
170
14.14
53
3.16
5083
1921
-45
170
19.42
78
3.61
5076
5075
184.97
140
5.66
10
19.1
5088
5079
142.13
134
7.07
38
8.25
5078
1921
113.63
159
14.14
50
6.71
5065
5077
228.58
163
9.85
12
13.6
5058
5082
166.61
130
5
11
18.79
4473
3706
-53.13
119
7.07
28
13.15
5091
5090
222.27
133
3
9
13.04
5072
5084
48.81
123
7.28
19
18.36
5084
5085
57.99
142
9.06
25
13.04
5089
5075
35.54
150
9.85
16
18.03
5070
5093
18.43
121
9.22
59
9.22
5079
5094
41.63
132
10
54
9.22
5068
5093
51.84
153
11.18
33
9.49
5095
5086
116.57
155
11.4
32
9.06
5090
5091
42.27
133
10
42
11
5093
5089
74.05
115
9.22
38
13.6
5090
5092
230.19
134
9.06
20
18.36
1921
5083
135
152
17.72
63
9.49
5097
5095
19.98
121
11.18
57
11.4
5088
5094
90
128
11.4
48
12.04
5098
5086
-38.16
159
17.72
78
6.71
5099
5082
20.56
135
12.08
26
19.1
3706
5081
-23.63
127
16.12
58
15.13
5075
5089
215.54
150
12.08
21
16.49
5100
5088
162.65
133
16.12
63
13.15
5101
5083
7.77
123
12.08
32
18.79
5093
5068
231.84
149
16.12
64
9.22
5092
5090
50.19
136
13.04
32
16.76
5098
5096
-56.98
162
17.8
39
9.06
5102
5103
223.36
129
13.04
31
19.42
5097
5102
223.15
134
10
25
16.76
5083
5101
187.77
117
9.49
25
19.92
5082
5099
200.56
135
12.08
26
19.1
5104
5089
135
128
16.12
60
14.56
5081
5105
37.41
120
15.13
43
19.1
5096
4910
211.43
132
11.18
31
16
5089
5104
-45
121
16.49
59
16.49
5096
5098
123.02
144
17.09
45
14.32
5088
4911
39.09
130
15
46
16.12
5102
5097
43.15
134
15
43
16
5094
5104
45
143
16.12
37
16.12
4911
5088
219.09
130
18
56
16.76
4910
5096
31.43
129
17.12
51
17.09
5104
5101
31.33
136
16.49
37
19.1
5107
5098
23.5
128
16.49
41
19.92
4910
5105
220.36
131
15
34
20.1
5104
5094
225
141
20.1
52
16.12
5098
5107
203.5
126
14.32
34
20.4
5108
5100
221.82
132
19
47
19.1
5101
5104
211.33
136
16.49
37
19.1
5100
5108
41.82
132
18
44
19.03
5105
4910
40.36
131
19
46
20.1
5106
5108
214.29
131
17.12
39
20.1
4911
5107
40.6
137
20.1
46
19.1
5108
5106
34.29
131
19.1
45
20.4
5107
4911
220.6
137
19.1
43
19.03
4512
4913
116.57
144
4.47
19
8.06
4715
5110
-55.71
125
3
2
51.62
5111
3846
36.53
177
24.84
9
8.94
3713
5112
-53.43
154
4.47
3
34.67
4920
5110
232.13
179
15
1
7.81
5109
5110
-58.47
172
49.68
71
7.81
4729
5113
-58.57
174
42.01
84
5
4515
3513
-52.35
102
4.47
5
43.57
4512
4515
64.8
129
11.18
36
14.76
5114
5113
-48.69
109
7.62
9
42.19
4921
4920
53.13
173
10.3
16
5
5109
4921
-49.9
104
8.94
10
48.37
5114
4921
-60.26
169
43.93
58
10.3
4512
5112
-56.77
161
20
23
17.26
5115
4515
105.42
143
20
40
18.79
3513
4515
127.65
97
5.83
7
43.91
5117
5112
160.02
110
7.81
39
11.66
183
4931
177.61
170
7.07
4
17.12
5115
5112
-79.99
133
16.64
63
13.6
5116
4515
120.07
153
16.64
14
30.08
5117
324
230.19
164
7.62
76
2.24
5120
1885
32.47
159
25.81
77
9.9
5123
5121
198.43
157
13.45
18
17
5118
4931
173.29
174
14
26
3.61
5127
5125
56.31
144
21.02
56
15
5112
5117
-19.98
127
10.82
58
10.2
5129
5119
45
157
5.39
71
2.24
5126
4930
218.99
166
25
65
6.71
5133
5131
168.69
169
6
7
9.49
1885
5120
212.47
123
15
35
22.02
5124
5135
119.25
136
7.28
12
24.04
5117
5135
57.99
137
10.2
31
13.42
5134
5135
106.93
130
18.38
48
18.87
5136
5122
4.4
172
9.22
4
17
3846
5137
212.47
159
25.81
77
9.9
4930
5138
264.56
112
6.71
18
19.7
5127
1570
17.1
141
25.24
64
17.69
5132
5139
-41.19
139
6
13
17.2
5126
5130
233.13
141
21.02
56
16.03
5140
5117
127.57
168
29.83
60
7.62
5143
5141
186.84
179
20.22
6
5
5134
5140
-81.03
115
7.28
22
17.46
5117
5140
-52.43
150
18.38
28
19.24
5140
5118
43.36
147
17.46
43
14
5121
5123
18.43
135
11.18
21
22.02
5132
5131
161.57
146
7.28
49
5.39
5145
5142
36.03
163
10
36
5
5130
5138
246.04
168
15.3
35
5.83
5146
5120
-29.74
159
7.07
15
9.9
5147
5144
0
141
7.81
68
5.39
5136
5121
12.53
143
7.81
57
5.66
5142
5146
5.53
177
20.22
5
11
5129
5149
-24.44
111
5.66
13
22.8
5130
5150
-53.75
130
16.03
55
14.87
5152
1843
117.9
124
10.05
31
16.03
5118
5140
223.36
147
13.34
28
15.52
5139
5132
138.81
160
20.25
72
7.62
1843
5152
-62.1
166
17.69
64
5
5139
5154
15.26
120
8.25
44
10.3
5120
5146
150.26
117
10.82
40
14.87
5153
5132
66.8
119
6.4
50
7.28
5150
5130
126.25
127
14
47
15.3
5121
5120
63.43
109
5.66
29
10.82
5155
5156
199.09
136
4.47
7
24.52
5158
5159
244.54
110
4.24
10
22.2
5151
5160
-70.56
116
10.05
33
16.49
5148
5161
217.57
168
7.81
11
8.94
5162
5145
64.98
119
13.6
50
15.52
5155
5159
181.4
163
27.51
29
17
5159
5155
1.4
128
22.2
32
32.76
2900
5163
-19.98
161
14
25
11.31
5149
5129
155.56
177
13.93
4
10.3
5152
5163
-9.09
118
5
10
23.41
5144
5164
-90
142
6.4
63
4.47
5152
5160
255.96
150
10.44
35
9.22
5166
5148
-16.39
127
15
53
14.87
5168
5162
101.89
102
8
23
19.42
5149
5162
-50.91
175
7.07
3
13.6
5169
5164
-60.26
161
10.63
29
7
5163
5152
170.91
156
22.8
64
10.44
5146
5142
185.53
149
15
23
19.92
5145
5162
244.98
155
8
19
9.9
5170
5142
55.49
146
8
19
13.6
5163
5171
131.82
177
11.31
2
14.21
5149
5172
-68.55
163
20.62
30
12.17
3978
1301
-30.07
173
18.38
33
4.47
5175
5173
-54.46
147
19.31
47
14.32
5165
5176
162.65
100
2.24
7
16.55
5149
5154
158.96
165
11.05
42
4.47
5003
3978
-17.1
163
7
16
7.21
5179
3807
-24.15
168
15.3
11
17.2
5176
5179
-68.2
137
16.55
50
14.76
5168
5170
83.42
162
19.42
38
9.9
56
5163
19.18
136
2.24
3
22.8
5173
5175
125.54
143
10.44
20
18.68
5148
5181
197.53
160
16.4
51
7.21
5182
5171
146.31
141
10.05
14
25.5
5183
5184
172.69
143
13.89
16
29.55
5161
5186
248.84
163
16.03
15
18.6
5187
5164
-16.7
130
14.42
43
16.12
56
5188
10.12
171
24.35
41
5.83
5189
5183
-86.63
116
13
45
16.28
5172
5149
111.45
135
13
23
23.02
5181
5148
17.53
118
11.18
33
17.72
3978
5190
-90
121
21.95
45
26.87
5164
5187
163.3
135
14.76
45
14.76
1301
5189
-67.38
118
11.05
25
23.02
5169
3592
175.24
142
14.42
35
15.62
5187
5182
266.82
149
14.76
54
9.43
5171
5182
-33.69
147
28
59
18.03
5178
56
116.57
128
15.3
54
14.76
5188
56
190.12
136
8.6
15
23.09
5142
5170
235.49
130
17.72
59
16.03
5170
5168
263.42
159
19.65
42
10.63
5166
5142
162.47
125
17.8
56
17.72
5189
5184
197.53
105
17.03
24
39.32
3807
5195
-41.63
159
8.54
6
28.32
5171
5187
0
148
18.87
39
15.62
1301
5184
232.13
120
26
34
39.85
5191
56
175.03
133
20.52
58
17.89
5181
5186
260.27
114
7.21
11
33.24
5197
5196
257.47
179
15.3
1
12.37
5191
5198
210.96
101
8.54
14
34.48
5193
5192
58.57
134
19.65
62
16.03
5166
5192
218.16
139
11.18
38
12
5186
5192
99.73
145
24.04
41
21.1
5186
5181
80.27
161
35.51
80
12
5200
5201
136.74
121
10.44
26
20.25
5202
5197
53.47
144
9
11
26.91
5199
5198
196.86
157
26.25
45
14.76
5197
5201
183.09
142
26.91
46
23.35
5199
5203
220.36
119
19.42
45
24.08
5197
5202
233.47
156
27.66
53
14
5194
5195
-47.86
142
12.17
21
20.25
3024
5204
202.17
113
18
36
27.89
5206
5201
200.41
134
15.23
17
37.05
5206
5208
100.95
180
30.59
10
1
5199
5194
-78.11
118
11.4
35
17.46
5206
5209
177.61
158
45.88
72
18.68
5201
5209
105.52
115
12.17
39
17.46
5204
5210
225
150
12.37
39
10.05
5209
5210
143.62
159
11.4
17
13.6
5206
5212
164.05
167
48.04
69
12.04
3417
5207
-51.34
178
12.04
38
1
5212
5206
-15.95
145
23.41
23
34.83
5211
5213
40.91
145
12.37
36
12.04
5214
5206
-65.1
99
7.28
13
30.59
5210
5209
-36.38
138
10.05
22
17.49
3024
5205
-90
159
5.39
8
13.15
5211
5209
-59.04
142
8.54
26
12.04
5205
5206
-39.17
118
15.23
25
30.87
3417
3024
180
156
12.08
68
5.39
5213
5211
220.91
155
17.46
61
8.54
5212
5205
19.98
134
17.46
48
17
5207
3417
128.66
113
7.28
33
12.04
5218
5216
-16.82
173
6.08
1
38.9
5219
5220
156.04
170
26.68
21
14.14
5205
5214
23.2
122
13.15
53
13.89
5215
5214
-30.26
126
12.08
54
12.04
5221
5222
-30.96
163
26.68
28
17.49
5223
5220
174.92
122
15
18
39.4
5216
5218
163.18
168
12.04
4
33.24
5224
5219
154.44
139
14.56
33
17.49
5216
5224
-84.81
153
13.04
29
12.08
5219
5224
-25.56
127
23.71
59
22.09
5227
5228
14.93
179
17.72
1
13.34
5219
5216
27.65
155
15
32
12.04
5231
5229
-45
157
10.77
16
14.76
5229
5232
212.47
141
3.16
10
10.77
5228
5227
194.93
161
15.81
18
17.03
5229
5231
135
135
13
31
17.46
5232
5229
32.47
107
7.28
32
13
5235
5172
23.75
148
14.42
27
17.03
5237
5235
111.8
153
10.63
21
13
5234
5238
222.27
117
7.28
29
13.34
5239
5232
36.16
166
20.62
23
13.34
5241
5228
180
172
14.14
4
25.08
5236
5242
-48.58
173
10.63
6
12.21
5243
5239
3.09
175
14.14
3
23
5172
5240
10.44
156
15.81
15
25.08
5244
5242
172.15
165
14.14
13
16.16
5172
5235
203.75
127
17.46
39
21.84
5245
5235
164.05
117
19.1
52
21.54
5246
5244
202.62
119
10.05
22
23
5239
5238
50.91
147
10.05
24
13.42
5242
5244
-7.85
152
17.09
29
16.4
5247
5237
170.13
150
17.09
45
12.21
5237
5247
-9.87
124
19.1
51
20.59
5246
5247
180
158
26
37
16.4
5172
5248
6.63
177
38.64
28
5.39
5245
5249
31.26
135
17.46
31
24
5252
5250
164.74
147
3.16
11
8.94
5254
5238
233.62
113
5.83
14
22.02
5251
5255
-23.2
139
3.16
21
5.66
5245
5247
-60.95
120
18
53
19.7
5248
5172
186.63
172
19.65
6
24
5247
5246
0
114
19.7
31
34.13
5257
5240
195.07
172
22.85
36
5.39
5249
5245
211.26
152
19.72
31
18
5253
5258
81.87
141
5.83
20
10.3
5251
5259
-74.74
129
7.62
41
8.94
5260
5246
251.57
157
24.08
45
13.42
5246
5261
126.03
158
34.13
54
15.81
5250
5257
143.13
128
7.28
46
8.06
5261
5246
-53.97
110
25
36
40
5262
5258
-37.87
127
7.28
39
9.22
5261
5248
16.26
175
5.39
1
19.65
5260
5238
-85.24
113
16.76
41
23.6
5248
5246
-90
135
14.14
18
31.62
5262
5254
-75.96
142
11.4
43
10.3
5263
5262
-30.26
145
11.05
52
8.06
5260
5254
-17.35
121
16.28
58
16.49
5264
5262
4.24
154
17.49
34
13.89
5262
5264
184.24
142
16.28
35
17.49
5266
2627
244.8
180
14.32
1
4.47
193
2627
38.16
174
16.97
64
2.24
5268
5269
-48.81
165
3.61
3
17.8
2627
5266
64.8
178
18.38
64
1
5267
4377
218.66
174
16.97
38
3
5271
5272
-72.47
171
2.24
1
17.72
2627
4695
67.62
95
2.24
6
18.36
3685
3116
-54.46
175
10.63
8
6.71
4874
5274
123.69
124
2
33
3
3903
4472
129.81
179
10.63
2
5
5268
5269
-48.81
179
19.1
14
2.24
5272
5271
107.53
108
1
2
19.65
5274
5276
69.44
174
4.12
6
4.47
5278
5267
242.1
153
1
1
18.36
5279
5280
24.44
166
6.4
5
18.03
3116
814
-29.36
160
13.15
37
7.62
5273
4879
-78.69
102
2
11
10
5282
5277
252.9
176
9.22
9
4.47
3767
4377
228.81
125
4.12
10
19.21
5275
5271
104.74
169
17.89
59
4.24
5267
5278
62.1
139
4.12
9
16.4
5283
5284
-64.8
179
17.89
25
1
4874
5276
84.81
142
3.61
15
8.54
2899
3903
153.43
163
13.15
36
6.71
5286
5285
214.51
107
6.32
18
18.68
5282
5279
50.19
164
7.62
7
16.28
5288
3767
237.99
148
3
5
16.4
5289
5290
7.13
143
7.07
13
19.1
5271
5268
132.88
165
18.87
79
5
5292
5268
-10.78
125
7.07
18
18.36
3275
4879
138.37
139
8
41
8.06
5280
5279
204.44
160
7.07
8
17.72
4472
3903
-50.19
130
8
30
12.17
4377
3767
48.81
121
6.32
16
18.87
5294
5293
227.49
138
4
11
13.6
5297
5295
-63.43
170
15
40
4.12
5271
5291
147.99
103
4.24
12
18.38
5284
5283
115.2
161
14.14
41
7.28
3767
5288
57.99
141
8.06
21
13.6
5279
5282
230.19
162
10.77
14
13.6
5290
5289
187.13
143
7.07
13
19.1
5268
5292
169.22
117
5
13
19.7
4879
5299
37.87
128
10
56
9.49
5293
5286
230.19
134
8.06
18
18.87
5276
5300
18.43
121
9.22
59
9.22
5298
5289
35.54
148
10.77
19
17.72
5293
5294
47.49
138
10
37
11.18
5295
5297
116.57
148
11.66
37
10.2
4874
5300
54.46
150
11.05
36
9.49
3903
2899
-26.57
129
14.32
51
14.32
5301
5295
24.44
120
11.05
55
11.66
3275
5299
90
132
12.04
52
11.4
5300
5298
74.05
115
9.22
38
13.6
5303
3275
158.2
134
14.32
58
12.17
5283
5291
135
146
17.26
66
10.77
5304
5297
-33.69
157
17.26
72
7.28
5306
5305
221.63
123
12.17
30
20.4
5286
5293
50.19
131
12.17
30
18.03
5300
4874
234.46
148
17.03
72
9.49
5307
5292
22.62
136
13
28
19.1
5289
5298
215.54
149
13
24
16.28
5301
5306
223.26
134
10
23
18.03
5308
5291
10.3
119
12.65
34
19.7
5304
5302
-56.98
157
18.03
44
10.2
2899
5105
35.22
114
14.32
40
20.1
5305
5306
41.63
128
14.04
35
19.1
5291
5308
190.3
123
10.77
28
18.97
5302
5309
212.91
129
11.05
32
16
5292
5307
202.62
132
12.65
28
20.1
3275
5310
38.66
129
15
49
15.3
5311
5298
130.6
131
16
56
14.56
5310
3275
218.66
129
18
60
16.16
5306
5301
43.26
137
16.03
43
16
5302
5304
123.02
141
16.76
44
15.3
4715
5313
-55.1
125
3
2
50.77
5298
5311
-49.4
120
16.28
53
17.46
5299
5311
45
139
17.03
45
16
5309
5302
32.91
127
16.03
50
16.76
5309
5105
221.99
136
16.03
35
19.1
5109
5313
-57.88
173
49.04
70
6.4
4912
5303
218.66
129
18
44
20.1
5311
5308
32.01
136
17.46
37
20.1
5311
5299
225
141
20.1
56
15.3
5107
5304
26.57
130
17.46
45
18.97
3763
5315
55.3
175
10.3
10
5.66
5304
5107
206.57
128
15.3
38
19.42
5303
4912
38.66
129
18
44
20.1
5105
5309
41.99
132
18
41
20
5317
4038
36.53
175
26.91
20
7.28
5312
4912
217.3
131
16.03
37
20
5308
5311
212.01
136
17.46
37
20.1
5109
3763
-50.79
103
8.94
10
47.89
5114
3763
-61.29
169
43.28
57
10.3
5310
5107
39.29
135
20.1
45
20.1
4912
5312
37.3
134
20.1
49
19.42
5107
5310
219.29
135
20.1
45
20.1
4106
4913
114.44
154
6.4
24
7
5318
5319
-53.97
165
6.4
2
34.67
4915
4913
207.9
172
5
3
14.32
3513
4915
121.87
174
43.42
84
5
4106
4309
64.8
131
12.08
40
14.32
4106
5319
-56.77
161
20
23
17.26
5321
5319
155.56
111
7.07
34
11.66
5323
4931
175.24
160
7.28
8
17.46
4309
5324
-59.93
172
43.42
81
6.4
3946
5325
263.88
180
22.09
3
6.08
5328
5327
202.17
164
12.81
12
17.26
5320
4309
105.42
143
20
40
18.79
5320
5319
-79.99
133
16.64
63
13.6
5321
61
225
162
6.71
71
2.24
5330
5331
34.82
158
27.46
76
10.63
5322
4931
166.76
167
14
39
5
5324
4309
120.07
153
16.64
14
30.08
5014
5329
51.34
160
6.32
77
2.24
5331
5330
214.82
129
15.03
32
22.02
5334
5332
172.41
163
6.08
10
9.49
5336
3145
57.53
145
22.02
57
15
5319
5321
-24.44
122
10.82
55
11.18
5335
3946
218.99
167
26.4
77
6.4
477
5340
118.3
135
7.28
12
25
5339
5340
106.26
129
18.38
46
19.72
5321
5340
59.53
140
11.18
32
13.42
5330
4038
56.89
106
10.63
22
26.63
3946
5326
264.81
124
6.4
16
19.31
5336
5342
17.1
140
26.08
66
18.44
5333
5343
-43.15
128
6.08
14
18.87
5345
5141
182.29
171
20.4
33
5.83
5346
5321
127.57
169
30.48
64
6.71
5348
5332
25.94
167
14.21
6
27.51
5335
5338
232.7
141
22.02
56
17.03
5339
5346
-81.03
115
7.28
22
17.46
5341
5345
176.82
177
7
2
11.05
5321
5346
-52.43
150
18.38
28
19.24
5327
5328
22.17
139
11.18
19
22.02
5346
5322
43.36
147
17.46
43
14
5333
5332
161.57
146
7.28
49
5.39
5351
5344
36.03
155
12.53
66
5.83
5338
5326
248.75
167
15.13
37
5.83
5352
5353
197.1
153
4.24
4
23.54
5349
5330
-29.74
151
7
19
10.63
5356
5327
0
142
6.4
45
5.66
5357
5350
0
141
7.81
68
5.39
5332
5348
205.94
167
7.81
3
33.62
5358
5359
244.54
110
5.66
14
22.02
5344
5349
5.53
175
20.4
10
11.05
5014
5361
-28.61
101
6.4
14
24.76
5322
5346
223.36
146
14.32
32
15.3
5363
5364
116.57
128
10.2
30
16.03
5338
5348
-53.13
131
17.03
55
15.81
5352
5359
180
163
27.2
26
17.89
5343
5333
136.85
158
20.25
67
8.54
5364
5363
-63.43
164
17.69
57
5.83
5343
5365
15.26
118
9.22
48
10.82
5346
5329
138.99
170
5.83
2
24.76
5330
5349
150.26
117
10.82
40
14.87
5327
5330
63.43
109
5.66
29
10.82
5348
5338
126.87
131
14.04
44
15.13
4800
5333
69.44
126
7.21
53
7.28
5359
5352
0
130
22.02
31
32.76
5362
5366
-68.75
123
10.2
31
16.28
5355
5367
218.16
180
6.4
0
11.4
5368
5351
64.98
122
14.42
53
15.3
4563
5369
-24.44
160
14.04
23
12.04
5370
5368
101.89
110
8.06
24
18.44
5363
5369
-11.31
110
5.83
13
24.17
5361
5014
151.39
177
14.32
5
10.82
5363
5366
259.38
153
10.44
34
8.49
5361
5368
-49.09
162
5.83
7
14.42
5350
5372
-90
147
7.21
63
4.47
5373
5355
-10.01
128
16.28
60
14.87
5376
5374
-53.13
146
18.97
48
14.32
5351
5368
244.98
155
10
29
8.6
5369
5363
168.69
156
22.56
61
10.44
5378
5372
-60.26
157
10
29
8
5377
5344
58.57
149
10
22
13.6
5349
5344
185.53
144
16.28
28
20.62
5374
5376
126.87
144
10.44
20
17.72
5361
5380
-67.83
162
19.85
31
12.17
5381
5382
-28.07
170
16.76
80
3.16
5384
5360
-21.8
170
15.3
9
17.49
4340
5385
174.14
148
13.42
14
28.79
5386
1519
-30.07
170
18.03
38
5.39
5381
5384
-69.15
139
17
49
14.76
5370
5377
82.87
161
19.42
47
8.6
5367
5388
250.46
161
15
14
19.42
5361
5365
155.22
161
11.05
43
5.39
5382
5369
19.18
128
3.16
6
22.56
5355
5389
205.35
168
17.8
47
5.39
4340
5380
49.76
137
16.03
63
12.37
2821
5386
-17.1
163
7
16
7.21
5392
5391
147.8
143
10.05
14
24.76
5382
5393
10.12
171
24.35
41
5.83
5380
5361
112.17
127
12.37
24
24.02
5389
5355
25.35
125
12.17
35
17.26
5394
5372
-14.04
130
15
46
16.12
5386
5395
-90
121
21.95
43
27.59
5360
5397
-43.88
172
8.6
2
27.59
5383
5382
116.57
128
15.3
54
14.76
1519
2956
-68.2
117
11.05
24
24.02
5372
5394
165.96
135
15.26
47
14.76
2956
5385
197.53
104
16.03
23
39.2
5393
5382
190.12
136
8.6
15
23.09
5377
5370
262.87
159
19.65
50
9.43
5394
5392
266.82
149
14.76
54
9.43
5344
5377
238.57
135
20.62
65
16.12
5391
5392
-32.2
146
28.02
60
18.03
1519
5385
232.88
122
26.93
35
39.85
5399
5382
175.03
133
20.52
58
17.89
5378
5402
180
144
15
36
15
5389
5388
259.7
102
5.39
9
32.89
5373
5344
157.17
117
18.44
53
20.62
5391
5394
2.05
151
18.87
38
15
5399
5403
212.35
99
9.85
15
35.44
5407
5405
53.47
144
10
13
26.25
5406
5408
138.58
122
10.44
27
19.31
5400
5401
57.09
133
19.65
64
16.12
5405
5408
183.09
143
26.25
44
22.67
5388
5401
100.3
144
23.35
43
20.25
5404
5403
196.39
158
27.02
44
14.76
5388
5389
79.7
160
33.54
79
12
5405
5407
233.47
157
26.68
49
14.04
5373
5401
220.6
141
12.17
40
12
5404
5409
218.99
121
19.24
43
24.08
5396
5397
-46.47
143
12.17
22
19.31
5411
5408
200.41
134
15.23
17
37.05
5404
5396
-81.03
121
10.77
33
16.55
5411
5413
100.95
180
29.61
10
2
5411
5412
178.81
159
45.88
72
17.72
5408
5412
106.39
116
12.17
41
16.55
4800
127
202.17
113
19
38
28.16
5411
5415
165.14
167
48.01
70
12.04
5412
3937
143.62
166
10.77
11
13.45
127
3937
227.12
151
13.34
41
10.05
5415
5411
-14.86
146
23.41
23
34.21
3625
2356
-51.34
174
11.31
38
2
3937
5412
-36.38
138
10.05
22
17.49
5416
5417
38.66
142
13.34
43
12.04
5411
2356
101.69
166
29.07
78
7.62
5416
5412
-59.04
142
8.54
26
12.04
5414
5411
-37.87
123
14.87
25
29.07
4800
5414
-90
165
7.28
9
12.17
3625
4800
175.6
147
12.53
69
7.28
5422
5420
-19.65
161
5
2
39.92
5417
5416
218.66
154
16.55
59
8.54
5423
5424
153.43
171
27.2
18
14.14
5415
5414
19.98
135
16.55
45
16.55
3625
5418
-85.6
146
12.81
71
7.62
5414
5418
19.65
120
12.17
49
13.89
5425
5426
-32.15
165
27.2
25
16.64
5419
5418
-30.26
122
12.53
55
13.04
5427
5424
171.16
121
14.21
17
40.25
5420
5422
160.35
161
12
6
33.54
5428
5423
156.5
141
14.56
33
16.64
5420
5428
-84.56
151
12.21
29
12.08
5423
5428
-23.5
129
23.71
61
21.1
5423
5420
27.65
157
14.21
27
12
5431
5432
11.31
171
17.09
11
14
5435
5433
-46.64
156
10.77
16
15.65
5433
5436
208.61
146
2.24
6
10.77
5433
5435
133.36
134
13
30
18.44
5433
5438
180
152
12.53
71
6.32
5432
5431
191.31
152
17.03
27
17.72
5440
5439
21.8
140
17
38
17.72
5442
5440
111.8
161
12.04
21
11
5438
5443
230.19
122
6.32
23
13.42
5444
5436
36.16
174
19.1
9
13.42
5441
5445
-51.71
177
12.04
3
12.21
5447
5432
178.53
167
14.32
7
25.32
5448
5445
171.87
168
13.04
10
15.81
5439
5446
10.44
151
17.03
19
25.32
5451
5447
172.41
178
11.05
1
19.24
5452
5448
198.43
118
6.08
13
23.09
5444
5443
42.88
143
6.08
14
14.76
5439
5440
201.8
125
18.44
42
22.47
5453
5440
159.15
117
17.69
47
21.54
5445
5448
-8.13
157
15.52
23
15.26
5454
5442
164.74
150
15.52
39
12.21
5446
5455
10.89
179
14.32
1
12.17
5452
5454
180
162
25.3
31
15.26
5442
5454
-15.26
123
17.69
48
20.12
5439
5456
4.09
174
38.64
49
5.66
5453
5457
30.65
134
18.44
35
23.09
5459
5443
232.59
106
5
13
20.62
5453
5454
-63.43
120
17.03
51
18.79
5454
5452
0
116
18.79
30
33.62
5451
5450
174.81
107
5.39
28
10.82
5462
5451
129.81
138
7.07
61
5.39
5456
5439
184.09
170
19.65
9
23.09
5455
5446
190.89
169
23.77
55
5.66
5457
5453
210.65
152
19.72
34
17.03
5458
5463
77.01
131
5
20
10.82
5464
5452
247.83
153
20.1
39
14.76
5465
5462
60.95
140
10.2
69
7.07
5452
5466
127.75
159
33.62
57
14.87
5466
5452
-52.25
110
25.3
37
39
5455
5467
-84.29
132
8.6
55
7.81
5463
5450
106.7
136
10.3
66
7.81
5443
5459
52.59
137
20.1
63
15.3
5466
5456
18.43
168
5.83
3
19.65
5456
5452
-90
138
16.28
22
29.15
5467
5459
-77.91
132
10.3
45
10.82
5468
5467
-28.3
138
12.37
55
10.05
5469
5468
33.69
176
6.4
2
11.66
5467
5464
222.51
121
14.32
53
15.3
5469
5467
6.12
153
18.03
34
14.76
5467
5469
186.12
144
16.28
32
17.89
5470
5471
38.16
176
16.28
38
2
5472
5473
218.66
177
16.28
20
3.16
5474
5475
-26.57
168
4.12
2
18.36
3878
2491
-53.75
175
12.04
9
6.71
5085
5472
240.64
175
17.46
60
2
5478
5479
-46.97
152
3.16
4
17.8
5477
5480
127.57
176
12.04
11
4.47
5481
3918
-68.75
112
2
5
18.68
5482
5483
43.26
171
5
2
18.44
5487
5485
252.9
180
10.44
1
3.16
5488
5489
104.04
150
1.41
14
3
2491
101
-29.36
165
12.37
26
7.21
5288
5472
243.43
154
2
2
18.36
5489
5491
74.05
165
4
17
3.61
3918
5481
111.25
112
1
2
18.97
5475
5474
153.43
172
3.16
1
19.24
5479
5478
133.03
134
2
4
19.21
5493
5473
229.09
106
3.61
10
19.21
5274
5494
-84.81
141
1.41
5
10
5490
5477
149.04
164
12.37
32
6.71
5472
5288
63.43
120
3.61
9
18.6
5483
5482
223.26
174
7.81
3
15.62
5496
5493
237.09
148
2
3
18.6
5495
5497
26.57
157
7.81
10
17.72
5487
5485
252.9
175
10.2
16
3.61
215
5498
-61.93
179
16.12
28
1
5488
5491
84.81
161
4.12
10
7.28
5492
5481
108.43
169
16.12
45
4.47
5499
5490
173.99
160
15.52
50
7.21
5473
5493
49.09
109
5.83
17
18.87
5480
5477
-52.43
142
8.25
27
11.18
5501
5494
138.01
153
8.25
32
7.28
5487
5495
48.58
162
7.62
8
15.62
5503
5502
229.76
140
4
10
14.21
5504
5505
-50.71
168
12.81
57
3.16
5506
5474
9.46
140
7.81
15
19.1
5493
5496
57.09
148
8
17
14.21
5481
5478
128.66
161
18.87
77
6.4
5504
5508
-61.93
169
14.21
42
4.12
5509
5478
-7.77
123
7.81
20
19.24
5497
5495
206.57
157
7.81
10
17.72
5498
215
118.07
157
12.81
44
7.28
5507
215
-45
168
18.87
71
4.47
5502
5500
228.37
139
8
16
18.87
5494
5510
33.69
124
10
57
9.85
5477
5490
-30.96
132
13.6
50
13.15
5495
5487
228.58
159
11.7
19
12.53
5502
5503
49.76
140
10
34
11.4
5474
5506
189.46
140
7.81
15
19.1
5478
5509
172.23
121
6.4
16
19.7
5300
5487
131.63
126
10.05
52
10.2
5508
5504
118.07
145
11.18
39
10.2
5501
5510
93.81
136
13.45
60
10.82
5488
5300
47.49
143
11.05
41
10.05
5303
5501
154.98
138
13.6
54
11.18
5512
5508
28.61
124
11.05
55
11.18
5306
5499
219.81
125
11.05
27
19.42
5514
5490
212.91
115
13.15
38
19.1
5511
5506
37.3
148
11.7
20
17.72
5500
5502
48.37
134
11.05
25
18.38
5300
5511
78.69
128
12.04
50
12.53
5304
5504
-30.96
156
17.12
74
7.28
215
5507
135
142
17.12
59
12.37
5300
5488
227.49
145
16.12
71
9.85
5512
5306
225
135
10
22
18.38
5490
5514
32.91
115
13.15
38
19.1
5499
5306
39.81
122
13.15
34
20.1
5304
5513
-55.62
156
17.49
45
10.2
5515
5509
24.62
136
13.93
30
19.1
5506
5511
217.3
149
13.93
26
16.28
5516
5507
12.8
120
13.6
36
19.7
5513
5517
215.84
132
11.05
29
17.12
5501
5310
36.25
123
15.03
50
16.49
5310
5501
216.25
127
18
61
16.55
5306
5512
45
135
15
38
17.12
5507
5516
192.8
117
12.37
33
20.25
5311
5511
130.91
131
16
52
15.3
5517
5514
220.36
131
15
34
20.1
5513
5304
124.38
139
16.49
45
15.3
5509
5515
204.62
132
13.6
30
20.1
5510
5311
41.63
139
16.12
41
16
5517
5513
35.84
133
17.12
49
16.49
5511
5311
-49.09
121
16.28
50
18.25
4912
5303
218.66
132
18.03
44
19.1
5057
4038
37.87
173
28.28
29
7.07
5311
5510
221.63
138
20.1
55
16.49
5303
4912
38.66
129
18
44
20.1
5514
5517
40.36
134
18.03
43
19.03
5311
5516
34.82
135
18.25
40
20.1
5519
5304
25.56
129
18.44
45
20.25
5304
5519
205.56
127
15.3
36
20.4
5312
4912
217.3
135
17.12
40
19.03
5516
5311
214.82
138
18.44
40
19.1
5310
5519
40.6
137
20.1
46
19.1
4912
5312
37.3
131
20.02
48
20.4
5318
5521
-54.78
177
6.4
0
35.23
5519
5310
220.6
134
20.02
46
20.1
5520
5522
109.98
162
6.4
19
6
5524
5523
205.71
171
12.21
6
18.03
1126
5525
175.24
153
7.62
11
17.72
5528
5521
151.39
113
6.4
30
11.66
5531
5529
263.88
180
22.09
3
6.08
4915
5522
210.47
166
5.66
5
14.32
3298
4915
121.18
173
43.42
76
5.66
5520
4109
62.1
133
11.7
37
14.32
5520
5521
-55.41
160
20.81
24
17.26
4038
5532
240.02
102
10.63
20
29.83
5528
5527
218.66
160
5.83
65
2.24
5526
5525
163.61
168
14.04
36
5
5331
5532
219.56
134
16.03
31
22.2
4019
5521
-79.99
133
16.64
63
13.6
4109
1768
-59.93
172
43.42
81
6.4
5527
5535
255.96
103
2.24
15
8.06
4019
4109
105.42
141
20.81
43
19.24
5538
5536
172.41
154
6.32
16
9.85
5521
5528
-28.61
123
10.3
51
11.18
5540
5541
55.18
106
7.81
16
27.02
5543
5542
58.67
147
23.02
58
15
1768
4109
120.07
153
16.64
14
30.08
5534
5545
119.25
128
7.07
12
25
5532
4038
60.02
113
11.4
22
27.8
5531
5530
264.81
136
7.81
18
17.46
5544
5545
106.26
129
18.38
46
19.72
5528
5545
59.53
140
11.18
32
13.42
5537
5547
-43.15
119
6.32
16
19.72
5550
5548
180
164
20.88
50
7.81
3549
5528
126.53
171
31.83
67
5.83
5551
5536
28.39
164
15.56
9
27.51
5543
5552
17.1
139
26.93
68
19.21
5544
3549
-81.47
107
7.07
20
19.42
5553
5554
197.1
164
3.61
2
23.77
5523
5524
25.71
143
11.18
17
22.2
5546
5550
176.82
177
7
2
11.05
5528
3549
-53.47
149
18.38
27
20.22
5541
5540
235.18
143
23.02
55
17
3549
5526
45
147
19.42
49
14.04
5553
5557
180
163
27.2
28
17
5558
5557
244.54
118
5
11
21.4
5537
5536
156.04
133
7.62
50
7.28
5548
5560
245.22
116
7.81
32
13.04
5540
5530
246.37
164
15.13
55
5.1
5562
5523
-6.34
135
6.4
45
6.4
5556
5532
-32.74
148
7
19
11.4
5557
5553
0
128
21.4
31
32.76
5536
5563
229.4
124
7.28
49
8
5526
3549
225
147
15.3
33
15.3
5565
1622
115.35
133
10.44
28
16.03
5549
5556
9.16
173
20.88
14
11.05
5566
5533
130.6
164
26.08
70
8.06
5536
5551
208.39
159
9.22
5
33.62
5540
5551
-53.13
127
17
54
16.76
5523
5532
63.43
115
6.4
34
10.3
1622
5565
-64.65
165
18.44
56
5.83
3549
5533
136.27
148
5.1
5
27.66
5532
5556
147.26
119
10.3
37
14.87
5547
5537
136.85
152
19.65
63
10.44
5547
5567
10.3
115
8.25
43
10.82
5564
5568
-69.78
127
10.44
30
16.28
5551
5540
126.87
131
14.04
44
15.13
2920
5560
64.98
122
14.42
53
15.3
3223
5537
73.3
134
8.06
50
7.62
4645
2920
101.31
120
9.49
27
17.72
275
5570
-24.44
160
14.04
23
12.04
5573
5571
-50.19
143
18.44
51
14.32
5565
5568
259.38
150
11.7
43
8.6
5565
5570
-11.31
110
5.83
13
24.17
5566
5535
147.53
180
15.26
1
10.82
5566
2920
-45
147
5.1
11
14.42
5571
5573
129.81
142
10.2
22
16.76
5556
5576
229.4
120
14.87
49
17
5559
5577
-90
151
8.06
63
4.47
5560
2920
244.98
161
11.05
31
7.21
5570
5565
168.69
153
21.84
58
11.7
5579
1013
-20.77
178
15.81
2
15.23
5580
5581
175.6
153
13
12
28.16
5582
5583
-57.26
171
13.45
32
4
5566
5584
-67.07
158
18.38
31
13.15
2764
5549
56.31
152
11.05
23
13.04
5147
5577
-60.26
152
9.43
29
9
5556
5549
189.16
140
18.44
34
21.02
1441
5585
-33.69
166
18.03
82
4.47
5586
5587
248.84
159
14
14
20.81
4645
2764
85.24
164
20.4
51
7.21
1441
5579
-66.8
147
18.03
51
12.53
5580
5584
47.49
134
15.03
61
12.37
5585
5570
23.5
141
4.47
7
21.84
5588
5589
-30.07
167
17.72
41
6.32
5561
5590
210.07
168
19.1
51
5.39
5566
5567
148.39
159
11.18
39
6.32
5584
5566
112.93
127
12.37
25
23.02
5585
5591
12.09
169
25.08
50
6.4
5593
5592
147.8
148
10
12
24.04
5594
5595
75.96
179
13.34
1
11.4
5597
5588
-12.99
152
7.28
26
7.81
5578
5585
119.36
138
15.81
57
12.53
3149
5581
197.53
104
15.03
21
39.12
5590
5561
30.07
131
11.18
30
17
5588
5598
-90
121
21.95
43
27.59
2764
4645
265.24
158
19.92
53
9.43
5582
5587
234.78
134
15.3
47
15.13
5589
3149
-68.2
123
11.18
24
23.02
5601
5577
-11.31
129
15.62
48
16.12
5591
5585
192.09
135
9.43
17
23.09
5590
5587
258.02
100
5.39
9
33.24
5589
5581
232.88
122
26.93
35
39.85
5602
5585
175.03
131
19.8
55
18.36
5577
5601
168.69
135
14.42
44
14.42
5549
2764
236.31
133
21.59
66
17.26
5601
5593
266.63
143
14.42
57
10.3
5583
5582
122.74
114
6.08
21
15.3
5605
5595
52.43
143
11
15
25
5604
5606
142.59
121
10.77
30
18.38
5592
5593
-32.2
148
28
61
17.03
5549
5603
-76.61
129
21.02
62
18.44
5147
988
182.39
143
15.62
39
15
5595
5606
183.09
147
25
40
21.4
5595
5605
232.43
157
24.74
44
14.14
5608
5609
14.83
164
34.99
80
9.85
5592
5601
0
151
18.36
36
15
5609
5608
194.83
156
27.02
46
15.26
5587
5603
98.88
144
22.63
43
19.42
2764
5599
-72.47
118
17.26
52
19.42
5611
5607
-45
145
12.17
22
18.38
5587
5590
78.02
160
32.39
73
12.04
5609
5610
218.99
121
19.24
43
24.08
5612
5606
200.41
134
15.23
17
37.05
5576
5603
220.6
141
11.18
35
12.04
5609
5611
-81.03
119
11.7
37
17
5606
5613
103.24
113
12.17
41
17
5612
5613
178.78
159
45.88
75
17.46
5612
2559
100.95
179
28.64
10
3
3223
5615
205.71
113
21.02
41
29.12
5612
5617
166.24
168
47.01
65
11.18
5613
5618
146.98
167
11.7
11
12.73
5615
5618
227.12
151
13.34
41
10.05
5617
5612
-13.76
148
24.35
23
32.8
5618
5613
-33.02
142
10.05
21
17.2
5619
5613
-54.46
147
8.54
25
11.18
5612
5614
102.09
164
27.29
72
8.06
5619
5621
38.66
142
13.34
43
12.04
5622
5623
149.04
172
28.23
17
13.45
5625
5614
-48.37
169
10
41
3
5600
5626
-22.04
149
6.08
4
40.25
5616
5612
-37.57
126
13.6
23
27.29
5583
5626
-26.57
178
31.78
8
8.6
3223
5616
-87.27
173
11.18
8
10.05
5621
5619
218.66
154
16.55
59
8.54
4144
5629
-23.63
164
15.13
55
5.1
5625
3223
162.9
131
13.04
62
11.18
5617
5616
19.18
135
16.55
42
17.46
5624
5630
-35.22
168
28.23
23
15.26
5625
5620
-85.6
143
12.04
64
8.06
5616
5620
17.1
113
10.05
43
13.42
5631
5623
167.2
117
14.21
18
40.82
5628
5620
-26.57
121
13.04
59
13.04
5632
5622
158.63
144
15.52
37
15.26
5626
5600
157.96
158
12
7
34.48
5626
5632
-84.29
155
11.66
27
10.77
5622
5632
-21.37
131
23.71
62
20.1
5622
5626
27.65
157
14.21
27
12
5634
5635
11.31
162
18.36
23
14.32
5637
5634
61.93
174
10.77
10
6.4
5640
5638
-49.9
149
9.49
16
17.46
5638
5641
199.98
110
1
4
11.4
5638
5643
175.24
156
11.7
73
5.1
5638
5640
130.1
135
12.04
27
18.44
5635
5634
191.31
149
19.1
34
17.46
5646
5641
37.57
180
17.8
0
15
5637
5644
18.43
137
17
42
17.46
5643
5645
231.84
131
5.1
14
15
5648
5637
109.98
167
14.42
19
10
5649
5650
171.87
176
14.04
3
14.32
5653
5635
176.99
156
13.93
12
25.96
5654
5649
194.62
124
3.16
6
22.2
5644
5652
8.75
146
19.1
24
25.96
5646
5645
38.16
147
3.16
6
15.26
5650
5649
-8.13
161
15.3
20
14.76
5656
5637
152.35
113
17.03
42
23.41
5658
5653
170.54
171
10
4
20.62
5644
5637
198.43
118
19.24
46
23.71
5655
5648
164.74
154
15.3
36
11.4
5654
5655
178.41
164
23.77
26
14.76
5652
5659
9.09
169
13.93
13
12.04
5648
5655
-15.26
125
17.03
46
19.24
5644
5660
1.33
173
39.46
52
6.4
5645
5661
39.09
175
19.8
65
2.24
5656
5663
29.05
129
19.24
38
24.33
5655
5654
-1.59
117
17
28
32.25
5656
5655
-62.1
125
17.12
55
17
5657
5665
-48.37
132
10
54
9.22
5658
5665
257.47
132
8.6
61
7.28
5660
5644
181.33
167
19.65
10
24.33
5663
5656
209.05
150
19.72
35
17.12
5659
5652
189.09
166
22.85
60
6.4
5661
5667
74.74
102
2.24
11
11.18
5668
5654
244.44
147
15.13
32
15.26
5654
5669
129.4
160
32.25
62
13
5670
5666
63.43
140
8.25
47
7.28
5654
5660
88.49
140
36.24
65
26
5645
5662
45
128
15.13
48
16.03
5659
5671
-85.6
121
8.94
42
11.4
5657
5671
232.13
132
11.18
64
9.22
5660
5654
268.49
145
18.03
24
25.5
5669
5660
22.62
158
7.07
7
19.65
5659
5660
203.2
179
12.08
1
10.77
5671
5662
-71.57
121
9.22
45
11.18
5672
5671
-33.69
122
12.08
51
13.04
5673
5672
36.25
162
8.6
14
10.77
5671
5668
222.51
115
12.65
46
16.03
5673
5671
6.34
151
18.6
40
14.42
5671
5673
186.34
144
16.28
34
17
5674
4202
38.16
179
15.62
11
2.24
5675
5676
218.66
179
15.62
4
3.61
5091
5675
242.1
176
17.46
35
2.24
5677
5678
-4.97
176
5
1
18.11
2690
5680
-29.36
174
13
15
5.66
5496
5675
243.43
154
1
1
19.24
5682
5683
-23.2
157
4
4
19.24
5274
5685
99.46
172
3.16
9
3
5687
5688
105.52
174
18.38
78
2.24
5689
5688
-46.97
134
3
6
18.6
5690
5676
229.09
106
3.61
10
19.21
5681
4093
149.04
172
13
22
5
5685
5691
68.2
159
4
41
2.24
5693
5694
45
166
5.83
4
18.44
5686
5696
-71.57
177
18.38
63
1.41
5675
5496
63.43
120
3.61
9
18.6
5678
5677
175.03
176
4
1
19.1
5684
5697
-80.54
172
3.16
3
9.06
5698
5693
69.44
178
9.49
2
7.62
5688
5689
133.03
107
2.24
6
20
5700
5681
173.99
167
15.13
38
5.66
5294
5690
237.09
148
2
3
18.6
5683
5682
156.8
157
3
3
20.12
5676
5690
49.09
103
5
14
19.42
5702
4093
-51.84
155
8.94
21
10.44
5274
5691
84.81
166
6.08
16
5.39
5699
5692
251.57
172
11.18
45
2.24
5704
5705
-61.93
179
16.12
28
1
5703
5697
129.29
156
8.94
31
7.07
5696
5686
108.43
169
16.12
45
4.47
5694
5693
225
171
8.6
5
15.62
5295
5707
229.76
140
3
7
14.87
5706
5677
28.61
155
8.6
12
17.72
5690
5294
57.09
148
7
14
14.87
5708
5709
-48.01
167
12.21
60
3.16
5699
5706
48.58
162
7.62
8
15.62
5707
5701
228.37
139
7
13
19.42
5708
5710
-60.26
168
13.45
43
4.12
4093
5681
-30.96
137
13.34
49
12.17
5686
5689
126.87
157
18.36
66
8.06
5705
5704
118.07
154
12.21
42
8.25
5712
5682
14.04
137
9.43
20
19.1
5510
5274
153.43
130
9.85
57
9.06
5707
5295
49.76
140
9
29
11.7
5711
5704
-42.88
167
18.36
73
4.47
5713
5689
-2.6
114
8.94
23
20.12
5303
5703
156.37
144
13.34
49
10.44
5306
5700
217.87
123
10.05
25
19.42
5677
5706
208.61
151
9.43
15
17.46
5514
5681
210.47
112
12.17
36
19.1
5703
5510
90
141
14.21
66
9.85
5701
5707
48.37
133
10.05
23
18.79
5710
5708
119.74
137
10.44
40
11.18
5706
5699
228.58
158
12.65
24
12.08
5715
5699
128.66
123
10.05
48
11.18
5274
5715
47.49
143
11.05
41
10.05
5689
5713
177.4
118
8.06
21
19.7
5682
5712
194.04
131
8.94
19
20.1
5681
5514
30.47
112
12.17
36
19.1
5512
5306
225
135
9
19
18.79
5700
5306
37.87
119
12.17
32
20.1
5714
5712
37.3
146
12.65
24
17.46
5715
5714
78.69
131
12.81
54
12.08
5510
5715
86.63
114
11.18
39
16.28
5716
5708
-30.96
153
17.03
73
8.25
5704
5711
137.12
141
17.03
61
12.37
5716
5513
-56.98
154
17.49
43
11.18
5717
5703
216.25
124
18.03
59
17.46
5720
5718
160.02
146
8.25
43
6.71
5513
5517
215.84
132
11.05
29
17.12
5703
5717
36.25
127
15
51
15.52
5306
5512
45
135
15
38
17.12
5712
5714
217.3
144
14.56
30
17.12
5515
5713
26.57
133
14.56
32
20.1
5517
5514
220.36
131
15
34
20.1
5721
5711
14.62
125
14.87
38
19.7
5722
5723
35.91
171
29.7
35
8
5724
5303
218.29
129
17
44
19.1
5513
5716
123.02
138
16.49
43
16.28
5711
5721
194.62
119
12.37
31
20.88
5517
5513
35.84
133
17.12
49
16.49
5725
5714
127.41
135
16.12
48
15.3
5510
5725
41.42
135
17.03
48
16.12
5713
5515
206.57
137
14.87
32
19.1
5303
5724
38.29
126
18.03
46
20.22
5514
5517
40.36
131
17
40
20
5714
5725
-52.59
121
17.12
49
19.42
5725
5510
221.42
138
19.1
56
15.52
5312
5724
217.69
135
17.12
37
20
5727
5728
-3.81
163
4.12
6
11.18
5716
5729
209.48
131
16.28
38
20.22
5725
5721
36.47
139
19.42
42
19.1
5729
5716
29.48
129
19.24
46
20.88
5731
5730
207.41
177
11.66
2
18.79
5732
5733
109.98
167
7.21
19
5
5729
5717
217.69
134
20.1
46
20.22
5724
5312
37.69
134
20.1
46
20.22
5717
5729
37.69
134
19.1
43
20.1
5728
5734
-62.24
175
18.03
27
4
5721
5725
216.47
136
19.24
42
20.1
5736
5737
85.76
176
4
0
23.09
4711
5740
-58.82
167
1.41
0
43.05
5742
5525
172.87
138
8.6
18
18.79
5723
5722
215.91
178
29.21
9
6.71
5745
5746
151.39
113
6.4
30
11.66
5723
5747
239.35
105
9.9
18
30.48
5749
5745
63.43
109
2.83
24
6.4
5748
5747
221.01
135
16.03
30
22.36
5741
5525
154.8
163
14.14
38
6.71
5744
1954
257.47
123
2.83
17
8.06
5732
5746
-55.41
162
21.4
23
16.28
5752
5753
195.64
178
3.16
0
22.8
3718
5751
147.26
115
13.04
46
16.28
5728
5727
176.19
150
6.71
20
9.85
5740
4711
121.18
173
43.42
76
5.66
4711
5733
210.47
166
5.66
5
14.32
5732
5756
62.1
133
11.7
37
14.32
5756
3718
-60.57
171
43.42
74
7.07
5746
5745
-28.61
128
9.85
50
10.2
5758
5759
56.31
111
8.6
17
27.02
5747
5723
59.35
112
11.4
21
29.21
5750
5761
118.3
127
7.07
12
25.96
5737
5738
265.03
140
8.6
18
17.46
5763
5762
59.74
148
24.02
59
15
5752
5764
178.6
163
25.96
25
17.89
5751
5756
104.93
143
21.4
42
19.24
5765
5548
177.71
157
22.47
63
9.85
5760
5761
105.64
131
18.79
46
19.72
5755
5734
-45
109
6.71
17
21.47
5766
5764
244.54
124
5.83
13
20.62
5768
5745
125.54
170
31.83
62
6.71
3718
5756
119.43
153
16.64
14
31.05
5770
5727
29.58
160
17.03
12
27.2
5730
5731
27.41
144
11.18
17
22.36
5760
5768
-81.47
107
7.07
20
19.42
5745
5761
59.53
139
10.2
29
13.89
5743
5765
173.66
166
7.07
8
11.4
5762
5763
239.74
113
20
42
27.2
5745
5768
-54.46
151
18.79
27
20.22
5764
5752
-1.4
128
20.62
29
32.76
5768
5741
43.36
146
19.42
51
14.14
5759
5758
236.31
144
24.02
56
17
5773
5730
-6.34
143
5.83
38
5.66
5548
5774
249.44
136
9.85
34
12.21
5758
5738
246.37
164
16.12
66
5
5755
5727
156.04
127
8.06
52
8.25
5771
5747
-29.74
143
7.07
22
11.4
5741
5768
223.36
145
15.3
35
15.13
5777
5778
113.2
135
10.77
26
17.03
5779
5749
127.69
164
25.81
67
8.06
1495
5771
8.88
169
22.47
24
11.4
5727
5780
233.13
130
8.25
53
8
5730
5747
63.43
109
5.66
29
10.82
5727
5770
209.58
157
10
6
33.62
5747
5771
150.26
117
10.82
40
14.87
5768
5749
136.27
137
6
8
27.8
5778
5777
-66.8
165
19.21
49
6.71
5776
5781
-68.75
134
10.77
33
14.32
5758
5770
-54.78
126
17
51
17.72
5782
1954
138.37
134
11.05
60
9.22
5734
5755
135
150
19.65
60
11.4
3111
5774
64.98
124
15.26
57
15.13
5784
5785
232.43
169
4.47
4
12.04
5786
3111
101.31
126
9.85
28
16.76
5770
5758
125.22
130
14.04
42
16.12
5789
5787
-46.97
140
17.12
56
13.34
5002
5755
74.74
135
8.06
45
8.06
5787
5789
133.03
139
10.05
27
14.56
5777
5781
257.91
147
10.77
48
8.06
1877
5792
-25.56
159
14.04
22
13.45
5777
5792
-10.89
106
6.71
14
25.5
5779
3111
-42.88
138
6
15
15.26
5779
1954
144.46
175
13.89
6
12.04
5785
5793
177.06
159
12.65
9
27.66
5795
5767
-17.24
178
15.52
2
14.87
5796
5797
-62.1
163
14.14
36
7.07
5771
5799
231.34
122
14.87
47
17.03
5774
3111
244.98
160
12.04
38
6.71
5792
5777
169.11
157
22.56
57
10.77
5779
5784
-66.25
157
19.1
37
12.37
5775
5800
-90
151
8.06
53
5
5801
5802
248.84
164
13.04
10
21.1
2953
1495
59.93
155
12.04
24
12.21
5803
5804
-40.6
164
17.46
71
5.39
5786
2953
85.03
164
20.4
58
6.71
5785
5784
52.43
135
14.14
57
12.04
5803
5795
-70.82
150
18.44
47
12.53
5771
1495
188.88
138
19.21
35
22.36
5806
5800
-60.26
147
8.94
29
10
5804
5792
22.62
135
5.39
9
22.56
5772
5807
214.38
172
19.1
34
5
5808
5809
-30.07
167
17.72
41
6.32
5784
5779
113.75
119
12.04
26
24.02
5779
5782
149.74
156
10.05
41
6.32
5793
5785
-2.94
160
38.9
78
14.14
5804
5810
12.09
170
26
57
5.66
5794
5804
120.96
136
15.52
59
12.53
5796
5802
238.57
137
18.44
58
15
5802
5813
138.81
135
12.04
33
15.52
5815
5814
147.8
148
9
11
24.76
2953
5786
265.03
159
20.88
64
8.54
5818
5816
52.43
143
12
17
24.41
5817
5819
144.78
119
11.18
32
18.38
5807
5772
34.38
134
12.17
31
17.03
5822
5808
-12.99
152
7.28
26
7.81
5797
5796
117.9
107
5.1
15
18.44
5802
5801
68.84
172
31.78
68
5
5808
5823
-90
121
21.95
43
27.59
5809
5805
-70.2
116
10.05
22
24.02
5810
5804
192.09
135
9.43
17
23.09
5824
5804
175.03
133
19.1
54
17.49
5809
5793
232.88
124
26.57
34
38.9
5816
5818
232.43
158
23.77
40
14.32
5816
5819
183.09
149
24.41
38
20.81
5826
5800
-8.53
129
16.28
51
16.12
5827
1495
104.62
118
17.46
44
21.95
5800
5826
171.47
138
14.42
45
13.6
5826
5815
266.42
141
13.6
57
10.3
5829
5830
15.26
164
34.13
81
9.85
5831
5820
-46.55
144
11.18
21
18.38
1495
5827
-75.38
132
22.36
61
19.1
5814
5815
-32.2
150
28.02
61
16.03
5830
5829
195.26
155
26.25
46
15.26
5802
5827
99.46
141
21.26
43
19.42
5830
5832
220.36
119
19.42
45
24.08
2953
5813
-73.3
120
17.46
51
19.42
5802
5807
77.28
158
30.41
72
12.04
5806
5833
184.76
143
16.28
41
15
5834
5819
200.41
134
15.23
17
37.05
5835
5836
-25.46
178
7.62
1
15.65
5814
5826
-2.05
152
17.89
34
15
5799
5827
222.88
143
12.17
38
12.04
5830
5831
-78.11
131
12.53
40
14.76
5819
5838
104.93
116
11.18
43
14.76
5834
5838
181.22
161
45.88
76
15.52
5834
5836
101.31
179
27.66
11
3
5834
5839
168.47
168
47.01
68
11.18
5838
5840
145.62
175
12.53
6
10.63
5835
5841
205.71
114
22.02
43
29.41
5843
5844
147.85
174
27.73
12
14.14
5839
5834
-11.53
150
24.35
23
31.62
5841
5840
231.34
150
14.14
45
10.05
5811
5847
-24.86
144
5.1
4
41.18
5797
5847
-29.05
176
31.78
15
9.9
5840
5838
-34.38
140
10.05
22
16.64
5846
5838
-57.26
146
7.62
22
11.18
5834
2940
102.53
161
24.7
61
9.22
5842
5834
-34.7
133
13.34
23
24.7
5846
5850
36.25
135
14.14
49
13.34
5851
2940
-41.19
166
8.94
48
3
5845
5852
-36.03
170
27.73
20
14.42
5853
5854
-23.63
161
15.03
56
6.08
5835
5842
-87.4
174
13.15
8
9.06
5850
5846
216.25
156
16.12
59
7.62
5855
5813
116.57
172
12.21
17
6.08
5839
5842
19.18
139
16.12
40
16.16
5851
5835
155.22
123
13.04
56
13.15
5856
5844
164.74
117
13.45
16
41.34
5857
5843
157.75
146
14.32
34
14.42
5851
5849
-85.6
136
10.63
53
9.22
5847
5811
155.14
156
12
8
34.67
5849
2875
153.43
141
13.34
69
9.06
5847
5857
-86.99
147
10
27
12.08
5843
5857
-22.25
133
23.26
64
19.03
2875
5849
-26.57
121
13.04
59
13.04
5843
5847
25.46
158
13.45
25
12
5859
5860
7.59
158
19.72
32
14.32
5647
5859
68.75
176
13.6
9
5.83
5864
5862
-51.34
146
10.44
19
18.03
5862
5865
175.24
159
10.44
58
4.47
5862
5864
128.66
134
12.04
26
19.42
5860
5859
187.59
139
19.85
40
20.25
5868
5647
109.98
172
17
19
7
5647
5866
16.26
128
19.31
49
20.25
5870
5860
177.06
151
15.65
16
26.57
5871
5872
191.77
166
2.24
1
22.36
5875
5872
-8.13
169
16.03
14
13
5866
5869
8.97
140
19.85
28
26.57
5874
5868
162.35
159
16.03
35
10
5876
5647
150.26
113
16.4
40
23.41
5866
5647
196.26
116
19.24
46
24.19
5878
5870
166.87
162
11.05
9
20.62
5871
5874
180
169
24.52
22
13
5868
5874
-17.65
125
16.4
44
19.24
5869
5879
4.4
158
15.65
27
13
5874
5871
0
120
16.12
26
31.3
5876
5874
-62.1
128
17.26
57
16.12
5876
5881
25.71
125
19.24
39
24.74
5866
5425
-2.73
169
38.47
60
8.94
5877
5882
-51.34
124
11.05
53
11.4
5878
5882
254.74
139
8.94
51
7.62
5881
5876
205.71
148
18.87
35
17.26
5425
5866
177.27
165
18.44
11
24.74
5885
5871
240.95
140
10.2
27
14.42
5887
5888
245.56
174
9.49
20
2.83
5879
5869
184.4
160
24.17
67
8.94
5871
5889
133.78
161
31.3
70
11.18
5890
5883
63.43
138
7.28
40
7.62
5871
5425
90
137
33.24
66
25.08
5884
5888
35.54
115
10.2
35
16
5877
5891
241.39
142
12.17
68
8.06
5425
5871
-90
148
18.87
29
20.59
5879
5891
-85.91
118
7.62
32
12.53
5889
5425
23.5
154
7.81
10
18.44
5879
5425
204.44
175
13.89
7
10.44
5891
5888
-75.96
112
8.06
38
12.08
5892
5891
-28.3
122
13.89
57
14.04
5893
5892
36.25
159
9.43
19
10.44
5891
5885
222.71
119
12.37
42
16
5893
5891
8.13
152
18.6
36
14.76
5891
5893
188.13
146
17.69
36
17
5895
5896
242.1
178
16.55
17
2.83
5897
4310
-75.96
176
3.16
0
17.46
2891
3209
-32.01
175
13.42
12
5.66
5897
4310
-75.96
180
19.65
14
1
5902
5900
197.65
180
18.97
3
4.12
1436
3215
11.89
169
17.46
56
4.24
5294
5896
243.43
154
1
1
19.24
3215
5896
38.66
172
19.1
83
2.83
5899
5904
150.64
178
13.42
7
5
5905
5906
68.2
177
3.16
0
13
5909
5910
108.43
165
3.61
18
3
5911
5912
-2.49
151
4.47
6
19.24
5896
5294
63.43
109
2.83
7
19.42
2902
5899
171.03
168
15.03
36
5.66
5914
5915
-54.32
171
2.83
0
45.22
4516
5897
104.74
173
18.38
59
2.83
5916
5917
70.02
175
4.12
3
7.62
5910
5918
63.43
154
4
63
2
4694
5903
214.51
168
19.1
79
4.24
5919
5920
-21.8
145
4.12
7
18.36
2144
5921
-71.57
177
18.38
63
1.41
5922
5897
-40.91
106
3.61
10
19.21
5503
4694
238.57
149
2
3
19.42
5908
5923
-81.25
156
3.61
8
10
5902
5900
197.65
172
4.47
2
18.68
5906
5900
45
162
6.71
6
17.8
5927
5925
-58.3
173
37.64
62
5.83
4672
5904
-54.46
158
9.43
23
9.22
5906
5905
248.2
179
8.54
1
7.62
5928
5923
132.27
165
9.43
23
6.32
5897
5922
139.09
95
2.83
8
19.85
5912
5911
177.51
164
4.12
3
19.1
5909
5918
90
162
6.32
26
4.47
5929
5930
-64.98
174
15.26
51
2.24
5917
5916
250.02
171
11.18
70
2
5920
5919
158.2
125
3.61
8
19.72
4694
5503
58.57
149
6
11
16.28
5508
5707
233.75
144
3
6
16.28
5921
2144
108.43
167
15.26
40
5.39
5913
5931
-49.4
111
8.54
10
43.91
5932
5925
-46.97
104
8.06
11
39.96
5707
5903
226.74
137
6
12
19.42
5904
5899
-29.36
147
14.04
49
10.2
5900
5906
225
171
8.6
5
15.62
5708
5934
-45
169
10.82
45
3
5708
5935
-56.31
169
12.73
52
3.16
5933
5911
27.55
154
8.6
12
18.68
5917
5933
50.19
161
8.54
10
15.62
5306
2902
215.84
120
9.06
23
19.42
5899
2902
-8.97
146
18.79
70
11.18
5303
5928
153.43
150
14.04
50
9.22
5707
5508
53.75
144
10
29
12.08
5937
5909
142.13
124
9.49
52
10
5930
5929
115.02
149
10.82
37
9.22
5903
5707
46.74
131
9.06
21
18.79
2144
5922
130.91
158
17.89
64
7.62
5923
5928
-47.73
114
9.49
38
14.04
5938
5929
-42.88
164
17.89
68
5.39
5939
5919
16.26
136
10.3
22
19.1
5935
5708
123.69
135
10.2
45
10.2
5942
5718
164.74
151
8.25
43
5.83
5514
5303
173.99
149
18.79
72
10.2
5943
5922
-2.6
117
10.3
27
19.72
5909
5944
41.99
132
10
47
10.05
2902
5306
35.84
116
11.18
30
20.1
5944
5917
123.69
130
10.05
43
11.18
5941
5945
174.29
137
11.4
33
14.21
5911
5933
207.55
147
10.3
18
18.25
5936
5306
226.64
137
10
21
18.79
5933
5917
230.19
158
13.6
25
12.08
5937
5944
86.42
125
11.4
44
13.45
5922
5943
177.4
111
7.62
20
20.62
5919
5939
196.26
136
10.3
22
19.1
5944
5947
79.99
137
14.42
55
12.08
5929
5948
183.18
106
9.22
29
17.89
5947
5939
36.03
144
13.6
26
18.25
5928
5303
-26.57
123
17.49
60
17.03
5306
5936
46.64
137
14
33
17.46
5951
5723
37.18
170
31.14
44
8.06
5928
5949
30.96
117
14.04
48
16.76
5929
5938
137.12
134
18.03
63
14.56
5940
5950
219.81
135
11.05
26
17.46
5952
5953
14.74
105
6
17
19.03
5950
5514
218.66
129
14
32
20.1
5948
5940
-52.13
155
17.89
49
10.2
5954
5303
216.38
127
16
42
19.1
5939
5947
216.03
145
15.81
32
17.03
5950
5940
39.81
137
17.12
46
16.12
5955
5943
28.44
137
15.81
34
19.1
5957
5938
19.18
124
16.49
42
20.62
5940
5948
127.87
135
16.12
45
16.12
5514
5950
38.66
129
16
38
20
5303
5954
36.38
124
17.03
44
20.22
5937
5725
39.81
134
16.03
43
17.03
5725
5947
127.87
132
17.03
47
17.26
5958
5728
3.81
147
5
14
11.18
5938
5957
199.18
126
14.56
36
19.92
5725
5937
219.81
136
20.1
57
16.76
5961
5959
37.3
176
13.45
4
13.04
5728
5952
-64.54
172
18.03
25
6
5961
5962
265.76
179
24.02
14
3.16
5947
5725
-52.13
125
17.03
46
19.24
5943
5955
208.44
133
16.49
36
20.22
5956
5954
217.69
135
17.12
37
20
5965
5964
172.87
133
9.22
20
19.24
5723
5951
217.18
177
30.48
18
6.32
5967
5968
-60.75
180
21.95
2
6.71
5970
5971
147.53
117
5.83
26
11.66
5972
5973
178.57
166
25.71
23
16.55
5948
5974
210.58
128
16.12
39
20.22
5723
5975
240.46
110
10.63
17
32.56
4650
5975
222.51
137
16.03
27
23.77
5977
5978
114.44
175
8.06
10
4.12
5974
5949
217.69
134
20.1
46
20.22
5970
5969
210.96
152
5.83
75
2.83
1951
5964
152.1
165
14.32
35
6.71
5974
5948
30.58
130
19.24
48
19.92
5954
5956
37.69
134
20.1
46
20.22
5725
5957
34.82
134
19.24
43
20.22
5949
5974
37.69
134
20.1
46
20.22
4516
5981
-58.82
167
1.41
0
43.05
5969
5207
258.69
124
2.83
15
8.94
5982
5973
245.77
118
6.4
16
19.85
5957
5725
214.82
134
19.24
43
20.22
5728
5958
183.81
145
7.81
27
9.85
5973
5972
-1.43
130
19.85
29
31.38
5977
5971
-55.41
165
22.02
23
15.3
5975
5723
60.46
120
11.66
19
30.48
4112
5985
147.26
119
12.53
45
15.3
5961
5963
267.61
149
10.3
19
16.16
5986
5959
57.38
119
10.3
20
26.4
5971
5970
-32.47
135
9.22
45
9.22
5968
5967
119.25
120
7
13
25.96
5991
5989
133.03
179
12.73
3
7.81
5993
2779
175.43
153
22.85
65
11.7
5994
5976
28.18
148
10.3
13
23.77
5952
5728
115.46
161
22.63
75
7.81
5995
5970
124.59
171
33.24
65
5.83
5996
4366
60.75
149
25.02
60
15
5995
5968
79.22
162
21.21
79
7
5997
4112
-60.57
171
42.64
69
7.81
5981
4516
121.18
172
42.64
69
6.4
5998
5958
30.74
157
18.6
15
26.93
5988
5967
105.64
131
18.79
46
19.72
5977
5997
60.64
127
12.08
40
14.87
5966
5993
173.66
166
7.07
8
11.4
4516
5978
209.05
158
6.4
9
14.87
5970
5995
-55.41
150
18.79
26
21.21
5995
1951
45
146
21.38
57
14.32
5970
5967
59.53
138
9.22
25
14.42
6001
5994
-12.53
157
5.1
24
5
5985
5997
104.93
145
22.02
44
18.36
4366
5996
240.75
116
20.81
43
27.2
4112
5997
119.43
153
16.64
14
31.05
2779
6003
250.56
141
11.7
39
11.66
5959
5986
237.38
146
25.02
57
17
5986
5963
248.2
166
15.13
68
4
5984
5958
156.04
121
8.6
53
9.22
6007
6005
-45
135
17
57
14.32
5999
5975
-34.7
138
7.07
24
11.66
1951
5995
225
147
15.3
33
15.3
6010
6008
98.53
136
10
28
14.87
6005
6007
135
141
10.05
27
13.6
6012
6013
114.44
139
12.08
27
17.03
5975
6000
213.69
153
10.3
70
5
273
6014
-68.75
136
12.08
38
13.6
2381
5979
124.22
164
27.02
60
8.94
5992
5999
10.62
168
22.85
25
11.4
6008
6003
66.37
125
15.26
55
15.3
5975
5999
145.3
112
10.82
40
15.52
5995
5979
133.78
125
6.08
9
30.23
5958
5998
210.74
155
10.82
7
33.62
6013
6012
-65.56
166
19.21
40
7.28
5958
6015
236.31
134
9.22
56
8
6016
5207
131.63
132
10
54
9.22
5986
5998
-54.78
126
17
51
17.72
5952
5984
135
147
19.42
59
12.37
5998
5986
125.22
134
14.14
42
15.13
6018
6019
177.06
168
12.17
5
27.29
6017
5984
75.96
137
8.06
40
8.6
6012
6014
252.9
147
10.44
49
7.62
5990
6021
-62.1
163
12.73
27
8
1447
6022
-27.55
161
14.14
20
13.45
6022
1447
152.45
164
25.5
78
7.28
2381
6008
-40.6
130
6.08
17
15.26
2381
5207
141.01
173
15.26
9
12.04
6023
6024
246.57
162
12.04
10
21.63
6003
6008
246.37
161
14.04
47
6.32
2381
6026
-65.38
156
18.44
38
12.37
6022
6012
168.69
156
22.56
61
10.44
6018
6026
52.43
134
13.15
52
12
5999
6028
234.78
130
15.52
47
16.12
6010
6025
82.23
164
20.22
63
6.32
6029
6030
-40.91
163
17.46
58
6.08
6029
6031
-68.63
153
19.85
52
11.66
6004
6032
-90
151
8.06
45
5.66
6025
5992
61.19
156
14.04
30
11.66
6030
6022
25.56
126
6.08
12
22.56
5999
5992
190.62
136
20.81
39
22.83
6035
6033
50.19
145
12.04
17
22.47
6019
6018
-2.94
161
38.6
78
13.15
6034
6036
149.53
123
11.18
34
16.55
5990
6024
236.31
138
19.24
60
15.03
6000
6039
216.38
170
19.1
36
6
6026
2381
114.62
115
12
27
24.02
6024
6040
140.91
136
11.05
31
14.87
5780
6032
-60.26
141
8.54
29
11
6041
6030
118.07
138
14.87
59
11.66
6033
6035
230.19
156
22.8
42
14.14
6030
6043
12.53
167
25.5
63
6.4
4588
6044
-32.28
166
16.76
34
7.62
6025
6010
262.23
159
20.62
68
8.25
2381
6016
148.39
155
10.05
35
7.62
6021
5990
117.9
100
6.32
18
19.24
6033
6036
183.18
151
22.47
33
19.72
6024
6023
66.57
170
30.81
66
6
6046
6045
149.35
150
9
10
24.08
6047
6030
174.81
132
19.1
56
17
6039
6000
36.38
141
12.37
29
16.12
6044
6019
232.13
123
26.57
35
38.6
6043
6030
192.53
135
9.43
17
22.09
6044
6027
-70.2
116
10.05
22
24.02
6048
6037
-43.45
151
12.37
21
16.55
4588
4983
-90
123
22.47
43
27.59
3217
4588
-4.4
146
8.06
35
7.81
6050
6051
11.98
162
33.62
80
10.77
6051
6050
191.98
156
25
43
15.26
6053
5992
101.31
119
16.76
40
22.83
6024
6053
100.12
140
20.62
46
18.6
6051
6052
216.87
114
17.46
41
24.08
6032
6055
174.29
141
14.42
45
12.81
6055
6032
-5.71
130
16.97
54
16.12
6055
6046
265.91
138
12.81
61
9.85
6056
6036
200.85
135
15.23
17
36.06
5992
6053
-78.69
131
22.83
58
20.52
6024
6039
76.87
157
28.44
67
12.17
6045
6046
-30.65
154
28.07
63
14.04
6025
6040
-75.96
122
16.76
50
18.6
6036
6057
108.43
123
12.37
48
13.89
6051
6048
-76.76
128
12.08
43
13.89
6056
6057
181.22
161
44.94
72
15.81
5780
4394
184.76
140
16.97
44
15.62
508
6058
-25.46
171
7.28
4
16.12
6028
6053
223.03
148
12.37
33
12.17
6045
6055
-4.09
150
17.89
35
15.62
6060
6061
231.34
179
5
0
14.21
6056
6058
101.69
179
25.71
11
4
6056
6063
170.54
170
47.01
74
9.06
6057
6061
147.72
173
12.08
8
10.63
6038
6064
-27.12
135
6.32
6
41.88
6021
6064
-33.31
174
31.3
18
11.4
508
6060
205.71
114
23.02
45
29.73
6063
6056
-9.46
151
23.41
22
30.53
6068
6066
-37.15
174
29.15
14
12.81
6060
6061
231.34
150
14.14
45
10.05
6061
6057
-32.28
143
10.05
23
15.81
6069
6057
-55.3
152
8.94
28
9.06
6058
508
154.54
176
8.54
2
14.76
6056
6062
103.5
160
23.02
62
9.22
6065
6056
-31.61
136
13.34
24
23.02
6069
6072
33.69
132
14.14
50
13.6
6073
6074
-26.57
150
14.04
50
9.22
6075
6040
116.57
169
11.4
14
9.22
6070
6062
-41.19
160
8.54
48
4
6076
6067
162.35
151
14.32
33
12.81
6072
6069
213.69
151
15.65
60
8.94
508
6065
-87.51
175
15.13
9
8.06
6063
6065
19.98
137
15.65
41
16.16
6064
6038
152.88
153
12
8
35.81
6064
6076
-86.63
147
10
32
10.3
508
6077
-82.41
126
14.76
61
13.6
6064
6067
205.46
113
17.03
43
23.09
6070
6071
-85.6
136
10.63
53
9.22
6065
6071
12.99
111
8.06
35
13
6067
6064
25.46
158
13.45
25
12
6070
6077
216.03
122
13.04
58
13
6074
6073
153.43
154
3
5
15.26
6081
6080
7.59
153
20.81
39
15.26
6080
6082
-8.13
172
3
0
32.39
6084
6081
66.04
175
15.81
21
4.24
6087
6085
-51.34
146
10.44
19
18.03
6085
6088
175.24
165
11.18
66
3.16
6085
6087
128.66
134
12.04
26
19.42
6091
6084
111.37
177
18.79
11
6.08
6080
6081
187.59
135
21.4
45
21.4
6084
6092
11.31
126
19.7
48
21.4
6021
6080
175.49
141
15.81
21
27.73
6096
6094
-8.43
168
15.03
14
13
6095
6091
161.57
158
15.03
34
10
6097
6084
146.31
110
15
34
24.7
6092
6093
7.5
135
21.4
33
27.73
6092
6084
191.31
114
19.42
45
25.24
6098
6095
178.41
169
24.33
21
13
6100
6021
165.07
150
11.4
15
21.95
6091
6095
-18.43
125
15
42
18.36
6093
6101
2.29
148
15.81
35
14.42
6095
6098
-1.59
123
14.42
23
30.87
6099
6021
149.93
174
7.62
3
14.42
6097
6095
-60.64
133
17.46
63
14.42
6097
6103
22.17
125
19.42
41
24.35
6092
6104
-5.44
168
38.33
60
9.85
6100
6105
257.91
147
10.77
48
8.06
6105
6100
77.91
132
13.6
62
11.4
6103
6097
202.17
146
18.03
35
17.46
6108
6098
234.46
123
5.39
17
15
6104
6092
174.56
163
19.42
13
24.35
6110
6111
245.56
179
7.62
2
4.47
6098
6112
137.6
163
30.87
79
9.43
6101
6093
182.29
157
23.26
68
9.85
6113
6106
60.95
130
5.39
31
8.06
6098
6104
88.21
131
31.14
63
26.4
6111
6108
187.13
161
15.65
75
5.39
6104
6098
268.21
152
20.12
33
17.2
6099
6114
245.22
146
12.17
58
8.06
6101
6114
-86.42
117
7.62
28
14.32
6112
6104
24.62
151
8.6
12
19.42
6101
6104
205.46
167
14.21
19
10.05
6111
6110
65.56
139
10.44
58
8.06
6114
6101
93.58
124
13.89
54
14.21
6116
6115
36.25
153
11.18
30
10.05
6114
6108
222.71
117
10.44
35
16.12
6116
6114
8.43
153
18.6
38
13.89
6114
6116
188.43
146
17.69
38
16.12
6117
6118
57.26
178
16.12
57
1
6121
6119
131.42
118
4.12
4
43.6
6120
6122
126.38
180
43.6
2
3.61
6123
6124
11.89
172
17.09
45
3.61
6126
4711
-75.96
168
2.24
1
18.44
6124
6128
38.66
174
18.38
65
2.24
6129
6121
-59.26
168
39.62
62
9.43
6126
4711
-75.96
180
19.65
14
1
6131
3508
171.03
175
15.03
17
4.47
5095
4896
235.49
174
19.24
82
2.24
4896
6125
214.51
170
18.38
68
3.61
6119
6121
-48.58
111
8.54
10
43.05
6133
6134
102.53
175
6.32
12
3
6135
6136
68.2
177
3.16
0
13
6129
6130
-47.05
104
8.06
11
38.59
6139
6140
19.98
164
5
4
18.68
5295
4896
238.57
149
2
3
19.42
6134
5698
33.69
124
3
52
3.16
6142
6143
68.2
173
4.12
4
6.71
4915
6126
104.74
173
18.38
59
2.83
6132
6145
-77.91
174
6.32
4
8.06
6146
4493
-56.31
169
9.9
13
8.54
6144
6148
-71.57
177
18.38
63
1.41
6149
6150
0
144
5
8
19.24
6147
6145
124.7
170
9.9
16
6.32
6151
6126
-40.91
106
3.61
10
19.21
6153
6152
-18.43
125
5
12
19.72
6155
6156
174.29
143
9.43
65
6.32
4896
5295
58.57
149
6
11
16.28
6136
6135
248.2
177
9.49
4
6.71
6136
6139
45
162
6.71
6
17.8
6157
6125
226.74
137
6
12
19.42
6133
5698
84.81
163
9.22
51
3.61
6140
6139
199.98
164
5
4
18.68
4493
3508
-29.36
151
13
42
9.49
947
6160
-63.43
173
14.42
53
2.24
6126
6151
139.09
95
2.83
8
19.85
5698
6143
84.81
104
3.16
16
10.77
6148
6144
108.43
165
14.42
36
6.32
5306
6131
213.69
117
8.06
21
19.42
3508
6131
-8.97
152
18.03
68
9.22
6150
6149
180
144
5
8
19.24
6152
6153
161.57
128
3.61
8
20.12
5708
480
-37.87
167
9.85
52
3
6159
6147
153.43
154
13
42
8.54
5708
3512
-53.97
164
11.4
50
4.12
6125
6157
46.74
130
8.06
18
19.24
6157
6162
53.75
144
9
25
12.53
5937
6133
145.01
139
9.06
47
8.06
6139
6136
225
165
10.3
11
14.42
6145
6147
-55.3
119
9.06
34
14
5735
6164
125.54
179
5
0
12.21
6143
6163
48.58
158
9.49
14
14.42
6160
947
116.57
141
9.85
37
10.2
6163
6149
31.33
151
10.3
15
18.68
6161
6159
171.47
153
18.03
63
9.49
6131
5306
33.69
112
9.22
25
20.22
5936
3512
42.27
138
10.05
42
10
5936
5306
226.64
137
9
18
19.24
6144
6151
130.91
151
18.03
64
9.85
3512
5708
126.03
127
10
46
11.18
6166
947
-38.66
161
18.03
69
6.32
6133
5944
39.29
135
11.05
50
10.2
5944
6143
124.7
137
10.2
39
11.05
6167
6168
22.83
113
8
22
19
6169
6153
16.26
133
11.18
25
19.24
6171
6172
37.18
168
32.65
57
8.54
5943
6151
2.6
115
10.77
29
20.12
6163
6143
228.58
156
13.6
28
11.7
5937
5944
86.42
122
12.21
47
14.21
6149
6163
211.33
148
11.18
18
18.44
6174
6147
206.57
117
16
53
17.89
5306
5936
46.64
137
14
33
17.46
6147
6174
26.57
117
14
47
17.09
5950
6161
220.36
131
14
31
20.22
5944
6173
83.29
139
15.81
63
11.7
5513
5950
217.87
134
10.05
24
17.46
6151
5943
182.6
117
9.85
26
19.7
947
5948
186.34
108
10.2
32
17.89
6175
6159
213.02
124
16
41
20.22
6153
6169
196.26
129
10.77
24
20.22
6173
6169
37.69
145
13.6
25
18.44
6176
6177
178.57
167
24.52
19
17.09
947
6166
141.34
135
18.11
63
14.32
5948
5513
-53.62
153
17.89
46
11.18
1739
6164
3.81
147
5
14
11.18
6164
6167
-65.56
169
17.2
24
8
6182
6180
265.6
179
23.02
14
3.16
6161
5950
40.36
131
16
37
20.02
6159
6175
33.02
124
16
41
20.22
5950
5513
37.87
132
16.03
44
17.12
6184
6177
243.43
123
5.83
14
19.85
6182
4510
40.36
176
14.14
5
12.21
5964
6187
120.58
178
20.25
8
5.39
6172
6171
217.18
177
30.48
18
6.32
6177
6176
-1.43
130
19.85
29
31.38
5513
5948
126.38
134
17.12
46
17.26
5937
6190
37.41
131
16.03
48
16.28
6169
6173
217.69
145
17.72
37
17
6192
6193
223.78
138
15.03
24
24.35
6190
5937
217.41
131
19.03
57
17.09
6188
6194
-60.75
177
20.25
8
8.54
2409
6196
143.97
123
5.39
23
11.66
6172
6193
241.26
111
10.63
17
33.24
6190
6173
124.99
136
16.28
41
17.12
6191
5943
29.25
136
17.72
37
20.22
6197
6166
21.37
128
17.72
45
19.7
6198
5964
147.09
160
14.32
36
8.54
6199
2409
59.04
116
3.61
37
5.39
6183
6175
218.99
133
16.03
36
20.02
6195
2157
259.7
137
3.61
16
8.94
6166
6197
201.37
124
14.32
35
20.62
6202
6200
131.19
174
13.45
11
8.06
6173
6190
-55.01
125
17
43
20.22
6164
1739
183.81
139
8.49
32
10.3
6204
6205
112.62
177
8.94
8
4.12
6193
6172
61.26
123
12.53
20
30.48
6207
6174
217.3
131
19.03
45
20.22
5943
6191
209.25
136
17.72
37
20.22
6208
5976
31.26
151
10.3
12
24.35
6182
6181
267.51
149
10.3
20
15.23
5948
6207
213.11
134
17.26
38
20.1
6175
6183
38.99
133
19.03
44
20.1
6210
2779
173.16
144
24.19
68
15.52
5687
6212
-58.82
122
1
1
43.91
6174
6207
37.3
131
19.03
45
20.22
6213
2409
124.59
171
33.24
65
5.83
6213
6194
79.22
162
21.21
79
7
6167
6164
114.44
160
22.63
69
8.49
1985
6215
147.26
123
12.08
45
14.32
6194
6188
119.25
120
7
13
25.96
6209
4510
60.02
121
10.3
19
26.25
6204
6196
-54.46
166
22.02
23
14.32
6196
2409
-36.03
138
9.06
41
9.22
6217
1739
31.87
157
19.42
16
26.93
6207
5948
33.11
132
20.22
47
20.62
6219
6005
-38.16
139
17.03
65
12.37
6190
6197
36.47
136
20.22
45
20.22
6221
6208
-12.53
157
5.1
24
5
6189
6210
173.66
151
7.62
18
12.08
6213
6198
45
146
21.38
57
14.32
6224
6223
61.7
148
26.08
61
16
6005
6219
141.84
142
10
31
11.7
2409
6213
-55.41
150
18.79
26
21.21
6214
6188
105.64
131
18.79
46
19.72
6197
6190
216.47
135
20.22
45
20.22
2779
6226
253.3
149
15.52
46
11.18
5965
5964
172.87
125
10.63
25
20.25
6227
1985
-59.47
171
43.28
70
7.81
6230
6228
98.53
140
10.63
29
13.93
2409
6188
59.53
138
9.22
25
14.42
6209
6181
246.8
161
15.03
78
5.1
6223
6224
241.7
119
21.63
44
27.2
6212
5687
121.18
171
43.28
76
7.07
4510
6209
240.02
146
26.08
60
17
6222
6193
-31.61
126
7.62
29
12.53
1739
5577
-79.7
130
10.3
59
9.22
6204
6227
63.43
131
13
46
13.6
6198
6213
225
146
16.28
37
15.13
6193
6220
213.69
153
10.3
70
5
6235
6233
-68.75
138
11.18
34
13.34
6234
4076
114.44
142
11.18
24
17
1985
6227
120.53
154
16.64
13
31.32
6215
6227
106.7
147
22.02
43
17.89
6228
6226
64.98
124
15.26
57
15.13
5687
6205
206.57
162
7.07
9
13.6
6236
6237
178.53
170
12.17
4
27.17
2577
6199
122.2
165
28.32
58
8.94
6193
6222
148.39
115
10.82
42
14.56
6213
6199
133.78
108
6.71
11
31.91
2155
6222
12.34
163
24.19
36
12.08
4076
6234
-65.56
164
19.85
47
7.62
6201
6238
-63.43
159
13.45
32
9.06
1739
6217
211.87
151
12.53
10
33.24
6240
2157
128.66
135
10.05
51
9.22
6241
6242
-12.53
168
12
21
7.21
1739
6239
241.39
142
11.18
61
8
6167
6203
135
144
19.24
57
13.34
6209
6217
-54.78
126
17
51
17.72
6217
6209
125.22
134
13.15
39
15.03
6234
6233
257.01
152
11.4
58
6.32
6245
6243
248.2
164
11.05
8
21.95
6231
6246
-30.58
159
13.15
20
14.21
5205
6203
77.01
138
8.06
36
9.22
2577
6228
-35.54
118
6.71
22
15.26
6234
6246
-13.5
100
7.62
17
25.55
6236
6247
52.43
133
12.17
47
12.04
2577
6247
-63.43
153
17.2
40
12.37
6226
6228
244.98
160
14.04
55
6.08
6252
6250
50.19
145
13.04
20
21.95
6230
6249
81.87
164
20.22
72
6.08
6246
6234
166.5
154
22.56
61
11.4
2577
2157
137.86
173
15.81
9
12.81
6251
6253
154.8
124
11.66
38
15.65
6230
6241
-45
128
8.06
27
13.6
6258
6256
-67.75
154
19.85
55
10.82
6222
6259
235.62
130
14.56
39
17.72
6250
6252
230.19
157
21.84
38
14.32
6258
6257
-40.91
163
17.46
58
6.08
6201
6243
239.93
140
21.38
67
15.13
6237
6236
-1.47
162
38.6
79
12.17
6243
6255
140.91
141
12
33
13.6
6249
2155
59.93
155
14.04
33
11.18
6167
6263
146.31
173
6.71
6
7.81
5577
6264
-84.81
156
8.06
42
5
6257
6246
25.56
126
6.08
12
22.56
6250
6253
184.76
155
21.95
29
18.79
6265
6257
120.96
143
16.16
64
10.82
6247
2577
116.57
112
12.04
29
23.02
6220
6266
221.82
175
20.52
20
5.39
6201
6261
-79.22
165
20.12
69
5.83
6222
2155
192.34
137
23.02
44
22.47
6249
6230
261.87
158
20.62
74
8.06
6257
3936
12.53
167
25.5
63
6.4
6267
6254
-43.45
155
12.65
19
15.65
6243
6245
68.2
173
28.86
46
5.39
6268
6264
-55.3
139
8.25
29
11.05
2577
6240
145.3
152
10.05
34
8.54
6262
2540
-32.28
162
16.49
37
8.54
6269
6257
175.03
133
19.1
54
17.49
2540
6237
231.34
121
25.63
34
38.6
3936
6257
192.53
130
8.94
17
23.09
6270
2526
151.82
158
10.05
9
22.8
6266
6220
41.82
142
12.17
25
17.72
6271
6261
21.8
112
8
29
15.13
2540
6248
-69.44
117
10.05
23
23.02
6274
6272
190.3
154
25
45
15.81
6269
6272
210.38
101
11.7
20
33.54
6262
6275
-90
123
22.47
43
27.59
6274
6273
216.87
117
16.28
39
23.02
6243
6276
100.49
140
20.62
48
17.8
6277
6253
200.85
136
14.32
16
36.12
6276
2155
101.31
122
17.09
41
21.95
3429
6262
-4.4
146
8.06
35
7.81
6243
6266
75.96
156
27.46
71
12.04
6279
6270
-90
139
12.04
63
8.94
6249
6255
-75.96
125
17.09
52
17.8
6253
6280
109.65
129
12.65
54
12.21
6264
6279
180
146
15.81
48
12.04
2155
6276
-78.69
134
22.47
58
19.1
6279
6264
0
133
17.69
55
15.81
6274
6267
-79.38
132
11.66
45
12.21
6277
6280
182.44
162
44.94
72
14.87
2526
6270
-28.18
156
28.07
61
13
6259
6276
222.88
143
12.17
38
12.04
6281
5414
24.78
179
11.18
1
17.46
5414
3353
-25.46
163
7.07
7
16.64
6268
4597
187.13
140
17.69
46
15.62
6283
6281
52.59
176
16.64
15
5
2526
6279
-4.09
150
17.89
35
15.62
6238
6284
-35.54
172
31.3
21
13.04
6261
6284
-28.81
121
5.83
6
43.01
6277
6286
171.7
170
47.04
75
9.06
6289
6287
-38.23
175
29.68
13
12.81
6283
6280
-30.07
179
10.3
0
11.66
6277
3353
102.09
178
23.77
12
5
6271
6291
-21.57
137
16.16
17
36.24
6286
6277
-8.3
152
23.41
21
30.02
6281
6292
-22.17
134
28.64
65
23.02
6283
6280
-30.07
139
10.2
25
15.81
6293
6280
-55.3
152
8.94
28
9.06
6281
6283
232.59
154
15.3
41
10.2
6294
6288
161.57
149
13.34
32
12.81
6295
6285
125.84
176
9.22
3
13.04
6292
6277
-29.98
146
13.04
20
20.62
6297
6298
-30.96
137
14.32
54
12.04
6277
6290
104.62
156
20.62
59
9.9
3353
5414
154.54
169
8.25
6
15.26
6300
6255
111.8
161
10.63
17
12.04
6293
6301
30.96
133
15.3
57
13.42
6284
6294
-90
140
9.22
33
10.82
6292
6281
157.83
177
15.81
4
13.42
6284
6261
151.19
147
12.04
10
36.24
6299
6290
-41.19
153
8.25
48
5
6301
6293
210.96
150
14.76
57
8.94
6284
6288
203.2
114
16
41
22.14
5414
6292
-87.51
176
16.12
10
7.07
6286
6292
19.98
139
14.76
38
15.81
6297
6303
217.41
180
17.8
3
3.61
5414
6302
-82.87
129
15.26
61
13.6
6288
6284
23.2
162
12.04
18
12.04
6299
6296
-85.91
136
10.63
49
9.9
6296
6302
153.43
150
13.04
71
7.07
6296
6299
94.09
121
13.42
58
13.6
6298
6297
149.04
105
2.83
9
17.03
6303
6305
3.81
147
21.4
44
17.03
6305
6306
-4.9
131
2.83
3
33.38
6308
6303
68.2
174
18.68
34
3.61
5630
6309
107.53
180
3.16
0
16.76
6311
5630
-52.7
139
10.2
19
19.92
5630
6312
170.54
171
11
53
2.24
5630
6311
127.3
137
12.17
25
19.42
6305
6314
-6.01
179
35.13
12
3.16
6316
6308
108.43
180
21.19
4
4.12
6305
6303
183.81
130
22.2
47
23.35
6308
6317
9.09
121
21.54
52
23.35
6320
6318
-8.43
176
15.03
5
12.37
6319
6316
162.35
167
15.03
22
9.22
6314
6305
173.99
136
17.8
25
28.3
6322
6308
142.7
112
15.26
34
25.3
6323
6319
178.36
174
23.09
12
12.37
6308
6322
-37.3
134
25.32
64
20.4
6317
6321
4.64
131
22.2
36
28.3
6316
6319
-17.65
131
15.26
41
17.49
6325
6314
164.58
145
11.7
18
21.63
6319
6323
-1.64
121
13.04
21
30.46
6322
6319
-59.04
135
16.49
63
13.04
6321
6327
0
142
17.8
45
15.56
6324
6314
146.31
155
7.07
11
15.56
6322
6328
20.32
122
20.4
43
25.08
6317
6329
-8.33
168
37.12
57
9.85
6323
6330
39.81
175
14.14
39
2
6328
6322
200.32
149
17.8
34
16.49
6325
6332
260.54
151
11.7
35
9.9
6332
6325
80.54
141
16.12
60
11.7
6329
6317
171.67
160
18.44
15
25.08
6326
6323
-23.2
107
7.81
14
29.21
6327
6321
180
157
22.85
66
9.85
6323
6329
88.09
127
29.21
61
26.83
6335
6333
63.43
120
3.61
18
9.9
6336
6331
194.04
179
14.56
14
2
6328
6326
231.84
179
10
1
7.81
6329
6323
268.09
154
21.93
43
14.14
6324
6338
249.44
151
13.15
48
8.54
6338
6324
69.44
157
17.03
77
7.07
6334
6329
26.57
154
10
14
18.44
6336
6337
65.56
135
8.54
45
8.54
6327
6329
203.2
161
14.87
28
10.05
6338
6327
93.37
124
13.89
51
14.87
6338
6331
222.71
113
8.54
28
16.49
6340
6339
36.25
149
13
41
10.05
6340
6338
8.43
153
18.6
38
13.89
6338
6340
188.43
146
17.69
38
16.12
6343
6341
131.31
132
4
4
41.4
5439
6345
-48.37
177
31.11
19
5.39
5634
6342
-52.13
173
4.24
0
41.4
5439
6346
-57.53
171
36.12
59
6.71
6347
6343
-59.04
168
38.9
71
9.22
6341
6343
-48.69
118
8.25
10
40.82
3592
6348
12.53
176
16.76
39
2.24
6346
5439
122.47
169
38.9
82
7.81
6348
6350
36.87
177
18.44
36
2
6352
6353
-52.59
173
2.83
1
18.6
6355
6356
-75.96
168
2.24
1
18.44
6349
6357
191.89
175
16.76
30
3.16
5503
6351
235.49
175
18.36
55
2
6351
6349
214.51
174
18.44
61
2.24
1984
6358
261.87
156
7.28
21
8.06
6352
6353
-52.59
179
19.21
10
2.24
6361
6359
217.87
180
19.21
4
3.61
6363
6364
-78.69
173
3.16
3
7.07
6365
6351
238.57
149
2
3
19.42
4875
6366
-55.49
173
12.04
11
7.62
6155
1984
168.69
137
9.43
62
7.28
6367
6368
66.8
176
3.16
1
12.08
6362
6370
-82.41
180
7.07
0
8.06
6372
6363
251.57
117
2.83
53
3.16
6147
6370
125.54
174
12.04
13
5.39
6372
6373
66.04
157
4
14
6.4
6356
6355
104.04
172
18.38
47
3.61
6374
6375
-71.57
177
18.38
63
1.41
6376
6377
19.18
163
5
4
19.65
6351
6365
58.57
149
5
8
17.03
6157
6349
225
135
5
10
19.42
6359
6361
37.87
180
17.8
1
5
6366
3508
-32.01
153
13.04
39
9.49
5306
6357
211.43
114
7.07
19
19.42
3508
6357
-6.01
155
18.03
69
8.25
6364
6371
84.81
164
10.2
66
3.16
6355
6352
128.66
168
19.21
83
4.24
6379
6380
4.76
147
6.4
10
19.1
6368
6367
246.8
170
9.22
15
6.4
947
249
-61.7
173
13.6
54
2.24
6381
6352
-15.95
113
6.4
16
20.25
6159
6147
153.43
158
13.04
40
7.62
6368
6376
46.64
160
7.62
8
17.8
6371
6373
79.7
125
2.83
13
9.85
6383
5735
-52.43
177
10.63
6
5.83
6349
6157
45
127
7.07
17
19.24
6378
6374
-49.09
170
19.21
74
3.61
6375
6374
108.43
163
13.6
34
7.28
6377
6376
199.18
161
6.4
6
18.44
6384
5930
-30.96
166
10.44
59
3
6157
5710
55.49
146
8
19
13.6
6384
6385
-48.01
163
11.66
56
4.12
6161
6159
171.47
153
18.03
63
9.49
6386
6364
138.01
145
9.06
40
8.06
6357
5306
31.43
108
8.25
22
20.22
6370
6147
-54.46
132
9.06
31
13.04
6352
6381
164.05
120
4.24
10
20.12
6380
6379
184.76
134
6.4
13
20.22
6387
6388
32.28
123
11
29
19.03
249
947
118.3
135
10.44
44
10.44
5512
5306
225
135
8
17
19.24
5512
6385
47.49
143
11.05
41
10.05
6376
6368
226.64
164
11.18
12
14.42
6390
6391
178.57
168
25.5
20
16.16
6373
6389
50.53
154
9.22
16
14.42
6393
6394
37.18
168
34.06
66
8.06
6385
6384
131.99
127
10.05
47
11.05
1623
6395
-2.49
158
20.25
60
8.94
6179
6154
225
174
6.4
6
6.4
6389
6379
31.33
148
11.18
18
18.44
6364
6398
32.47
128
11.05
54
10.77
6374
6378
130.91
148
17.72
62
10.77
6166
947
-38.66
158
17.72
67
7.28
6398
6373
118.07
140
10.77
38
11.18
6147
6159
-26.57
132
16.16
59
14.04
5306
5512
45
135
12
28
17.72
6391
6390
-1.43
130
18.44
26
31.76
6386
6398
86.42
129
13.45
53
13.04
6400
6161
216.87
127
12
28
20.22
6399
6386
156.37
135
16.16
61
13.04
6389
6373
230.53
156
15.52
39
10.2
5513
6400
221.63
137
11.05
25
17.72
6403
6159
210.07
116
14.04
38
20.22
6405
6180
265.43
178
24.02
40
1.41
6397
6383
7.59
137
6.4
22
11.4
6406
6381
19.8
133
13
28
20.22
6383
6387
-67.38
166
16.4
22
11
6407
6378
7.43
121
13
33
20.12
6379
6389
211.33
144
13
24
18.11
6398
6402
83.29
146
17
71
10.2
947
6408
189.46
117
10.44
34
16.55
6394
6393
217.18
175
31.14
27
6.08
6411
6200
127.41
173
12.73
10
8.94
6412
5257
226.17
144
15.13
21
24.17
6405
6414
38.66
174
14.14
7
11.66
6378
6407
187.43
120
10.77
27
20.25
6408
5513
-52.13
153
16.55
43
11.05
6161
6400
36.87
123
14.04
34
21.02
6415
6416
120.58
177
19.42
12
6.32
6159
6403
30.07
116
14.04
38
20.22
947
6166
141.34
132
18.25
62
15.3
6394
5257
242.74
112
10.63
16
34.66
3632
6418
11.31
176
7.28
11
3
6417
6420
-59.74
176
19.42
9
8.54
6421
6422
143.97
144
5
17
10
6423
6415
142.59
163
14.87
32
8.54
5806
6418
11.31
165
2.24
11
3
6402
6406
37.69
143
15.52
31
18.11
6381
6406
199.8
133
13
28
20.22
6419
6424
-18.43
162
3
71
1
6421
6195
180
127
5
63
4.47
6400
5513
41.63
135
17.03
45
17.03
6427
6428
190.01
119
12.65
44
15.81
6195
5413
261.25
145
4.47
15
9.85
6426
6428
145.3
146
9
31
9.85
6430
6413
33.69
156
9.43
9
24.17
6386
6431
37.41
131
16.03
48
16.28
5513
6408
127.87
132
17.03
47
17.26
6383
6397
187.59
135
10
41
10.82
5257
6394
62.74
127
13.42
20
31.14
6431
6386
217.41
131
20.02
61
17.46
6405
6404
267.61
154
12.08
22
14.32
6435
6433
170.91
140
24.7
67
17.46
2177
6403
219.29
133
17.03
36
21.02
6437
6430
-18.43
162
5
18
5
4137
6420
79.7
162
21.21
71
7.07
4137
6421
124.59
172
33.97
71
5
6431
6402
124.99
136
16.28
41
17.12
6387
6383
112.62
158
22.63
59
10
6439
6397
32.97
156
20.25
17
26.93
6441
6440
98.53
144
11.31
31
13
6406
6402
217.69
141
17.46
37
18
6420
6417
120.26
113
7.07
14
25.96
4137
6423
43.36
144
22.36
63
14.87
6409
6435
173.66
154
8.54
20
11.18
6432
6414
60.95
127
12.08
22
25.61
6422
6421
-36.03
138
9.06
41
9.22
6421
4137
-55.41
150
18.79
26
21.21
6445
6166
23.5
127
17.46
43
20.25
6446
6447
147.26
123
12.08
45
14.32
6442
6407
30.26
134
17.46
38
20.22
711
4496
-67.38
177
2.24
0
10.77
6166
6445
203.5
125
15.3
37
20.62
6448
6399
217.69
134
20.1
46
20.22
6433
6449
254.05
151
17.46
52
10.77
6450
6415
172.87
118
12.21
30
21.4
6451
6452
181.47
173
12.17
3
27.02
4496
6422
-54.46
166
22.02
23
14.32
912
6417
105.64
131
18.79
46
19.72
2901
6453
63.43
150
26.08
63
15
6454
6432
86.19
108
5.39
20
14.32
6402
6431
-55.01
125
18
46
20.4
6455
6456
-9.46
171
11
13
7.62
6403
2177
39.29
135
20.1
45
20.1
6459
6457
120.07
179
43.57
75
1.41
6410
6460
-68.2
157
12.73
26
11.05
5257
6436
209.05
152
9.43
65
5
6463
6461
-68.75
143
11.66
35
12.37
6408
6448
213.11
134
17.26
38
20.1
6399
6448
37.69
131
20.02
45
21.21
6443
5257
-32.74
127
8.54
30
13.42
6423
4137
223.36
145
15.3
35
15.13
6440
6449
64.98
124
15.26
57
15.13
6421
6417
59.53
138
9.22
25
14.42
6453
2901
243.43
118
22.2
46
27.2
6407
6442
210.26
134
17.46
38
20.22
6462
3883
114.44
146
11.66
24
16
6397
6465
-80.54
134
10.82
58
9.22
6414
6432
240.95
147
26.08
57
17.03
6466
6446
-58.82
170
41.77
66
8.6
5257
6443
147.26
119
10.3
37
14.87
6448
6408
33.11
132
20.22
47
20.62
4137
6425
132.61
99
7.21
12
33.62
6457
711
207.76
163
1.41
1
20.12
5189
6425
120.38
164
29
54
9.85
3883
6462
-65.56
164
19.85
47
7.62
6434
6443
14.47
163
24.7
41
11.18
6431
6445
35.31
137
20.4
43
20.22
6462
6461
255.96
145
10.77
60
7.28
2548
5413
126.03
132
10.05
47
10.2
6468
3572
245.85
163
9.06
6
23.32
6471
6469
49.18
140
13
23
21.02
6445
6431
215.31
134
20.22
43
21.21
6397
6439
212.97
150
13.42
11
33.24
6470
6473
160.56
130
11.66
40
13.89
6451
6475
50.19
128
9.22
36
12.37
6387
3802
135
144
19.24
57
13.34
6459
6458
121.87
170
41.77
71
7.81
6439
6432
125.22
134
13.15
39
15.03
6469
6471
229.18
157
19.92
36
13.34
6397
6472
243.43
144
12.17
63
8
6432
6439
-54.78
122
17.03
50
18.68
6446
6466
121.18
154
16.64
13
30.36
5189
6440
-32.74
114
7.21
25
15.26
4496
6466
61.93
130
13
48
13.34
6441
6455
-45
135
8
26
12.65
6454
6480
-30.58
159
13.15
20
14.21
6447
6466
107.24
147
22.02
45
17
6462
6480
-13.5
100
7.62
17
25.55
5189
6475
-62.35
151
16.64
41
12.37
6440
6441
-81.47
108
6.08
17
19.24
6449
6440
244.98
159
16.03
74
6.08
6410
3572
239.04
142
23.19
70
15.3
3572
6479
141.34
142
11
32
12.65
6477
3802
77.01
138
8.06
36
9.22
6458
711
206.57
157
7.81
13
13.34
6452
6451
1.47
167
38.33
78
9.22
6469
6473
184.76
160
21.02
24
18.03
6480
6462
166.5
156
21.38
54
10.77
6485
6483
-68.63
157
21.21
58
10
6485
6484
-45
158
18.38
59
8.25
5189
5413
136.4
172
15.81
10
13.6
6410
6482
-82.57
166
21.54
66
5.83
6443
6486
240.26
131
14.87
37
18.38
6487
6474
-41.63
159
11.7
18
13.89
6488
6484
124.7
144
15.81
71
10
5189
6476
267.61
150
23.71
73
12.37
6484
6480
27.55
132
8.25
16
21.38
6481
6434
61.19
155
16.03
39
10.77
6479
6481
104.74
105
8
23
19.24
6436
6489
225
177
21.26
14
5.83
6387
6491
146.31
165
6.32
11
8.49
6465
21
-85.24
156
8.06
35
5.83
3572
6468
65.85
173
27.2
34
5.83
6484
6492
14.53
167
25.94
65
6.4
6482
3572
168.69
146
15.23
72
9.06
6443
6434
194.47
135
24.19
48
23.02
1874
6484
175.03
137
17.8
50
15.81
2739
6452
231.34
122
26.57
36
38.33
6496
6494
190.62
155
23.6
42
15.26
6496
6495
216.38
113
16.49
41
23.09
6492
6484
194.53
129
9.85
19
23.09
6497
6473
200.85
136
14.32
16
36.12
5189
2548
145.3
152
10.05
34
8.54
6494
6496
10.62
161
32.25
78
10.77
6490
2739
-30.07
161
16.28
39
8.54
6498
21
-55.3
132
8.06
29
12.04
3572
6499
99.09
138
19.21
49
17.03
6489
6436
45
145
12.17
22
18.38
2739
6476
-70.2
116
10.05
22
24.02
6500
2909
153.43
160
10.05
9
22.2
6490
6501
-90
121
21.95
43
27.59
6473
6502
107.1
128
11.7
54
11.4
3572
6489
72.9
154
25.32
68
12.04
6499
6434
100.89
122
17.09
39
22.83
6496
6487
-75.96
137
13.04
51
11.4
6497
6502
183.73
163
44.94
76
13.6
6481
6479
-75.26
126
17.09
54
17.03
6504
6492
209.74
175
12.21
15
4.12
6477
6490
-4.4
141
8.6
40
8.49
6505
6500
-90
135
11.31
63
8.94
6434
6499
-79.11
136
23.02
58
19.1
21
6505
180
149
15.26
45
11.31
6505
21
0
133
17.69
55
15.81
6508
6506
-38.88
177
29.41
9
10.63
2909
6500
-26.57
158
28.07
63
12
6460
6509
-37.65
171
31.76
22
13.89
6482
6509
-30.96
119
5.83
6
44.2
6486
6499
222.88
143
12.17
38
12.04
6493
6511
-24.34
133
15.23
17
37.54
6503
6512
26.57
172
12.21
6
17.09
6513
6503
53.13
172
17
39
4.12
6497
6514
174.05
171
46.1
70
8.25
6512
6515
-25.46
155
7
10
17.2
6516
6507
164.05
156
14.14
32
10.63
6498
4793
189.46
143
17.69
46
15
6497
6515
102.53
177
21.84
12
6
2909
6505
-4.09
153
17.46
32
15
6514
6497
-5.95
155
23.41
20
29.07
6519
6510
123.69
174
7.81
3
13.89
6513
6502
-30.07
138
9.22
22
16.4
2485
6502
-52.43
160
9.43
23
8.25
6503
6513
233.13
156
14.32
40
9.22
6509
6516
-90
141
7.81
32
9.43
6503
6518
-22.17
132
29.07
65
24.02
6520
6479
109.98
159
10.63
15
14.04
6522
6521
-30.96
130
14.87
54
14.04
6509
6507
200.85
111
14
36
21.84
6518
6497
-26.57
150
13.04
20
19.1
6497
6517
105.95
154
19.1
60
9.9
6509
6482
149.04
145
12.04
10
37.54
6515
6512
154.54
155
8
12
16.4
2485
6524
25.02
128
14.32
55
13.89
6518
6503
157.83
173
15.52
8
13.89
6524
2485
205.02
146
13.89
57
9.43
5598
6517
-36.87
144
8
53
6
6514
6518
19.98
141
13.89
34
15.52
6507
6509
20.85
163
11.4
16
12.04
6512
6518
-87.61
177
19.1
13
5.1
6527
6522
39.47
167
5
3
17.2
6526
6528
219.81
167
5
21
3.16
6512
6525
-83.99
134
16.4
56
14.21
5598
6523
-85.6
132
10
49
9.9
6518
6523
4.4
106
5.1
22
12.65
6531
6529
-18.43
176
8.25
2
13.93
5598
6525
219.29
125
13.04
57
12.65
6522
6532
-49.4
162
17.49
71
5.83
6527
6532
0
141
22.02
49
18.44
6533
6527
69.15
174
20.62
50
3.16
6532
6531
-1.64
120
5.83
8
32.56
6529
6531
161.57
168
9.06
8
13.42
6534
6535
-53.13
134
9.06
19
19.92
6534
6531
153.43
172
9.49
18
4.24
6535
6534
126.87
132
12.04
27
19.24
6533
6538
-71.57
172
2.24
0
23.09
6532
6536
-6.01
176
35.01
38
4.24
6532
6527
180
125
23.02
49
24.84
6540
6527
130.1
126
24.08
60
22.47
6543
6541
-8.75
180
14.14
0
12.17
6542
6538
161.57
170
14.14
17
8.6
6544
6542
176.73
177
23
6
12.17
6545
6533
139.4
115
14.32
30
25.3
6536
6532
173.99
134
18.44
27
28.84
6533
6545
-40.6
135
24.08
57
20.22
6538
6542
-18.43
137
14.32
39
15.26
6540
6546
4.64
130
23.02
38
28.84
6548
6536
162.76
139
12.08
20
22.8
6542
6544
-3.27
129
12.04
18
29.15
6549
6545
165.96
118
12.04
44
15.26
6546
6550
-4.57
135
18.44
47
17.8
6545
6551
19.09
118
20.22
44
25.5
6547
6536
142.13
143
7
13
17.8
6540
6552
-11.04
165
37.12
58
11.7
6551
6545
199.09
147
16.4
33
16.49
6549
6544
-22.17
120
6.4
12
26.63
6548
6554
261.47
154
12.65
32
10.63
6554
6548
81.47
144
17
57
12.08
6552
6540
168.96
160
18.25
14
25.5
6544
6552
87.88
123
26.63
60
25.94
6550
6546
175.43
153
22.85
65
11.7
6556
6555
63.43
109
2.83
14
10.63
6551
6549
232.43
172
10.3
13
6.4
6552
6544
267.88
154
21.93
52
12.21
6547
6559
248.75
151
13.15
39
10.3
6553
6552
27.55
147
10.3
18
18.25
6559
6547
68.75
159
18
68
7
6560
6558
63.43
131
7.62
34
10.3
6550
6552
203.2
156
16.28
39
10.44
6559
6557
222.51
110
7.62
27
15.52
6559
6550
90
119
12.53
42
16.28
6562
6561
36.25
146
14.87
52
10.44
6559
6562
190.89
149
16.28
34
15.23
6562
6559
10.89
155
18.6
39
12.53
6565
6563
134.03
149
4.12
3
38.29
6568
6566
-57.17
169
34.66
66
7.21
6569
6565
-56.73
169
36.77
73
7.81
6563
6565
-45.97
120
8.25
10
38.28
6566
6568
122.83
168
36.77
83
7.81
1117
6570
36.25
179
17.8
36
1
6572
6155
-21.8
173
8.25
23
2.83
6572
6573
261.87
160
9.22
30
6.4
5090
3910
214.51
177
17.8
34
2
6365
5090
237.09
178
19.72
57
1
6574
6575
-50.53
148
3.16
4
19.42
6155
6572
158.2
127
9.43
55
9.22
6577
6578
-72.47
135
2.24
4
18.44
6579
5090
240.95
106
1.41
3
20.25
6580
6581
-55.49
173
13.45
16
6.32
6584
6582
244.8
180
16.55
1
2.24
6364
6586
100.3
177
8.25
10
3
6575
6574
129.47
157
2.24
2
20
6584
6587
39.81
175
4.24
1
19.21
6147
6589
128.16
177
13.45
11
4.47
6585
6589
-82.87
174
8.25
7
8
6590
3910
225
121
4.12
10
19.42
6581
6591
-30.47
162
14.32
36
7.62
6593
6594
66.8
171
4.12
3
11.18
5090
6579
60.95
137
4.12
9
17.8
6595
6596
116.57
117
2
26
4
6597
6357
209.05
108
5.1
14
19.65
6591
6357
-8.97
158
17.46
65
7.28
6596
6599
60.26
151
3
15
5.66
6374
6600
-70.56
175
16.55
46
2.24
6602
5735
-47.73
168
8.6
15
6.71
6578
6577
107.53
173
16.55
31
4.12
6584
6582
244.8
178
7.62
1
11.18
6390
6391
178.57
170
24.33
15
16.76
6592
6147
150.64
163
14.32
42
6.32
6586
6364
-79.7
101
2
10
11
6604
6605
23.5
153
6.4
8
19.65
3910
6590
45
124
5.1
12
18.87
6587
6584
219.81
169
6.4
4
17.2
6606
6607
-56.31
172
13.45
60
2.24
6608
6609
38.29
129
13
32
19.1
6594
6593
246.8
169
10.2
21
5.66
6598
6592
171.47
159
17.46
58
7.62
6577
6574
126.87
164
18.6
67
5.83
6357
6597
29.05
104
7.28
20
20.22
6595
6599
79.7
144
4.47
19
8.06
6590
3295
54.78
152
8.06
15
14.21
6415
1335
-9.46
177
10.05
2
14.32
6612
6613
4.76
140
7.07
13
19.24
6384
5930
-30.96
161
10.2
59
4
6384
6385
-48.01
163
11.66
56
4.12
6600
6374
109.44
158
13.45
42
7.62
6589
6147
-51.84
141
9.22
28
12.17
6594
6604
45
159
7.62
9
17.2
6614
6364
131.99
145
9.22
41
8
6615
6574
-13.39
116
6.4
17
19.72
6610
6374
-46.97
170
18.6
57
4.12
6616
6617
37.18
167
34.83
72
8.6
5512
6597
226.64
144
8.06
14
18.87
6179
6154
225
165
8.06
23
5.39
6605
6604
203.5
159
7.07
7
18.68
1623
4401
-4.97
155
20.25
61
9.85
5512
6385
47.49
144
10.05
36
10.2
6607
6606
123.69
135
10.2
45
10.2
6574
6615
166.61
108
5.83
15
20.59
6385
6384
131.99
121
10.2
46
12.04
6613
6612
184.76
134
6.4
13
20.22
6621
6619
125.84
171
11.31
9
11.18
4351
6622
265.43
178
24.02
40
1.41
6602
6608
-67.38
161
14.87
22
13
6147
6592
-29.36
133
15.81
56
14.04
2356
6624
81.87
179
9.06
3
5.1
6604
6594
225
160
12.08
18
13.42
6599
6626
48.81
151
10.2
22
13.42
6364
6627
30.96
121
11
57
11.18
6618
6602
7.59
128
8.06
32
12.08
6628
6598
216.87
127
12
28
20.22
6427
6630
193.24
124
11.7
41
14.76
6597
5512
46.64
137
12
27
18.03
6629
6630
151.7
146
9.06
35
8.94
6627
6599
116.57
144
11.18
36
11.18
6623
6614
157.62
140
15.81
58
12.17
6617
6616
217.18
174
31.83
37
6
6614
6627
86.42
135
13.45
55
11.66
6632
6592
210.07
116
14.04
38
20.22
6633
6606
-38.16
156
17.46
75
7.62
6634
6635
227.29
145
15.13
20
24.6
6374
6610
133.03
147
17.46
58
11.4
6626
6612
34.82
150
12.08
19
18.68
5302
6628
221.63
138
10.05
22
18.03
6617
6635
243.43
113
10.63
16
35.38
4351
6637
36.87
170
14.87
15
10.77
2354
6415
138.58
159
14.87
31
10.44
6415
6638
123.02
175
17.8
14
6.32
6640
777
140.71
153
5.1
13
10
6639
916
-59.74
173
17.8
13
10.44
6624
2356
261.87
151
5.39
15
9.85
6624
6641
-68.2
124
5.1
58
5
6642
6643
-33.69
147
3
56
2
6644
6424
21.8
157
2.83
21
3
6645
6636
34.16
162
10
7
24.6
6626
6599
228.81
151
15.3
43
11.05
6647
4326
101.31
150
12.04
31
11.7
6598
6628
36.87
123
14.04
34
21.02
6592
6632
30.07
116
14.04
38
20.22
6649
6645
-26.57
165
5.1
18
4.24
6599
6627
-63.43
112
11.05
36
17.26
6635
6617
63.43
127
13.42
19
31.83
6650
6651
-9.46
176
12.04
8
6.32
6606
6653
195.52
117
10.2
32
16.76
6602
6618
187.59
135
10
41
10.82
6655
6654
169.11
134
25.81
65
20.62
6656
6610
10.3
117
14.56
39
20.59
6657
6615
21.8
133
13.93
30
20.22
4351
3677
267.61
155
13
24
13.42
6653
5302
-48.58
149
16.76
46
12.04
6660
916
79.22
161
20.22
71
7.07
6620
6661
-68.2
157
11.31
21
12
6660
6640
125.54
172
33.24
72
5
6612
6626
214.82
146
13.93
25
18.25
6608
6602
112.62
158
22.63
59
10
6628
5302
41.63
136
16.03
41
17
6663
6618
34.78
153
21.47
21
26.68
6660
2354
41.63
143
21.38
61
14.87
6631
6655
170.54
150
8.54
21
11.66
6653
6606
15.52
120
16.49
53
17.8
6640
6660
-54.46
151
18.79
27
20.22
6610
6656
190.3
116
11.4
30
20.25
916
6639
120.26
113
7.07
14
25.96
6654
6665
255.38
152
20.62
60
11.4
1335
6415
170.54
114
13.04
31
22.67
6668
6666
49.18
140
14
26
20.62
6658
6637
60.95
129
13
24
25
6667
6669
163.61
133
11.66
41
13.04
6666
6668
229.18
158
18.97
32
13.6
6674
6672
-66.04
153
12.81
35
10.2
777
6640
-39.29
148
9.06
36
8.25
6676
6658
86.19
118
5.83
22
13.42
6677
6614
213.69
127
19.03
56
18.38
6614
6677
33.69
128
16.03
46
17.46
6635
6648
209.05
156
10
74
4.24
4326
6665
64.98
129
15.65
60
14.04
6646
6657
40.6
142
15.3
31
18.25
5302
6653
131.42
132
17
48
17.12
6662
6632
217.69
132
16.03
34
21.02
2354
6660
221.63
147
15.52
37
14.04
6659
6639
105.64
131
18.79
46
19.72
5117
2423
147.26
128
11.7
44
13.34
6615
6657
201.8
128
14.56
32
21.38
6678
6652
245.85
163
9.06
6
23.32
6664
6635
-32.74
127
8.54
30
13.42
6680
6679
47.49
132
9.06
33
12.37
6673
6681
113.5
153
12.81
23
15
6683
6682
63.43
150
26.08
63
15
4291
777
-53.47
167
22.02
23
13.34
6684
6673
111.8
112
6
33
10.2
6635
6664
147.26
119
10.3
37
14.87
6641
6685
-61.26
165
33.24
69
9.22
6647
6650
-45
144
7.07
23
10.77
6677
6646
123.69
137
17.46
43
17.26
6618
6686
-81.25
133
10.82
53
9.9
6685
6641
118.74
166
30.41
52
9.85
6681
6673
-66.5
163
19.85
44
8.54
6682
6683
243.43
120
23.02
48
26.93
6666
6669
184.76
162
20.62
21
17.72
6687
6623
215.54
129
18.03
44
20.22
6652
6080
145.49
151
12.04
33
10.77
6640
6639
59.53
136
8.25
22
15
6688
6620
94.76
111
14.56
35
23.32
2754
6664
16.19
161
25.81
47
11.66
4831
2356
123.69
135
10.2
45
10.2
6637
6658
240.95
147
26.08
57
17.03
4530
6689
195.12
99
9.06
13
38.01
6618
6663
214.78
150
14.32
12
32.31
4326
6647
-78.69
118
7.28
20
18.25
4326
6660
116.57
145
14.76
67
9.22
6608
389
135
142
19.1
57
14.32
6693
3918
121.18
180
43.57
31
1
6663
6658
125.84
138
14.32
39
15.03
6685
6679
-59.93
149
14.76
39
12.17
6632
6662
37.69
131
18.03
40
21.02
6657
6646
220.6
143
19.42
43
17.03
1418
6670
-39.81
161
11.7
17
13.04
6658
6663
-54.16
123
17.03
47
19.42
6676
6695
-30.58
162
14.32
20
12.81
6618
6690
245.22
147
13.15
65
8
6695
6676
149.42
161
25.5
79
8.54
6691
6665
90
106
7.28
25
16.55
6620
6688
-85.24
163
21.54
61
7.21
6633
6696
204.62
129
16.49
38
20.62
6623
6687
35.54
129
19.03
46
20.4
6696
6633
24.62
131
18.68
44
20.25
6697
5117
-58.13
169
41.04
67
8.6
1868
6698
-68.63
159
21.93
61
9.22
6646
6677
-56.31
128
17.03
42
20.22
6653
6687
214.82
132
17.12
37
21.02
6694
6656
30.96
133
19.42
41
21.38
6695
6673
168.69
156
21.59
56
10.77
1868
6699
-46.85
160
17.89
50
8.06
6698
6700
-18.43
113
9.22
34
15
5414
389
77.91
139
8.06
32
9.9
3918
6701
209.05
120
1
2
20.12
6685
4530
267.4
148
21.95
73
12.37
6080
6691
101.89
111
7.07
21
18.25
6685
2356
133.67
172
16.4
9
14.42
6702
6688
19.65
110
9
35
14.56
6664
6703
241.39
132
14.87
36
18.79
6699
6695
30.58
128
8.06
17
21.59
5117
6697
121.87
155
16.64
14
29.41
6687
6653
34.82
133
21.21
48
20.62
6656
6694
210.96
137
18.68
39
20.22
6693
6692
121.87
169
41.04
67
8.6
6691
2754
61.19
152
17
45
11.4
6648
2619
225
177
21.26
11
7.21
6652
6678
65.85
172
25.96
32
7.21
6696
6677
216.47
135
21.21
47
20.4
6677
6696
36.47
136
20.22
45
20.22
2423
6697
107.82
148
22.02
47
16.12
4291
6697
60.26
128
13
51
13.15
6706
6704
188.88
153
23.6
43
15.81
6707
6669
199.65
137
13.42
14
36.12
6706
6705
216.38
112
15.52
38
23.02
1451
6699
174.81
138
16.4
47
15
6699
6708
14.53
164
25.55
64
7.81
6709
6689
229.69
119
24.7
34
38.33
6608
6711
153.43
163
6.08
13
7.81
6686
528
-85.24
156
8.06
35
5.83
6704
6706
8.88
161
31.76
77
10.77
6652
6712
102.26
137
19.42
54
16.28
6692
6701
206.57
153
8.6
17
13.15
6708
6699
194.53
134
10.3
19
22.09
6664
2754
196.19
135
25.06
50
23.02
6669
6713
108.43
129
11.7
59
10.63
6685
4831
142.43
149
10.05
33
9.49
6709
4530
-68.63
118
10.05
23
22.02
2619
6648
45
150
12.37
19
18.79
6710
6709
-32.28
159
16.28
39
9.49
6714
3314
155.1
167
10.2
6
21.1
6652
2619
74.36
153
23.54
64
12.17
6706
1418
-75.07
138
13.04
56
10.63
6707
6713
183.73
165
44.6
75
12.65
6690
528
-53.13
127
8
32
12.04
6710
6715
-90
123
22.47
45
26.87
6691
6080
-78.11
127
16.55
54
16.28
6712
2754
98.43
124
16.55
37
22.83
5414
528
239.04
150
2
14
4.24
6
6711
40.6
131
2
10
8.06
6661
6716
-41.31
168
30.89
25
15.23
6719
6708
208.3
174
12.21
28
3
6688
6716
-32.66
114
7.21
8
43.93
2754
6712
-81.57
133
23.02
55
20.52
6719
6720
138.81
119
8.54
48
10
6721
6722
165.96
162
13.04
26
9.22
6702
6724
-26.57
134
14.87
16
38.21
6
6710
4.4
144
9.22
44
7.81
528
6720
185.44
151
15.81
46
10.63
3314
6714
-24.9
162
28.16
65
10
6703
6712
223.03
148
12.37
33
12.17
6720
528
5.44
137
18.44
58
15
6707
6725
175.24
172
46.1
69
7.28
6726
6718
54.78
173
19.24
54
3
6727
6717
122.28
163
7.81
9
15.23
6718
2287
26.57
172
12.21
6
17.09
6716
6721
-90
130
7.81
36
10
2287
3949
-25.46
155
7
10
17.2
6707
3949
102.99
176
19.92
12
7
6725
6707
-4.76
158
23.09
18
28.23
6716
6722
201.8
112
13
35
20.62
6726
6713
-25.35
144
10.2
25
14.21
6690
6731
189.46
141
18.44
49
15.62
6730
6713
-50.71
160
8.06
23
7.28
6732
6080
109.18
159
9.22
12
16.12
3314
6720
-6.12
151
17.46
33
15.62
6716
6688
147.34
143
11.05
10
38.21
6734
6733
-29.36
125
15.65
53
16.12
6718
6726
234.78
153
15.13
43
10.2
6718
6729
-23.96
130
29.07
63
25.02
6729
6707
-22.93
158
13
17
17.03
6707
4552
107.53
148
17.03
58
10.63
6722
6716
21.8
164
11.4
16
11.05
6730
6736
26.57
125
15.13
60
14.42
3949
2287
154.54
141
8.25
17
17.69
6736
6730
206.57
150
13.04
56
8.06
6729
6718
156.04
171
15.52
9
14.42
6739
6734
43.15
157
7.62
11
15.26
6725
6729
17.65
141
13.04
32
15.52
6737
4552
-32.01
134
8.25
57
7
6738
6740
225
159
7.62
45
4
2287
6729
-87.71
177
21.1
16
4.12
2287
6741
-84.56
139
17.69
56
14.21
6737
6735
-85.6
127
9.43
45
10.63
6729
6735
0
105
4.12
18
12.65
6744
6742
-20.85
167
8.06
7
14.76
6734
6745
-49.09
161
18.36
67
6.71
6737
6741
219.29
125
13.04
57
12.65
6739
6745
0
137
21.93
49
19.85
6746
6739
69.15
170
21.38
69
4
6742
6744
159.15
166
9.06
9
13.89
6745
6744
0
117
6.71
10
31.58
6742
6748
-75.26
177
15.81
14
4
6747
6748
-55.01
132
9.06
20
19.65
6748
6747
124.99
136
11.18
25
18.25
6747
6744
149.74
163
9.22
28
5.83
6745
6751
-7.7
173
34
51
5.83
6752
6739
127.3
128
24
58
22.47
6745
6739
180
122
24.7
52
26.4
6754
6755
159.15
175
15.52
12
7.21
6751
6756
-19.03
174
9.22
2
21.54
6758
6754
178.32
179
23
3
11.05
6759
6746
136.47
114
13
28
25.3
6751
6745
172.3
128
19.8
31
29.83
6755
6754
-20.85
137
13
34
15.81
6746
6759
-43.53
137
24
58
19.42
6752
6760
3.18
125
24.7
42
29.83
6754
6758
-1.68
130
10.63
16
28.46
6756
6751
160.97
133
12.53
22
24.08
6761
6759
162.65
114
10.63
37
15.81
6759
6763
12.99
115
19.42
43
25.55
6760
6764
-4.57
131
19.8
50
19.42
6762
6751
138.37
139
7
13
19.42
6763
6759
192.99
146
14.87
30
16.76
6752
6765
-14.04
163
36.06
57
12.65
6761
6758
-18.43
140
5.39
8
24.6
6756
6767
259.7
156
12.37
24
12.21
6767
6756
79.7
147
17.46
51
12.53
6765
6752
165.96
157
18.25
16
25.55
6765
6766
207.55
121
23.02
54
24.6
6764
6760
175.43
150
23.26
66
12.65
6768
6767
235.01
172
11.18
55
2
6765
6758
267.51
155
22.85
76
10.2
6763
6761
227.73
167
10.3
25
5.39
6762
6772
250.71
157
13.04
29
10.63
6766
6765
27.55
147
10.3
18
18.25
6772
6762
70.71
161
20
70
7
6773
6771
67.38
127
5.83
26
10.63
6764
6765
205.46
154
17.8
47
10.77
6772
6770
222.51
102
5.83
20
16.16
6772
6764
90
119
12.53
38
17.8
6775
6774
36.25
145
15.81
58
10.77
6772
6775
190.89
149
16.28
34
15.23
6775
6772
10.89
155
18.6
39
12.53
6778
6776
135
150
4.12
3
36.12
6779
6778
-55.01
167
36.12
79
8.49
6776
6778
-45
120
7.28
10
36.62
6783
6781
-21.8
173
8.25
23
2.83
6783
5213
261.87
160
9.22
30
6.4
6781
6783
158.2
127
9.43
55
9.22
5923
6785
-55.49
179
13.6
3
5.83
6787
5293
240.95
125
2.24
5
19.42
6788
6789
-27.76
153
3
4
18.87
6791
6792
-72.47
108
2
5
19.42
6794
6793
-48.81
132
2
4
20
6785
3322
-32.01
168
14.87
36
5.39
6590
3910
225
117
3.16
8
20
6797
5735
-45
159
7.62
21
7.62
6792
6791
107.53
108
1
2
19.65
6800
6801
99.46
179
10.2
9
2
6786
6802
123.69
178
13.6
7
4.47
3322
6803
-8.53
165
17.12
50
5.83
6805
6806
64.8
174
3.16
1
15.65
6803
3910
11.89
164
19.24
80
5.39
5293
6787
60.95
133
3.16
7
18.6
6799
6802
-79.99
179
10.2
1
7.07
6793
6794
131.19
132
2
4
20
6611
6809
177.14
178
10
2
10.05
6811
6812
43.45
134
15
34
19.24
6813
6814
108.43
154
2.83
18
4
6815
6816
65.22
170
4.12
4
10.3
6789
6788
152.24
153
2
2
19.72
6795
6786
149.53
170
14.87
28
5.83
6806
6817
41.63
169
5
2
19.21
3910
6590
45
114
5.39
14
19.72
6814
6819
51.34
142
3
24
4.47
6820
6821
-66.37
178
15.65
23
2
6810
6822
-9.46
171
10
6
14.56
6798
6791
104.74
169
15.65
36
5.39
6804
6795
171.03
165
17.12
59
5.39
6808
6804
191.31
164
19.24
70
5.83
6806
6805
244.8
176
8.54
3
10.3
6801
6800
-80.54
145
2.83
9
10
6823
6824
-63.43
175
9.43
26
2
3715
6825
229.4
154
4.12
7
14.87
6828
6829
37.18
165
36.4
82
9.9
6590
6826
57.09
148
7
14
14.87
6830
6831
9.09
176
20.62
20
5.1
6833
6619
124.38
167
12.04
14
11.7
6834
6784
217.87
155
8.94
49
5.1
6835
6607
-53.97
168
12.04
54
3.16
6427
6836
199.44
130
11.7
40
13.93
6629
6836
158.96
153
9.06
35
7.21
6802
6786
-56.31
148
9.85
28
11.05
6816
6815
245.22
166
11.18
38
4.47
6813
6819
79.7
152
6.32
28
6.4
6837
6800
132.27
157
9.85
34
7.07
6817
6806
221.63
166
7.21
6
17.2
6838
6839
25.56
150
7.21
10
19.65
6607
6840
180
109
3.16
18
9.49
6840
3715
-37.87
161
9.49
52
4
6825
6808
225
135
7
14
19.72
6842
6824
-4.97
152
19.7
58
11.18
6791
6794
126.87
161
18.03
63
6.71
6821
6820
113.63
156
12.04
37
8.25
6844
6622
265.24
178
24.02
85
1
6797
6811
-68.2
157
14.14
21
15
4024
6845
82.41
179
10.05
3
5.1
6610
6820
-49.09
165
18.03
62
5.39
6825
3715
49.4
146
10.05
29
11.7
6848
6831
10.89
146
1.41
1
25.32
6816
6838
46.64
158
8.54
11
17.2
6831
6797
11.31
128
8.94
35
12.08
6849
6788
9.09
132
9.43
20
20.4
6850
6794
-8.13
112
8.06
22
19.72
6851
6852
227.2
146
14.14
17
26.42
6829
6828
217.18
173
32.53
46
6.08
6786
6795
-30.47
139
15.3
50
13.15
6855
6856
-6.71
179
11.05
2
6.08
6607
6835
126.03
127
10
46
11.18
6859
6858
98.97
151
12.81
38
10.3
6847
3715
19.98
121
11.18
57
11.4
3414
6804
214.99
125
10
23
20.4
6808
6825
45
135
10
22
18.38
6839
6838
205.56
148
9.43
16
18.25
6829
6852
242.78
112
10.63
15
36.8
6860
6636
35.54
162
8.6
6
26.42
6832
6861
-69.15
153
12.04
25
13.04
6863
6810
136.74
160
15.23
30
10.44
6864
6795
207.76
118
13
36
19.24
6668
6865
46.47
137
14
28
19.92
6866
6813
149.04
128
10.77
59
10
6869
6867
21.8
179
7.62
3
3.16
6865
6668
226.47
158
17.09
29
13.6
6845
4024
262.41
151
5.39
14
10.77
6854
6837
153.43
143
15.3
58
11.05
6667
6871
169.38
132
11.4
44
12.21
6845
6870
-68.2
134
5.39
66
4.24
2610
535
140.71
163
5.39
10
9.22
6844
6873
34.99
168
14.87
18
10.44
6794
6850
171.87
109
6.71
18
20.12
6874
6862
-59.42
171
15.62
13
10.44
6868
6875
-33.69
128
3.16
56
3
5780
6867
30.96
166
2.83
12
3.16
6810
6876
123.02
174
15.62
12
8.54
6819
6877
50.53
151
11.18
23
13.42
6837
6866
90
138
14.87
68
10.77
6847
3414
223.36
140
10.05
20
18.38
6852
6829
62.78
131
13
17
32.53
6788
6849
189.09
129
8.06
17
21.21
6838
6816
226.64
160
13
20
13.42
6879
6878
167.01
130
26.4
64
22.56
6866
6819
115.2
147
11.66
35
11.18
6881
6862
79.7
162
20.22
63
7.28
6844
6843
267.61
155
15.23
32
12.21
6797
6831
191.31
135
10.82
45
10.82
6881
2610
125.54
173
33.97
80
4.24
6883
6831
34.78
152
22.36
23
26.48
6811
6797
111.8
157
22.63
55
10.82
6881
6863
41.63
142
22.36
64
15.23
6884
6835
-33.69
154
17.12
70
8.25
6885
6857
244.29
163
7.07
5
23.32
6804
3414
34.99
125
13
32
20.02
6887
6886
50.19
133
7.07
25
12.08
6853
6879
170.54
144
8.94
25
12.21
6891
6889
-66.04
150
13.6
40
10.44
6820
6610
130.91
138
17.12
58
13.6
6795
6864
27.76
110
13.15
35
21.21
6878
6892
255.96
154
22.56
65
11.18
6822
6810
170.54
111
13.89
33
23.35
6865
6871
184.9
168
19.92
15
16.28
2610
6881
-54.46
151
18.79
27
20.22
6858
6892
64.98
129
15.65
60
14.04
6859
6855
-42.51
152
8.25
23
9.85
6852
6894
209.05
155
8.6
55
4.47
6857
6893
146.31
152
11.05
32
9.85
6895
6832
96.84
116
15.81
37
23.32
6877
6849
33.11
146
13
23
18.25
6896
8
81.87
121
6.4
26
12.21
6862
6874
120.58
105
7.28
16
24.74
6863
6881
221.63
147
15.52
37
14.04
6897
6872
-37.87
163
11.7
17
12.21
6890
6889
253.3
147
10.44
73
6
5109
6899
193.67
96
7.07
10
38.05
6888
6852
-31.61
122
8.94
35
13
8
6873
63.43
131
15.23
28
24.41
6890
6900
115.56
152
13.6
25
15
535
2610
-39.29
148
9.06
36
8.25
6877
6819
230.53
152
16.28
45
11.05
6852
6888
148.39
120
10.3
41
13.6
6832
6895
-83.16
166
22.47
58
6.4
6870
6903
-62.74
165
33.97
64
10
6819
6866
-64.8
111
11.05
34
18.25
3414
6847
43.36
141
16.12
39
16.03
6858
6859
-81.03
126
6.71
19
16.28
6835
6905
198.43
119
11.18
35
16.76
6880
6874
104.04
130
18.79
48
19.42
6905
6847
-48.81
149
16.76
51
11.18
6900
6890
-64.44
165
19.85
39
8.25
6903
6886
-59.53
146
14.32
45
11.4
6903
6870
117.26
165
31.14
49
10.77
5321
4415
150.26
131
11.7
46
12.37
6858
6881
116.57
142
14.32
63
10
6906
4024
123.69
135
10.2
45
10.2
3144
6888
16.19
159
26.4
51
12.21
6831
6032
-81.25
133
10.82
53
9.9
18
3781
64.29
151
27.07
64
15
1659
6907
-67.75
160
21.93
67
8.49
6895
6857
161.57
142
14.87
65
10.05
4328
6892
86.82
114
6.71
21
16.55
6907
6910
-21.8
114
8.49
31
15
6896
6911
-32.47
160
14.32
21
13.6
6912
6837
210.47
124
18.03
57
17.89
6883
8
125.22
138
14.32
43
14.14
6911
6896
147.53
162
24.74
71
8.25
3781
18
244.29
120
23.02
47
27.2
6913
6610
12.26
122
14.87
38
20.12
6811
6882
135
139
19.03
56
15.3
6831
6883
214.78
148
15.23
14
31.95
6904
6864
217.69
135
16.12
34
20.02
6873
8
243.43
150
27.07
59
16.03
6915
535
-52.43
168
22.02
23
12.37
6916
6850
22.93
133
14.87
31
21.21
1659
6908
-46.85
160
17.89
50
8.06
6837
6912
30.47
121
15
46
17.72
2610
6874
55.49
132
8.25
23
15.26
6905
6835
18.43
120
16.28
52
18.03
6911
6890
165.96
156
21.38
59
10.44
6893
4328
105.52
120
8.25
26
16.28
8
6883
-54.78
122
16.03
47
18.44
6849
6877
213.11
143
14.87
29
18.03
6903
5109
267.4
147
19.72
62
12.08
6847
6905
131.19
128
16.03
47
17.12
6831
6914
246.8
149
13.15
59
8.06
6917
6918
31.43
172
7.81
4
13.42
6919
6871
200.1
137
13.42
15
35.13
6610
6913
192.26
120
13.6
35
20.62
6922
6920
187.13
155
22.47
38
15.26
6857
6885
64.29
174
24.35
25
6.4
6921
6897
-4.97
143
22.47
69
14.56
6908
6911
28.61
126
8.06
17
21.38
3631
6882
78.69
143
8.94
33
9.9
6924
6854
214.29
128
18.03
42
21.21
6903
4024
132.4
173
17.03
8
14.42
6894
6923
227.86
178
22.02
9
6.4
6888
5446
242.45
136
13.6
30
18.87
6902
6916
38.99
140
16.28
35
18.03
6925
6908
174.81
138
16.4
47
15
6926
6899
228.81
118
24.7
35
38.08
4328
3144
59.04
153
18.03
48
11.18
6912
6902
121.33
138
17.72
40
18.25
6908
6927
12.53
164
25.06
62
7.81
6857
6928
101.31
135
18.03
59
14.87
6920
6922
7.13
159
30.89
72
12.08
6929
6918
121.18
178
43.27
57
2.24
6930
5321
-57.43
169
40.31
68
8.6
6871
6931
114.44
135
11.7
65
9.22
6850
6916
202.93
133
14.87
31
21.21
6864
6904
37.69
131
18.03
40
21.02
6927
6908
192.53
135
9.43
17
22.09
6854
6924
34.29
128
18.03
42
21.21
6919
6931
184.97
165
43.66
70
12.08
6811
6932
157.38
148
6.08
22
8.49
6922
6897
-74.05
141
12.21
56
9.22
6032
6933
-85.6
158
8.94
35
5.83
6888
3144
196.19
134
25.94
52
23.6
6905
6924
214.82
132
17.12
37
21.02
5321
6930
122.57
153
16.12
14
29.41
6857
6923
70.82
150
20.4
56
12.37
6926
5109
-68.63
118
10.05
23
22.02
6916
6902
218.99
141
19.42
45
17.12
6935
6936
168.69
160
13.15
29
9.22
6923
6894
47.86
154
11.4
15
18.87
6884
6937
207.55
129
16.28
38
20.4
6861
6938
-42.27
167
30.89
25
16.16
6902
6912
-58.67
129
17.12
39
21.21
6903
6906
139.76
146
10.05
33
10.44
6918
6917
211.43
148
2.24
3
19.24
6937
6884
27.55
129
20.4
50
20.62
6929
5284
123.69
170
40.31
63
8.06
6940
3728
154.29
166
10.2
7
20.25
6895
6938
-34.38
107
6.4
7
44.6
4415
6930
107.82
148
22.02
47
16.12
5190
6926
-30.07
154
16.03
43
10.44
4328
6893
-74.48
133
17.89
63
14.87
6934
6913
32.62
135
19.42
40
21.21
5190
5573
-90
121
21.95
45
26.87
6909
6941
-28.81
132
14.87
17
37.48
6915
6930
60.26
128
13
51
13.15
6924
6905
34.82
134
20.22
46
20.4
6928
3144
98.13
125
17.89
39
23.32
6914
6933
-53.13
120
8.06
32
13.04
6937
6912
215.31
134
20.22
43
21.21
6942
6927
63.43
176
10.77
5
9.43
6913
6934
212.62
134
20.4
43
21.38
6912
6937
35.31
134
21.21
46
21.38
6944
6927
208.3
170
12.81
46
3.16
3631
6933
239.04
150
3
25
3.61
6946
6939
120.07
159
6.4
8
16.16
5284
6917
207.9
148
8.06
19
13.15
6945
6932
45
135
3
15
8.06
3144
6928
-81.87
135
23.6
55
20.52
6938
6935
-90
129
6.4
35
8.6
6941
6909
151.19
115
10
12
42.52
6944
6947
139.4
119
8.54
55
9.06
6919
6948
177.56
173
46.17
78
6.08
6893
6950
210.65
178
16.64
2
14.76
6938
6936
199.29
110
11
30
20.4
6933
6947
188.53
154
15.81
49
9.22
5446
6928
223.03
149
11.4
28
12.37
6945
5190
4.4
140
9.9
49
8.49
3728
6940
-25.71
163
28.28
70
9.06
6942
6943
54.78
172
20.12
73
3.16
6947
6933
8.53
135
18.6
61
15
6938
6895
145.62
141
12.04
11
37.48
6943
6951
24.78
167
12.81
10
16.49
6919
6953
104.04
175
18.03
14
7
6948
6919
-2.44
160
22.14
16
27.51
6954
6893
108.43
150
9.22
15
18.03
6951
6953
-23.2
141
7.28
14
17.8
6942
6931
-22.83
141
10.44
27
14.21
6957
6931
-50.71
162
9.43
29
6.08
6955
6893
93.18
125
17.49
60
16.64
6936
6938
19.29
163
10
14
12.04
6943
6942
234.78
153
14.14
38
10.44
6914
2898
194.04
141
18.6
48
15.81
315
6919
-19.09
166
13.04
12
15.26
3728
6947
-8.13
154
15.81
26
15.81
6919
6952
109.44
142
15.26
57
11.4
6943
315
-23.96
132
28.64
63
24.02
6959
6943
143.13
124
14.87
61
14.14
6960
6949
45
154
9.49
16
14.76
6959
6957
199.65
141
11.66
51
9.43
6950
6961
228.81
158
9.49
62
4.12
315
6943
156.04
168
15.3
12
15
6953
6951
156.8
137
8.54
19
17.69
6948
315
18.43
140
11.66
29
15.3
6962
6952
-26.57
133
8.54
63
7
6951
315
-87.61
178
22.09
28
2.24
6966
6964
-18.43
162
8
9
14.76
6962
6958
-85.6
121
8.94
42
11.4
6951
6963
-84.81
138
17.69
52
14.87
315
6958
-4.4
113
2.24
9
12.37
6949
6967
-52.59
159
17.49
51
8.25
6968
6960
70.02
170
23.35
84
4.12
6960
6967
-1.97
134
22.63
50
21.4
6964
6966
161.57
162
9
11
13.89
6964
6970
-75.96
176
15.81
14
5
6962
6963
222.27
128
13.04
56
12.37
6967
6966
1.74
106
8.25
14
31.78
6969
6970
-55.01
125
9
20
20.62
6970
6969
124.99
135
12.17
28
18.11
6969
6966
149.74
157
9.06
33
6.71
6967
6973
-7.91
171
33.02
55
6.71
6975
6976
158.2
178
14.87
4
6.71
6977
6960
124.29
125
23
54
23.41
6967
6960
178.03
122
25.24
53
26.63
6973
6978
-21.45
165
9.06
6
21.47
6979
6968
135
121
12.37
25
24.35
6976
6975
-21.8
145
12.37
32
13.6
6968
6979
-45
135
23
53
20.22
6973
6967
172.09
124
19.85
33
30.48
6975
6981
-3.47
140
10
14
26.25
6977
6980
1.55
126
25.24
42
30.48
6982
6979
162.65
126
10
36
13.6
6978
6973
158.55
124
12.21
23
25.46
6984
6977
145.71
135
25.5
64
20.22
6980
6972
-9.46
122
19.85
50
21.95
6984
6979
191.31
144
13.45
28
16.76
6983
6973
135
127
7.07
14
21.95
6982
6981
-17.74
163
4
3
22.47
6977
6986
-16.7
162
37.01
60
13.34
6978
6987
262.87
156
13.6
25
13.04
6986
6977
163.3
154
18.25
17
26.63
6987
6978
82.87
151
18.38
47
12.21
6986
6985
209.48
125
21.1
50
22.47
6989
6986
112.25
118
11.05
27
21.1
6988
6987
237.53
175
11.18
30
2.24
6984
6982
228.01
165
11.18
48
4
6972
6980
170.54
148
22.85
67
13.34
6983
6992
252.35
158
13.04
23
12.04
6985
6986
29.48
147
11.18
20
18.25
6992
6983
72.35
163
21
64
7.07
6993
6991
63.43
120
3.61
15
12.04
6972
6986
203.2
152
19.21
56
10.82
6989
6993
26.57
167
15.62
82
3.61
6992
6972
90
117
13.42
38
19.21
6995
6994
38.16
145
17.72
71
10.82
6992
6995
190.89
152
15.62
30
14.87
6995
6992
10.89
153
17.8
37
13.42
6998
6996
136.04
163
4.47
2
34.66
6999
6998
-53.13
169
34.71
81
7.07
6996
6998
-43.96
128
7.07
9
35
7002
6781
-30.96
164
8.25
32
4.47
7002
7003
262.41
163
11.18
37
5.66
6781
7002
149.04
118
9.43
48
11.18
6611
7004
174.81
178
20.02
21
2.24
7006
5735
-41.99
147
7.07
27
8.54
7007
3322
-34.51
174
14.76
18
5
3511
4103
220.91
105
2.24
6
19.42
3322
6803
-8.53
169
17.03
44
5
7010
7011
46.47
137
16
34
19.42
6803
4103
14.74
170
18.79
71
3.61
6611
6809
177.14
178
10
2
10.05
7013
4999
167.01
155
9.22
38
6.4
6427
4999
202.38
135
10.77
35
13.34
7014
7015
104.74
177
18.97
59
1.41
7016
6619
122.28
168
11.31
12
11.7
6791
6798
-75.26
177
18.97
59
1.41
7017
7018
-4.97
161
4.12
4
19.24
6810
7020
-11.77
169
10
7
14.87
7021
7022
-79.99
180
11.18
0
6.08
6794
7015
-49.09
105
2.24
6
19.42
7008
6786
145.49
174
14.76
18
5
7025
7024
-26.57
135
3.16
6
20.25
4103
3511
40.91
98
3.61
10
19.72
7026
7027
63.43
172
3.16
1
14.76
7009
7008
171.47
169
17.03
44
5
7012
7009
191.31
167
18.79
64
5
6830
7029
6.84
173
20.62
28
5.39
6827
4740
233.75
103
10.63
16
36.4
7031
7032
-63.43
172
8.6
26
3
7034
7035
105.95
170
4.47
15
3
7036
6784
221.19
150
9.49
62
5.39
2191
6643
18.43
165
3.61
18
3
6794
6791
-53.13
176
19.85
81
1.41
7037
7038
61.39
166
4.12
6
8.6
7035
7039
51.34
142
4
37
4.12
6820
6821
-66.37
178
15.65
23
2
3715
7040
231.34
156
4.12
6
15.56
7006
7010
-68.2
154
13.45
21
16
7024
7025
153.43
127
2.24
4
21.1
7027
7041
43.36
165
5.83
4
19.21
6668
7043
46.55
137
15
34
18.44
6798
6791
104.74
169
15.65
36
5.39
7018
7017
175.03
157
3.16
3
20.22
7033
7023
-81.87
162
4.47
8
10
7043
6668
226.55
157
14.87
25
13.93
7045
7044
99.46
154
13.6
44
8.6
7046
7032
-4.97
152
19.7
58
11.18
2559
7047
82.41
178
11.05
6
4.12
6470
7048
180
139
12.04
48
10.63
6832
7049
-72.35
153
11.31
21
14.04
7022
6786
-53.75
160
10.82
23
9.22
4404
7029
10.89
128
2.24
4
25.18
7027
7026
243.43
172
9.49
8
8.6
7040
7012
225
135
7
14
19.72
7051
6607
-51.34
167
11.4
57
3.16
7050
7023
129.81
164
10.82
30
6.08
7029
7006
11.31
120
9.49
37
13.42
7052
7053
228.24
147
14.14
16
26.93
7030
4740
217.18
174
33.24
48
5.1
7057
3715
-33.69
165
9.49
56
3
6607
7057
185.71
110
4.12
24
9.49
7034
7039
80.54
155
7.28
29
6.4
6846
7010
261.87
178
11.05
3
10.2
7058
7054
36.87
163
8.6
5
26.93
7038
7037
241.39
163
10.2
47
4.12
7059
7055
-10.01
180
12.17
1
5.1
7043
7048
186.71
175
18.44
6
16
7030
7053
243.43
113
10.63
15
37.54
7040
3715
51.34
148
10.05
26
12.08
7062
6810
133.36
157
15.23
29
12.37
6821
6820
113.63
152
11.4
36
9.22
7063
7064
243.43
165
5.1
3
24.19
6786
7008
-34.51
142
15.03
50
12.04
7047
2559
262.41
154
6.32
16
9.85
7067
6643
26.57
177
8.06
8
3.16
6887
7068
47.73
127
5.1
19
12.53
7041
7027
223.36
160
8.94
10
16.64
7045
7071
-42.51
159
8.54
20
8.94
7073
7009
214.99
125
10
23
20.4
7074
6872
-35.84
169
12.08
12
10.63
7064
7072
149.04
155
11.05
32
8.94
7075
6832
94.24
118
15.23
33
24.19
7047
7065
-71.57
140
5.83
63
4.24
7070
7017
27.55
145
8.94
15
19.42
6791
6794
126.87
158
17.49
60
7.62
7078
6643
38.66
163
3.61
20
3.16
7076
277
137.73
169
5.83
7
9.22
7066
7079
-45
117
3.16
45
4
7080
7061
-59.42
166
14.14
16
12.37
7081
7059
38.99
118
24.52
54
26.93
7053
7030
63.43
129
14.32
19
33.24
7012
7040
45
135
10
22
18.38
7082
7061
79.22
161
20.22
71
7.07
7084
7083
34.99
165
15.62
23
10.2
2320
7008
201.8
112
11
30
20.22
7077
6820
-47.12
164
17.49
64
5.39
7086
7085
-64.8
152
13.6
43
9.49
7084
7087
267.51
155
15.23
35
11.4
7088
6887
6.17
173
37.11
84
5.1
7060
3715
24.44
125
11.18
58
10.82
7082
7044
-64.98
116
14
50
16.55
6810
7090
125.84
171
14.14
15
8.54
7082
7076
126.53
173
33.24
81
4.24
7082
7062
39.81
141
21.38
63
15.23
6607
7051
128.66
123
10.05
48
11.18
7006
7029
191.31
133
11.66
49
11.4
7038
7070
46.64
156
9.49
13
16.64
6832
7075
-85.76
167
23.09
49
7.07
7091
7029
35.84
152
23.26
24
26.48
7053
7092
209.05
155
8.6
55
4.47
7010
7006
111.8
155
21.93
52
11.66
6878
7089
257.01
156
24.52
66
11.18
6810
7062
-46.64
146
24.52
71
14.76
2878
7050
154.8
151
15.03
52
9.22
7055
7059
169.99
135
8.6
28
12.81
7094
5804
111.8
120
7.07
40
9.49
7076
7082
-53.47
149
18.38
27
20.22
7075
7064
156.8
141
14.56
66
10
5574
4010
81.87
127
7.07
29
11.4
7044
7045
-80.54
127
6.71
20
15.3
7062
7082
219.81
145
15.52
39
14
7097
7034
147.53
133
11.4
57
10
7098
7025
11.31
134
9.43
19
20.22
7099
6794
-5.19
109
9.85
26
21.1
7060
7073
223.36
140
10.05
20
18.38
3149
7068
-57.99
147
14.32
48
10.44
7093
7053
-31.61
113
8.6
33
14.32
5804
3496
115.56
152
13.6
25
15
7023
7050
-50.19
115
11.4
43
15.03
7061
7080
120.58
113
7.07
15
23.77
7053
7093
148.39
120
10.3
41
13.6
7065
3149
-62.74
164
33.24
60
10.82
7100
7101
-21.8
119
7.81
28
14.21
7009
7073
34.99
125
11
26
20.22
7103
7100
-65.56
162
23.35
74
7.81
7044
7082
115.02
140
14.32
58
10.82
7104
7048
200.1
143
13.04
13
34.23
7008
2320
21.8
108
12.04
32
21.38
7072
7096
105.52
127
8.54
26
15.3
3496
5804
-64.44
165
19.85
39
8.25
7096
7089
86.82
114
6.71
21
16.55
4010
7083
63.43
131
15.23
28
24.41
7017
7070
207.55
150
9.43
15
18.44
7097
7039
115.35
148
13.04
34
12.17
3149
7065
117.26
167
31.89
51
9.85
7106
7074
-2.49
148
21.95
69
12.65
277
7076
-42.27
157
9.49
31
7.28
7108
2559
119.74
142
10.77
41
10.2
7105
7109
183.58
154
21.95
38
15.81
7103
7102
-46.74
159
18.79
49
9.06
7081
7093
16.19
158
27.02
54
12.81
3149
7069
267.4
146
18.87
58
12.53
7039
7110
46.97
149
10.2
24
13
7111
5574
148.67
163
25.71
72
8.25
1123
7080
104.62
128
18.38
49
19.42
5574
7111
-31.33
161
14.32
19
14.21
6794
7099
174.81
109
7.62
20
21.02
7111
5804
166.5
156
21.38
54
10.77
7064
7063
63.43
175
22.47
18
7.07
7029
6264
-78.69
140
11.4
48
10
7091
4010
125.22
138
14.32
43
14.14
7010
3997
136.85
134
19.03
57
16.28
7070
7038
226.64
158
13.93
24
13
7029
7091
215.84
147
17.09
17
31.62
7074
7048
-24.44
121
8.6
43
10.77
7102
7111
30.58
127
9.06
19
21.38
7114
7051
-30.96
150
17
71
9.22
5528
7115
153.43
139
11.4
46
10.44
7116
7102
174.81
141
15.81
45
14.21
4010
7091
-54.78
122
16.03
47
18.44
1879
7117
64.29
151
27.07
64
15
7064
7118
102.53
134
17.49
63
14.21
7025
7098
191.31
126
9.85
22
21.38
4364
7088
228.95
117
23.77
34
37.11
7109
7105
3.58
159
30.87
73
11.7
7092
7112
229.18
179
22.02
4
7.07
7083
4010
243.43
150
27.07
59
16.03
7117
1879
244.29
122
23.85
49
26.93
6820
7077
132.88
133
17
58
14.56
7029
2797
249.44
149
15.3
63
9.06
7073
7060
43.36
138
14.04
33
17.26
7076
7080
55.49
130
7.28
20
15.81
7102
7120
15.07
165
25.55
71
7.21
7093
7121
241.56
135
13.6
28
20.25
3149
2559
131.19
169
16.4
11
16.12
7096
7081
59.04
153
18.03
48
11.18
7104
7113
186.34
167
43.66
74
10.77
7049
7122
-44.12
165
30.89
26
18.03
3898
277
-51.34
171
22.67
21
10.44
7113
7105
147.53
112
8.6
39
12.65
6945
3997
79.38
149
8.54
26
10
7120
7102
195.07
130
9.85
20
22.09
7124
7060
-46.97
148
16.49
53
11.18
7051
7124
201.25
122
11.18
35
16.49
7110
7098
36.47
148
13.93
23
18.44
7039
7097
-64.65
126
11.18
32
17.12
7075
7122
-35.39
100
7.07
8
45.97
7119
2320
218.99
134
14.04
30
20.22
7064
7112
69.15
147
18.44
55
12.37
7110
7039
226.97
147
17.26
57
11.18
7126
7050
206.57
120
17.03
51
18.79
7095
7127
-30.96
134
14.56
16
38.21
4364
7069
-67.75
113
10
24
22.02
7050
7126
26.57
121
15.03
46
18.03
7112
7092
49.18
150
11.18
16
20.25
7128
7123
118.81
150
5.83
9
18.03
7010
1195
165.96
140
6.71
30
8.49
7093
7081
196.19
135
27.29
55
23.43
7122
7129
263.66
115
5.83
38
8.49
6264
7130
-90
160
8.54
30
5.83
7131
7132
33.69
169
8.49
7
13.42
7096
7072
-74.48
135
18.36
66
14.21
7060
7124
133.03
124
17.26
52
18.25
3149
7108
142.43
143
10
35
10.44
7127
7095
149.04
120
10.3
12
42.45
7133
2878
212.47
126
18.03
43
21.38
7124
7051
21.25
122
16.28
52
17.49
7135
5528
-55.92
169
38.9
69
8.6
7122
6972
195.95
113
9.06
24
20.22
7136
4335
156.04
175
9.49
2
20.12
6299
7137
-90
121
21.95
46
26.17
6299
4364
-30.07
154
16.03
43
10.44
7138
7077
16.26
124
16.76
41
21.02
7139
7120
67.17
179
10.77
1
9.85
7118
7081
97.85
128
18.36
38
23.32
7134
7132
121.18
177
42.44
49
3.16
7141
6264
12.53
103
1
6
9.06
7142
7099
25.64
130
16.49
36
21.38
2320
7119
38.99
133
18.03
41
20.02
7098
7110
216.47
141
16.49
33
19.03
7077
7138
196.26
123
14.56
35
21.19
7104
7143
180
174
45.28
68
5.39
7145
7120
204.78
160
12.73
61
5
7072
7147
212.2
177
17.2
3
14.76
7126
7125
123.11
143
18.03
39
17.12
7141
7130
-50.71
117
9.22
39
13
5528
7135
124.08
151
15.65
15
28.46
2878
7133
32.47
126
17.03
40
21.21
7125
7142
39.29
140
17.26
36
19.03
7081
7118
-82.15
138
23.43
52
19.8
7122
7075
144.61
140
12.04
11
38.21
6945
7130
239.04
150
3
25
3.61
7145
7149
144.46
124
8.54
61
8.06
7148
1195
45
135
3
15
8.06
7124
7133
216.47
136
18.25
39
20.02
7121
7118
225
146
11.18
30
12.37
7115
7135
108.43
150
22.67
52
14.42
7134
7140
124.44
169
38.9
61
8.94
7099
7142
205.64
133
16.76
36
20.4
7132
7131
213.69
143
3.16
5
19.24
7130
7149
191.31
157
15.81
46
8.6
7120
7139
247.17
105
5
14
20
7150
7072
105.64
146
7.81
12
20.02
6972
7122
15.95
167
10.3
11
12.04
7145
282
12.26
179
16.49
4
7.07
3898
7135
56.31
122
12.08
51
13.04
7125
7126
-56.89
130
17.12
38
21.1
7114
7153
208.44
130
16.28
36
21.21
7148
6299
4.4
140
9.9
49
8.49
7143
7104
0
162
22.14
15
26.93
4335
7136
-23.96
165
28.28
73
8.06
7142
7125
219.29
144
20.62
45
17.12
7151
7072
92.86
127
18.03
57
17.2
7104
7156
105.26
174
16.16
15
7
7139
7113
-22.83
145
9.22
22
14.14
7157
7113
-45
168
9.43
23
5.39
7153
7114
28.44
130
20.4
47
21.19
2797
7158
196.26
107
1
2
24.74
7149
7130
11.31
138
18.6
62
14.21
7144
4016
27.47
163
12.73
13
16.49
7133
7124
36.47
133
20.1
44
21.21
7153
7126
216.47
133
20.1
44
21.21
7152
7138
32.62
137
20.62
43
20.4
7140
7131
207.9
145
8.94
23
13.04
4016
7156
-25.46
147
7.07
12
17.8
7126
7153
36.47
132
21.1
47
21.38
7144
7139
233.13
156
14.32
40
9.22
7138
7152
212.62
134
20.4
43
21.38
7154
7104
-15.07
174
13.15
5
13.93
7104
7155
111.8
133
13.93
56
12.21
7144
7154
-24.78
128
28.18
62
25.02
7160
7146
46.74
154
10.44
18
14.76
7147
7161
228.81
156
10.44
75
4.47
7141
7158
194.04
141
18.6
48
15.81
4335
7149
-8.13
154
15.81
26
15.81
7163
7150
178.26
172
8.06
2
25.08
7164
7144
140.19
126
15.52
62
14.32
7164
7157
194.93
143
11.4
46
9.43
7154
7144
155.22
164
14.14
15
15.62
7143
7154
18.43
147
11.4
26
14.14
7156
4016
154.54
123
9.43
23
19.85
7156
5376
212.01
123
7
46
8.25
7162
7165
-19.29
154
8.06
14
14.42
4016
7154
-87.71
178
24.08
47
1.41
7146
7167
-59.04
155
18.03
47
10.44
7161
7168
260.54
108
4.47
10
23.41
7159
7155
55.01
141
12.04
69
8.25
7154
7159
-8.75
127
1.41
5
12.37
7165
7169
-75.96
179
14.56
4
6.08
4016
7166
-85.24
144
19.85
55
14.21
7165
7162
160.71
161
9
13
13.04
7160
7167
-6.12
128
23.35
52
23.32
7167
7162
5.04
112
10.44
17
31.78
7171
7169
-55.01
125
9
20
20.62
5376
7166
219.29
125
12.04
53
12.37
7171
7162
147.53
142
9.06
43
8.25
7167
7172
-7.91
168
34.13
68
8.25
7173
7160
122.01
127
23.09
51
23.41
7160
7173
-57.99
129
28.16
63
24.7
7175
7168
132.14
123
12.17
25
24.04
7172
7176
-21.45
153
9.06
10
22.47
7174
7177
-21.8
149
12.17
29
12.81
7168
7175
-47.86
138
23.09
54
19.42
7177
7178
-3.47
150
8.94
10
25.71
7172
7167
172.09
122
20.62
34
31.14
7179
7175
159.44
133
8.94
30
12.81
7173
7180
0
122
24.7
42
31.14
7176
7172
158.55
120
12.81
25
26.17
7182
7173
143.97
138
26.17
65
19.42
7182
7175
186.58
145
13.45
27
17.09
7180
7183
-11.77
118
20.62
50
23.71
7181
7172
133.45
118
7.28
15
23.71
7173
7184
-19.75
161
36
58
14.32
7176
7185
261.25
160
14.32
21
13.89
7184
7173
160.25
154
17.12
16
27.2
7184
7187
210.58
128
17.12
41
20.4
7185
7176
81.25
153
18.97
42
12.81
7186
7185
239.74
177
11.18
14
2.83
7182
7179
221.99
157
12.08
63
5.39
7183
7180
168.23
146
22.85
66
14.32
7187
7184
30.58
146
12.08
23
17.12
7181
7190
251.57
162
13
17
13.6
7189
7190
233.97
167
13
72
3.16
7190
7181
71.57
165
22.02
55
7.28
7183
7184
203.2
151
20
61
11.4
7193
7191
28.07
172
15
46
3.16
7190
7183
87.4
117
12.53
34
20
7184
7194
253.61
112
11.4
38
17.2
7190
7194
189.09
153
15
30
13.93
7194
7190
9.09
154
17.2
37
12.53
4772
7195
-41.76
131
7.07
9
33.42
1769
6781
-34.99
160
8.25
33
5.39
1769
7198
261.87
163
12.17
55
4.47
6781
1769
145.01
114
9.43
45
12.17
7199
7200
8.13
99
1
8
7
7201
7202
180
162
9.49
36
5
6218
7202
207.9
142
9.85
27
13
7203
7204
155.77
175
6.32
2
15.65
7199
5735
-38.66
134
7.07
32
9.49
7198
7206
125.84
176
18.44
21
4.12
7210
7208
124.38
159
10.82
17
13.6
7211
7212
50.44
141
18
35
19.65
7213
7214
-32.91
180
16.64
0
3.61
7204
6809
180
169
10.2
11
10.2
7217
7199
-26.57
177
13
63
1
7214
6873
-11.89
172
17.03
44
3.61
6787
5293
240.95
151
1
1
19.72
6873
4103
14.04
173
19.31
59
2.83
3511
4103
220.91
105
2.24
6
19.42
7219
7220
223.36
156
13
22
13.93
7220
7219
43.36
138
14.04
33
17.26
7216
7205
-11.77
157
10.2
14
15.65
7221
7222
183.37
149
12.21
43
9.22
6830
7224
2.29
169
20.62
40
6.4
7045
7225
100.01
157
14.42
55
7.07
7209
7227
-70.02
144
10.82
23
16.03
7215
7228
147.09
180
16.64
0
3.61
6827
7229
234.64
104
12.04
18
37.2
3511
3827
212.91
172
19.85
77
2.83
7224
7217
73.3
112
6.4
36
10
7230
6875
-9.46
153
3.16
24
3.61
6875
7230
170.54
171
3
8
3.16
3407
7207
-63.43
173
7.21
12
4.12
7218
7215
171.47
175
17.03
25
3.61
3827
7218
191.31
171
19.31
67
3.61
6826
3511
238.57
149
2
3
19.42
7014
7232
104.04
176
18.97
40
2.24
7233
7234
92.49
156
2.24
2
21
7199
7211
-68.96
150
12.81
21
18
6791
6798
-75.26
177
18.97
59
1.41
7219
7222
186.71
177
17.26
3
17.03
7235
7236
16.93
164
3.61
2
20.62
7239
7238
82.87
178
13.04
11
3.16
7240
7223
-31.43
174
12.08
9
9.22
1696
7224
8.75
118
3.16
6
25.02
7241
7232
-45
102
3.61
10
19.42
7244
7245
154.98
161
11.05
31
7.21
7045
7243
-45
171
8.6
11
7.21
7246
7207
-4.76
153
20.62
58
11.18
7247
7248
63.43
172
3.16
1
14.76
7250
7244
242.53
164
5.1
3
23.32
7251
7252
228.24
147
13.15
15
27.46
7254
7255
104.04
173
5.39
14
3
7256
7209
94.24
121
15.65
35
23.32
6887
7257
45
121
4.12
16
12.53
7259
7260
-2.39
141
5
8
20.4
7261
7054
37.18
168
9.22
4
27.46
7224
7199
14.93
122
10.44
41
13.42
7262
7242
-23.2
131
4.47
9
20.25
3227
7229
216.25
173
34.66
58
5.39
3511
6826
58.57
149
6
11
16.28
6846
7211
262.57
177
13.04
3
10.2
7265
7249
242.24
179
6.71
0
14.76
6385
7264
231.34
160
3.16
3
16.28
7266
7263
-10.01
175
12.04
11
5.39
7088
6887
6.17
174
36.88
82
4.12
7267
6821
-64.98
177
14.76
25
2
7209
7256
-85.76
165
23.41
54
7.81
7268
7269
59.04
164
4.12
8
7.81
7255
7270
36.87
127
4
50
4.12
7264
3827
225
135
6
12
20.25
7022
7228
-57.99
160
11.4
25
9.06
7241
6791
-50.91
175
19.8
65
2.24
7256
7244
153.43
138
14.56
63
11
7253
7272
-81.87
167
5.39
8
9
3227
7252
242.18
116
10
13
37.54
7273
7216
131.82
159
15.65
27
12.37
7238
7239
262.87
155
6.32
14
10.77
6798
6791
104.74
167
14.76
33
6.32
7276
7275
-63.43
159
13.45
42
7.28
7271
7272
130.24
169
11.4
21
6.32
7277
7225
-63.43
117
14
53
15.65
7278
6875
21.8
173
8.06
21
3
7236
7235
196.93
161
5
5
19.42
7280
7266
40.6
120
26.48
57
27.2
7277
1127
79.7
159
20.4
65
8.25
7282
7238
141.34
108
3.61
32
6.32
7225
7045
-79.99
134
7.21
23
13.34
7252
3227
62.18
126
13.42
18
34.66
7252
7284
209.05
160
9.22
62
3.61
7285
555
113.96
133
6.32
39
7.28
7286
6607
-45
165
10.3
63
3.16
7231
7287
-53.13
127
3
36
4
6268
6875
38.66
156
4.47
38
3
7282
16
137.73
177
6.4
2
8.49
7248
7235
43.36
160
6.71
7
18.6
7277
7273
39.81
141
22.36
66
15.65
7288
1127
-56.98
162
12.81
18
12.37
7234
7233
-87.51
159
17.46
43
9.22
7290
7222
198.85
144
12.21
12
34.23
7242
7262
156.8
124
3.61
8
21.1
7274
7277
-47.39
99
3.61
6
33.6
7291
6385
-29.05
158
9.06
60
4
7279
3147
257.47
157
26.48
72
11.05
7216
7273
-48.18
144
24.52
68
15.65
7248
7247
243.43
171
10.44
13
7.81
7292
7224
35.84
151
24.17
27
26.31
6607
7291
196.7
121
4.12
23
9.06
7293
7294
-23.2
119
6.4
24
13.45
3347
7257
-54.46
143
13.6
52
10.44
7211
7199
111.04
155
21.93
49
12.53
7296
7240
-2.6
146
21.1
68
12.65
7260
7259
177.61
152
4.47
6
20.22
7297
7218
213.02
124
9
21
20.4
7228
7215
-32.91
148
16
51
11.05
7199
7224
194.93
134
12.53
52
11.4
7234
7298
29.74
160
15.62
29
11
7263
7266
169.99
135
8.6
28
12.81
7295
7300
183.69
153
21.1
38
15.81
7273
7277
219.81
145
15.52
39
14
7254
7270
79.7
156
8.25
42
5
7245
7283
102.53
139
8.6
25
13.34
7301
7293
-65.56
165
23.43
75
6.4
7282
7277
-53.47
151
17.46
25
20.4
7302
7289
80.54
132
6.4
31
9.22
7264
6385
51.34
148
9.06
22
12.53
7216
7304
125.84
165
12.81
19
10.44
7225
7277
116.57
134
13.6
57
11.66
7305
7215
200.22
105
10.05
28
20.22
7240
7222
-24.44
126
8.06
41
9.85
7269
7268
239.04
160
11.18
73
4.12
555
7307
114.62
157
13.45
20
15.03
3827
7264
45
135
9
19
18.79
7252
7299
151.7
123
10.3
43
12.65
7299
7252
-28.3
117
8.6
35
13.42
7283
3147
86.82
121
7.21
23
15.65
7244
7250
62.53
177
19.7
8
8.6
7274
3347
-64.09
164
33.97
56
11.66
3347
7258
267.14
142
17.2
58
12.53
7301
790
-50.19
157
17.89
45
10.05
6821
7267
115.02
145
10.3
36
10.2
7307
555
-65.38
164
19.85
37
9.22
7227
7309
-45.91
165
30.02
27
17.72
7245
7244
-25.02
119
13.6
50
15.52
7312
555
166.5
159
21.21
52
9.85
1127
7288
123.02
109
8.25
20
22.56
7312
7302
146.89
161
25.71
69
9.22
7313
790
177.4
143
15.81
45
13.45
7314
7239
119.74
142
10.77
41
10.2
7300
7295
3.69
158
29.97
73
11.7
7302
7312
-33.11
163
14.56
17
14.21
3347
7274
115.91
166
32.65
47
10.77
1266
7271
152.1
153
16
55
9.06
7315
7088
227.05
114
22.85
34
36.88
790
7312
30.58
127
10.05
22
21.21
7303
6385
28.61
129
11.18
57
10.3
7290
7306
186.34
168
43.32
72
9.85
7280
7299
17.88
158
27.66
56
12.81
7256
7309
-36.12
105
7.81
9
44.55
7306
7295
143.97
115
8.06
35
12.65
7292
7289
126.87
143
14.56
46
12.17
7289
7298
63.43
130
17.46
33
24.19
4539
7316
-32.01
133
14.56
16
38.95
6607
7286
135
119
10.44
55
11.18
7211
828
136.85
134
18.03
53
16.12
7309
7318
-90
121
5.83
45
7.07
16
7282
-42.27
157
9.49
31
7.28
6791
7241
129.09
153
17.46
57
9.49
7235
7248
223.36
158
9.85
13
16.12
7224
7323
-78.69
140
11.4
48
10
7224
7292
215.84
147
17.09
17
31.62
7281
7288
102.8
127
17.46
49
18.6
7319
7310
116.57
148
5.83
10
17.72
790
7325
15.07
165
25.55
71
7.21
7303
7297
223.36
140
9.06
18
18.79
7218
7297
33.02
118
10.05
24
21.21
7321
7267
-42.88
161
17.46
65
6.32
7309
7326
196.7
107
8
22
20.1
7289
7292
-53.13
120
16.12
49
18.44
7325
790
195.07
132
8.94
17
22.02
7328
7254
143.97
139
11.05
53
9
7322
7259
29.48
144
9.85
17
19.42
7316
4539
147.99
125
9.85
11
42.45
7244
7308
66.04
142
15.52
52
12.37
7305
1266
168.69
149
20.25
73
11.05
7283
7280
57.72
151
18.03
52
11.05
7299
7329
242.53
135
12.65
25
21.4
7272
7271
-49.76
126
11.05
40
14
3347
7239
130.03
171
17.03
10
16.12
7269
7322
46.64
154
10.44
16
16.12
7224
7324
249.44
149
15.3
63
9.06
7298
7289
243.43
150
26.08
56
16.12
7327
3973
64.29
150
26.08
60
15.03
3973
7327
244.29
122
23.85
49
26.93
7331
2623
153.43
139
11.4
46
10.44
7317
828
82.87
147
8.94
29
10
7315
7258
-66.8
119
10.05
26
20.02
7283
7245
-77.47
137
18.03
66
13.6
7282
7288
53.75
128
7.28
22
15.26
7308
7284
50.19
156
11.4
12
21.4
7328
7270
115.35
152
13.6
35
11.18
7332
7241
0
110
11.7
31
21.1
7333
7262
15.64
133
11.18
24
20.22
7299
7280
197.88
136
28.18
57
23.43
3565
16
-50.19
170
22.02
23
10.44
3347
7314
139.76
146
10.05
33
10.44
7309
7256
143.88
134
11.18
12
38.95
7334
7325
68.2
177
12.65
4
8.94
7211
968
170.54
137
7.21
35
8.49
7245
7337
213.18
176
17.8
6
13.42
7323
7338
-90
154
8.94
33
7.21
7340
7339
158.55
176
10.44
2
19.7
7335
7341
-90
118
21.47
46
26.17
7290
7342
181.22
175
45.28
64
4.47
7270
7343
46.97
148
11.18
28
12.65
7311
7280
95.91
130
18.03
38
22.47
7297
7303
43.36
138
13.04
30
17.46
7335
7315
-27.76
153
16
45
10.44
7326
7309
16.7
173
9.85
6
11.18
7259
7322
209.48
147
11.18
20
18.25
7345
7286
-30.96
146
17.03
70
10.2
7346
7347
53.13
144
2
8
8.49
7241
7332
180
109
9.49
25
21.02
1873
7325
203.2
159
14.14
68
5.66
7322
7269
226.64
157
14.87
28
12.65
7344
7305
216.03
131
13.04
27
21.21
7350
7323
18.43
109
2
12
9.06
7271
1266
-27.9
130
18.38
62
16
7351
7303
-45
146
16.28
55
11.18
7352
7245
105.07
145
7.81
12
21.02
7267
7321
137.12
134
17.03
59
14.32
7280
7311
-84.09
136
23.43
52
20.52
7350
7338
-50.71
111
9.49
39
14
7286
7351
203.96
125
11.18
34
16.28
7329
7311
223.03
149
11.4
28
12.37
7262
7333
195.64
126
11.7
26
21.38
7270
7328
-64.65
126
11.18
32
17.12
7340
1873
20.56
111
6
41
8.54
7356
7331
-55.12
168
38.21
70
8.6
7353
7245
92.73
127
18.03
54
17.8
1046
7328
157.62
136
18.38
67
14
7317
7338
236.31
158
5.1
37
3.16
7325
7334
248.2
114
5.66
15
20
7342
7290
1.22
166
21.84
12
26.48
7346
7358
33.69
161
10
15
12.65
7359
1266
211.76
126
17.03
43
20.4
7343
7270
226.97
147
17.26
57
11.18
7334
7306
-20.22
149
10.2
24
12.73
6951
968
48.81
151
5.1
22
6.71
7360
7306
-45
171
8.6
18
4.47
7303
7351
135
122
17.46
54
18.25
7338
3063
194.04
161
14.42
34
8.54
7290
6952
105.95
172
14.32
15
8
7343
7333
36.47
147
14.87
27
18.25
23
1873
190.3
175
7.28
2
15.13
7355
7358
121.87
176
40.8
45
4.12
7339
7340
-21.45
169
28.44
68
6
7331
7356
124.88
152
15.65
15
27.51
6951
7335
8.75
140
10.63
53
8.49
7305
7344
36.03
130
17.03
38
21.02
7351
7286
23.96
124
17.26
54
17.49
7349
7362
25.64
161
14.14
18
15.13
3063
7338
14.04
139
19.42
64
14.21
7349
7334
233.13
152
14.14
41
10.2
7357
7290
-10.89
178
13.15
2
13.34
7324
7339
198.43
178
25.63
3
15.52
1266
7359
31.76
122
16
39
21.21
7324
7364
200.56
111
2
4
25
7362
6952
-23.2
141
7.28
14
17.8
7366
7337
71.57
117
4.24
19
11.4
7366
7336
48.37
157
12.65
21
13.42
1046
7354
122.01
145
18.38
38
17.12
2623
7356
109.09
149
22.02
52
14.42
7290
7361
114.78
128
13.34
59
12.21
7355
7363
126.03
169
38.21
65
8.06
7367
7321
16.93
121
16.49
42
21.02
7369
7352
178.26
165
8.25
5
25.18
7321
7367
196.93
120
14.32
36
21.19
7351
7359
215.31
135
18.25
38
21.02
7370
7332
27.47
131
17.46
38
21.38
7333
7343
216.47
140
17.46
36
19
7358
7346
213.69
138
4.12
8
18.79
7349
7357
-26.57
128
27.73
61
25.02
3565
7356
56.31
122
12.08
51
13.04
7354
7370
37.69
138
17.26
37
19
786
7360
192.09
144
10.63
47
8.6
786
7349
137.49
126
14.32
55
14.14
7339
3063
-10.12
155
15.52
24
15.81
7350
7364
196.26
141
19.42
50
15.81
7354
1046
-57.99
132
18.25
40
21.21
7345
7372
210.26
131
17.26
38
21.21
7342
7357
15.95
148
10.63
24
14.14
7332
7370
207.47
132
16.49
35
21.21
7368
7373
-19.29
147
8.25
17
15
7357
7349
153.43
162
14.14
15
16.28
7363
7346
205.2
145
8.06
20
13.04
7359
7351
35.31
134
20.22
43
21.21
7372
1046
215.31
134
20.22
43
21.21
7370
7354
217.69
140
20.4
47
18.25
7372
7345
30.26
132
21.38
49
21.19
6952
7362
156.8
120
10
25
19.85
1046
7372
35.31
134
21.21
46
21.38
6952
5573
216.87
127
8
50
8.25
7373
7374
-78.69
175
13.6
11
7
7371
7367
34.22
136
20.4
42
21.21
7336
7376
-58.24
156
18.03
42
11.18
308
7362
96.84
97
2
4
25.02
7365
7377
260.91
126
4.24
8
23.09
7367
7371
214.22
135
21.38
45
21.38
7373
7368
160.71
161
9
13
13.04
7366
7376
-5.91
126
24.08
52
24.7
7376
7368
5.19
106
11.18
19
32.02
7357
4802
-8.75
172
2
1
11.18
7378
7374
-56.98
124
9
21
20.4
4802
7361
55.01
141
12.04
69
8.25
7362
308
-83.16
146
19.85
51
14.14
5573
308
225
131
12.04
55
11.18
7378
7368
147.53
135
9.22
45
9.22
7376
7379
-9.73
166
33.14
67
9.22
7380
7366
121.61
132
23.35
49
23.09
7382
7377
130.82
131
12
23
23.09
7366
7380
-58.39
128
29.15
61
26.42
7381
7383
-24.23
156
12
24
12.04
7379
7384
-21.45
147
9.22
12
23.02
7383
7385
-3.58
154
7.62
7
25.5
7377
7382
-49.18
141
23.35
53
18.44
7386
7382
158.2
135
7.62
26
12.04
7379
7376
170.27
118
21.4
36
31.83
7380
7387
0
120
26.42
46
31.83
7384
7379
158.55
120
14.21
28
26.25
7389
7380
142.7
139
25.08
65
18.44
7389
7382
184.57
146
12.81
26
16.16
7390
7379
113.5
129
23.77
60
21.4
7388
7379
130.36
108
7.62
16
25.08
7380
7391
-20.22
160
35
57
14.32
7391
7392
210.58
129
15.13
36
20.1
7384
7393
261.87
160
14.32
18
15.65
7391
7380
159.78
154
17.12
17
26.4
7393
7384
81.87
152
20.25
42
14.21
7389
7386
218.66
154
12.08
69
5.83
7390
7387
165.38
144
21.54
63
14.32
7392
7391
30.58
146
12.08
23
17.12
7388
7396
254.36
160
13.04
18
14.42
7395
7396
236.31
175
12.53
29
2.24
7396
7388
74.36
165
22
51
7.62
7390
7391
201.8
147
19.42
63
12.04
7399
7397
35.54
179
15
8
2.24
7391
7400
254.48
117
12.04
38
17.2
7396
7390
90
119
12.53
34
19.42
7396
7400
189.09
153
15
30
13.93
7400
7396
9.09
154
17.2
37
12.53
7401
7402
261.87
164
13.15
67
4.12
7401
6781
-38.66
149
8.06
35
7.28
7401
6784
-81.25
138
12.81
66
9.43
7405
7202
212.01
141
9.49
27
13.04
7406
7407
29.74
120
3
21
7.07
7409
7408
120.96
158
10
15
14.56
7219
7410
223.26
158
12.08
20
13
7406
5343
-30.96
120
8.06
42
10.44
7412
7204
158.2
159
6
7
16.12
7410
7219
43.26
134
15
39
17.03
7204
7004
177.4
175
20.02
42
2.83
7004
7415
194.04
156
6.4
47
3.61
7413
7416
190.62
149
12.04
46
8.6
7418
7419
53.84
144
20
36
19.92
7279
7421
-41.99
148
6.08
8
22.02
7402
7206
127.41
171
17.69
37
5
7204
7414
182.86
167
10.44
14
10.2
7217
7406
-30.26
169
12.65
59
3
7209
7424
-73.07
144
10
20
17.03
7426
7425
96.71
159
14.76
58
6.4
7214
4013
-8.97
178
17.12
17
2.24
7428
327
18.43
159
7.81
52
3.61
4013
4103
11.31
176
18.68
37
2.24
7423
1526
-11.77
152
10.44
17
16.12
7430
7417
-29.05
176
12.08
6
8.6
4103
5293
34.51
176
19.21
79
1.41
7432
7433
0
164
20.88
50
7.81
7244
7434
158.2
164
11.05
29
6.4
7232
7014
-75.96
168
2.24
1
18.44
7426
7243
-39.81
173
9.43
11
6.4
7435
7209
94.09
124
16.12
35
23.32
7436
7229
233.43
109
12.21
18
36.62
7433
7217
75.96
127
7.81
39
10
7230
7438
-18.43
144
3.16
26
4.24
7438
7230
161.57
162
3
15
3.61
7440
7244
240.52
169
3.16
1
23.32
7441
7442
92.49
165
3.16
2
20
6887
7443
41.99
99
3.61
15
13.42
5293
6579
59.53
105
1.41
4
19.42
7406
7418
-68.96
143
11.66
21
20
7445
7436
125.84
179
10
0
12.21
7209
7435
-85.91
168
24.04
49
7.07
7446
7422
-68.2
164
6.4
21
5
7435
7244
150.26
139
14.32
60
11
7431
7429
212.91
175
19.21
59
2.24
289
6887
7.7
175
35.9
64
3.61
7427
7447
171.47
179
17.12
9
3.16
7429
7427
191.31
176
18.68
37
2.24
7448
7449
177.14
178
13
5
7.07
2751
7428
83.29
178
15.03
19
2.24
7451
7054
38.42
174
8.49
1
28.6
7445
7452
229.24
149
12.17
12
28.6
7453
7431
238.57
149
2
3
19.42
6846
7418
262.87
177
15.03
5
9.22
7454
7416
198
146
11.4
11
33.24
7437
7229
214.99
172
34.66
65
5.83
7456
7455
-10.01
170
12
20
5.83
7433
7406
18.43
123
12.37
48
13.89
7457
7422
-4.97
153
20.62
63
10.77
7425
7426
-83.29
137
7.81
25
12.65
7296
7430
-2.49
153
21.02
65
10.77
7462
7460
-63.43
162
14.14
45
6.32
7463
7425
-60.26
120
15
56
15.65
7459
7464
181.85
157
21.02
35
14.42
7293
7465
-25.02
129
6.71
22
13.45
7467
7468
63.43
172
3.16
1
17
7468
7470
38.29
174
4.24
1
20
7472
7461
113.96
141
6.71
42
6.32
7437
7452
242.82
116
10
13
38.29
7474
7423
130.36
161
16.12
26
12.37
7014
7232
104.04
175
18.03
32
3.16
7430
7416
-24.44
138
6.32
30
8.6
6577
6798
-74.48
177
18.03
60
1.41
7452
7476
206.57
162
8.49
40
4.12
7434
7458
103.24
136
9.43
31
12.65
7477
7443
-52.43
141
13.34
54
10.44
7424
7478
-46.79
162
29.53
28
19.65
7428
2751
263.29
158
7.28
15
10.77
3339
7456
40.82
123
28.28
59
27.51
7463
7473
77.2
159
19.24
56
8.54
7466
7481
133.26
107
6.71
16
22.36
7448
7482
45
135
6
56
5.1
3287
7483
-46.97
179
12.73
3
7.81
7431
7453
58.57
149
5
8
17.03
7452
7437
62.82
129
14.32
18
34.66
204
7438
26.57
172
8.6
26
3
7463
7474
36.38
140
22.56
66
16.12
7244
7440
60.52
178
17.89
6
8.6
7279
6025
257.91
160
28.28
77
10
7423
7474
-49.64
143
24.52
65
16.55
7428
7480
-74.05
151
7.07
72
3.61
7435
7478
-37.87
98
7.07
8
45.28
7477
7444
263.99
137
16.4
57
13.42
7484
7429
223.26
134
5
10
20.25
7480
7463
-47.49
99
3.61
6
32.2
7442
7441
-87.51
161
18.38
47
8.49
7434
7244
-21.8
126
13.04
51
13.6
7489
7490
106.7
174
7.62
16
3
7478
7449
194.04
105
6
16
20.02
3512
7484
233.13
162
3.16
3
17.03
4539
7491
-33.69
135
14.32
15
38.29
7482
7479
116.57
128
5.1
11
19.65
7474
7463
216.38
143
14.56
36
15
7493
7433
35.84
150
25.08
29
26.17
7439
7494
-59.04
121
3
30
5
6239
7438
45
157
5.39
45
3
7425
7463
119.74
133
13.34
54
12.08
7454
7475
187.59
170
42.06
62
8.6
7458
6025
86.99
127
7.81
23
15.65
7418
7406
111.04
153
21.26
47
13.42
7496
7497
-55.49
167
12.04
20
8.25
7455
7456
169.99
130
9.22
31
13.45
7483
7486
85.24
136
7.81
40
8.49
7481
7466
-46.74
160
17.89
43
9
7499
7473
-55.62
160
12.21
20
12.37
7491
4539
146.31
123
9.85
11
42.43
7500
7466
174.56
141
14.42
42
13.45
7464
7459
1.85
158
28.64
67
12.08
7485
7463
-53.84
150
17.46
27
19.24
7475
7459
141.34
123
6.32
29
10.77
7501
7502
61.93
171
3.16
2
13.89
7406
7433
198.43
135
13.42
56
11.4
7503
289
225
113
20.62
32
35.9
7461
3287
114.62
160
14.14
20
14.04
7452
6001
151.7
126
11.18
47
12.37
7504
7505
19.18
147
5
7
20.4
7480
7477
-64.09
164
32.56
50
12.08
7232
7507
125.22
169
19.1
61
4.47
6001
7452
-28.3
112
9.22
36
14.32
2293
7461
168.69
158
21.38
54
9.85
7466
2293
31.76
122
9
20
21.38
7508
6821
-61.7
176
13.04
28
2
7442
7509
27.65
158
15.62
32
11.05
7488
7510
-79.38
168
7.62
10
9
2293
7483
147.53
159
25.5
75
9.49
7511
7512
143.13
130
4.12
53
4
7498
7510
127.57
170
12.04
26
5.1
7483
2293
-32.47
165
13.6
15
13.45
3287
7461
-65.38
162
20.52
43
9.49
7468
7467
243.43
172
6.32
3
13.89
7512
7513
56.31
161
4.12
11
7.07
7470
7468
218.29
166
5
3
19.42
7514
2751
119.74
147
11.18
42
9.22
7423
7515
127.41
163
12.21
20
10.44
3626
7427
208.81
119
7
17
20.4
7477
7480
115.91
166
32.65
47
10.77
7244
2993
63.43
137
13.6
49
12.37
7497
7447
-32.91
155
15.13
44
9.22
7517
7518
2.39
138
5.66
10
20.22
7519
7507
-19.29
108
5
13
20.25
7466
5194
12.99
162
24.7
67
8.6
7506
6577
-50.91
172
19.1
57
3.16
3339
6001
17.35
157
29.07
59
13.45
5194
7466
192.99
135
9.43
18
21.1
6798
6577
105.52
164
13.04
31
7.28
7473
7499
124.38
104
8.54
21
22.56
7493
7486
126.87
144
13.6
41
12.04
7447
7427
-8.53
157
19.65
74
8.06
1168
249
-41.19
158
9.49
62
4.12
7521
3512
-23.96
157
9
66
4
7418
7495
138.81
133
18.11
55
16.12
7478
7435
142.13
137
11.05
11
38.29
7429
7484
43.26
134
7
15
19.24
249
7521
201.8
126
4.12
21
9
7484
3512
53.13
150
9.06
20
13.04
7458
3339
59.93
153
19.03
59
10
7433
7493
215.84
146
18.03
19
31.32
6001
7524
241.7
138
12.37
22
22.02
7433
22
-79.38
139
11.4
44
10.82
7449
7478
14.04
171
9.85
8
11.05
7486
7509
63.43
132
18.38
35
23.71
7487
7458
146.31
114
13.04
43
17.46
7486
7493
-53.13
120
16.12
49
18.44
7477
2751
130.03
171
17.03
10
16.12
7526
7457
177.8
178
15
2
11.05
7528
7485
-45
165
10.3
26
6.32
7489
7511
84.81
159
10.44
70
4.12
7503
7444
-67.17
113
10
28
19.1
3793
7499
102.8
127
17.46
49
18.6
7502
7501
241.93
169
10.44
16
7.07
7434
7530
212.2
170
19.1
15
13.6
7505
7504
199.18
155
5.66
7
19.42
7502
7504
43.36
152
6.32
8
19.42
7516
7498
149.53
158
15.13
45
8.25
7433
2990
250.56
150
16.28
64
9.06
2993
7476
51.63
153
10.2
12
22.02
7454
7531
182.49
175
45.4
78
4.12
7507
7519
160.71
98
4.47
12
21.1
7522
7495
82.87
144
8.06
26
10.82
7532
5194
69.15
173
13.34
11
9.43
7511
7513
80.54
118
5
24
10.82
7509
7486
243.43
150
26.08
56
16.12
6821
7508
118.3
137
9.49
39
10.2
7427
3626
28.81
112
8.06
20
21.21
7523
3512
32.47
133
11.18
56
9.85
7526
7525
243.43
120
23.02
48
26.93
7518
7517
182.39
130
5
10
21.21
7477
7514
139.76
140
10
34
11.4
7525
7526
63.43
150
26.08
63
15
6001
3339
197.35
136
29.53
58
24.08
5598
7534
-87.8
120
21.47
50
24.08
7535
7434
105.07
132
6.71
12
23.02
7487
3339
97.85
132
18.03
37
21.95
2409
7537
153.43
149
11.05
42
8.54
7520
7516
169.22
155
19.65
66
9.22
7523
3626
225
142
9.06
17
19.24
7418
6728
180
135
8.49
45
8.49
7485
7499
53.75
126
6.32
19
15.81
22
310
-90
151
8.06
33
7.21
1168
7521
259.7
121
10.63
57
10.77
7538
7539
45
105
5.83
23
13.93
5598
7503
-27.76
149
16.03
46
11.4
7540
2990
19.75
171
10.3
3
31.32
7536
7434
92.49
127
18.03
49
19.1
7541
7489
138.01
139
10
48
9
7542
7543
122.57
179
7.21
0
35.51
7510
7498
-52.43
128
10
37
13
3339
7487
-82.15
140
24.08
54
19.1
7531
7454
2.49
169
20.62
9
26.17
7524
7487
222.88
145
10.2
28
12.37
7532
7475
-18.43
144
9.49
26
12.73
3767
7528
-47.73
172
22.02
21
8.54
7545
7475
-45
168
9.43
30
4.12
6577
7506
129.09
150
17.09
55
10.44
5194
7532
249.15
129
5.83
13
19.42
7546
7508
-42.88
158
17.09
63
7.28
7547
22
23.96
114
3
17
9.06
7539
7548
159.44
146
8.25
69
5
7504
7502
223.36
160
11.18
15
14.76
310
22
90
135
12.73
66
9.85
7454
7552
107.53
167
11.66
17
9
7522
310
236.31
155
7.07
74
3.16
7513
7550
46.74
154
10.44
18
14.76
7555
7530
77.91
132
5
18
11.66
7550
7517
30.26
147
11.18
18
19.42
7541
7511
114.23
157
13.45
29
11.05
310
7548
196.7
160
15
37
8.54
7553
6728
52.13
151
7.07
33
6.32
7555
7529
48.37
151
14.32
31
13.6
35
7539
192.8
170
7.62
5
15.13
3626
7523
45
140
13.04
28
17.72
7559
7535
176.42
163
8.25
5
24.33
7540
7549
-17.82
171
28.28
72
5
1367
3912
48.81
158
3.16
9
7.81
7538
7532
235.49
155
13.15
37
9.49
7557
7520
216.03
131
13.04
27
21.21
7538
7556
25.64
161
14.14
18
15.13
7553
5598
12.99
141
11.4
57
8.49
6836
7454
0
125
12.21
59
11.66
7560
2409
-53.43
166
36.24
68
9.43
7498
7516
-30.47
132
18.97
63
16.03
7561
7506
2.6
112
12.65
34
21.1
7511
7562
45
145
12.17
35
12.17
7556
7552
-23.2
134
7.62
17
18.44
7548
310
16.7
143
18.6
61
12.73
7563
7519
17.74
128
11.7
25
21.21
7508
7564
186.34
108
10.2
32
17.89
2990
7540
199.75
177
25.08
5
16.49
1957
7523
-38.66
145
17.03
61
11.18
7567
7554
81.25
172
5
2
21.38
2990
7565
203.5
114
3
6
24.04
7568
7516
208.61
123
16.03
39
21.38
7558
6507
-19.29
147
8.25
17
15
1273
7541
158.75
141
18.97
68
13
7569
7545
184.09
140
8.49
36
9.43
7538
5200
-26.57
128
27.73
61
25.02
1367
7543
32.28
164
10.63
13
12.65
1168
1957
207.76
129
11.18
31
17.03
2409
7560
126.57
154
15.65
16
25.63
7569
7538
135
131
14.04
53
13.15
7550
7513
226.74
152
15.52
37
12.17
7506
7561
182.6
110
10.44
27
21.02
7511
7541
-65.77
130
11.4
30
17.12
7517
7550
210.26
141
11.7
21
20.22
7508
7546
137.12
131
18.11
62
15.52
7542
7543
122.57
175
39.2
43
5.1
7523
1957
141.34
125
17.72
58
17.12
6507
6991
-78.69
173
12.65
11
8
7531
5200
14.04
150
8.49
18
14.04
7520
7557
36.03
130
16.03
36
21
5200
7538
153.43
158
14.04
18
16.97
7562
7511
225
146
17.26
60
11.4
7554
7567
261.25
135
5
8
23.09
7540
7548
-8.13
158
16.49
25
14.42
7519
7563
197.74
127
12.65
28
21.38
7529
7573
-61.39
153
18.03
42
12.37
7537
7560
110.56
151
22.02
59
12.81
7547
7565
196.93
144
18.6
50
14.42
7516
7568
28.61
123
16.03
39
21.38
6507
7558
160.71
155
9.06
16
13.6
7542
7571
127.75
168
36.24
64
8.94
1957
1168
27.76
128
18.25
54
17.89
7552
7556
156.8
112
11.31
29
21.4
7574
6991
-55.62
119
9.06
23
20.4
7562
7563
36.87
142
15.52
28
20.22
7552
7575
225
135
9
52
8.06
7555
7573
-8.13
124
24.08
53
25.06
1273
7570
123.69
145
19.31
40
17.12
7573
7558
8.62
113
12.37
21
30.81
7576
7556
96.58
124
2.24
4
25.02
7560
1367
175.91
125
12.81
57
12.53
7543
1367
212.28
134
5.1
11
19.31
1957
7568
216.47
134
17.12
36
21
7577
7546
20.56
127
18.68
45
21.02
6836
7551
55.01
140
11.05
62
8.06
7546
7577
200.56
126
15.52
37
20.88
7571
1367
201.25
138
8.94
25
14.04
7570
7578
37.69
138
17.26
37
19
7563
7562
216.87
143
18.68
36
19
7570
1273
-56.31
137
18.44
39
20.1
7578
7561
28.3
134
18.68
39
21.38
7574
7558
143.97
126
9.49
43
11.18
7556
7576
-83.42
150
21.4
54
13.45
5519
1273
213.69
133
20.22
44
21.38
7568
1957
36.47
136
20.22
45
20.22
7564
5519
213.11
133
18.25
41
20.22
7578
7570
217.69
139
21.38
50
18.44
7575
7576
221.99
127
11.05
52
11.18
7561
7578
208.3
134
18.68
39
21.38
1273
5519
33.69
130
20.1
43
22.36
7573
7579
-9.73
162
33.38
69
11.18
7580
7555
119.05
132
22.56
46
23.09
5519
7564
33.11
132
21.21
49
20.88
7582
7567
129.29
130
11
21
23.09
7581
7583
-22.83
158
11
22
11.31
190
7577
34.22
135
21.38
45
21.38
7555
7580
-60.95
128
28.28
58
26.42
7577
190
214.22
133
21.21
44
22.36
7583
7584
-3.58
163
8.25
5
24.33
7579
7586
-22.17
140
9.49
15
22.8
7567
7582
-50.71
143
22.56
52
17.46
7585
7582
159.44
146
8.25
24
11.31
7579
7573
170.27
117
22.2
37
32.56
7580
7587
-1.64
118
26.42
45
32.56
7586
7579
157.83
113
14.14
28
27.02
7589
7580
141.01
142
25
64
17.46
7589
7582
180
147
10.82
20
17.09
7590
7579
111.8
129
24.04
57
22.2
7591
7592
208.61
129
11.18
25
20.02
7580
7591
-22.83
159
35.01
55
15.3
7588
7579
128.99
100
8.06
17
26.93
7586
7593
262.15
161
15.3
18
15.65
7591
7580
157.17
154
17.03
16
27.02
7593
7586
82.15
155
19.92
37
14.14
7592
7589
65.56
117
6.4
31
10.82
7590
7587
163.07
142
21.54
61
15.3
7592
7591
28.61
144
12.08
25
17.03
7588
7596
252.9
163
13
14
15.26
7595
7596
238.39
173
12.08
24
3.61
7596
7588
72.9
166
22.02
43
8.06
7590
7591
201.8
145
20.25
66
12.73
7591
7599
254.48
120
12.73
41
16.64
7596
7590
87.4
114
11.18
30
20.25
7596
7599
189.46
154
13.6
26
13.6
7599
7596
9.46
157
16.64
36
11.18
7602
7603
262.41
165
14.14
68
4.12
7605
7202
214.51
148
7.62
17
13.6
7602
7217
-41.99
153
8.25
32
7.28
7219
7607
219.47
159
10.3
16
13
7607
7219
39.47
130
14
39
17
7612
7610
120.96
151
10.3
19
15.3
7602
7601
-81.87
141
13.45
66
9.43
7609
7416
194.04
153
12.04
43
8.06
7432
7601
19.29
179
17.09
5
4.12
7614
7615
40.6
131
5
32
7.07
6602
7217
165.96
176
12.17
75
1
5343
7615
105.26
132
11.18
64
9.22
7616
7204
160.71
143
6.32
13
16.64
7611
7618
-73.07
136
10.3
23
18.11
7619
4244
56.77
147
22
36
20.25
7621
3341
-41.99
129
6.08
11
23.6
7204
7622
174.81
172
20.02
51
3.61
7622
7415
200.56
156
7.07
54
3.61
7430
7613
-26.57
178
12.08
3
8.06
7624
7425
97.13
159
14.76
66
5.83
7603
7625
130.91
169
16.4
40
5
7217
7601
212.01
123
1
5
8.94
327
7414
15.95
151
7.07
72
3.61
7627
7434
156.8
168
11.18
29
5
7628
7629
180
176
13.04
9
6.08
7631
7611
93.95
127
16.64
34
23.32
7624
6521
-42.27
175
10
10
5
6781
7614
-30.26
160
12.17
59
5
7204
7414
182.86
167
10.44
14
10.2
7631
7627
147.26
140
14.14
57
11
7443
7633
210.26
169
13.45
75
2.83
7634
327
23.96
159
8.49
57
3.61
7611
7631
-86.05
168
24.04
43
7.81
7423
7617
-14.04
150
10.44
18
16.64
289
6887
7.7
177
35.69
52
2.83
7432
7635
-2.29
159
21.19
55
9.43
7454
7416
198
146
11.4
11
33.24
7441
7636
92.6
165
3.16
2
19
7637
5293
32.91
179
19.42
32
1
7635
6781
75.96
134
9.43
49
8.94
7230
7079
-26.57
135
3.16
26
5
7614
7619
-69.68
137
11.18
20
22
7436
7638
233.13
111
13.04
19
37.44
7079
7230
153.43
154
3
18
4.24
7642
7430
-2.6
154
19.7
63
9.85
7628
7643
30.96
135
4.12
45
4.12
7618
6554
-46.79
162
29.53
28
19.65
7451
7645
38.16
174
7.07
1
28.6
7641
7464
180
157
19.7
31
15.26
6554
7629
191.31
116
4.12
11
19
7430
7416
-24.44
148
7.07
31
7.21
5836
7634
83.29
177
16.03
38
1.41
7648
7436
124.38
178
10
1
13.04
7425
7624
-82.87
147
9.22
31
9.85
7650
7651
-26.57
178
9.85
3
8.06
7643
7644
114.23
129
4.12
9
19.65
2066
7465
-26.57
143
5.1
15
12.04
7648
7646
228.12
153
12.37
11
28.6
7653
7626
-68.2
164
6.4
21
5
7654
7635
6.58
111
4.12
8
25.02
6554
7618
133.21
171
45
83
7.81
7632
7655
-34.38
138
14.14
15
36.88
7434
7649
104.93
142
10
38
9.85
7655
7632
145.62
126
8.54
9
41.73
6846
7619
263.42
177
16.03
4
10.2
7657
7460
-61.93
161
14.87
59
5.83
7659
7425
-58.39
122
15
59
14.76
7660
245
35.22
171
1.41
0
19.42
7651
7656
113.96
144
8.06
54
5.83
7661
7443
-47.73
137
13.04
58
10.44
7662
7663
-12.53
168
12
21
7.21
7639
7638
214.11
170
35.36
67
7.21
7627
7665
57.53
178
16.12
4
10
7652
7650
129.81
119
5.1
12
21.47
7454
7647
189.04
172
42.06
65
7.21
7434
7627
-23.2
133
12.08
51
11.4
7646
7667
209.05
165
7.07
29
4
6792
7232
103.39
180
20.62
13
1
7635
7614
18.43
123
12.37
48
13.89
7647
7641
143.97
136
7.07
30
9.85
7661
7633
263.66
132
14.87
53
13.89
7668
7652
177.4
150
14.76
39
12.04
7464
7641
0
158
29.15
70
11.7
7669
7626
-4.97
153
20.62
63
10.77
7639
7646
241.61
115
10
13
38.95
7659
7670
77.2
159
19.24
56
8.54
7621
7672
-82.15
118
26.57
54
29
7673
289
222.8
109
19.7
31
35.69
7425
7659
121.61
127
13.04
54
13
7649
7658
87.14
137
9.22
25
14.76
7650
7652
-50.19
157
17.89
45
10.05
7674
2092
-45
173
11.4
9
8.6
7634
5836
263.29
158
7.28
15
10.77
7232
6792
-76.61
180
20.62
13
1
7672
7621
97.85
104
10.05
19
28.64
7423
2946
-52.31
142
24.74
61
17.46
2946
7423
127.69
161
16.64
24
13.34
7659
2946
34.38
138
22.56
67
16.64
6787
245
238.57
149
1
1
20.25
2946
7659
214.38
142
13.6
34
15
7646
7639
61.61
129
13
16
35.36
6554
7631
143.13
139
12.04
12
36.88
7629
6554
11.31
171
8.54
6
12.04
7675
7659
-47.49
115
3.16
5
31.4
7652
2089
31.76
128
10.05
23
20.22
2089
7656
165.96
158
20.22
52
9.85
355
7079
30.96
171
9.22
30
3
7677
7635
37.65
149
25.63
31
26.17
7636
7441
-87.4
162
19.31
58
7.21
7676
7634
129.81
112
3.16
23
7.28
2092
4204
84.81
140
8.6
51
7.21
7627
7664
60.26
135
11.4
45
11.4
7663
7662
167.47
136
9.43
29
13.45
7646
7678
151.7
123
10.3
43
12.65
7619
7614
110.32
152
21.26
45
14.32
7656
7674
117.55
160
14.87
23
13.04
7675
7661
-64.72
163
32.56
47
13
7676
7659
-52.77
148
17.09
28
19.24
7640
7679
-63.43
117
3
26
6
6498
7079
50.19
159
6.32
50
3
2089
2092
145.71
160
24.74
68
9.22
7678
7646
-28.3
120
9.43
39
13
2092
2089
-34.29
166
14.87
17
12.81
7680
7652
195.07
132
8.94
17
22.02
7652
7680
15.07
164
24.7
65
7.81
7614
7635
198.43
134
14.32
60
12.04
7681
7670
-52.59
150
10.77
24
13.34
7674
7656
-62.45
163
19.8
40
9.22
7682
5836
118.07
145
11.18
39
10.2
7661
7675
115.28
167
33.42
47
10.77
7434
7684
213.69
169
19.8
16
13.6
245
6787
58.57
149
4
6
17.8
3714
7660
223.26
134
4
8
20.81
7666
7649
146.31
122
12.08
41
15.52
7672
7678
19.54
156
29
61
13.45
7677
4204
129.09
149
14.87
44
11.05
7636
7685
25.46
156
15.62
35
11.18
7649
7672
59.93
153
20.02
65
10.05
7454
7686
184.97
176
44.55
61
3.61
7687
7688
-74.48
175
17.09
42
2.24
7689
3714
237.09
148
3
5
17.8
7690
7691
-53.13
172
14.14
18
6.32
7014
7232
104.04
174
17.09
28
4.12
7619
4195
138.81
133
18.11
55
16.12
7673
7633
-66.04
114
10
30
18.11
7678
7693
244.29
136
12.65
22
22.67
7423
7694
130.91
153
10.77
25
11.4
7695
7434
102.53
121
6.32
12
25
7670
7681
127.41
107
8.54
23
20.62
7661
5836
128.93
170
17.03
10
17
7635
7677
217.65
147
18.97
20
30.36
7698
7680
70.02
176
14.56
6
8.94
7664
7667
51.34
159
10.44
9
22.67
7700
7701
104.04
176
9.49
14
3
7702
7703
38.29
174
4.24
1
20
4204
7677
-50.91
123
17.12
51
18.44
7706
7705
208.81
119
7
17
20.4
7635
528
-79.99
142
12.04
43
10.82
7691
7707
-32.91
163
15.52
41
7.28
7692
7709
126.25
172
14.14
24
5.1
4204
7685
63.43
133
19.31
37
23.26
7696
7434
90
129
17.8
45
19.8
7707
7705
-11.31
160
19.24
70
7.07
7635
7697
251.57
152
17.26
65
9.06
7712
7676
-45
169
10.82
23
5.39
7666
7672
97.85
132
18.03
37
21.95
7671
7681
104.04
125
17.09
52
17.8
7699
7709
-79.99
172
9.49
10
8
7713
6007
-87.8
120
21.47
50
24.08
7661
7682
139.76
140
10
34
11.4
5842
4195
82.87
144
8.06
26
10.82
7714
7715
63.43
168
4.12
4
11.66
7717
6600
-59.74
176
12.21
30
2
4170
7669
175.6
176
15
5
11.18
7678
7672
199.54
136
29.97
61
24.08
7660
3714
43.26
134
7
15
19.24
7718
7719
135
150
4.12
45
3
7720
7721
47.73
115
7.62
30
13.6
7686
7454
4.97
172
21.59
7
25.02
7698
7647
-14.74
147
9.49
23
12.81
6267
7647
-38.66
174
9.43
17
3.61
7685
4204
243.43
147
26.17
56
17.12
7619
1224
180
135
8.49
50
7.81
7719
7723
53.13
158
4.12
14
6.4
7232
7507
125.22
166
18.44
57
5.39
528
7725
-90
151
8.06
29
8.06
3714
7689
57.09
155
8.06
15
13.45
7713
7673
-27.76
149
16.03
46
11.4
7693
7666
222.88
150
10.44
27
11.4
4170
1465
245.22
123
23.85
51
25.71
7727
7728
192.53
117
4.12
26
8.25
7730
7684
78.69
138
5.83
19
11.66
7731
7697
20.22
172
10.3
2
30.36
7680
7698
250.02
137
7.62
16
18.6
7702
7716
243.43
174
8.54
4
11.66
7672
7666
-82.15
140
24.08
54
19.1
7732
7733
22.62
152
6.4
8
20.62
7734
6160
-36.87
156
9.22
67
4.12
6160
7728
210.96
135
4.12
18
9.22
7736
7695
176.42
150
8.94
10
24.74
1465
4170
65.22
149
26.17
65
15
7688
7687
105.52
161
12.21
29
8.25
7730
7683
49.9
152
15.3
32
13.6
7708
7692
149.53
165
15.52
41
6.32
7454
5405
110.56
160
9.22
20
9
6421
7737
156.8
152
11.05
43
7.62
7724
7687
-50.91
170
18.44
53
4.12
7676
7681
51.84
121
5.39
17
15.81
7703
7702
218.29
167
6.4
4
18.03
7738
7721
14.04
105
4
28
8.25
7705
7706
28.81
111
7.07
18
21.38
7739
7507
-13.39
104
6.71
18
21.1
7701
7700
-75.96
119
4.12
19
11.05
7741
7740
4.76
129
7.21
16
20.4
7710
7708
169.22
161
19.24
63
7.28
7743
7729
81.57
172
6
2
21.38
3179
528
29.05
120
4
22
9.06
7725
528
90
135
12.73
60
10.3
7362
5842
82.87
102
3.16
22
8.06
7720
7698
233.75
154
12.17
35
9.49
5936
7706
223.36
141
8.06
15
19.24
7725
7340
196.7
164
14.42
30
8.25
5936
7689
41.99
143
11.18
56
8.25
50
7721
190.3
161
8.06
10
15
7715
7714
243.43
165
10.2
24
6.4
7745
7454
12.99
138
12.21
62
9.22
7735
7746
-17.53
136
8.94
24
14.87
7749
7747
-55.92
179
34.41
7
6.71
7362
1224
51.34
149
8.06
35
7.28
7731
7738
-18.43
173
27.46
71
4
7720
7744
23.75
157
14.87
23
15
7718
7723
80.54
126
5.66
27
10
7750
7712
-45
173
22.8
21
7.62
6600
7717
120.26
133
9.22
41
10.2
7746
7751
-78.69
172
11.7
11
9
7715
7732
45
156
8.54
11
18.03
7734
7728
260.54
118
10
49
11.66
7709
7692
-53.75
137
11.18
36
13
7744
5405
-20.85
130
8.06
19
18.44
7507
7739
166.61
99
5.39
14
21.47
7362
7713
17.1
146
12.81
67
7.81
7733
7732
202.62
147
7.21
11
20.4
7753
7700
137.73
149
11.18
47
8
7754
6267
180
141
7.81
32
9.43
7729
7743
261.57
141
5.83
9
23.09
7340
7725
16.7
143
18.6
61
12.73
7754
7720
135
135
14
54
12.17
7720
7722
-23.96
133
27.31
61
23.09
7697
7731
200.22
173
25.94
12
15.13
7740
7741
184.76
122
6.71
15
21.38
7746
7735
162.47
156
8.06
14
13.04
7686
7722
13.39
154
7.81
13
15
7683
7757
-63.43
155
17.8
35
13.15
7697
7755
207.55
118
4
8
24.35
7756
7751
-57.72
116
8.06
20
20.4
7722
7720
156.04
157
15
21
16.97
7706
5936
43.36
139
12.04
26
17.72
7759
6421
-51.58
166
35
70
9.43
7760
7717
-40.6
154
16.49
63
8.25
7730
7757
-10.12
120
24.84
53
26.83
7758
7710
216.03
131
12.04
25
21.38
7757
7735
8.88
108
13.15
23
31.05
7761
3712
55.01
160
4.12
10
8.49
7687
7724
129.09
144
16.49
53
12.37
7753
7718
115.46
158
14.87
30
11.05
7692
7708
-30.47
134
17.72
59
15
7731
7340
-10.49
162
15.13
19
13.89
7732
7715
225
155
11.7
18
15.65
5405
7744
159.15
111
12.04
31
21.4
3179
7755
199.18
146
18.6
49
13.89
7723
7764
46.74
149
10.2
20
15.65
5405
7765
228.37
139
9
48
8
6421
7759
128.42
152
15.23
17
24.7
7766
7744
96.58
169
3.16
1
23.09
7767
7708
206.57
121
15.03
37
21.38
7764
7741
32.01
142
11.7
20
20.4
7768
5936
-36.25
144
17
64
11.18
7756
7735
147.53
119
10.3
48
12.17
7761
7749
32.28
158
12.21
22
12.17
7763
7753
154.8
139
17.72
64
13
7747
7749
124.08
175
37.64
45
5.1
7771
7772
-22.83
168
11.18
14
10
7718
7774
42.88
143
12.17
38
12.04
7717
5304
192.53
114
10.2
33
17.09
7773
7743
128.05
139
11.18
19
22.14
7745
5816
55.01
140
10.05
55
8
7734
7768
212.28
132
12.17
32
17
5936
7768
143.75
128
17.72
60
16.12
7710
7758
36.03
130
15.03
33
21.02
7737
7759
111.37
150
22.8
66
12.73
7775
7730
118.18
134
22.8
45
23.09
7776
7724
7.43
115
13.6
35
21.47
7718
7753
-64.54
140
12.08
29
16.03
7757
7769
-11.63
160
32.39
68
12.17
7744
7766
-83.42
150
21.4
54
13.45
7747
7770
129.61
167
35
66
8.94
7778
7739
19.8
127
13.6
30
21.38
7708
7767
26.57
117
15
36
22.36
7717
7760
139.4
127
18.44
63
16.49
7764
7723
226.74
151
16.49
41
12.04
7724
7776
187.43
112
12.37
31
21.93
7730
7775
-61.82
129
28.44
57
26.42
7765
7766
221.99
127
10.05
47
11.05
7774
7718
222.88
143
18.25
67
12.08
7759
7761
175.91
131
12.73
59
11.18
7741
7764
212.01
140
13.6
26
20.1
7768
7734
32.28
132
18.25
52
17.09
7763
7777
123.69
149
18.79
37
16.03
7749
7761
212.28
134
5.1
11
19.31
7779
7773
158.2
159
7
15
10
7743
7773
-51.95
144
22.8
51
17.46
7769
7780
-22.17
129
10.3
19
24.08
7768
7767
216.47
134
16.12
33
21.02
7739
7778
199.8
127
13.6
30
21.38
7774
7778
36.87
141
16.49
31
20.1
7770
7761
201.25
138
8.94
25
14.04
6207
7763
213.69
130
20.1
43
22.36
7777
7763
-56.31
139
19.65
42
19.24
7760
5957
202.62
127
16.49
39
20.88
7767
7768
36.47
133
20.1
44
21.21
5957
7760
22.62
125
19.42
46
21.93
7769
7757
168.37
115
22.2
38
32.65
7777
7782
37.69
138
18.25
40
19.03
5304
6207
212.01
132
18.25
40
21.21
7775
7781
-3.37
117
26.42
46
32.65
7778
7774
216.87
142
19.65
39
19.03
7782
7776
29.98
135
19.65
40
21.38
7763
6207
33.69
133
19.24
41
21.21
7782
7777
217.69
136
22.2
52
19.65
6207
5304
32.01
133
21.38
48
20.88
7783
7773
177.61
149
10.3
19
16.16
7783
7775
138.01
141
24.02
61
17.46
7780
7769
157.83
113
14.14
28
27.02
7776
7782
209.98
132
19.42
40
22.36
5957
3876
215.75
137
21.38
43
21.21
3876
5957
35.75
134
22.2
46
22.36
7785
7786
208.61
133
8.25
17
20.4
7788
7769
111.04
131
24.35
56
22.2
7775
7785
-24.68
159
34.06
54
15.3
7769
7788
-68.96
163
27.02
75
8.6
7785
7775
155.32
152
17.03
17
26.91
7780
7789
260.54
163
15.13
15
16.55
7786
7783
65.56
122
7.21
36
10.3
7789
7780
80.54
157
20.62
35
14.14
7788
7781
160.82
142
21.19
59
15.3
7786
7785
28.61
144
12.08
25
17.03
7793
7791
60.26
177
4.47
1
11.66
7784
7793
253.5
164
13
13
16.12
7793
7784
73.5
167
22.02
37
8.6
7788
7785
199.29
145
20.81
70
12.81
7785
7795
255.26
127
12.81
40
15.81
7793
7788
87.4
112
12.08
32
20.81
7793
7795
189.46
160
13.89
23
12.37
7795
7793
9.46
155
15.81
33
12.08
7043
7797
217.41
160
9.43
14
13
7797
7043
37.41
128
14
40
17.03
7798
7416
200.56
159
12.04
36
7.28
7601
7800
97.59
112
4.12
15
14.14
7802
4163
120.96
153
9.43
16
15.52
7803
7804
-19.29
175
4.12
1
17.09
7800
5350
-48.01
147
8.25
34
8.06
7800
7601
-82.41
146
13.45
62
8.6
7432
7601
19.29
173
17.89
33
4.12
7801
7807
-73.07
139
9.43
20
18.03
7808
7809
48.81
139
7
40
7.07
7812
7624
-63.43
103
4.12
15
15.3
7814
7815
165.07
176
11.18
11
4.47
7816
7801
91.97
127
15.81
32
23.32
7818
7819
58.5
149
24
38
20.25
7817
7809
105.26
122
10.44
56
10.63
7810
5350
171.25
177
12.04
36
1.41
7621
3341
-41.99
120
6.32
13
24.41
7816
7814
145.3
137
13.15
55
11
7804
7803
160.71
128
7.21
18
17.8
7803
7622
177.4
172
20.1
53
3.61
7801
7816
-88.03
166
24.04
46
8.49
7622
7415
200.56
156
7.07
54
3.61
7821
7822
219.29
178
13.45
39
1
289
7823
9.46
180
35.51
9
1
7825
7826
30.96
121
3
30
5
7601
6781
26.57
172
8.6
71
1.41
5010
7625
135
164
14.76
45
6
7824
7828
191.89
102
3
8
19.03
7404
7416
196.7
152
9.9
8
33.38
327
7414
15.95
151
7.07
72
3.61
7807
7824
-49.54
161
27.78
26
20.62
7826
7829
116.57
117
5
12
20.62
7415
6846
225
176
9.22
45
1
6781
7808
-33.69
152
12.04
56
7
7832
7430
-2.73
157
19.31
66
8.54
7803
7414
185.71
160
11.18
22
10.44
7834
7820
143.88
124
8.54
9
41.73
7430
7416
-24.44
148
7.07
31
7.21
7831
7835
178.15
157
19.31
29
15.26
7820
7834
-36.12
136
13.15
14
37.64
7830
327
29.05
160
9.22
62
3.61
7816
7824
-38.66
97
8.49
10
44.69
7833
4858
-14.04
140
11.18
24
17.8
7432
2357
-6.84
154
21.19
56
11.18
7811
7624
-78.69
151
9.22
31
8.54
2066
7837
-25.02
155
6
12
11.4
7839
7840
92.73
169
4.12
2
17
7815
7836
104.93
150
9.9
35
8.54
7404
7647
187.77
172
41.76
64
7.21
7842
7651
-23.63
174
10.44
10
7.21
7808
7818
-69.68
128
10.44
20
24
7815
7814
-14.93
146
11.7
48
8.94
2357
6781
77.91
142
11.18
51
8.94
7846
7844
-39.81
122
3.16
23
6.71
7647
7831
145.01
137
7.07
34
8.54
7844
7846
140.19
122
3.16
23
6.71
7828
7824
11.89
172
8.54
6
11.05
7848
7638
232.25
112
13.89
20
36.36
3749
7821
-41.63
139
12
68
8.54
7824
7816
141.34
137
11.05
11
37.64
7651
6257
119.74
154
7.21
63
3.61
7838
7842
131.63
132
6
12
20.59
7850
7841
-60.26
168
14.87
63
3.61
7659
7811
-63.43
121
15.03
58
15.26
7851
7830
83.66
177
18.03
83
1
7852
7853
228.12
154
11.4
10
29.21
3749
7822
263.29
125
12.04
44
14.21
7854
7838
177.27
151
13.42
35
11.4
7835
7831
-1.85
158
27.86
63
12.08
6846
7818
263.66
177
18.03
6
9.22
7654
2357
2.2
107
4.12
9
25.18
7852
7848
124.38
174
9.22
4
13.89
7853
7667
203.96
165
7.81
42
3.16
7856
289
221.63
108
19.7
31
35.51
5576
7857
-12.53
163
12.04
27
7.81
7842
7838
-48.37
156
17.46
41
11
7836
3351
84.29
134
9.22
25
15.26
7858
7827
-68.2
157
5.66
21
6
7849
7638
211.5
168
34.66
71
7.81
7811
7659
116.57
117
12
46
14.87
7814
7859
56.31
120
8.94
37
12.65
7838
7860
31.76
122
11
26
21.1
2357
7808
21.8
124
14.32
55
14.42
7659
7861
75.96
156
17.26
55
8.54
7860
6257
168.69
164
21.1
48
8.06
7863
7864
-45
172
10
9
8.6
7865
7621
97.35
109
10.2
19
29.61
7621
7865
-82.65
120
26.93
52
29.7
7833
7866
-53.97
141
24.74
62
17.89
7866
7659
213.69
137
13.34
37
15.03
7866
7833
126.03
158
15.26
23
14.32
7659
7866
33.69
138
20.62
65
15.26
7849
7853
240.95
111
9.22
12
38.95
7815
7868
214.7
166
19.85
21
13.34
7869
7838
195.64
133
8.94
18
21.02
7830
7851
263.66
158
7.28
13
11.7
7871
7872
237.09
180
18.87
12
1.41
7838
7869
15.64
164
24.7
71
7.21
7853
7849
60.95
129
13
17
34.66
7860
7864
146.89
159
25.5
68
10.2
7853
7873
155.22
132
9.85
43
10.77
7864
3089
84.29
139
8.6
57
6.71
7870
3749
-65.32
161
31.83
44
14.87
7870
7659
-46.27
116
3.16
5
30.61
6257
7863
115.56
164
14.87
20
12.04
7875
2357
36.61
147
26.57
34
26.02
7864
7860
-33.11
167
14.87
14
13.45
7876
7827
-2.49
153
21.02
65
10.77
7404
7877
186.2
179
44.41
32
2.24
7843
7836
143.75
124
11.7
38
15.52
7840
7839
-87.27
162
19.31
66
6.71
7857
5576
167.47
131
10
32
14.14
7878
7815
104.53
123
6.32
12
25.02
7818
7808
110.32
150
20.62
43
15.23
7874
7659
-51.63
152
17.46
28
17.26
7873
7853
-24.78
119
10
42
13
7874
7830
129.81
112
3.16
23
7.28
5398
7844
34.99
175
9.22
16
3.16
7863
6257
-64.44
161
18.38
36
10.2
7880
7851
118.07
150
11.66
40
9.22
7881
7844
90
154
6.71
71
3.16
7726
7844
54.46
163
6.32
36
3.16
7856
7822
-66.04
120
10.05
30
17.12
7836
7865
56.31
153
20.1
67
10.2
7808
2357
201.8
135
15.23
63
12.04
3749
7870
114.68
166
33.42
44
11.7
7882
7869
73.07
175
15.3
9
8.94
7883
7861
-50.91
141
10.2
26
14.32
7879
7815
92.29
128
17.2
43
19.85
7865
7873
19.54
155
29.7
64
14.14
7875
3089
130.91
151
14.87
46
10.05
7873
7884
244.29
133
10.77
19
24.04
6579
7872
238.57
149
1
1
20.25
7859
7667
52.43
161
9.49
7
24.04
7818
1267
140.91
132
18.25
58
16.12
3749
7851
128.93
170
17.03
10
17
7886
7015
-54.78
171
1.41
0
19.42
7888
7868
79.38
143
6.71
20
11.66
7889
7024
-32.28
175
2.24
0
20.25
2357
7875
216.61
146
18.97
21
30.08
7876
7891
-6.58
176
23.02
27
3.61
6792
7015
104.04
105
1
2
20.4
7877
7404
6.2
173
21.59
6
25
7894
7878
176.31
150
8.94
10
23.77
7843
7865
95.91
133
18.6
39
21.63
7840
7895
24.23
155
15.62
40
10.44
7882
7647
-9.46
153
9.49
24
10.82
3089
7875
-49.09
125
17.12
54
17.46
7898
6007
-90
117
20.12
50
23.43
7861
7883
129.09
109
8.54
24
19.65
7888
7867
49.9
151
16.28
36
13.34
3749
7880
139.76
146
10.05
33
10.44
2357
306
-79.99
142
12.04
43
10.82
3511
7899
221.42
132
3
6
20.81
7833
7900
132.88
145
10.2
28
12.37
7901
7902
53.13
117
8.94
36
13.6
7903
7887
81.57
172
7
2
20.4
7872
6579
58.57
149
3
4
18.6
7873
7865
199.54
136
29.97
61
24.08
7884
7843
220.91
150
9.49
22
12.65
7885
1267
82.87
144
8.06
26
10.82
2357
7890
251.57
152
17.26
65
9.06
7869
7882
253.07
137
8.94
19
18.6
3089
7895
64.29
134
19.31
40
21.93
7865
7843
-84.09
138
24.08
54
19.85
7404
7361
111.8
157
8.49
21
9
7905
7906
-55.49
176
14.21
12
5.39
7898
7856
-26.57
150
15.03
46
10.44
7862
7883
104.74
129
17.46
57
16.28
7910
7908
-78.11
172
11.7
11
8
7818
997
190.3
136
8.6
50
7.81
7912
7874
-45
173
11.4
18
4.47
306
7913
-90
151
8.06
29
8.06
7893
7910
-17.53
136
8.94
24
14.87
7012
7914
204.23
115
5
12
20.4
6826
3511
238.57
149
3
4
18.6
7915
7890
21.54
164
11.4
6
30.08
7906
7916
-35.22
166
17.09
45
6.08
7919
7902
14.04
131
2.24
14
7
7916
7914
-8.13
167
20.1
70
5.1
7895
3089
244.29
146
25.32
57
17.12
7891
7876
173.42
174
16
10
10.44
7889
7024
-32.28
180
21.1
12
1.41
7901
7882
233.75
154
12.17
35
9.49
7920
6821
-70.56
178
16.16
19
2
7891
7897
244.36
120
23.02
50
25.71
7921
7404
21.04
144
13.04
66
8.49
6798
7015
101.31
170
16.16
33
5.39
7887
7903
261.57
146
6.71
10
22.14
7907
7922
126.25
177
14.21
9
4.47
7924
7925
104.04
178
10.44
14
2
7899
3511
41.42
132
5
10
19.72
7926
7927
62.1
171
3.16
1
16.12
7897
7891
64.36
146
25.32
64
16
7913
7918
200.22
170
13.89
20
7
6292
7885
90
117
4.47
29
8.06
7929
7902
187.77
155
7.21
11
16.03
7930
7908
-54.78
112
8.25
23
19.42
7931
306
33.69
124
5
27
9.06
7913
306
90
132
12.04
56
10.82
7910
7893
162.47
149
8.25
18
13.6
7874
7883
47.49
111
4.47
15
15.26
7901
1219
23.75
151
15
27
16.03
7932
2824
156.8
162
11.05
35
5.83
7918
7915
169.88
107
2.24
4
27.89
7923
7922
-80.54
173
10.44
9
8
7933
7896
175.91
147
8.06
31
8.6
7867
7934
-66.25
150
17.2
35
15.3
6292
997
55.01
146
9
46
7.07
3511
6826
58.57
156
8.06
13
14.14
7935
6607
-63.43
169
11.4
45
3.16
7927
7936
40.1
162
5.83
5
19.42
7933
7901
132.71
137
14.04
52
12.17
1219
7361
-21.8
125
7.21
18
18.44
7917
7907
148.57
170
17.09
36
5.39
7914
7012
24.23
103
5.1
13
21.38
7938
7939
123.69
151
4.47
33
4
7877
7892
13.39
164
8.06
9
14.04
7934
7893
12.34
114
15.3
27
30.08
6385
7940
196.7
126
3.16
16
9
7901
7892
-24.78
132
27.31
62
23.02
7888
7934
-12.53
118
24.84
53
27.31
7941
7942
61.7
166
4.12
5
10.82
6292
7898
21.04
147
12.21
60
7.81
5930
7940
212.47
137
4.12
15
10.44
3313
7917
169.22
164
20.1
69
6.08
7918
7913
20.22
144
18.03
61
12.04
5504
5930
-29.05
158
9.06
60
4
7939
7943
45
150
4.12
23
5.39
7892
7901
155.22
152
14.04
22
17.69
7944
7945
-22.83
172
12.37
12
8.6
7890
7915
201.54
173
26.42
13
15.13
7948
7912
-40.6
176
22.2
18
5.83
6821
7920
109.44
162
11.4
26
8.06
7946
7903
128.05
143
12.37
21
20.88
7951
7949
-55.12
177
32.02
14
8.54
7015
7886
125.22
159
18.03
58
7.62
5301
7012
225
143
8.06
14
19.72
7890
7947
209.48
120
5
10
24.35
7927
7926
242.1
173
8.54
5
10.82
7930
7893
143.97
115
10.3
45
13.15
7925
7924
-75.96
131
4.47
19
10.05
5301
6826
45
141
10.05
45
9
7952
7920
-49.09
165
18.03
62
5.39
7954
7955
24.62
149
7.21
10
20.62
7956
7888
116.57
135
22.14
45
22.14
7361
7957
231.34
142
9
44
8.06
1219
7957
-56.31
146
21.54
72
12.81
7958
1219
94.24
171
4.12
1
23.02
7915
7918
-10.12
163
15.13
18
14.76
7936
7927
220.1
164
7.21
6
18.03
7922
7907
-53.75
147
11.7
36
11
6607
7935
116.57
123
9.06
41
11.4
7942
7941
241.7
163
11.18
39
5.39
7931
7947
199.18
143
18.03
47
14.76
7934
7953
-10.01
158
32.76
71
13.15
7960
7886
-10.78
103
7.62
20
21.1
7938
7943
80.54
137
7.21
35
8.49
7959
7924
132.51
153
11.7
42
8
7940
5930
32.47
132
12.17
61
10.3
7961
7946
156.8
165
7.07
12
8.6
7962
7889
6.84
127
8.06
17
21.38
7963
7932
-49.57
165
33.84
72
9.43
7921
7904
57.53
142
10.05
50
8.06
7888
7956
-63.43
130
27.66
57
25.55
7903
7946
-51.95
147
22.14
48
16.28
7012
5301
45
141
11.05
22
18.38
7964
3313
214.29
130
11.05
23
21.38
7942
7954
45
156
8.54
11
18.03
7965
4697
61.39
163
5.1
11
7.81
7953
7967
-24.78
127
10.3
20
24.04
1219
7958
-85.76
151
21.63
52
13.45
7886
7960
169.22
103
7.62
20
21.1
7932
7963
130.43
154
15.23
17
22.85
7907
7917
-31.43
140
18.25
58
14
7955
7954
204.62
145
8.06
13
20.4
7957
7958
221.99
127
10.05
47
11.05
7959
7938
114.44
162
16.28
30
10.05
7969
7917
205.46
116
14
36
21.38
5711
7935
-36.25
155
16.28
60
8.06
7889
7962
186.84
121
7.62
17
22.36
7920
7952
130.91
142
16.28
54
12.37
7949
7951
124.88
175
36.88
46
5.1
7965
7951
32.28
151
12.53
27
13.04
7968
7959
156.04
147
18.25
66
11
7971
5301
-30.96
146
16.03
64
10.05
2824
7963
113.2
150
22.2
71
12.04
7953
7934
169.99
115
23.02
39
32.65
3313
7964
34.29
125
14
31
22.02
7954
7942
225
154
12.65
21
15.23
7943
7973
46.74
148
11.18
23
15.23
7956
7972
-5.04
116
25.55
44
32.65
7964
5301
22.38
120
16.12
53
17.49
7974
7946
172.57
155
9.49
15
15.23
7949
7970
130.6
165
33.84
64
9.85
5504
7971
215.84
136
12.17
32
16.03
7974
7956
136.47
144
23.19
57
16.28
7935
7975
198.43
124
11.4
36
15.81
7917
7969
25.46
116
14
36
21.38
7938
7976
40.6
141
12.17
40
12
7938
7959
-65.56
142
13.42
31
16.12
7973
7962
33.69
143
12.65
22
20.4
7967
7953
155.22
111
14.14
29
27.2
7963
7965
171.87
131
12.04
55
11.18
7979
7980
208.61
138
6.32
11
20.88
7951
7965
212.28
134
5.1
11
19.31
7975
7935
18.43
119
17.26
54
18.6
7982
7952
10.3
116
15.52
41
21.1
7983
7979
107.65
169
18.36
36
6.32
7973
7943
226.74
150
17.46
46
12
7968
7977
123.69
148
19.7
40
16.12
7971
7969
215.31
133
16.12
32
22.02
7976
7938
220.6
137
18.11
67
13.42
7971
5504
35.84
136
18.25
54
15.81
7952
7982
190.3
115
12.37
33
20.62
7984
7960
22.93
128
15.52
33
22.36
7956
7979
-25.94
160
34.13
52
15.3
7970
7965
201.25
136
9.85
29
14.14
7985
7953
108.43
129
23.41
52
23.02
7980
7974
65.56
129
8.94
47
9.49
7979
7956
154.06
151
17.03
17
27.59
7967
7986
260.54
159
14.32
17
17.89
7962
7973
213.69
139
15.52
30
20.02
7953
7985
-71.57
163
27.2
72
8.6
7986
7967
80.54
157
20.62
35
14.14
7988
7968
212.01
131
19.24
42
21.38
7960
7984
202.93
128
15.52
33
22.36
7977
7968
-56.31
140
18.68
39
19.1
7969
7971
35.31
135
19.24
40
21.1
7976
7984
36.87
141
17.46
34
20.02
7975
7988
213.69
134
18.25
39
21.1
5711
7990
206.57
127
17.26
39
21.59
7985
7972
160.02
140
20.25
58
15.3
7980
7979
28.61
144
12.08
25
17.03
7968
7988
32.01
129
19.1
42
22.36
7977
7991
37.3
134
18.11
43
19.1
7990
5711
26.57
131
20.62
49
20.62
7978
7993
253.5
164
13
13
16.12
7991
7977
217.3
136
21.21
52
18.68
7984
7976
216.87
141
20.62
42
19.1
7988
7975
33.69
132
21.21
47
21.59
7991
7982
30.65
135
20.62
40
22.36
7993
7978
73.5
167
22.02
37
8.6
7990
7989
214.22
133
21.21
44
22.36
7982
7991
210.65
135
20.62
40
22.36
7989
7990
34.22
133
21.21
44
22.36
7994
7985
58.57
113
13.6
38
20.25
7979
7995
253.3
128
13.6
40
16.64
7993
7995
191.77
160
13.04
20
13.15
7993
7985
87.4
110
10.77
28
21.1
7995
7993
11.77
160
16.64
33
10.77
7996
7997
215.22
166
7.81
8
13.42
7997
7996
35.22
126
15
45
17.26
7998
7999
208.07
164
12.73
37
6.08
8002
8001
122.28
147
9.85
20
15.3
7601
8003
97.13
124
4.47
15
14.14
7884
8005
-73.07
131
9.85
22
19.1
7803
8006
-16.7
164
4
3
17.09
8003
5350
-50.71
137
8.06
33
10.05
8009
8010
-61.93
130
5.1
15
14.32
7816
8011
141.84
138
14.04
51
12
8007
7622
177.8
178
4
0
22.02
7816
7884
93.81
132
17.8
36
22.47
6748
7309
18.43
154
1.41
7
5.1
8013
8014
188.97
144
1.41
2
18.11
7432
7601
19.29
170
18.36
45
4.47
8003
7601
-82.87
148
14.21
61
8.6
7884
7816
-86.19
167
24.04
39
8.6
7309
8015
117.76
107
5.1
13
20.62
8005
8013
-49.54
161
27.78
26
20.62
8016
8017
55.01
146
9
46
7.07
7404
7999
195.75
156
9.22
6
32.39
8018
8012
142.88
136
8.06
7
41.01
8019
8020
60.07
151
25
37
20.62
7621
3341
-41.99
112
6.71
14
25.24
8012
8018
-37.12
139
14.04
14
37.01
8022
8021
0
162
18.97
56
7.21
7817
8017
104.04
116
10.2
49
12.21
8013
8005
130.46
169
43.42
75
8.6
8006
7803
163.3
124
7.81
21
17.8
8021
7999
-28.61
170
6.32
10
6.4
6383
5350
175.6
171
12.04
59
2.24
7831
8024
176.19
158
18.97
29
14.42
7803
7622
177.4
169
20.22
60
4.47
7622
7415
200.56
151
7.81
65
4.24
5350
7601
215.54
99
2.24
14
8.54
8013
7816
141.55
132
11.18
13
37.01
8004
7625
137.29
155
13.6
47
8
7404
8023
189.04
174
40.52
47
6.4
8026
8027
-23.2
157
5
10
10.82
7622
66
230.19
114
4.47
34
7.28
7811
8010
-77.91
156
10
38
6.71
7815
8028
105.95
155
10.63
42
6.71
7815
8011
-8.13
157
11.4
50
5.83
8030
7415
53.13
99
1.41
8
9.9
6155
8016
-33.69
142
12.04
56
9
7803
7883
188.53
158
11.66
25
10.44
7842
1872
-25.2
172
10.44
10
8.6
8030
66
29.05
156
10
74
4.24
8031
4858
-11.77
138
11.66
26
17.8
7811
8032
184.4
115
8.54
39
12.21
7838
7842
131.63
132
5
10
21.1
7432
8033
-9.09
152
21.19
56
12.08
8034
7838
174.56
157
12.65
28
10.82
8024
7831
-3.81
159
26.25
59
11.18
1872
8035
116.57
153
8.6
71
4.24
8032
7822
266.42
122
12.21
47
14.21
8016
8019
-69.68
122
10.2
20
25
8037
7811
-61.7
123
14.04
58
13.89
8038
7841
-58.39
164
14.87
76
4.24
7088
7822
8.13
151
34.21
71
17.89
8011
8040
48.37
108
5.83
28
11.7
8033
6155
77.91
144
12.08
57
8.54
7846
7287
-45
117
3.16
21
7.62
7287
7846
135
117
3.16
21
7.62
8042
5447
201.8
169
7.21
21
4
7842
7838
-48.37
157
18.79
47
10.05
7815
7684
213.18
165
21.26
28
12.04
8044
8042
228.12
155
10.44
8
29.83
7848
8045
233.13
115
14.76
21
36.36
8028
8036
87.14
141
10
27
13.89
6846
2940
266.99
132
1.41
3
18.11
6846
8019
263.88
177
19.03
6
9.22
8037
8032
246.8
129
14.76
62
13.04
7838
8047
29.74
126
10.05
24
20.1
1906
8033
2.2
104
5.1
11
25.32
3771
7815
102.53
112
6.08
12
26
8048
8049
-12.53
163
12.04
27
7.81
8050
7838
192.99
135
9.43
18
21.1
8047
8035
165.96
161
20.1
49
8.94
7838
8050
12.99
164
24.19
63
7.81
8044
7848
123.02
173
9.22
4
14.76
8029
8028
143.75
129
11.4
37
14.56
8046
8045
211.5
168
34.66
71
7.81
8051
7621
96.91
113
11.4
20
30.81
3143
8037
211.43
140
12.65
35
14.04
8052
8053
-45
168
9.43
12
9.43
8037
8054
75.96
156
17.26
55
8.54
8047
8053
146.89
161
24.74
63
9.06
7621
8051
-83.09
121
27.31
50
30.41
8031
3143
-55.18
137
24.52
58
19.7
8037
3143
31.43
136
20.62
66
15.81
7167
7815
90
126
17.2
41
21.26
8042
8056
155.22
134
10.77
48
10.44
8053
8047
-33.11
167
14.87
14
13.45
8058
8025
-70.02
147
5
19
8
8033
8016
21.8
124
14.32
55
14.42
3143
8031
124.82
160
15.81
22
14.32
8059
8032
-66.61
160
31.83
46
15.23
8035
8052
118.61
161
14.87
23
12.04
7839
8053
-57.99
113
6.08
38
9.06
8046
8042
240.95
111
9.22
12
38.95
8061
8050
70.82
173
15.3
12
9.43
8030
2940
263.66
158
7.28
13
11.7
8062
7684
80.54
148
7.62
19
12.53
8042
8046
60.95
129
13
17
34.66
8064
3771
176.31
145
9.43
13
24.04
8059
8037
-46.27
134
3
4
29.83
8039
7822
-63.43
117
9
30
16.03
8057
8033
36.61
147
26.57
34
26.02
8049
8048
167.47
131
10
32
14.14
8056
8042
-24.78
119
10
42
13
8066
7887
79.88
177
9.06
1
19.42
8052
8035
-61.39
164
18.38
34
9.06
8067
7839
-90
163
19.92
80
6.08
8065
8037
-50.44
151
17.09
29
17.26
8028
8051
54.78
148
20.02
70
11.4
8019
8016
110.32
150
20.62
43
15.23
8069
2940
118.07
150
11.66
40
9.22
8062
8043
51.71
152
18.25
46
12.04
8040
5447
52.43
163
8.54
5
24.76
8065
8030
125.54
126
3
19
7.28
8072
7404
7.59
177
20.4
3
25.08
8075
8073
-78.11
168
9.85
11
10
811
7287
34.99
175
9.22
16
3.16
7167
8063
-15.42
175
6.08
1
24.04
8061
8023
-9.46
153
9.49
24
10.82
7404
8072
187.59
179
44.55
52
1.41
8032
8059
113.39
166
32.8
43
11.7
8056
8070
243.43
137
10.44
16
24.76
8076
8025
-4.97
150
21.02
65
11.7
8057
8060
132.88
153
14.87
49
9.06
8051
8056
21.16
155
30.41
66
14.14
8077
7287
90
157
7.62
71
3.16
6690
7287
57.99
164
7.28
39
3.16
8016
8033
201.8
135
15.23
63
12.04
8063
8075
-17.53
131
9.43
27
15.56
8032
2940
127.57
171
16.28
9
17
8029
8051
96.12
133
18.6
41
20.81
8019
8068
140.91
129
18.44
57
17.12
7159
8039
37.87
128
22
61
19.7
549
8054
-49.09
137
10.05
28
14.32
8079
8080
53.13
125
9.49
39
12.37
8070
8029
220.6
152
8.54
20
11.7
8032
8069
137.49
138
9
32
11.4
8050
8061
250.82
143
9.49
18
17.8
8033
8057
216.61
145
19.92
23
29.83
8060
8057
-47.12
123
17.26
56
17.46
7887
8066
259.88
147
7.62
10
22.47
7404
8081
114.78
149
7.21
24
9
8019
8078
192.53
178
11.4
4
7.07
8056
8051
201.16
138
31.3
64
23.35
8083
8073
-54.78
112
8.25
23
19.42
8051
8029
-83.88
140
23.35
55
18.44
8033
8084
-80.54
142
12.04
40
11.66
8054
549
130.91
111
8.54
25
18.68
8075
8063
162.47
149
8.25
18
13.6
8076
8085
-8.75
177
23.09
24
3.61
4025
8039
-23.96
145
15.3
50
11.4
8078
8068
83.29
144
8.06
24
11.66
8079
8061
231.84
153
11.18
33
9.49
8067
2547
20.22
148
15
46
11.18
8033
3179
252.47
154
18.25
66
9.06
8086
7404
28.3
151
13.04
61
7.21
8019
8082
195.26
135
10.3
60
8.49
8084
8087
-90
151
8.06
33
7.21
7871
8088
239.93
150
1
1
21.1
7944
8090
-21.25
179
11.7
1
7.62
8092
3179
21.54
160
12.04
7
29.83
8031
8093
132.71
139
10.05
33
12.17
8043
8094
-64.36
152
17.2
33
15.13
8060
2547
63.43
136
19.92
43
20.25
8055
549
105.52
127
17.09
58
16.28
8091
8066
128.05
149
11.7
17
20.25
8094
8063
12.72
111
15.13
28
30.08
8095
6487
171.87
146
6.71
23
9.43
8097
8065
-45
177
12.04
11
3.61
8094
8043
115.64
129
27.66
63
24.21
245
8098
221.42
132
3
6
20.81
8087
8099
205.35
172
14.42
17
7.07
1619
8080
187.77
148
7.81
14
16.12
2547
8060
243.43
144
23.35
53
17.26
8079
994
21.8
149
15
28
16.12
6578
8101
104.04
180
19.65
14
1
8102
8078
90
127
5
33
7.21
8088
7871
59.93
150
3
4
19.42
8095
8079
132.71
141
14.14
53
11.18
8072
8071
11.31
165
6.71
7
14.04
8085
3790
243.43
120
23.02
52
25.5
8105
8104
202.83
99
4.12
11
20.4
8087
8084
90
128
11.4
56
10.82
8100
6821
-78.69
177
19.65
56
1.41
8085
8076
171.25
168
16.03
17
11.18
3386
8084
33.69
124
5
27
9.06
8106
3685
-54.78
178
16.4
8
4.47
8079
8071
-24.78
134
26.93
62
22.02
8063
8108
-81.87
135
13.6
64
10.82
994
8081
-19.29
121
7.81
21
18.44
8102
8082
55.01
146
9
46
7.07
8109
8104
-10.78
170
20
65
4.12
8101
8110
125.22
177
20.62
80
1.41
3685
8109
-32.91
171
17.46
43
4.12
8071
8079
155.22
152
14.04
22
17.69
8111
8062
115.77
136
23.41
46
22.47
3790
8085
63.43
144
23.35
59
16.03
6787
245
238.57
149
2
3
19.42
8112
8113
12.26
166
2.24
1
21.38
8065
549
47.49
104
3.61
12
15.81
8115
8110
-30.07
150
2
2
20.25
8102
4025
17.1
143
12.21
62
8.49
8117
8116
-7.43
155
3.16
3
20.4
8118
8119
160.35
166
11.05
33
5
8099
8087
25.35
148
18.87
63
11.4
8098
245
41.42
118
4.12
9
21.1
8094
8108
-11.98
156
31.78
69
14.14
8066
8091
-51.95
149
23.41
52
15.52
3179
8092
201.54
171
26.93
17
15.03
8107
8121
124.51
177
16.4
16
3.16
6794
8100
-52.59
179
20.62
37
1
8062
8111
-64.23
129
27.66
55
26.42
6144
6600
-69.44
179
16.16
20
1
3179
8120
211.33
122
5
9
24.7
8122
994
94.24
173
5.1
1
22.02
8081
8123
233.97
144
9
39
8.25
8125
8126
102.09
177
11.4
12
3
994
8123
-56.31
143
21.19
69
13.6
8104
8105
22.83
99
4.12
11
20.4
337
8107
148.57
173
17.46
32
4.47
6821
8100
101.31
170
16.16
33
5.39
8108
8127
-22.93
124
10.82
22
24.04
245
6787
58.57
157
7.07
10
14.87
8124
8121
-77.47
178
11.4
4
7.07
8092
8099
-12.09
165
15.03
16
14.76
3528
337
169.22
170
20
65
4.12
4560
8097
-38.99
177
22.2
14
5
8110
8115
149.93
105
1.41
3
21.63
8086
6033
57.53
142
9.06
43
8.25
8113
8112
192.26
174
3.16
0
20.4
8129
8130
62.1
171
3.16
1
16.12
3386
8120
201.37
144
18.87
49
14.76
5935
8132
201.8
131
3.16
15
9.06
8133
8131
242.24
175
5.39
1
16.12
8116
8117
172.57
173
2
0
21.21
8136
8134
-53.43
176
30.48
16
8.54
8137
6160
-57.53
164
10.63
46
4.12
8138
8132
216.03
141
4.12
14
10.77
8139
8140
119.74
165
5.66
29
3
8128
8105
223.45
142
7.07
12
21.1
8141
8138
-18.43
156
9.06
71
4
994
8122
-85.76
151
21.63
52
13.45
8143
8091
172.87
157
10.44
16
15.23
8123
8122
221.99
126
9.06
41
11
8144
8145
59.74
164
4.12
6
10
8140
8146
39.81
144
4.12
28
5.1
8108
8094
168.02
113
23.02
40
32.8
8130
8112
41.82
154
5.39
6
20.81
8143
8111
138.01
146
24.19
62
15.52
8111
8147
-5.19
115
26.42
47
32.8
8128
6787
47.73
144
10.05
41
9.06
6600
6144
110.56
152
10.63
33
9.22
8126
8125
-77.91
148
5.66
17
10.05
8148
8118
-46.22
164
32.25
75
9.43
8121
8107
-55.49
154
12.53
34
10
8150
8151
209.74
154
3.61
4
21.02
8127
8108
157.07
107
15.62
32
28.02
8100
6794
127.41
159
17.49
51
8.25
8130
8129
242.1
171
9.49
8
10
8155
8150
105.26
173
20.62
48
3.61
8154
6144
-47.12
164
17.49
64
5.39
8149
8125
132.71
162
12.53
34
7.07
8156
3528
213.69
130
10.05
22
20.4
6160
8137
122.47
117
9.06
41
12.17
8132
8138
36.03
137
11.18
54
9.49
8118
8148
133.78
154
14.87
18
21.02
8105
8128
43.45
140
10.05
19
19.7
8139
8146
80.54
141
8.06
40
7.81
8157
4291
63.43
163
6.08
13
7.81
8145
8144
239.74
161
11.18
48
5.1
8151
8143
67.38
129
10.3
50
10.44
8159
8117
24.62
145
8.06
13
20.4
8111
8150
-26.57
159
33.14
52
15.3
8112
8130
221.82
162
8.06
8
18.03
8107
337
-31.43
146
18.03
58
12
8150
8111
153.43
154
16
15
26.91
8127
8161
260.84
164
15.13
14
17.46
7305
337
200.85
111
12
31
21.38
8163
8108
107.82
131
23.77
52
23.02
6794
8115
146.31
155
21.21
74
9.49
8108
8163
-72.18
163
28.02
72
8.6
8161
8127
80.84
157
19.65
30
15.62
8164
8115
11.31
128
8.94
19
21.21
8149
8139
115.56
163
17.69
31
10.05
8134
8136
126.57
173
34.66
46
6.08
4560
8119
-35.84
111
10.82
28
21.02
8157
8136
32.28
149
13.42
32
13
8145
8159
46.55
155
9.49
12
18.03
8160
8149
153.43
151
18.03
63
10
3528
8156
33.69
124
12
28
21.1
6850
8154
-30.07
159
21.21
73
8.25
8166
8128
-25.02
145
16.28
70
10.05
8151
8150
29.74
143
13
29
16
8134
8165
133.83
164
32.25
67
9.85
8167
8137
-35.54
149
16.03
66
9.22
8163
8147
157.75
141
19.92
56
15.3
8156
8128
23.96
126
15.3
48
16.55
8153
8169
253.5
164
11
10
17.89
8117
8159
204.62
142
8.94
16
20.22
337
7305
20.85
111
12
31
21.38
6144
8154
132.88
137
16.03
55
13.34
8148
8157
167.91
135
10.82
48
10.3
8141
8166
217.87
139
11.18
27
16.28
8115
8164
191.31
120
9.49
21
22.36
8139
8149
-64.44
146
13.89
29
16.03
8146
8171
45
146
11.18
25
14.87
8137
8172
205.2
125
12.17
40
15.52
8169
8153
73.5
167
22.02
37
8.6
8136
8157
212.28
132
6.08
13
18.97
8159
8145
226.55
153
14.56
26
14.87
8139
8173
36.25
136
12.17
40
13.04
8166
7305
215.31
137
15.3
29
21.1
8174
8163
58.57
115
14.42
41
19.92
8160
8170
124.22
151
20.12
37
16.03
8165
8157
198.43
133
9.85
30
14.32
8169
8175
189.46
163
13.42
18
12.17
8171
8164
35.31
142
14.56
26
20.22
8172
8137
25.2
125
18.25
60
17.2
8150
8175
253.3
130
14.42
43
16.12
8166
8141
37.87
138
18.25
52
15.52
8173
8139
216.25
136
18.25
66
13.89
8169
8163
87.4
110
10.77
28
21.1
8171
8146
225
146
17.26
49
13.04
8176
8154
12.26
117
16.49
42
21.95
8177
8160
211.33
128
18.11
42
21.38
8175
8169
9.46
160
16.12
31
10.77
8154
8176
192.26
116
13.34
34
21.54
8178
6850
24.78
129
16.49
35
22.36
7305
8166
35.31
132
18.11
37
22.02
8170
8160
-55.78
146
19.31
37
18.03
8164
8171
215.31
140
16.49
32
20.02
8172
8177
214.22
134
18.25
36
22.02
8160
8177
31.33
125
18.03
41
22.36
6850
8178
204.78
129
16.49
35
22.36
8173
8178
38.05
139
17.26
35
20.02
8167
8180
208.44
128
18.25
41
21.59
8170
8181
34.29
134
18.25
43
19.24
8181
8170
214.29
135
22.36
55
19.31
8180
8167
28.44
130
21.38
50
21.54
8177
8172
34.22
135
22.36
47
21.59
8178
8173
218.05
139
21.38
47
19.24
8180
8179
214.7
135
22.36
45
22.36
8181
8176
33.18
134
21.38
43
22.36
8179
8180
34.7
135
22.36
45
22.36
8176
8181
213.18
134
21.38
43
22.36
8182
8183
207.9
170
6.4
5
13
8183
8182
27.9
118
13
41
17.46
7766
8184
208.07
164
11.31
28
7
8187
3968
120.07
141
8.54
19
16.28
8186
8188
-75.38
126
8.54
20
20.1
8190
6567
139.76
140
13
49
11
8190
8186
91.91
133
17.03
34
22.47
8193
8191
-76.61
169
21.02
76
4.47
8194
8195
-64.98
127
5.1
16
14.14
8196
8189
142.13
136
9.06
9
39.62
7601
8197
96.71
134
5
14
14.14
8188
8191
-49.54
159
27.29
27
21.59
8186
8190
-88.09
168
23.77
37
8.6
7803
8006
-16.7
150
4.12
6
17.46
7454
8184
194.38
154
9.22
7
32.25
8197
5350
-53.13
134
8.06
31
11.05
8189
8196
-37.87
143
13
12
36.24
8191
8188
130.46
169
43.42
75
8.6
8202
8201
-2.73
165
17.46
48
6.4
8199
8203
177.8
164
4.12
2
22.09
7432
7601
19.29
168
18.87
56
5
7831
8204
174.29
162
17.46
22
14.76
8191
8190
141.55
137
11.05
12
36.24
8197
7601
-83.29
150
15
61
8.6
8205
8206
62.18
153
26
34
21.47
7454
8207
189.25
175
40.26
46
5
8208
8209
59.74
150
11
51
7.07
7621
3341
-41.99
105
7.21
15
26.08
8210
2073
-25.02
165
6.08
8
10.82
8209
8208
239.74
137
13.34
65
10.05
8212
8028
107.1
153
11.31
55
6.4
8212
6567
-8.13
167
10.05
28
5
8006
7803
163.3
119
8.49
23
18.44
5439
8195
-81.87
155
10.82
46
6.4
6164
5350
180
166
12.37
71
3.16
7803
8203
174.81
167
20.22
63
5.39
8203
7415
206.57
153
8.6
71
4.24
8216
1872
-26.57
165
10.2
18
8.49
5350
7601
215.54
108
3.16
21
8.25
8217
8211
174.56
157
12.65
28
10.82
8204
7831
-5.71
160
26.93
62
10.77
8211
8216
131.63
142
6.08
11
19.72
5439
6248
192.99
124
8.54
39
11.18
7633
8218
39.29
134
14.04
65
11.18
8220
7633
8.13
153
33.02
68
16.12
8198
8221
142.43
152
13.15
52
8
8203
66
234.46
123
5.39
38
7.28
8212
7684
214.7
165
22.02
29
12.04
8215
1872
-45
109
2.24
15
8.06
2813
8213
198.43
158
10.63
55
5
8224
7415
56.31
120
2.24
11
9.9
8214
8208
-33.69
133
12.37
56
11
8225
8037
171.87
117
12.21
51
13.89
8226
8212
102.53
103
6
12
27
8223
8038
135
109
2.24
8
15
7848
8227
-58.24
177
8.6
2
16.12
7803
7883
188.53
158
11.66
25
10.44
8229
4956
92.86
174
6.08
2
14
7415
8224
236.31
102
4.24
22
10.82
8216
8211
-48.37
159
17.89
41
10
8031
1276
-14.04
135
11.66
26
18.44
8208
8205
-69.68
117
10.05
20
26
8028
8225
86.99
144
10.82
31
12.21
7432
8230
-13.5
148
21.19
55
13.93
8231
5468
203.96
173
5.83
9
4.12
8211
8047
30.96
121
10
25
20.1
8037
6248
248.2
128
13.89
55
13.34
8050
8211
193.5
131
8.94
18
21.1
8234
8232
81.57
178
9.06
1
18.25
7167
8212
90
126
17.2
39
22.02
8213
8028
139.4
134
10.05
32
13.6
8236
8226
174.29
143
9.43
14
23.41
8062
7684
80.54
141
8.06
23
13.04
8047
8223
168.23
163
20.1
48
8.06
8227
8231
227.05
156
9.49
7
31.24
8211
8050
13.5
163
23.32
63
7.81
8239
8237
-80.54
169
8.54
9
10
6846
8205
264.09
177
20.02
6
9.22
8230
8214
78.69
148
13.93
64
8.25
7846
8241
-49.4
113
3.16
20
8.54
8241
7846
130.6
113
3.16
20
8.54
6846
8240
267.14
151
2.24
3
18.11
8062
8043
51.71
152
18.25
46
12.04
7848
8045
233.13
117
15.65
22
35.85
8244
8245
-13.24
158
12.17
36
7.81
7167
8235
-15.95
165
6
4
23.41
8246
8230
0
100
6.08
13
25.71
8247
8050
71.57
176
16.49
8
8.94
8047
8248
147.53
160
24.52
70
9.22
8235
8239
-17.53
131
9.43
27
15.56
8249
7621
96.71
112
11.4
19
31.78
8250
8037
209.05
138
12.65
37
14.14
8248
8047
-32.47
169
13.93
12
12.73
8252
8248
-40.6
164
9.85
17
9.43
8219
7633
-60.26
120
9
33
14.04
8037
8253
75.26
155
16.28
54
8.54
8255
7454
10.08
179
20.4
0
25.32
8231
8256
157.38
134
9.85
48
9.49
8247
8207
-3.01
161
10.44
20
9.85
8243
8045
210.14
168
35.38
80
7.81
8037
8250
29.05
134
19.65
63
15.81
7621
8249
-83.29
123
27.73
50
30.41
8258
6248
-66.04
158
30.41
45
16.16
8223
8252
119.74
165
15.56
24
10.05
8031
8250
-56.31
138
24.74
57
19.7
8227
7848
121.76
172
9.22
5
15.65
8229
8248
-57.99
123
6
39
8.06
8232
8234
261.57
142
8.06
13
21.54
8028
8249
53.13
147
19.03
68
11.4
2813
5468
52.43
163
8.54
5
24.76
8261
8237
-53.13
115
9.22
27
18.25
8250
8031
123.69
159
15.81
22
15.3
8252
8223
-60.26
161
18.44
42
9.22
8231
8245
112.62
136
13
67
9.9
8243
8231
239.74
110
9.22
12
39.62
8231
8243
59.74
128
13
17
35.38
8258
8037
-43.67
137
3
4
28.32
8251
8230
35.54
146
26.57
35
26
8224
8240
263.66
160
8.25
15
10.77
8230
8208
25.02
127
15.3
58
14.42
8245
8244
166.76
122
9.9
34
14.87
4832
8240
116.57
152
12.21
39
9.22
3010
8037
-47.86
150
16.76
31
16.28
8256
8260
242.59
135
9.49
15
24.76
8259
4956
109.29
110
6
16
20.02
8239
8235
162.47
150
9.22
21
12.81
8213
8249
94.09
135
18.44
40
20
8205
8208
110.32
148
20
42
16.16
8262
8222
-68.2
139
4.47
21
8
8264
8234
128.05
153
12.08
16
19.31
6248
8258
113.96
167
32.8
45
10.77
8260
8213
218.66
150
8.54
20
12.65
8050
8247
251.57
145
10.44
19
17.8
7159
8219
35.84
126
21
59
19.7
8251
8259
132.71
154
13.93
49
8.06
6248
8240
127.57
168
15.62
11
17.89
8265
8266
53.13
127
10.44
43
12.17
7454
7551
120.96
131
6.08
30
9
8249
8256
19.54
154
30.41
67
14.87
3010
8224
122.01
123
3
17
8.25
1251
8241
38.66
174
9.9
20
3.16
6248
4832
140.19
141
9
33
10.44
8205
1479
143.13
131
18.44
60
16.12
8043
8269
-67.07
149
17.2
33
16.28
8208
8230
205.02
137
16.16
66
12.04
8270
8241
90
160
8.54
71
3.16
8103
8241
60.95
165
8.25
42
3.16
8265
8247
231.84
148
11.05
35
10.44
8249
8213
-85.91
138
23.35
55
19.21
8271
7454
37.57
161
13.04
47
6.08
8269
8235
14.47
116
16.28
30
29.12
8230
8251
215.54
141
19.65
24
30.59
8269
8043
112.93
129
26.93
61
24.21
8272
8222
-4.97
153
20.62
63
10.77
8256
8249
199.54
137
30.41
62
23.35
8259
8251
-47.29
123
16.28
56
16.49
8205
8268
192.53
173
11.7
12
7
8274
8253
-45
124
10.2
33
15.3
6296
8219
-23.96
149
15.13
49
10.44
8275
8257
167.01
149
6.32
22
8.6
8235
8276
-82.41
137
12.81
56
10.63
8277
8062
113.43
139
23.26
45
21.54
8230
7130
-80.54
142
12.04
40
11.66
8205
995
199.98
140
10.3
59
7.81
8268
1479
82.87
140
7.21
23
11.66
7130
8278
-90
147
7.21
29
8.06
8279
3065
21.54
154
12.04
10
30.59
8230
3065
255.26
156
18.25
68
8.06
8253
8274
135
115
8.54
27
16.76
8255
8254
11.31
173
6.32
3
14.14
8275
8265
130.6
144
13.34
45
11.05
8234
8264
-51.95
154
23.26
51
13.34
8265
771
19.8
147
15
30
16.28
8280
8266
187.77
143
8.49
18
16.28
8278
8281
205.35
176
13.89
9
7.28
4956
8282
17.53
145
15
48
11.66
8272
4578
-12.99
172
23.09
40
5
8269
8276
-11.98
154
32.02
70
15.13
8265
8254
-24.78
136
26.57
62
21.02
6518
8268
90
135
5.66
29
8.06
8254
8265
155.22
148
14.14
24
18.44
8062
8277
-66.57
129
26.93
52
26.42
8259
8282
65.22
136
21.19
47
19.92
3989
8274
107.35
125
16.76
62
15.56
8031
8283
137.49
127
10.2
38
13.15
771
7551
-19.29
116
8.49
23
19.1
8285
3010
-45
177
12.04
11
3.61
8278
7130
90
124
10.82
52
11.4
8282
8259
245.22
146
23.35
54
16.28
8222
8287
-53.97
180
5
0
22.2
8286
7130
37.87
138
6.08
30
8.06
6518
995
57.53
148
11
57
7
8276
8288
-23.75
116
10.63
22
24.76
8290
465
238.57
149
1
1
20.25
4578
8273
242.45
117
22.2
51
25.5
6518
6296
24.78
148
13.04
64
7.81
8088
4021
217.41
128
1
2
20.81
8281
8278
25.35
150
18.03
59
10.82
8291
8264
167.74
156
9.22
14
15.65
4578
8272
167.01
168
16
17
11.66
8292
771
94.09
176
7.07
1
21.02
7551
8293
236.31
147
9
35
8.54
8294
4021
14.04
174
20.25
77
2.24
8273
4578
62.45
143
23.35
62
16
3065
8279
201.54
169
27.46
21
15
3010
8274
45
102
3.61
13
15.26
771
8293
-57.72
142
21.19
65
14.42
8291
8277
138.01
151
23.54
61
13.34
465
8290
58.57
149
1
1
20.25
8296
8294
-10.78
173
19.03
45
3.61
8271
8267
57.53
141
8.06
36
8.54
7282
5013
164.05
175
11.18
17
3.61
3065
1874
213.11
133
6.08
10
23.77
8298
8296
-32.91
176
17
23
3.61
8277
8300
-5.19
115
26.42
47
32.8
8276
8269
168.02
113
23.02
40
32.8
8301
8302
-66.8
114
3
7
21.84
8279
8281
-12.53
168
15
14
13.42
6600
8100
100.78
177
19.65
37
2.24
7871
8088
239.93
150
2
2
20.25
4021
8088
37.41
101
2.24
5
21.1
8276
8305
-56.89
147
27.31
72
15.62
8286
1874
202.25
146
18.03
48
13.42
8293
8292
221.99
125
8.06
36
11.05
771
8292
-85.91
152
22.47
52
13.45
8306
8291
67.38
136
10.77
54
9.22
8295
8297
190.78
171
20.25
67
3.61
8309
8307
214.38
180
20.81
7
2.24
8277
8303
-26.57
159
33.14
52
15.3
8100
8311
125.22
175
19.85
61
2.24
8303
8277
153.43
154
16
15
26.91
8299
8312
147.09
176
17
23
3.61
8297
8299
169.22
173
19.03
45
3.61
8288
8313
260.84
164
15.13
14
17.46
8315
8276
107.24
132
24.17
51
23.02
8316
8307
59.93
177
2.24
0
19.72
8088
7871
59.93
160
6.08
7
16.4
8313
8288
80.84
157
19.65
30
15.62
8276
8315
-72.76
165
27.46
62
8.49
8318
8319
16.93
152
2.83
3
21.59
8321
8320
-51.58
175
29
17
8.54
8322
8323
-69.44
176
14.32
20
3
8311
8325
146.31
172
21.02
74
3.16
8327
8328
104.93
178
13.6
14
2
8310
8304
-54.78
175
19.85
61
2.24
8326
8329
-78.69
175
13.6
11
7
7517
8325
-2.49
133
4.24
8
20.4
8306
8303
29.74
143
13
29
16
6157
8295
221.82
142
6.08
10
21.1
6600
8304
104.74
170
14.32
24
6.08
5710
8330
210.96
140
3.16
12
9.49
8309
8307
214.38
170
2.83
1
20.25
8305
8332
253.5
164
11
10
17.89
5709
8330
222.27
147
4.12
11
11.66
8315
8300
155.56
141
19.65
54
15.3
452
5930
-52.13
165
10
56
3.16
8333
7282
-43.73
162
30.87
75
10.3
8334
8335
62.1
153
4
6
15.81
8336
8337
113.96
171
7.21
23
3
5930
8338
198.43
109
4
24
9.06
8324
8310
-31.43
174
21.02
85
2.24
6157
7871
52.43
149
10.05
33
9.49
8307
8316
239.93
169
6.32
4
15.81
8319
8318
196.93
152
4.24
5
20.4
8332
8305
73.5
169
21.1
28
8.49
7282
8333
136.27
153
14.56
19
20.12
8339
8340
57.53
162
4.12
8
9.22
8329
8312
-53.13
160
13.04
30
9.06
8337
8341
26.57
131
4.12
37
5.1
8325
7517
177.51
106
3.16
7
22.36
7706
8297
210.58
127
9.06
19
21.38
8328
8327
-75.07
162
7.21
14
9
8323
8322
110.56
148
10
31
10.2
8295
6157
41.82
139
9.06
17
19.7
8342
8315
56.31
119
14.76
41
19.65
8332
8343
189.87
166
12.08
14
12.04
4469
8327
128.16
161
13.04
38
7
8344
6915
65.22
164
7.07
15
7.81
8335
8318
41.82
151
6.32
8
20.25
8303
8343
253.3
135
14.76
45
14.76
8330
5709
42.27
143
11.18
48
9.06
8312
8299
-32.91
151
17.03
57
10
8347
8299
195.26
111
10.05
26
21.38
452
8338
260.54
133
11.4
62
9.49
8335
8334
242.1
169
10.44
12
9.22
8315
8342
236.31
152
21.1
73
10.44
8304
8310
125.22
155
16.12
47
9.22
4562
5013
-35.84
116
10.3
27
20.12
8348
8322
-47.12
163
16.12
52
6.08
8336
8341
80.54
147
9.85
53
6.71
8343
8332
9.87
162
14.76
26
10.44
8320
8321
128.42
171
32.56
46
7.07
8340
8339
237.53
157
12.17
68
5.1
8344
8321
32.28
148
14.32
36
13.04
8320
8349
137.49
163
30.87
71
9.85
8297
7706
30.58
127
10.05
22
21.21
4469
8336
115.56
168
17.8
25
9
8346
4469
150.95
155
17.03
54
9.06
8318
8335
221.82
156
9.85
13
17
8350
7517
28.44
143
9.85
17
20.4
8330
4910
193.24
109
10.05
33
17.09
8333
8344
164.05
135
10.3
45
10.3
8299
8347
15.26
106
10
25
22.36
7706
6157
23.96
123
14.14
44
17.09
8351
8310
-2.6
110
10.77
28
21.1
8340
8350
45
152
10.44
16
17
8352
8324
13.5
121
10.44
23
22.36
8353
452
-32.74
144
16.03
68
10.2
8338
4910
218.29
139
11.18
25
17.46
8321
8344
212.28
131
7.07
16
18.68
8351
8348
-26.57
157
22.02
75
9.22
8336
4469
-64.44
150
14.42
29
15.03
8322
8348
132.88
130
16.03
54
15.3
8349
8344
195.52
130
9.85
31
14.56
452
8355
206.57
127
12.17
37
16.28
4910
8347
216.47
135
14.14
28
21.21
7517
8350
208.44
136
10.44
20
21.21
8346
8354
124.22
154
20.59
38
15.03
8336
8356
33.69
134
12.17
42
13.15
8341
8357
45
145
12.17
29
14.56
8324
8352
193.5
126
10.77
24
21.38
8350
8340
225
151
14.56
29
14.56
4910
8338
38.29
138
18.25
48
16.28
8355
452
26.57
130
18.44
59
16.64
8354
8356
80.54
115
14.42
46
18.03
8358
8346
210.26
127
18.11
40
22.36
8347
4910
36.47
133
18.11
39
21.02
8357
8352
34.22
141
14.56
26
21.21
8357
8341
225
145
18.25
53
13.15
8354
8346
-55.78
145
20.25
40
18.11
8359
8348
18.43
121
18.44
45
22.36
8348
8359
198.43
120
15.3
36
22.14
8346
8358
30.26
127
18.11
40
22.36
8355
8358
215.31
135
18.25
38
21.02
8360
8351
28.3
134
18.68
39
21.38
8352
8357
214.22
140
18.68
37
20.02
8353
8361
209.25
132
18.44
40
21.38
8354
8362
32.47
132
18.25
44
19.42
8356
8360
36.47
136
18.25
39
20.02
8362
8354
212.47
131
21.21
52
20.25
8351
8360
208.3
131
18.44
38
22.36
8358
8355
35.31
134
21.21
46
21.38
8361
8353
29.25
131
21.38
47
22.14
8361
1273
214.22
133
21.21
44
22.36
8360
8356
216.47
138
21.38
48
19.42
1273
8361
34.22
133
21.21
44
22.36
8362
8359
33.18
134
21.38
43
22.36
8359
8362
213.18
134
21.38
43
22.36
8364
8363
122.28
137
8.25
19
17.46
7693
8365
-74.74
120
8.25
20
20.1
8368
8366
-78.69
165
20.12
79
5.39
8370
8369
139.76
140
13
49
11
8372
3582
142.13
143
9
8
38.9
8370
7693
90
131
17.03
35
22.2
8365
8366
-50.71
159
26.42
27
20.4
7693
8370
-90
165
22.8
40
9.22
3582
8372
-37.87
143
13
12
36.24
8373
8374
-64.98
146
5.83
15
12.17
8375
8376
193.32
154
7.81
6
32.25
8366
8365
129.29
168
42.01
79
9.22
8366
8370
141.77
131
10.2
12
36.24
8380
8378
0
168
18.44
45
5.66
8379
8381
174.29
162
18.44
24
13.89
8382
8383
100.01
146
5.66
14
13.04
7803
4592
-14.04
130
5
12
17.89
8375
8207
190.78
178
39.05
24
4.12
8381
8217
13.5
177
13.6
4
12.17
8383
5350
-52.43
134
9.06
32
12.04
8388
8369
-4.09
176
11
14
3.16
8389
8386
-23.2
179
5.39
0
9.85
8385
8203
182.2
146
5
7
22.09
8388
5046
105.26
158
11.4
78
4.47
7432
8382
21.8
165
20
66
5.66
5439
8374
-80.54
159
11.66
72
4.47
8381
8379
-5.71
161
25.71
55
10.3
8205
8391
62.82
153
27
35
21.47
8383
8382
-79.99
153
16.4
70
8.06
8393
4052
119.48
162
25.5
74
8.49
8394
8395
63.43
154
13
55
7.07
8388
8396
214.7
161
22.2
34
13
8217
8211
174.56
166
12.17
18
9.85
8397
8388
102.53
103
6
12
27
8211
8399
133.26
156
5.39
7
18.6
8395
8394
243.43
141
13.34
57
10.05
506
7633
6.52
155
31.91
64
15.26
7633
8401
42.27
137
13.04
58
10.44
8399
1872
-23.63
163
10.05
21
8.49
8403
8213
199.98
168
9.43
38
3.16
5439
8402
197.1
131
7.62
33
10.44
4592
7803
165.96
113
10
28
19.1
8234
8404
81.87
178
11.05
1
17.26
8408
8406
-79.99
170
8.54
10
9
5728
5350
184.4
166
12.65
75
3.16
8215
1872
-45
135
2
11
7.21
8410
8397
174.29
134
9.22
15
24.7
8411
8396
81.03
151
8.54
19
12.53
66
8203
54.46
108
5
33
8.54
7803
8203
174.81
164
20.4
66
6.32
8398
8388
90
125
15.81
35
22.2
8225
8037
171.87
117
12.21
51
13.89
8409
8038
132.51
133
2
5
15
8045
8414
51.12
178
23.6
3
16.28
8399
8211
-46.74
157
17.46
43
10
5350
8382
209.74
102
3.16
22
8.06
8398
8235
-17.24
163
6
4
24.7
5046
8225
87.14
147
11.66
32
12.21
8411
8043
49.9
149
19.24
49
13
8213
5046
141.84
142
11
36
11.4
8050
8211
193.5
131
8.94
18
21.1
8211
8415
29.74
120
10
24
21.1
8235
8408
-15.52
124
9.22
29
15.56
8037
8402
249.44
130
13.89
52
13.6
8384
8221
148.39
144
13.04
58
9
8203
66
234.46
127
6.32
46
7.07
8229
8417
93.18
174
6.08
3
12
8214
8394
-36.87
125
12.65
53
13
8211
8050
13.5
164
24.19
69
7.21
8418
8406
-49.4
113
9.49
30
17.26
8415
8409
170.91
166
21.1
47
7.21
7803
8413
191.31
157
12.21
28
10.44
8404
8234
261.87
152
8.54
11
21.19
8421
8234
127.69
159
11.66
14
17.46
8414
8422
-60.26
172
6.4
3
17.89
8394
8205
-68.96
106
10.05
21
27
8424
8050
73.74
175
16.28
10
8.94
8412
8425
241.39
115
5
23
11.4
7432
8426
-15.64
143
21.54
55
15.81
8419
1735
-14.04
131
12.21
28
19.1
8424
8207
-3.18
159
9.49
20
9.85
8408
8235
164.48
147
9.49
26
12.04
8422
4631
227.05
158
8.54
5
31.89
6846
8205
264.09
177
21.02
8
8.25
8400
7633
-58.39
122
9
36
13.04
8415
8427
150.52
160
25.32
73
9.22
6846
6058
267.27
159
3.16
3
18.11
8427
8415
-29.48
171
14.87
12
12.04
8426
8214
79.38
151
15.81
72
8.06
8429
7494
-56.31
106
3.16
16
10.44
8430
8431
-13.24
153
12.37
41
8.6
7494
8429
123.69
106
3.16
16
10.44
8433
8392
95.04
117
10.77
18
30.81
4242
8037
206.57
137
11.7
34
14.14
8403
5468
51.07
165
7.62
4
26.17
4631
8434
158.96
141
9.49
42
8.94
8435
8427
-40.6
158
9.49
20
10.3
8426
7432
164.36
167
25.02
74
6
8437
8402
-66.04
157
29.73
44
17.09
8225
5046
267.14
109
10.77
31
19.42
8037
8253
75.26
154
14.32
43
9.43
8414
8045
231.12
118
15.23
22
35.36
8043
8440
-67.83
147
15.81
28
18.11
8037
4242
26.57
132
19.65
64
16.4
8409
8435
119.74
168
16.28
23
9.06
8440
8235
16.19
113
18.11
33
30.36
8392
8433
-84.96
121
27.73
50
31.11
8229
8427
-60.95
129
6.08
36
8.06
8213
8433
96.34
135
17.8
40
19.42
8431
8439
42.71
98
8.6
13
35.36
8050
8424
253.74
144
11.7
23
17.03
7308
8213
218.16
152
7.62
18
11.7
8440
8043
112.17
129
28.16
62
24.84
8375
8442
122.01
111
5.1
32
9
8435
8409
-60.26
161
18.44
42
9.22
8434
7308
242.59
127
8.94
16
26.17
8434
4631
-21.04
118
10.63
46
13
8443
8411
115.77
139
22.85
45
21.19
8419
4242
-56.31
138
24.74
57
19.7
8444
6058
116.57
156
12.81
40
8.25
7159
8400
33.69
124
19
54
19.31
8441
8446
53.13
124
11.7
48
13.04
8431
8430
166.76
126
10.63
37
14.21
4242
8419
123.69
162
16.4
21
14.32
8437
8037
-42.27
138
3
4
27.59
8235
8448
-86.42
136
12.04
48
11.31
8428
8426
36.33
146
27.51
38
25.02
8234
8421
-52.31
151
22.85
54
13.6
4631
8439
59.74
128
13
17
35.38
8441
8424
229.76
152
10.2
31
9.49
8449
8375
45
168
13.04
33
5.1
8447
8037
-46.47
155
17.09
31
14.32
8425
6058
263.66
160
8.25
15
10.77
8439
4631
239.74
110
9.22
12
39.62
8422
8414
119.74
170
9.22
6
15.23
8402
8437
113.96
167
32.8
45
10.77
8402
6058
127.57
168
15.62
11
17.89
3409
8417
110.22
120
6.08
17
18.03
8205
8394
111.04
146
19.42
42
16.16
8402
8444
140.19
141
9
33
10.44
8428
3409
135
155
14.87
52
8.06
8426
8394
25.02
126
16.28
61
15
8433
8213
-83.66
140
23.35
58
17.8
8433
8434
19.54
155
31.11
70
14.21
8376
8257
158.96
159
6
14
8.6
8205
8450
145.49
130
18.68
62
16.12
8447
8425
122.01
123
3
17
8.25
8440
8448
-12.34
152
32.28
74
16.03
8434
8433
199.54
137
30.41
62
23.35
8411
8443
-64.23
133
28.16
57
24.7
8451
8416
-68.2
126
4.12
21
9
1461
7494
38.66
174
9.9
20
3.16
8205
6065
195.52
167
12.53
23
7.07
8426
8428
216.33
142
19.65
24
29.61
8445
8400
-21.25
148
15.3
52
10.44
8394
8426
205.02
137
16.16
66
12.04
3409
8428
-45
125
16.28
55
16.28
1023
7494
90
160
8.54
71
3.16
6914
7494
60.95
165
8.25
42
3.16
8376
8441
126.25
148
13.93
47
10.2
8455
8421
165.38
166
9
8
15.23
8448
8456
-21.8
114
11.31
24
24.76
8205
772
208.61
144
12.08
68
7.81
8457
8458
-90
147
7.21
29
8.06
5794
8452
22.83
155
13.45
11
29.61
6065
8450
82.87
140
7.21
23
11.66
8459
8253
-37.57
121
10.77
40
14.32
8441
8460
18.43
146
15
33
15.52
8461
8441
154.36
143
14.32
28
18.6
8426
8457
-80.54
142
12.04
40
11.66
8462
8446
185.44
141
8.49
20
15.52
8463
8416
-2.49
153
21.02
65
10.77
8455
8443
135
150
23.77
62
13.6
8441
8461
-25.64
136
25.3
61
20.02
8458
8464
207.76
176
13.04
7
8.54
8426
8452
255.26
156
18.25
68
8.06
8253
8459
142.43
111
9.43
33
15.81
8465
6065
90
142
6.4
29
8.06
8460
8442
-16.7
119
8.49
23
18.44
8443
8466
-8.88
113
24.7
44
32.2
8448
8440
167.66
113
23.02
41
32.2
8458
8457
90
123
9.43
45
11.31
8465
772
57.53
148
12
65
7.07
8417
2742
14.74
142
15
49
12.21
8467
8455
67.38
139
12.65
67
9
2681
8457
45
135
7
37
8.06
8463
8468
-12.99
170
23.02
46
5.83
7221
8460
94.24
177
7.07
1
20.02
8447
8438
-20.56
121
14.21
51
15.81
3409
2742
63.43
134
20.25
48
19.65
8442
8469
238.39
149
9
31
8.94
8456
8448
158.2
109
15.62
33
26.63
8465
8445
24.78
148
13.04
64
7.81
2742
3409
243.43
143
21.38
52
16.28
8419
8203
143.13
122
10.77
44
13.15
8464
8458
27.76
155
18.6
59
9.43
8460
8469
-57.72
139
20.88
63
15.26
8449
6250
57.53
140
7.07
30
8.94
2797
8416
124.82
179
22.2
3
5.83
8471
8443
150.26
154
16.03
15
26.87
8443
8471
-29.74
160
32.39
48
15.3
8453
2797
9.09
128
25.06
63
22.2
8452
5794
202.83
167
28.6
26
15.03
8456
8472
259.05
162
15.13
15
17.89
8472
8456
79.05
158
19.42
28
15.62
8452
1451
216.47
127
7
12
25.08
8474
8448
105.42
131
23.26
49
23.02
8469
7221
218.66
121
7.07
33
11.05
5794
8464
-12.53
172
15.03
10
13
8448
8474
-74.58
162
26.63
60
9.9
8468
8463
167.01
164
16.03
21
12.21
8453
8468
61.39
141
21.38
57
16.03
8459
8475
211.61
173
14.21
58
2.24
8460
7221
-85.76
152
22.47
55
12.81
8467
8471
27.65
141
13
31
16.03
2681
1451
203.5
150
18.6
46
13
8476
8477
10.78
177
20.62
55
1.41
8470
8480
251.57
162
11
10
18.36
812
8476
-8.53
178
19.1
36
1.41
8474
8466
154.54
140
18.68
53
15.3
8480
8470
71.57
168
20.1
26
9.9
8482
8478
211.43
177
20.81
76
1.41
8480
8483
190.3
164
11.18
15
12.04
8289
8482
239.93
150
2
2
20.25
8486
8474
57.09
117
13.89
41
18.68
8471
8483
252.47
133
13.89
44
14.76
8478
8481
190.78
177
20.62
55
1.41
8481
8487
171.87
178
19.1
18
2.24
8474
8486
237.09
153
20.1
75
9.49
8483
8480
10.3
163
14.76
28
9.49
6375
8488
101.31
176
18.68
37
2.24
799
6148
-75.26
180
18.68
14
1
8491
8489
-49.57
173
26.91
21
9.49
8482
8289
59.93
150
6
10
17.03
245
8478
223.36
134
6
11
21.1
8489
8492
158.55
101
9.43
18
29.83
8494
8495
104.04
179
14.56
14
2
8493
8496
-78.69
176
14.56
11
6
8488
8498
123.69
171
19.1
47
4.12
8499
8500
-66.8
175
12.53
23
3
8501
8502
38.29
162
3.61
3
20.81
5508
5977
218.66
143
4.12
14
9.85
8503
8501
59.93
169
3.16
1
18.87
7485
8492
140.44
153
14.32
21
18.36
3295
5977
227.73
138
3
9
12.81
8497
799
-53.13
174
19.1
63
2.24
6148
799
104.74
167
12.53
21
8.06
693
8138
-45
162
8.94
63
3.16
8505
8498
-19.29
98
4.47
12
21.1
8506
7017
19.18
136
4.47
8
21.38
245
8289
49.76
153
9.22
25
9.85
8138
8507
209.05
131
5.1
29
8
7429
8481
206.57
125
7.07
15
21.38
8508
6788
0
127
5
10
21.38
8509
8510
109.98
171
8.06
19
4
8496
4072
-53.13
164
15
36
7
8511
8512
59.04
168
3.16
2
14.42
8478
245
43.36
142
7.07
12
19.72
8513
3337
66.8
157
8
21
8.49
8502
8501
218.29
155
4.47
5
20.25
8514
8487
192.8
110
8.06
20
21.21
8501
8503
239.93
174
7.62
3
14.42
8495
8494
-75.96
165
8.06
14
9
4757
8504
-33.69
123
9.85
26
18.36
4072
8487
-33.69
156
18.25
56
9
4671
8494
128.66
166
15
38
6
8510
7253
9.46
114
4.12
40
5.83
8515
8516
52.13
143
4
16
8.6
8500
8499
113.2
140
8.94
34
10.2
8505
8497
-30.07
170
21.19
73
4.12
8489
8491
130.43
171
31.24
48
7.07
5977
3295
47.73
149
11.18
47
8
7017
8506
199.18
147
5
7
20.4
693
8507
260.54
126
9.9
51
10.3
6788
8508
180
117
4.47
10
22.36
8489
8517
140.19
162
30.08
74
9.85
8513
8491
30.07
144
15.23
43
13.34
8481
7429
26.57
124
8.06
18
21.21
8512
8506
41.99
156
7.62
9
20.25
8512
8511
239.04
161
10.2
23
8.6
1017
4671
150.95
161
18.25
60
7
8509
7253
80.54
151
11.7
71
6.08
8492
8513
160.35
137
9.85
41
10.3
799
8497
126.87
149
16.16
53
10.44
8518
8499
-45
157
16.16
52
8.06
4671
8509
116.57
168
19.21
26
9
8487
8514
12.8
103
9
23
22.36
7253
8516
80.54
112
5.83
28
11.4
5977
8519
196.39
119
9.22
31
15.52
7429
245
30.47
129
14.14
45
15.52
8491
8513
210.07
129
7.07
17
18.44
8507
8519
220.1
141
11.18
23
17.72
8506
8512
221.99
154
10.77
15
17.89
8517
8513
192.53
127
9.85
32
14.87
8520
8508
30.26
143
10.77
18
20.4
8519
8514
216.47
135
14.14
28
21.21
8499
8521
186.71
109
10.2
34
17
8522
8497
2.6
107
12.37
32
21.95
8509
4671
-63.43
155
16.4
30
14.04
8516
8520
45
147
10.2
18
17.89
1017
8523
125.31
155
20.59
39
14.04
693
8524
209.05
129
12.17
36
16.12
8525
8505
17.74
122
12.37
28
22.36
8499
8518
135
129
17.12
55
16.28
8497
8522
182.6
110
10.44
27
21.02
8509
8526
28.07
128
12.17
45
13.6
8527
1017
208.44
126
17.12
38
22.36
7253
8528
41.19
141
12.17
33
14.14
8519
8507
40.1
140
18.25
47
16.12
8508
8520
210.26
135
12.37
24
21.1
8514
8519
36.47
134
17.12
36
21
8523
8526
83.66
122
16.4
55
17
8524
693
29.05
129
18.25
57
17
8520
8516
225
150
16.49
36
14.14
8505
8525
197.74
122
12.37
28
22.36
8523
1017
-54.69
146
20.25
42
17.12
1017
8527
28.44
126
17.12
38
22.36
8528
7253
221.19
141
18.25
58
13.6
8524
8527
216.87
137
18.25
36
21
8528
8525
35.75
140
16.49
30
21.1
8518
5101
203.5
125
16.28
40
20.88
5101
8518
23.5
126
19.42
48
21.02
6190
8523
212.47
131
21.21
52
20.25
8523
6190
32.47
129
18.11
43
20.4
8521
8529
212.01
132
18.25
40
21.21
8530
8522
27.41
133
18.68
37
22.36
8527
8524
36.87
135
21.21
45
21.21
8525
8528
215.75
142
18.68
35
20
8529
3076
214.22
133
21.21
44
22.36
8526
8530
38.05
138
18.25
38
20
8529
8521
32.01
133
21.38
48
20.88
8522
8530
207.41
130
19.42
39
23.54
3076
8529
34.22
133
21.21
44
22.36
8530
8526
218.05
136
22.2
49
20.4
5101
6190
213.18
134
21.38
43
22.36
6190
5101
33.18
131
22.2
45
23.54
8531
8532
-27.47
180
2.24
0
25.94
8532
8533
-79.22
165
20.12
69
5.83
8537
8535
141.15
148
9.06
7
38.9
8540
8538
120.07
135
8.25
20
17.26
8542
8541
137.29
142
14.04
52
11.05
8539
5425
-74.74
120
8.25
20
20.1
5425
8533
-50.71
157
25.94
28
21.38
8542
8539
91.97
135
17.69
37
20.81
8535
8537
-38.85
146
14.04
12
35.61
8533
5425
129.29
169
41.23
74
8.6
8539
8542
-88.03
167
22.8
37
8.6
8533
8542
140.91
130
10.2
12
35.61
8543
8544
-64.98
154
6.4
14
11.18
8547
8545
-2.73
171
17.12
34
5
8546
8548
172.41
166
17.12
17
14.32
8548
6706
10.89
178
13.34
2
13.15
8544
8550
-55.01
125
3
13
10.77
8548
8546
-7.59
162
26.48
58
9.85
8553
8551
81.57
177
11.05
2
16.28
8382
8554
99.46
151
6.4
13
13.04
8556
8557
-14.04
130
5
12
17.89
8560
8559
-79.99
167
7.62
10
10
6230
6568
114.44
115
3
14
11.18
8550
8398
-90
168
26.68
71
6.32
8550
8563
213.18
162
22.8
37
12.04
6706
8564
177.27
169
13.15
17
8.54
8566
8561
174.09
130
9.9
18
24.17
8567
8563
81.47
151
8.54
18
13.42
8554
5350
-54.46
132
9.06
31
13.04
8569
7444
5.04
156
30.02
61
14.42
4807
8382
22.83
162
19.85
74
6.4
7444
5719
45
141
11.05
45
10
8564
2285
131.63
159
6.71
7
18.03
8558
8203
184.4
148
5
7
22.02
8573
8553
127.69
159
11.66
14
17.46
6568
8570
204.78
142
6.71
24
10
8205
8574
63.43
154
28
35
21.47
8398
8550
90
126
17.2
37
22.8
2285
8576
-23.63
163
9.06
16
9.22
8398
8565
-15.95
146
6.32
8
24.17
8565
8560
-12.53
123
9.9
32
15.56
8393
5142
118.44
161
25.5
69
9.22
8567
8562
51.71
151
20.22
56
12.04
8577
8559
-49.4
113
9.49
30
17.26
8554
8382
-80.54
154
17.2
69
8.06
8551
8553
261.57
152
8.54
11
20.25
8575
8576
-40.6
158
3.16
10
6.4
8579
8580
66.37
157
15
58
7.07
8213
6230
143.75
149
11.05
31
10.77
8580
8579
246.37
144
13.34
49
10.44
2285
8564
-48.37
156
17.46
41
11
8225
8037
171.87
120
11.4
49
13.04
8050
8564
194.04
128
7.62
16
21.02
8560
8565
167.47
150
9.49
25
11.4
8578
2883
135
154
3.16
6
12.81
8557
8556
165.96
110
10.82
30
19.8
8564
8415
30.96
121
11
28
20.02
6230
8225
84.29
150
12.08
32
11.4
8581
5538
26.57
103
4.12
17
13.15
8037
8570
250.56
129
13.04
45
14.32
8424
8582
0
162
9.49
18
9.49
8564
8050
14.04
164
23.32
70
7.21
8424
8050
73.74
177
17.46
6
7.62
8415
8578
170.54
168
20.02
41
6.4
8583
8203
57.99
118
5.83
37
8.54
8556
8203
177.4
164
20.62
68
6.32
8045
8584
50.19
177
23.6
5
15.56
8553
8573
-52.31
156
23.71
57
11.7
5350
8382
209.74
106
4.12
29
8
8585
8565
16.19
117
17.26
32
29.12
8562
8585
-67.83
148
17.2
32
17.26
8443
8567
115.02
143
23.71
45
20.25
8229
8587
93.37
176
7.07
3
10
8400
7444
-56.31
131
9.06
38
11.05
8585
8562
112.17
130
27.2
60
24.21
8203
8583
237.99
130
6.32
42
7.28
8205
5139
90
159
26.93
73
10.44
8565
8588
-86.42
132
11.4
45
12.04
8555
8589
155.22
139
13.6
65
10
8579
5538
90
127
15
63
13.42
8415
8427
150.52
160
24.33
66
9.06
8556
8413
194.04
156
12.81
30
10.44
8403
8592
52.43
169
6.71
2
26.25
4807
8593
-20.56
137
20.62
53
17.72
8427
8415
-29.48
171
14.87
12
12.04
6846
8205
264.09
177
22.02
10
7.28
8584
4846
-60.26
165
5.66
4
18.79
4846
8594
225
159
7.62
4
32.65
8419
1735
-14.04
128
12.81
30
19.8
8596
8573
162.35
169
9.06
7
14.32
8050
8424
253.74
146
12.65
26
16.28
8600
8598
-90
141
7.81
59
5.83
8591
8213
215.54
153
6.71
15
11.7
8225
6230
264.29
111
11.18
32
19.21
8213
4127
96.58
133
18.6
45
19.21
8594
8601
161.57
144
9.49
48
7.62
4127
8392
94.9
122
11.18
18
30.81
3342
8037
203.96
136
10.77
32
14.14
8602
8599
49.4
172
13.04
18
5.83
8603
8570
-66.04
155
29.07
43
18.03
8430
8431
-13.24
153
12.37
41
8.6
8567
8443
-64.98
133
27.2
53
25.06
8597
8424
227.49
151
9.22
29
9.49
8585
8588
-12.34
152
32.28
74
16.03
8604
8427
-38.16
155
9.22
22
10.3
6846
3137
267.4
164
4.12
3
18.11
8578
8604
123.02
169
15.56
20
9.22
8597
8446
55.3
127
12.65
50
13.04
6007
8400
31.43
122
17
49
18.97
8037
8607
74.48
152
13.34
42
9.43
8037
3342
23.96
130
18.68
61
16.4
8382
8593
-73.61
107
8
26
17.26
8429
8609
-59.04
103
3.16
15
11.4
8609
8429
120.96
103
3.16
15
11.4
8601
8591
242.59
130
7.62
12
26.25
8593
4807
159.44
165
25.08
77
7.07
8588
6773
-24.62
108
12.04
26
25.61
8229
8427
-60.95
146
6.71
38
6.08
8596
8443
135
153
23.09
64
11.7
8392
4127
-85.1
121
27.73
48
31.83
8613
8257
156.8
167
6.08
8
9.43
8604
8578
-56.98
162
17.8
39
9.06
8444
3137
118.07
157
12.81
44
7.28
8594
8431
108.43
127
12.65
63
11.31
4127
8213
-83.42
140
23.35
61
17.2
8614
8045
205.82
166
34.06
80
8.6
8570
8444
137.49
144
9.06
30
10.44
8584
8045
230.19
119
16.16
24
34.44
8570
3137
127.57
171
16.28
9
17
8431
8430
166.76
122
11.31
39
15
8603
8037
-40.82
158
3.16
2
26.17
8428
8593
34.08
144
26.57
38
25.08
8419
3342
-57.38
137
24.74
55
20.62
8570
8603
113.96
167
32.8
45
10.77
8428
8612
139.76
160
14.87
59
6.08
8615
8037
-43.45
154
16.76
33
13.34
8594
8614
57.09
129
12.65
16
34.06
3342
8419
122.62
161
16.4
21
15.3
8613
8597
128.66
152
15.23
51
9.22
8595
8616
-71.57
115
9.06
42
12.08
8605
3137
263.66
160
8.25
15
10.77
4127
8601
19.54
154
31.83
72
15
8205
8579
111.8
142
18.36
42
17.09
8612
8587
109.29
136
6.71
15
17.03
8614
8594
237.09
103
8.49
12
39.6
8617
8205
18.43
117
15.13
47
18.36
8618
8585
126.16
134
31.26
64
25.06
8601
4127
199.54
137
30.41
62
23.35
8581
8593
259.99
117
15
51
17
8606
8400
-18.43
147
15.52
54
10.44
8588
8585
167.66
113
23.02
41
32.2
4846
8584
119.74
165
8.49
7
16.16
8461
8597
156.25
140
13.6
27
19.21
8205
8617
198.43
166
13.04
26
7.07
8593
8428
214.08
140
18.68
24
29.43
8588
8621
-58.67
146
26.4
71
15.62
8597
315
18.43
144
15.81
36
15.81
8597
8461
-23.75
138
25.3
63
19.03
8615
8605
119.05
138
3.16
15
8.25
8612
8428
-40.24
130
16.28
61
14.32
8622
8443
150.8
155
16.03
15
25.46
8205
8619
212.47
146
13
72
7.81
8623
8609
41.99
174
10.63
23
3.16
1403
8446
182.73
138
8.49
21
15.81
8624
8625
-85.6
151
7.21
27
7.62
8626
8620
24.68
149
14.42
14
29.43
8443
8622
-29.2
159
31.26
49
15.3
1688
8579
69.44
112
12.04
41
17
6773
8627
260.54
163
14.14
14
17.46
8629
8609
90
162
9.49
71
3.16
8630
8609
63.43
166
9.22
45
3.16
8617
1688
82.41
139
7.21
26
10.82
8631
8590
-63.43
117
5
26
10
315
8600
-16.7
119
8.49
23
18.44
8627
6773
80.54
156
18.68
30
15.62
8593
8624
-79.99
142
12.04
43
10.82
8616
8622
25.46
140
12.08
29
16.03
8632
8617
90
150
5.83
23
7.62
8593
8620
254.48
155
17.26
67
8.06
350
8607
-34.7
115
11.66
43
15.3
8633
8588
104.93
133
23.71
49
23.02
8634
315
96.12
174
9.22
3
19.03
8588
8633
-75.07
164
26.93
55
9.22
8600
8635
238.39
149
9
31
8.94
8621
8637
252.9
163
10
9
17.89
8607
350
145.3
114
9.43
35
14.87
8625
8624
94.4
119
9.85
46
12.04
8602
8598
57.53
140
7.07
30
8.94
3604
8590
-4.97
152
19.7
58
11.18
8632
8619
57.53
148
12
65
7.07
315
8635
-57.72
139
20.88
63
15.26
8633
8618
152.35
140
18.44
51
15.3
8638
8624
48.37
139
8
41
8.06
8632
8606
24.78
148
13.04
64
7.81
6514
8625
27.76
154
17.2
51
9.85
8635
8634
225
127
7.07
33
10.2
8637
8639
190.3
171
11.7
10
11
8615
8608
-17.35
124
14.21
52
14.87
8637
8621
72.9
169
19.1
23
9.22
8612
8641
63.43
135
21.19
51
19.42
8587
8641
11.89
139
15
50
12.81
8620
8626
204.68
167
29.21
28
14.04
8641
8612
243.43
143
21.38
52
16.28
3604
8642
-17.1
168
23.09
46
6.71
315
8634
-83.88
154
22.47
51
12.73
8622
8639
252.47
135
14.76
47
14.32
8419
7004
149.74
119
11.66
50
13.15
8626
6514
-10.49
174
14.04
6
13.6
8643
8633
57.09
119
14.76
44
18.44
3985
7324
9.09
129
24.19
61
21.4
8620
6925
218.05
129
8
14
25.08
7324
8590
124.82
178
21.4
8
6.71
8639
8637
10.3
166
14.32
22
9.22
8633
8643
237.09
154
19.1
69
9.22
8638
6925
203.5
150
17.2
40
13.6
350
8644
211.61
173
14.21
58
2.24
3985
8642
60.26
140
21.38
60
16
8642
3604
162.9
163
16
21
12.81
8485
8645
239.93
150
2
2
20.25
8648
8647
-46.22
171
25
25
9.49
8647
8649
164.05
104
10.3
20
28.6
8645
8485
59.93
150
4
6
18.6
8650
8500
-74.48
180
17.72
15
1
5921
8651
100.78
175
17.72
24
4.12
465
8652
221.63
132
4
7
21.63
7874
8649
143.53
156
14.32
20
16.64
8656
8654
100.78
180
5.1
0
16.28
5503
8657
225
154
3.16
7
11.4
8658
8655
-76.76
149
1.41
2
16.28
2780
5492
-65.22
174
11.66
24
3
8660
8659
206.57
127
6.08
13
21.59
5508
8657
232.43
143
3
7
14.14
465
8485
53.75
158
8.25
15
11.4
8651
8662
125.84
167
18.44
45
6.08
8652
465
41.63
142
6.08
11
19.72
8656
8663
-54.78
168
14.87
27
7.07
8511
8335
59.93
169
3.16
1
18.87
4967
8653
-31.43
131
9.49
25
16.64
8665
8666
68.2
159
9
23
8.49
8667
5505
-45
156
8.54
59
4.12
8335
8668
40.1
164
3.61
2
21.4
5505
8670
213.69
138
4.12
19
8.25
8500
8650
105.52
165
11.66
22
8.06
8672
8671
187.77
106
7.07
18
21.38
8663
8671
-31.43
162
18.44
58
7
8661
8650
-50.91
170
18.44
53
4.12
8673
8674
114.44
173
9.43
24
3
8647
8648
133.78
170
29.41
51
7.07
8664
8655
128.66
171
14.87
27
5.1
8662
8676
148.57
166
20.88
80
5.39
8647
8675
144.69
161
29.12
78
9.85
8658
8655
-76.76
162
9.43
19
9.06
8677
8678
57.26
166
3.16
3
13.6
8679
8680
20.56
142
5.83
9
21.38
8681
8510
141.34
142
6
65
4.12
8659
8660
26.57
125
7.07
15
21.38
8665
8648
30.07
142
16.16
47
13.6
8657
5508
52.43
153
11.18
38
8.25
5492
2780
114.78
136
8.54
36
10.2
8682
8676
2.39
124
5.83
13
21.38
8510
7037
48.81
139
5
25
7.62
8649
8665
160.35
142
9.49
38
9.43
8335
8511
239.93
171
8.54
5
13.6
8668
8335
220.1
162
5.83
5
19.42
8299
8664
149.93
163
18.44
51
7.07
8667
8670
261.25
127
9.9
47
10.82
8672
8299
169.7
162
22.2
79
7
6381
8661
-32.28
165
20.88
67
6.08
8664
8673
114.62
166
19.21
30
9.06
8674
8673
-65.56
115
6
29
11.05
8660
465
30.47
130
12.17
38
15.13
8657
8683
199.44
124
8.25
27
15.13
8678
8677
237.26
158
11.18
34
7.62
8680
8679
200.56
142
5.83
9
21.38
8648
8665
210.07
129
7.07
17
18.44
8676
8682
182.39
115
5.39
12
22.36
8684
2780
-42.88
156
15.81
54
8.06
8678
8679
45
156
8.54
10
19.42
8681
7037
80.54
120
6.4
31
10.63
8650
8661
129.09
148
15.81
49
11.18
8675
8665
192.53
127
9.85
32
14.87
8683
8672
214.82
135
12.17
24
21.38
8670
8683
221.82
143
11.18
22
18.03
8673
8664
-65.38
158
16.28
29
13.04
8299
4471
126.87
157
21.95
41
13.04
2780
8685
193.24
115
10.2
35
16.16
8667
8686
213.69
133
13.15
37
16.03
8679
8678
225
150
12.37
21
17.46
8688
8299
204.62
123
15.13
34
22.36
7037
8687
45
146
11.18
21
17.46
8687
8682
33.69
138
12.37
22
21.38
8661
6381
147.72
143
22.09
69
14.32
2780
8684
137.12
124
17.46
57
17.26
8673
8690
23.2
119
11.05
44
13.93
8683
8670
41.82
142
18.25
45
16.03
8672
8683
34.82
133
15.13
32
21.02
8661
8689
185.19
106
11.18
29
21.93
8691
6381
21.8
124
14.32
32
22.36
4471
8299
-53.13
153
21.02
40
15.03
8681
5287
39.09
139
12.17
35
14.04
4471
8690
83.29
126
16.28
60
15.23
8686
8667
33.69
134
18.25
55
16.16
8299
8688
24.62
119
15.03
34
23.35
8682
8687
213.69
136
14.32
28
21.1
8687
7037
225
149
17.46
40
14.04
8686
8688
218.37
138
18.25
35
21.02
6381
8691
201.8
124
14.32
32
22.36
5287
8681
219.09
139
18.25
60
13.93
8684
8692
204.62
125
17.26
40
21.84
5287
8691
37.23
141
17.46
31
21.1
380
4471
208.61
127
21.21
53
21.02
8692
8684
24.62
126
20.4
48
21.93
4471
380
28.61
126
17.12
42
20.62
8688
8686
38.37
137
21.21
43
21.1
8685
2783
213.69
134
18.25
39
21.1
2783
8160
213.18
132
21.21
43
23.35
8693
8689
31.61
133
20.4
41
22.36
8690
8693
35.31
135
18.25
38
21.02
8691
5287
217.23
139
20.4
39
21.02
2783
8685
33.69
132
22.2
49
21.84
8160
2783
33.18
132
21.21
43
23.35
8689
8693
211.61
133
20.4
41
22.36
8693
8690
215.31
136
22.36
49
20.62
8692
380
214.7
133
22.2
44
23.35
380
8692
34.7
135
22.36
45
22.36
8696
8694
-6.17
169
11.05
4
26.48
2172
8697
159.78
115
2.83
7
19.24
8700
8698
-81.87
166
18.38
53
5.66
8700
8702
152.53
178
26.4
35
2.24
8705
8703
139.54
154
8.25
5
37.48
8701
8698
-49.84
155
26.4
32
21.21
8707
8706
135
144
13.15
45
11
8703
8705
-40.46
149
13.15
11
34.21
8708
8701
-77.2
110
8.06
20
21.21
8698
8701
130.16
169
40.61
75
8.6
8698
8707
142
132
11.18
14
34.21
8707
8708
90
135
18.38
39
20.62
8708
8707
-90
168
22.56
35
8.6
1858
8710
0
177
17.03
14
4.12
8713
8714
-66.37
164
7.81
12
10.2
8711
8715
170.22
167
17.03
16
13.42
8718
8716
-82.87
157
5.83
12
11.05
8721
8719
81.57
177
12.04
2
15.3
8715
8722
9.09
177
13.34
4
12.04
8724
8721
128.99
162
13.04
15
15.23
8714
8726
-55.01
144
3.16
11
9.85
8726
8728
-90
170
26.48
68
5.39
8716
8730
130.24
147
10.44
34
10.05
8715
8711
-9.78
162
25.32
56
9.85
8726
8732
213.18
160
23.6
42
12.17
8734
8727
174.09
130
9.9
18
24.17
8735
8732
81.47
151
8.54
18
13.42
8725
8712
114.44
133
3.16
13
10.2
8730
8716
-49.76
112
9.49
33
16.12
8733
8718
-15.52
120
9.9
31
16.28
8728
8733
-16.5
142
5.39
7
24.17
8722
8736
177.27
173
12.04
9
9.22
8719
8721
261.57
152
8.54
11
20.25
8728
8726
90
123
16.64
36
23.6
8735
8731
50.19
149
20.22
59
12.17
8739
8737
5.19
161
28.64
57
11.4
8737
7623
45
148
9.22
32
9.22
8736
2285
133.26
172
6.4
3
17.03
8718
8733
164.48
147
9.49
26
12.04
8712
8570
208.3
157
6.4
15
9.22
8556
8741
-11.31
124
5.66
15
17.89
8382
8743
98.97
156
7.21
13
13.04
2285
8576
-23.63
151
10.05
29
10
8721
8724
-51.01
158
22.83
55
10.44
5041
8725
139.4
157
10.44
25
9.85
8746
8735
113.43
143
22.83
43
20.25
8747
8748
64.59
155
29
34
21.95
4807
8382
22.83
160
20.52
79
7.21
8749
8736
191.31
135
7.21
14
21.02
2285
8736
-46.74
157
17.46
43
10
8752
8750
3.37
171
9.22
10
8.06
8743
5350
-56.31
131
9.06
29
14.04
8755
8724
159.15
167
8.06
7
14.76
8756
8733
18.43
118
18.25
34
28.16
8393
8757
116.57
159
25.5
60
10.82
8742
8203
186.58
142
5.66
9
22.02
8736
8415
28.81
119
10
25
20.02
8731
8756
-67.83
145
16.64
31
18.25
8225
8037
171.87
124
10.63
46
12.21
8733
8758
-86.63
135
12.04
45
12.04
8725
8225
83.99
150
12.08
35
10.63
8752
8749
73.07
174
17.26
16
7.21
8756
8731
112.17
132
27.51
61
23.43
8736
8749
11.31
163
22.83
61
7.81
8037
8570
250.56
126
12.21
42
14.76
8743
8382
-81.03
156
18.03
69
8.06
8415
8578
170.54
168
20.02
41
6.4
8755
8746
135
156
22.47
61
10.44
8759
8760
248.75
147
14.32
46
10.77
8735
8746
-66.57
133
27.51
55
24.7
8556
8761
-46.97
145
20.4
71
12.53
8756
8758
-12.72
149
31.62
73
17.03
8738
8737
-52.13
128
9
50
9.22
8758
8762
-22.62
110
12.04
27
24.84
8754
8763
-75.96
112
8.06
38
12.08
8600
8764
-90
129
6.4
39
7.81
8749
8752
253.07
150
12.37
25
14.87
5802
8592
49.97
179
6.4
0
26.25
8415
8766
149.42
159
24.33
71
9.22
8602
8765
53.13
179
12.21
2
7.81
6234
5152
93.81
176
7.07
3
8
8591
5041
213.69
163
6.4
9
12.08
8583
8203
57.99
118
5.83
37
8.54
8597
8752
227.73
145
9.06
35
9.22
8045
8584
50.19
178
25
5
14.14
8556
8203
177.4
161
20.88
71
7.28
8766
8415
-30.58
171
13.93
11
12.04
5041
8768
94.57
136
18.44
47
17.69
5350
8382
209.74
109
5.1
36
8.06
8747
5139
90
159
26.93
68
10.77
8770
8756
124.7
134
31.4
66
24.7
8225
8725
263.99
115
11.66
36
17.69
8613
8751
155.22
174
6.32
4
8.06
8597
8771
53.13
130
12.37
53
12
6625
8747
264.47
177
23.02
8
8.25
8758
8756
167.28
112
23.02
42
31.62
4610
8738
26.57
117
15
45
18.97
8203
8583
237.99
133
7.28
49
7.07
8594
8601
161.57
144
9.49
48
7.62
4846
8594
225
169
7.21
2
32.56
8774
8746
150.07
154
15.03
15
25.46
8760
5538
90
127
15
59
13.89
8603
8570
-66.04
155
29.07
43
18.03
8768
8392
94.76
126
11.66
17
30.81
8775
8037
201.25
136
9.85
29
14.14
8777
8744
24.78
115
10
41
13.6
8758
8778
-58.67
144
26
68
16.4
4807
8779
-22.62
135
20.62
51
18.68
8556
549
196.7
155
13.45
33
10.44
8762
8781
259.05
165
14.04
11
18.38
8746
8774
-29.93
160
31.4
51
14.14
8578
8783
122.28
170
16.28
24
7.07
8783
8766
-35.54
145
8
23
11.66
8601
8591
242.59
130
7.62
12
26.25
5799
8784
-13.24
149
12.65
44
9.43
8768
5041
-85.43
136
22.67
60
18.03
8037
8775
21.25
128
17.72
58
16.4
8763
8774
26.57
142
12.08
30
15.03
8584
4846
-60.26
157
5
5
19.7
8037
8785
73.61
150
12.37
41
9.43
8613
8597
128.66
154
14.32
44
9.06
8570
8788
140.19
141
9
33
10.44
8783
8578
-57.72
158
17.2
44
9.22
6234
8766
-59.04
161
7.81
30
5
6625
3137
267.51
169
6.08
4
17.12
8781
8762
79.05
157
18.44
26
16.4
8788
3137
116.57
156
12.81
40
8.25
8392
8768
-85.24
123
28.18
48
31.83
8780
8761
-14.04
124
13.45
32
20.52
8601
8594
-18.43
121
10.63
51
11.7
8570
3137
127.57
168
15.62
11
17.89
8779
4807
157.38
165
25.18
75
7.07
8382
8779
-74.48
113
8.06
25
17.26
8429
7679
-61.39
101
3.16
14
12.37
7679
8429
118.61
101
3.16
14
12.37
8778
8793
250.91
161
9
8
19.24
7958
8597
157.07
142
14.56
28
19.21
8794
8758
104.93
133
23.71
49
23.02
8428
8789
142.43
164
13.93
52
5
8758
8794
-75.07
164
26.93
55
9.22
8570
8603
113.96
167
32.8
45
10.77
8784
5799
166.76
126
10.63
37
14.21
8784
3434
40.24
99
9.43
15
34.01
8428
8779
32.91
143
26.57
39
25.18
8603
8037
-40.82
173
3.61
1
25.5
8795
8037
-41.82
156
16.76
34
12.37
8601
8768
201.16
139
30.41
62
22.67
8768
8601
21.16
155
31.83
71
14.21
8594
3434
56.31
127
11.7
16
34.06
8597
7958
-22.93
141
25
60
18.11
8772
8738
-18.43
147
15.52
54
10.44
8584
8045
230.19
120
17.09
25
34.01
8780
8775
-57.38
137
24.74
55
20.62
8794
8770
152.35
144
19.24
54
14.14
8797
8747
18.43
117
15.13
47
18.36
8793
8798
188.13
172
10.44
8
11
8775
8780
122.62
161
16.4
21
15.3
8597
53
16.26
144
15
34
15.81
8747
8760
111.8
142
18.36
42
17.09
8789
5152
109.29
150
7.81
15
15.03
8790
3137
263.29
158
7.28
15
10.77
8747
8797
198.43
163
13.6
34
7.28
3434
8594
236.31
97
7.81
11
39.6
1403
8771
185.44
137
9.22
23
15.81
8793
8778
70.91
170
19.24
21
9.22
8779
8428
212.91
138
19.65
26
29.15
8747
538
216.03
149
13
69
7.21
536
8800
-85.24
147
6.4
27
7.62
8789
8428
-37.57
132
16.28
65
13.34
8802
2868
23.39
145
15.26
17
29.15
8769
8779
259.99
117
15
51
17
8774
8798
255.26
139
15.65
52
13
53
8600
-14.04
117
9.22
26
18.44
8805
8806
26.57
172
8.6
6
11.7
8803
8794
54.78
119
15.65
45
19.24
4846
8584
119.74
160
7.81
9
17.09
8795
8790
119.05
153
3.61
13
7.28
8600
8807
241.93
152
10
29
9.43
8798
8793
8.13
166
13
20
9.22
8797
8796
82.41
134
6.4
23
11.66
8602
8764
55.01
134
5.1
23
9.43
6729
8797
90
154
6.71
23
7.62
2897
7679
41.99
174
10.63
23
3.16
8796
8760
69.44
112
12.04
41
17
8794
8803
234.78
154
19.24
67
9.22
137
7679
95.71
162
9.85
77
3.16
2797
7679
63.43
166
9.22
45
3.16
8779
536
-80.54
142
12.04
40
11.66
8779
2868
255.26
156
18.25
68
8.06
53
8807
-59.04
135
20.62
59
17
8807
8634
217.87
117
5.1
26
10.2
6729
538
57.53
148
13
73
7.28
8800
536
94.76
114
9.49
46
12.04
8806
8777
-63.43
117
5
26
10
8785
8780
101.31
130
14.76
62
12.81
8808
8800
30.07
156
17.2
48
9.49
6729
8772
28.3
151
13.04
61
7.21
2489
536
48.37
139
8
41
8.06
53
8634
-83.66
156
23.32
58
11.4
8785
1040
151.7
120
9.43
39
13
2868
8802
203.39
166
29.21
31
14.14
8805
8777
-2.49
151
20.12
60
11.18
8802
8808
-12.53
176
14.14
4
13.6
8795
8787
-17.35
131
13.04
50
13
2868
8809
218.05
129
8
14
25.08
8789
8810
61.39
133
21.19
55
19.1
8810
8789
241.39
140
19.42
50
16.28
5152
8810
6.01
136
14.21
47
13.45
2489
8809
203.5
150
17.2
40
13.6
8801
7350
6.84
130
22.47
57
20.62
8805
8811
-19.09
164
23.02
50
8.54
8812
1040
-81.87
125
13.42
59
12.81
7350
8777
123.69
175
20.62
13
8.54
1040
8813
208.3
176
13.04
28
2
8801
8811
57.72
136
19.42
57
16
8811
8805
160.91
161
16
22
13.45
8816
8814
-43.73
168
23.32
29
10.44
8818
909
239.04
150
2
2
21.63
8814
8819
169.88
112
9.43
19
26.42
8065
8819
150.52
159
14.14
21
14.21
909
8818
59.04
164
4.12
3
19.42
8645
8820
221.63
146
4.12
6
20.81
8821
5492
-74.48
179
16.76
15
2
5696
8822
101.31
174
16.76
25
4.12
8824
8823
204.44
126
5.1
11
21.59
5496
6915
225
162
2.24
3
12.04
8825
8826
-79.22
178
17.46
10
4
5164
3221
-29.05
145
9.06
21
14.21
8829
8511
237.72
180
21.1
12
1.41
8820
8645
41.63
143
5.1
8
20.25
5503
6915
234.46
145
4
9
14.14
8830
8831
69.44
160
10
24
8.49
4139
8832
185.19
105
6.08
15
21.38
8645
8818
55.49
160
8.25
13
12.04
8826
8833
-54.16
171
16.97
26
6.08
2971
5275
-63.43
173
10.82
26
3
8833
8832
-31.43
165
18.68
58
6
8814
8816
136.27
167
27.78
53
8.06
8837
8836
221.63
146
4.12
15
8.94
8819
8814
-10.12
104
9.85
20
27.78
8838
8837
-35.54
152
8.06
68
4.12
5492
8821
105.52
162
10.82
21
9.06
8834
8827
126.87
172
16.97
36
4
8829
8511
237.72
175
4.47
1
18.03
8823
8824
24.44
124
6.08
13
21.38
8840
8841
111.04
175
11.18
21
3
8677
7942
58.57
168
3.16
2
18.03
8822
8842
125.84
164
17.8
43
7.07
8830
8816
30.07
141
17.09
51
13.93
8819
8830
156.8
151
9.06
31
8.6
5478
8821
-49.09
170
17.8
54
4.12
8839
8827
-74.48
169
11.18
15
8
7942
8843
41.82
159
4.47
4
21.4
6915
5503
54.46
156
10.2
27
8.94
8835
8834
149.93
166
18.68
50
6.08
4139
8835
169.7
165
22.09
79
6
8844
8845
129.81
149
6.32
53
4.12
8846
8847
55.3
160
4.12
6
12.04
5275
2971
116.57
124
8.06
36
11.18
8838
8836
261.25
117
8.6
39
12.04
8845
8848
40.6
131
4
24
7.28
8824
8645
32.91
133
12.17
36
15.03
8842
8850
146.31
158
20.4
70
8.25
6915
4907
202.38
127
8.25
26
15.03
8816
8830
210.07
128
8.06
20
18.25
8834
8840
116.57
170
20
26
8
8851
8852
24.62
138
7.62
13
21.38
7942
8677
238.57
168
9.49
10
12.04
4943
8830
189.46
124
9.85
32
15.23
8853
8850
9.46
116
7.28
17
22.2
8841
8840
-68.96
130
6.32
26
11.05
8843
7942
221.82
156
7.62
9
18.87
8849
5478
-30.07
162
20.4
68
7.07
4907
4139
214.82
135
12.17
24
21.38
8847
8846
235.3
156
11.18
39
7.28
8836
4907
221.82
144
10.2
19
18.38
8844
8848
80.54
131
7.81
39
9.22
806
2971
-38.16
150
15.13
58
9.06
8821
5478
130.91
139
15.13
49
13.15
8835
5480
129.29
160
21.95
44
11.05
8847
8851
45
154
9.49
12
18.87
8852
8851
204.62
131
7.28
14
22.36
8840
8834
-63.43
162
18.38
31
11.05
8850
8853
189.46
114
8.25
19
22.36
8854
8835
203.5
118
14.04
33
22.36
8838
8855
217.87
137
13.15
34
16.03
2971
8856
199.44
120
11.18
37
15.81
4139
4907
34.82
129
14.04
29
22.09
4907
8836
41.82
143
16.28
38
16.03
5480
8835
-50.71
153
20.62
43
14.04
8857
8844
153.43
139
15.52
68
11.05
8851
8847
225
148
13.34
24
17.09
8848
8858
43.36
144
11.18
22
17.09
8856
2971
19.44
120
17.26
57
17.8
8835
8854
23.5
118
14.04
33
22.36
8840
5480
-45
121
15.52
51
17.12
8859
5478
10.3
112
15.3
40
21.95
8858
8853
34.22
138
13.34
23
22.36
8855
8838
37.87
137
19.24
56
15.81
8844
8860
35.22
135
12.17
35
15
5478
8859
190.3
110
13.15
34
21.93
8855
8854
215.75
137
16.28
30
22.09
8861
8849
22.93
128
15.52
33
22.36
8858
8848
223.36
144
17.26
43
15
8860
8844
215.22
135
19.24
61
15.65
8853
8858
214.22
140
15.52
28
21.1
8862
5480
206.57
126
19.24
49
20.62
8849
8861
202.93
125
15.3
32
23.35
8854
8855
35.75
135
20.22
40
22.09
8863
7708
212.62
132
20.22
42
22.36
5480
8862
26.57
124
17.12
43
20.88
806
8864
206.57
127
17.26
39
21.59
8856
8863
214.22
134
19.24
39
22.09
8860
8861
38.37
139
17.26
32
21.1
8864
806
26.57
128
21.38
50
21.93
7708
8863
32.62
132
19.24
40
22.2
8863
8856
34.22
135
22.36
47
21.59
8857
8865
36.47
136
19.24
42
20.1
8865
8859
32.2
133
21.38
42
23.35
8861
8860
218.37
140
21.38
44
20.1
8865
8857
216.47
134
23.19
53
20.88
8859
8865
212.2
133
21.38
42
23.35
8864
8862
216.16
137
22.36
43
22.2
8862
8864
36.16
134
23.19
46
23.35
8868
8866
-81.47
165
17.46
53
5.66
8870
6075
139.69
156
7.28
4
36.77
8868
8872
150.75
177
25.5
27
3.61
8871
8866
-50.01
156
25.5
31
20.22
8873
7311
132.71
143
12.17
42
11
6075
8870
-40.31
150
12.17
10
33.42
8866
8873
143.13
133
11.18
14
33.42
8866
8871
129.99
167
40
80
9.22
8874
8871
-76.61
104
7
18
21.1
8873
8874
87.95
136
17.69
38
19.85
8874
8873
267.95
165
21.59
38
9.22
8878
8876
-82.41
157
5.83
13
10.05
8881
8879
170.54
171
17
11
13.93
8883
8882
81.57
176
13.04
3
14.32
8884
8885
-69.44
171
8.06
8
9.22
8887
8883
127.3
166
12.81
12
14.32
8876
8889
135
152
10.44
37
8.06
8879
8891
6.84
174
13.34
6
12
8894
8892
174.09
133
10.63
19
23.26
8895
8896
-90
168
26.68
71
6.32
8889
8876
-45
112
9.85
37
15.13
827
8897
39.29
161
11.66
50
5.1
8899
8898
81.47
154
9.49
20
12.53
8895
8898
214.22
159
23.02
43
12.17
8893
8878
-12.53
127
10.63
35
14.87
8885
8895
-55.01
152
4.47
14
8.54
8879
8881
-9.46
164
25.18
48
9.43
8882
8883
261.57
154
9.49
12
19.31
8896
8893
-16.5
146
6.32
8
23.26
8899
8900
50.19
149
20.22
59
12.17
8883
8887
-52.7
159
23.32
61
9.85
8878
8893
167.47
144
9.85
29
12.04
8902
7949
185.71
177
25.32
17
5.1
8896
8895
90
125
15.81
34
23.02
6010
5784
118.61
146
4.47
16
9.22
8904
8887
157.75
177
9.49
2
14.32
8891
8905
177.27
178
12
3
9.06
8901
8899
113.43
145
23.32
44
19.31
8908
8906
1.74
162
26.57
46
11.31
8906
4152
47.49
152
8.25
23
9.85
8905
8910
133.26
179
7.07
0
16.28
8911
8893
20.14
120
19.24
36
28.16
8904
8901
135
158
23.77
68
9.85
5784
8570
213.69
161
5
9
9.85
8893
8912
-83.29
139
12.04
44
11.4
8900
8911
-70.35
145
15.81
28
19.24
8913
6010
139.4
160
11.7
28
8.54
8911
8900
109.65
132
26.93
59
23.43
8903
8914
-72.9
126
9.49
43
11.18
8910
8915
-22.38
152
10.05
26
10.63
5353
8916
6.34
174
9.22
6
9
8899
8901
-66.57
136
26.93
54
23.32
8918
8905
191.31
135
7.21
14
21.02
8911
8912
-10.62
150
31.95
72
17.12
8912
8919
-23.5
105
11.4
26
24.84
8910
8905
-46.74
156
18.38
48
10.05
5353
8918
73.07
174
17.26
16
7.21
8905
8415
26.57
123
10.05
26
19
8556
8920
-8.53
121
6.4
18
17.89
8382
8743
98.97
163
8.94
14
11.05
6010
8225
83.66
146
12.53
42
10.63
8905
8918
11.31
165
22.36
56
7.07
8225
7659
167.91
127
10.63
46
11.66
8747
8897
65.14
156
30
35
21.95
8923
8911
125.75
136
30.41
66
23.32
8924
8901
149.3
154
14.04
14
25.46
7659
8570
251.57
131
11.66
37
14.42
8921
4807
226.85
111
8.94
24
20.62
4226
405
116.57
157
24.84
57
11.66
8919
8925
256.87
163
14.04
13
17.89
8415
8578
170.54
171
19
29
6.4
8914
8924
25.35
142
11.18
29
14.04
8901
8924
-30.7
159
30.41
51
14.14
8912
8911
169.38
116
23.6
43
30.81
8907
8906
-45
135
10
59
8.25
8912
8927
-60.52
143
25.08
67
16.4
8902
8203
188.75
138
6.4
11
22.02
8743
5350
-56.31
131
9.06
29
14.04
8928
8602
236.31
179
9.43
1
12.21
8600
8764
-90
112
5.39
32
9.43
8925
8919
76.87
157
17.26
24
16.4
8918
5353
253.07
151
13.34
28
14.14
8597
5353
225
143
8.06
32
9.22
8927
8930
250.2
168
8.06
5
18.79
8931
8913
212.74
154
5.83
12
11.7
8613
8917
151.7
179
6.71
1
8.06
5802
8933
51.07
173
5.83
1
27.66
8930
8934
188.13
177
10.2
2
11.05
8743
8382
-81.03
156
18.03
69
8.06
8936
8912
101.31
131
22.83
47
23.6
8415
8766
149.42
159
24.33
71
9.22
8913
8768
94.76
136
18.44
49
16.97
8912
8936
-78.69
162
26.42
56
9.9
8556
1495
-48.81
140
20.22
65
14.32
8936
8923
151.19
142
18.25
53
14.14
8597
8771
53.13
131
13.34
57
12.04
8766
8415
-30.58
171
13.93
11
12.04
8225
6010
263.66
115
11.66
38
16.97
7534
8907
25.2
116
13
41
17.72
6234
8938
94.09
177
8.06
4
6
8930
8927
70.2
167
18.11
25
9.9
8924
8934
254.48
138
15.65
56
12.65
8613
8597
128.66
157
14.76
45
8.06
8768
8913
-85.24
138
21.93
62
16.64
8594
8940
165.96
154
9.22
45
5.83
8934
8930
8.13
170
12.65
14
9.06
8747
8922
90
158
26
59
11.66
8939
8936
57.09
121
15.65
47
18.25
8942
8570
-65.43
153
27.8
43
18.97
4973
8203
60.95
125
6.71
40
8.54
8943
8944
48.12
177
25.61
6
13.45
8940
8931
240.02
120
5.83
10
27.66
8556
8203
177.4
161
20.88
71
7.28
6625
8747
264.47
177
24.02
10
7.28
8768
8392
94.76
126
11.66
17
30.81
8945
7659
195.52
133
8.94
27
14.32
7998
8597
158.96
140
14.87
30
19.21
8570
8788
140.19
141
10
38
10.2
8578
8946
123.69
172
16.28
24
6.08
8947
8594
223.96
173
6.4
1
32.56
8936
8939
237.09
154
18.11
63
9.06
5350
8382
209.74
109
5.1
36
8.06
8946
8766
-32.74
141
8.06
26
11.66
8946
8578
-56.31
157
16.64
46
9.22
7659
8945
15.52
123
16.76
55
17.03
8948
6220
-13.24
149
12.65
44
9.43
4807
8949
-24.62
133
20.62
50
19.65
8203
4973
240.95
135
7.28
45
7.28
6234
8766
-59.04
166
8.49
30
4
8788
4414
118.07
157
12.81
44
7.28
7659
8785
72.65
148
11.4
40
9.43
8570
4414
128.66
169
15.62
10
17
8597
7998
-21.04
145
24.74
61
16.12
8940
8594
-14.04
118
10.63
51
12.08
8556
549
196.7
152
14.14
38
10.77
8952
8921
34.7
125
10
39
13.04
8392
8768
-85.24
124
27.29
47
31.14
6625
4414
267.61
169
6.08
3
18.11
8951
1495
-14.04
121
14.14
34
21.26
8597
4791
14.04
141
15
35
16.16
8428
8950
145.3
167
13.93
55
4
8940
8768
199.54
140
30.02
62
21.93
6523
8907
-16.39
146
15.81
62
10.2
8570
8942
114.57
166
32.02
46
10.77
8944
8947
-60.26
147
4.47
6
20.62
8949
4807
155.38
163
25.18
72
8.06
6220
8948
166.76
118
10.63
36
15.62
8768
8940
19.54
152
31.14
69
15.62
8428
8949
31.7
143
25.63
38
25.18
8954
8771
182.73
134
9.22
24
16.16
8955
7659
-38.29
156
16.49
36
11.4
8382
8949
-75.26
112
8.06
24
18.25
8429
373
-63.43
99
3.16
13
13.34
373
8429
116.57
99
3.16
13
13.34
1860
8747
21.25
119
15.13
47
17.89
4791
8957
-83.66
180
16.12
1
11.05
8958
8943
202.11
165
34.21
80
9.43
8747
1860
201.25
162
14.21
37
7.28
8594
8958
55.49
122
12.08
17
34.21
8602
8764
55.01
134
5.1
23
9.43
4791
8600
-11.31
120
9.22
26
17.8
8600
8807
241.93
152
10
29
9.43
8747
8941
112.62
140
17.89
43
17.09
8945
8951
122.62
163
17.03
20
14.32
8950
8938
109.29
155
8.49
15
14.04
8951
8945
-57.38
137
24.74
55
20.62
8747
8959
219.29
151
13.93
72
7.21
8790
4414
263.66
160
8.25
15
10.77
8960
2868
24.68
145
16.12
18
29.15
536
8800
-85.24
152
7.21
31
6.71
8944
8943
228.12
118
17.09
26
34.54
8594
8947
43.96
169
38.83
83
7.81
8949
8428
211.7
138
18.68
25
29.15
2297
8950
190.01
119
12.65
44
15.81
8807
8957
221.63
121
5.1
24
10.44
4791
8807
-57.72
134
20.4
60
17
771
1860
90
157
7.62
26
6.71
1860
1898
82.41
139
7.21
26
10.82
8769
8949
260.54
121
15.62
52
17
8955
8790
116.57
151
3.61
12
8.25
4791
8957
-83.66
155
22.47
54
12.04
1898
8941
69.44
112
12.04
41
17
771
8959
57.53
148
13
73
7.28
5828
373
45
172
10
26
3.16
8949
2868
254.48
155
17.26
67
8.06
8947
8944
119.74
160
7.81
9
17.09
536
8961
231.34
137
12.04
63
9.22
8949
536
-79.99
142
12.04
43
10.82
8962
8963
23.96
164
9.22
13
11.18
8964
8800
32.28
158
17.2
44
9.22
583
373
95.19
164
10.77
76
3.16
7324
373
65.56
167
10.2
47
3.16
771
6523
28.3
151
13.04
61
7.21
8961
536
51.34
142
9
44
8.06
2868
8960
204.68
164
29.07
32
15.13
8785
8951
102.09
120
13.6
57
14.14
8960
8964
-12.53
176
15.13
5
12.65
8785
1682
162.9
131
9.43
43
10.3
8963
8952
-60.95
108
5.1
29
10
2868
7116
220.82
131
9
16
24.17
8961
7116
204.44
150
17.2
42
12.65
8955
8787
-14.04
142
12.08
46
10.3
8965
8950
238.24
136
18.44
48
17.26
8962
8952
-2.49
154
19.7
58
10.3
8950
8965
58.24
129
21.19
55
20.02
2297
2990
7.13
129
21.1
56
19.85
8938
8965
2.86
133
14.21
45
14.87
8951
8967
159.78
179
12.65
2
7.62
8962
8966
-21.04
162
23.02
50
9.49
2990
8952
123.69
173
19.85
15
9.49
1682
8951
45
127
14.14
63
12.65
2297
8966
58.57
137
18.44
58
15
8966
8962
158.96
159
15
21
14.87
8970
8969
-39.56
168
22.36
32
9.49
8969
8971
175.91
118
9.43
19
25.08
8974
8972
237.72
148
1
1
21.63
3010
8971
156.5
161
14.04
21
12.73
8977
8976
219.81
149
3.16
4
20.81
8972
8974
57.72
167
3.16
2
19.42
8979
8980
125.22
179
20
35
1
8982
8981
199.98
129
3.16
6
21.59
5372
8975
-29.05
158
9.06
15
12.73
8983
8980
-30.07
105
1.41
3
21.63
8978
8985
-54.78
179
20
35
1
8986
3356
182.6
107
4.12
10
21.21
8976
8977
39.81
149
3.16
4
20.81
5063
5275
-72.65
178
14.87
17
2
4897
3565
230.19
159
3.16
5
12.73
8987
8984
-7.43
128
1.41
2
22.36
8989
4159
69.44
160
10
24
8.49
7322
8988
15.26
151
1.41
1
21.59
8991
3356
-33.69
171
19.7
56
4
8969
8970
140.44
166
26.4
57
8.06
5498
8985
104.04
175
14.87
14
6
8992
8991
-52.59
177
18.44
18
3.16
8977
8974
55.49
162
7.28
10
12.73
5496
3565
236.31
147
3
6
15.62
8971
8969
-4.09
110
9.85
20
26.4
8983
8978
-32.28
178
21.95
57
1
3176
7140
-61.39
169
9.22
28
4
8981
8982
19.98
125
4.12
9
21.38
8971
8989
153.43
160
9.06
23
7.81
8994
8995
61.19
178
2.24
0
20.59
8989
8970
27.76
139
17.09
52
14.32
8998
8997
225
150
4.12
12
9.43
8993
8999
127.41
177
18.44
18
3.16
7140
2972
187.13
112
4.12
30
7.62
8984
8987
172.57
128
1.41
2
22.36
8988
7322
195.26
151
1.41
1
21.59
8986
8832
172.23
170
22.02
82
4
8832
8993
149.93
174
19.7
41
3.16
9001
9002
104.93
177
12.65
14
3
5275
5063
107.35
157
9.22
23
9.06
3565
5496
56.31
158
10.2
24
9.43
9000
8999
-78.11
174
12.65
11
7
8846
9003
59.53
168
3.16
2
16.64
8995
8994
241.19
170
6.32
3
16.64
8985
8978
125.22
160
15.81
42
8.06
8970
8989
207.76
125
8.06
21
18.11
8982
8977
35.22
136
11.18
31
15.03
6164
8989
186.34
121
9.85
32
15.65
9004
5063
-49.09
166
15.81
40
6
3565
6349
205.2
132
7.28
21
15.03
7140
3176
118.61
112
8.06
38
12.17
9005
8841
122.01
161
6.4
32
4
8997
8998
45
145
12.17
68
7.62
9003
7322
41.99
151
6.32
8
21.63
8993
9001
118.44
172
21.4
28
7
8845
9006
56.31
147
4
11
11.31
8841
9007
29.74
134
4.12
29
6
6349
8986
213.11
134
11.18
22
21.38
9002
9001
-75.07
144
6.4
20
11.05
9003
8846
239.53
163
9.22
14
11.31
8978
8983
147.72
156
21.21
70
9.22
8997
6349
223.45
145
10.2
18
18.79
9009
8987
28.44
139
8.54
15
21.59
8832
8664
130.82
161
21.95
40
11
7705
8832
201.37
117
12.04
29
22.2
7322
9003
221.99
153
8.54
11
19.72
9001
8993
-61.56
164
18.38
28
11
9005
9007
80.54
139
9.43
50
8.06
9010
8983
14.04
116
10.2
24
22.36
9006
8845
236.31
156
12.17
56
6
9008
9004
-28.81
160
21.21
68
8.06
2151
3176
-33.69
150
16.03
62
9.06
8986
6349
33.11
128
12.04
25
22.2
5063
9004
130.91
135
16.03
53
14.32
9006
9009
45
148
9.22
14
19.72
2972
9011
218.29
138
12.17
28
17.26
6349
8997
43.45
142
15.13
33
17.26
8987
9009
208.44
130
10.2
20
22.2
3176
3202
205.2
125
12.17
40
15.52
8664
8832
-49.18
156
21.93
45
13.04
8983
9010
194.04
117
9.22
21
22.2
8832
7705
21.37
116
13.04
31
22.36
9012
9005
150.26
139
15.3
65
11.05
9001
8664
-45
124
15.3
52
16.12
9011
7705
216.87
135
15.13
29
22.2
3202
3176
25.2
122
18.11
58
18.03
9011
2972
38.29
141
19.42
53
15.52
9007
9013
43.36
143
12.17
26
16.76
9009
9006
225
148
14.32
27
16.76
9005
9014
32.91
133
12.17
36
15.03
9015
9004
14.62
115
17.26
43
22.83
9013
9010
34.22
137
14.32
26
22.2
9004
9015
194.62
117
14.32
36
21.54
6623
8664
204.44
121
19.1
48
21.93
9014
9005
212.91
132
19.24
62
16.12
3403
80
210.96
130
19.24
41
22.36
7705
9011
36.87
136
19.24
39
21.02
9016
9008
26.57
131
16.49
34
22.2
9013
9007
223.36
143
18.25
47
15.03
8664
6623
24.44
122
16.12
41
20.88
3202
3403
215.75
138
19.42
38
21.02
9010
9013
214.22
139
16.49
31
21.02
2151
9017
211.33
128
18.11
42
21.38
9008
9016
206.57
127
17.26
36
23.35
80
3403
30.96
127
19.1
40
23.35
9017
2151
31.33
130
22.2
53
21.54
9014
9016
38.37
138
18.25
35
21.02
3403
3202
35.75
137
22.36
46
21.38
9012
9018
33.69
133
19.24
41
21.21
9018
9012
213.69
134
22.36
50
20.88
9017
6623
213.69
134
22.36
43
23.35
9016
9014
218.37
137
22.2
46
21.21
9018
9015
34.7
133
22.2
44
23.35
9015
9018
214.7
133
22.2
44
23.35
6623
9017
33.69
134
22.36
43
23.35
6101
9019
-81.47
164
16.55
47
6.4
9023
9021
140.71
164
7.62
3
35.38
6101
9025
149.74
174
25.08
45
4.12
9024
9019
-49.09
155
25.08
32
20.22
9021
9023
-39.29
150
13.15
12
32.02
9019
9026
143.43
134
11.18
14
32.02
9026
9027
132.71
142
13.15
47
11.05
9019
9024
130.91
168
38.6
76
8.6
9024
9029
81.87
158
20.62
74
8.06
9026
9028
90
138
17.69
40
18.44
9032
9030
127.3
170
13.45
10
13.42
9028
9026
-90
166
20.62
35
8.6
9035
9033
-81.87
152
5
13
10.05
9030
9036
80.91
171
13
9
12.65
9033
9039
135
152
10.44
45
7
9041
7652
168.31
172
17.03
10
13
9039
9033
-45
109
8.94
36
14.14
3944
5927
-69.44
177
9.85
4
7.28
9044
7151
174.09
133
10.63
19
23.26
9045
5442
81.87
154
9.49
18
13.42
9046
9047
-90
169
25.5
59
5.83
9030
9032
-52.7
162
23.02
57
8.54
9050
9032
156.8
178
8.54
1
14.32
9043
9035
-12.53
127
10.63
35
14.87
9036
9030
260.91
153
9.49
14
17.46
7652
9052
2.29
174
13.15
7
12.04
9047
9043
-15.07
134
5.83
10
23.26
9046
5442
212.62
157
23.02
46
12.37
9035
9043
167.47
141
8.94
26
12.81
9045
9053
50.19
149
21.21
64
12.37
7652
9041
-11.69
167
25.02
48
8.06
9048
9045
112.48
147
23.02
46
17.46
5927
9046
-57.53
168
5.66
9
7.62
9050
9048
136.64
160
22.85
67
8.54
9047
9046
90
125
15.81
34
23.02
9049
9055
-77.01
124
8.54
39
11.18
9054
9042
118.61
164
5.66
12
7.28
9043
9056
-83.66
135
12.81
45
12.81
608
9057
36.03
157
11.66
57
5.39
9059
9043
22.48
122
19.24
37
26.93
9060
4332
1.74
164
26.25
42
10.63
9053
9059
-70.35
145
15.81
28
19.24
9045
9048
-67.52
135
26.93
56
23.02
9059
9053
109.65
132
26.93
59
23.43
8559
9039
124.99
150
24.17
73
12.81
4332
3957
47.49
154
7.28
18
10.3
9059
9056
-10.95
147
31.38
72
18.11
9061
9048
149.3
158
14.14
12
24.76
9062
9063
40.6
131
12
40
14
9055
9061
22.83
140
11.18
30
14.14
9064
9058
183.69
175
26.31
25
5.39
9067
9065
10.01
170
8.54
10
9
8559
9068
258.31
164
13.04
11
17.46
9042
8402
213.69
169
4.24
4
10.3
9070
9054
137.29
164
11.18
24
7.62
9048
9071
-9.16
116
23.02
43
30
9048
9061
-30.7
159
31.4
55
14.04
9073
7994
8.13
178
11.18
2
10.05
9075
7994
252.26
163
8
7
18.79
9077
8092
-17.35
145
9.49
31
10.63
9068
8559
78.31
156
17.46
28
15.62
9056
9075
-61.39
144
24.17
68
15.62
9079
9078
191.77
129
6.71
14
21.02
9056
9059
169.05
115
22.2
42
30
9067
9079
75.38
176
17.26
11
6.71
9077
9078
-45
153
16.76
45
11
9078
9080
26.57
117
11
29
20.02
9081
9056
101.69
132
21.95
47
22.2
9081
9071
149.93
141
18.25
55
14.04
9056
9081
-78.31
164
25.06
52
9.22
9061
9073
254.48
137
14.76
51
13
9078
9079
11.77
166
22.36
63
6.4
9054
4442
86.63
149
12.53
46
9.22
9073
7994
8.13
166
13
20
9.22
7994
9075
72.26
169
18.11
22
9.22
9083
9063
171.87
164
7.07
81
2
4442
9084
164.05
124
9.22
39
12.21
9084
8402
254.48
130
12.21
40
14.42
9082
9081
55.49
118
14.76
46
18.25
4946
4332
-41.19
139
10
64
7.28
8598
9085
60.95
151
9
60
5
9080
9086
170.54
174
20.02
27
5
9081
9082
235.49
152
18.11
68
9.22
9087
9067
225
151
7.28
24
8.54
9079
9067
255.38
149
13.6
30
14.14
9088
9070
210.96
158
5
8
13
8556
9090
-5.71
125
7.81
22
17
8205
9057
65.14
156
29
32
22.47
8203
9064
10.49
146
1.41
1
26.31
8382
9091
98.53
165
9.85
13
11.05
9089
9093
51.34
179
5
0
27.02
4226
4950
115.71
156
24.84
54
12.53
9070
9094
95.19
138
17.69
52
14.87
9092
4807
228.58
115
9.85
25
20.62
9087
8446
56.31
130
13.6
61
12.04
9080
8766
152.45
162
24.33
69
8.06
67
9087
126.25
158
15.26
52
7.28
9057
8412
203.96
159
1.41
3
8.54
6958
4946
22.38
113
11
35
17.46
4442
9054
266.63
122
12.21
44
14.87
9064
8203
190.49
141
7.81
13
22.02
8766
9080
-27.55
173
14.87
10
11.4
9091
5350
-57.99
129
9.06
28
15.03
9096
9087
158.2
139
14.87
31
18.6
9094
9070
-84.81
133
21.4
64
17.49
8941
9083
70.71
161
19
62
7.07
9083
8941
250.71
149
14.32
39
11.66
9091
8382
-81.47
157
18.87
68
8.06
8556
1495
-48.81
137
20.1
64
15.23
9098
9097
165.96
160
9.06
39
5
9097
9088
240.75
114
5
9
27.02
8402
8788
143.13
144
10
40
9.22
9099
8402
-64.13
152
25.81
41
18.68
9087
9096
-21.8
146
23.54
60
15.13
9086
9101
129.09
175
15.56
17
5.39
9094
8392
93.09
129
12.21
18
31.05
8945
9084
191.89
134
9.43
27
14.56
8205
8922
90
157
25.08
59
11.66
6625
8205
264.29
177
24.02
12
6.32
9101
8766
-29.74
138
9.22
33
11.18
9101
9086
-50.91
159
16.12
46
8.06
8402
4414
129.81
167
15
11
17
9087
4791
12.26
136
14.42
37
16.55
9103
9098
221.88
177
5.66
0
33.3
8788
4414
118.07
161
13.45
46
6.32
4791
8634
-83.42
179
15.13
1
11.05
9084
8945
11.89
126
15.23
49
16.4
9102
8766
-63.43
166
9.22
45
3.16
8943
9106
47.12
175
26.4
12
12.21
4973
8203
60.95
125
6.71
40
8.54
9084
9104
66.8
145
9.22
34
9.43
9109
8598
59.04
123
4.47
22
10
9110
9111
-13.24
145
13
47
10.3
8556
8203
177.4
159
21.19
73
8.25
9097
9094
201.16
141
28.65
58
21.4
9097
9098
-14.04
125
10.63
54
10.77
6523
4946
-13.24
149
15.81
64
9.22
9112
8412
66.8
149
7.07
21
9.9
8600
8807
241.93
152
9
25
10
8382
9113
-14.04
137
8.06
66
6.08
9114
8446
180
135
9.9
25
16.55
4761
9105
148.39
169
14.87
76
3.16
8392
9094
-86.91
124
27.78
46
31.83
4807
137
-26.57
131
20.62
49
20.62
8402
9099
115.87
167
31.24
49
9.85
4791
8600
-11.31
124
9.9
28
17.03
8807
8634
217.87
102
4.47
22
11.4
8203
4973
240.95
137
8.25
52
7.07
6625
4414
267.61
170
7.07
4
17.12
9094
9097
21.16
155
31.83
71
14.21
9111
9110
166.76
126
10.63
37
14.21
1860
8205
23.96
123
14.14
44
17.09
8205
1860
203.96
159
15.56
47
7.62
8412
9112
246.8
131
6.71
25
12.04
8556
60
199.29
155
14.14
35
10.44
8951
1495
-14.04
121
14.14
34
21.26
3210
9084
-33.69
157
16.28
43
9.22
4761
137
31.22
140
25.3
40
25.32
137
4807
153.43
163
25.32
70
8.06
9116
9092
42.71
133
11
38
13.04
4791
8807
-57.72
134
20.4
60
17
8205
9115
225
155
14.87
71
6.71
9118
9117
23.96
144
16.12
19
28.07
310
8800
-84.81
147
6.4
31
6.71
9098
9119
53.43
122
10.77
15
34.21
9111
9119
37.87
99
10.3
17
34.18
8205
8941
113.5
135
17.09
42
18.03
9106
9103
-60.26
132
5.1
10
21.19
8382
137
-75.96
119
8.25
23
18.25
9120
7881
-66.8
114
3
11
14.32
7881
9120
113.2
114
3
11
14.32
537
1860
90
160
8.54
26
6.71
9105
9121
111.8
162
9.22
13
13.15
4791
8634
-83.42
155
22.47
58
11.4
137
4761
211.22
137
18.68
27
28.07
8945
8951
122.62
161
16.4
21
15.3
9122
9105
190.62
116
11.4
42
15.26
8951
8945
-57.38
137
24.74
55
20.62
9112
4414
263.29
160
8.25
17
9.85
9098
9103
41.88
169
38.6
81
7.81
1860
4598
81.87
134
6.4
25
10.82
9106
8943
227.12
117
17.09
26
34.18
1860
537
-90
114
7.62
32
13.04
310
9123
231.34
137
11.05
57
9.06
8964
8800
32.28
160
16.4
38
9.06
537
6523
31.61
155
13.04
58
6.71
9113
137
260.54
118
15
49
17.49
137
9117
254.48
155
17.26
67
8.06
3210
9112
114.44
160
4.24
10
8.25
137
310
-79.99
142
12.04
43
10.82
4598
8941
70.56
113
12.04
39
17.49
9123
310
51.34
142
9
44
8.06
9124
7881
45
169
10.82
45
3
9117
9118
203.96
162
29.73
39
14.56
8956
9126
-70.02
110
3
14
11.05
9127
7881
65.56
166
11.18
65
3
9103
9106
119.74
160
7.81
9
17.09
9128
8951
-14.74
178
9.22
1
10.44
9123
9125
206.57
155
16.4
36
12.17
9117
9125
222.27
133
9
15
24.6
8951
4519
230.19
129
15.3
63
13.34
9104
4519
167.01
135
9.43
44
9.43
9116
7626
90
151
10.3
68
5.39
3210
9108
-10.62
145
12.08
47
9.43
9130
9105
237.72
134
16.49
47
16.28
9105
9130
57.72
126
21.54
60
20.02
3803
9116
-2.49
154
19.7
58
10.3
9122
7697
4.76
130
19.42
51
19.1
9121
9130
-2.86
130
13.45
42
15.56
8951
9128
165.26
175
12.17
8
7.62
7697
9116
123.69
171
19.1
16
10.44
3803
5182
-22.93
160
23.02
50
10.44
4519
8951
50.19
133
14.14
59
12.17
9122
5182
55.49
132
16.49
55
15
5182
3803
157.07
158
15
22
15.56
9132
9133
182.05
128
8.6
16
23.77
9135
9132
-36.47
163
21.19
36
10.44
9134
9133
165.38
166
14
19
10.82
8387
677
217.87
173
1.41
0
21.4
9128
9138
157.01
177
21.19
5
14.76
9139
9137
236.31
180
20.25
11
1.41
5577
9136
-26.57
172
9.49
7
10.82
4419
9140
197.65
135
2.24
4
21.59
5284
9142
103.39
179
19.65
13
2
3557
9140
-10.78
175
21.1
79
2
677
8387
37.87
155
2.24
2
20.81
9144
9138
70.56
161
11
25
8.49
9132
9135
143.53
162
25.3
59
9.06
9133
9132
2.05
117
9.85
20
25.3
9146
3557
-30.07
176
21.02
59
2
8973
8831
237.26
148
3
6
14.21
9142
9149
125.84
178
19.21
17
3.16
9150
9146
-52.59
177
19.85
37
2
8387
9139
57.09
166
6.32
6
14.21
9133
9144
150.26
169
9.49
15
7.07
410
7140
-71.57
178
13.93
18
2
5085
8831
239.53
168
3.16
2
16.64
9140
4419
17.65
108
2
4
22.56
9148
9141
-54.78
177
19.21
35
2
9144
9135
27.76
138
18.03
56
14.76
9149
9154
148.57
176
20.12
58
2
9152
9141
104.04
173
13.93
14
7
9156
8145
216.38
179
21.4
9
2.24
9143
9147
169.22
175
21.1
79
2
9151
9157
127.41
177
19.85
37
2
9158
9154
-2.49
122
3.61
8
21.38
4280
7363
-52.13
164
8.6
37
4
9160
6117
230.71
155
4.12
9
10.63
9161
9159
16.93
134
2.24
4
22.56
9147
9151
149.93
176
21.02
59
2
7363
9162
200.56
125
4.12
28
7.07
9163
8145
61.19
178
2.24
0
20.59
9135
9144
207.76
125
9.06
24
18.03
7199
9144
183.18
118
9.85
32
16.12
9153
9148
-32.28
175
20.12
39
3.16
8831
5085
59.53
161
10.2
18
10.63
9166
9167
107.35
178
14.87
17
2
4419
8387
35.22
138
9.22
23
15.3
9165
9157
-75.96
175
14.87
14
6
9156
8145
216.38
153
2.24
2
21.63
7140
410
108.43
144
8.6
29
10.2
8831
9168
207.9
137
6.32
16
15.3
9158
9153
-7.43
176
23.02
82
2
9159
9161
196.93
141
3.61
6
21.38
9168
9143
210.26
133
9.22
17
22.56
9151
9166
119.48
173
21.4
29
6
9169
8516
59.53
164
4.12
4
15.81
6117
9160
50.71
151
12.17
58
7.07
4280
9162
265.24
138
11.4
64
8.54
9170
9171
123.69
164
7.81
33
4
8145
9163
241.19
168
7.28
5
15.81
9141
9148
125.22
152
15.65
46
10.2
9172
410
-45
162
15.65
45
7
9173
8848
53.97
144
4
12
10.63
9171
8844
23.2
128
4.12
32
6.08
6117
9168
225
147
10.2
17
19.24
9167
9166
-72.65
148
7.81
22
11.05
9147
9174
133.53
164
21.95
43
9
9175
9147
196.93
118
11.18
27
21.38
8516
9161
43.53
150
7.28
9
21.63
9166
9151
-60.52
167
19.1
29
9
8516
9169
239.53
161
10.2
18
10.63
9143
9168
30.26
131
11.18
22
22.2
9170
8844
85.24
142
10.82
62
7.62
9148
9153
147.72
148
21
67
12.17
8848
9173
233.97
154
12.17
63
6.08
9176
4280
-32.74
144
16.03
68
10.2
9177
9158
30.26
137
10.44
19
21.38
9174
9147
-46.47
159
21.02
43
11
9162
9178
220.1
140
12.17
26
17.46
9161
8516
223.53
151
10.44
15
19.24
9168
6117
45
143
15.13
31
17.46
9147
9175
16.93
107
11
26
23.35
5082
9172
-27.76
153
21
73
10.2
9179
9153
17.74
119
11.18
25
23.19
410
9172
135
132
16.03
52
15.13
4280
9180
207.9
123
12.04
38
16.28
8848
9177
45
147
10.2
17
19.24
4469
9170
145.3
138
14.14
60
11.05
9178
9175
216.87
135
15.13
29
22.2
9166
9174
-47.12
125
14.14
46
16.03
9158
9177
210.26
131
11.18
22
22.2
9153
9179
197.74
118
12.17
27
23.35
9178
9162
40.1
140
19.24
50
16.28
9180
4280
27.9
128
18.25
60
16.64
8844
7125
41.63
142
12.17
27
16.49
9170
7328
29.36
125
12.04
40
15.3
9177
8848
225
147
15.3
30
16.49
5335
8835
208.3
128
18.25
38
23.35
9181
9174
202.25
122
18.25
47
21.02
9175
9178
36.87
137
18.25
36
21
4289
9172
19.98
120
18.25
47
21.47
9172
4289
199.98
118
15.13
39
21.19
7328
9170
209.36
129
18.25
64
15.81
7125
9179
35.75
138
15.3
27
22.2
9174
9181
22.25
116
16.03
40
22.14
9180
5335
218.37
138
19.24
38
21
7125
8844
221.63
141
19.24
52
15.3
8835
5335
28.3
128
18.25
38
23.35
9182
5082
28.3
128
18.25
38
23.35
9176
9183
212.01
132
18.25
40
21.21
9179
7125
215.75
136
18.25
35
22
5082
9182
208.3
128
18.25
38
23.35
5335
9180
38.37
137
22.2
46
21.21
9183
9176
32.01
133
22.36
51
21.19
7328
9182
37.23
137
19.24
37
22
4469
9184
32.01
132
18.25
40
21.21
9184
4469
212.01
130
22.2
50
22.14
9183
9181
214.7
133
22.2
44
23.35
9182
7328
217.23
138
22.36
45
21.21
9181
9183
34.7
133
22.2
44
23.35
9184
4289
33.69
134
22.36
43
23.35
4289
9184
213.69
134
22.36
43
23.35
9185
9186
145.49
146
16
55
11
9190
9188
-81.47
162
15.65
42
7.21
9193
9191
140.71
168
8.94
3
33.97
9190
7611
149.74
175
24.17
33
4.47
9194
9188
-50.19
155
24.17
31
20.22
9188
9195
144.64
134
10.2
13
31.89
9191
9193
-39.29
155
12.37
9
31.89
9195
9196
132.71
147
12.37
42
10
9188
9194
129.81
166
38.01
76
10
9199
9197
128.66
171
13.45
10
12.53
9202
9200
-81.25
144
4.24
14
10.05
9197
9203
80.91
171
13
9
12.65
9195
7610
87.88
136
17.69
40
19.1
9200
9206
138.01
155
10.44
48
6
9194
9207
81.47
157
19.65
74
8.06
9201
9208
132.88
178
4.24
0
14.87
7610
9195
267.88
164
19.65
34
10
9206
9200
-41.99
112
8.94
39
13.15
9197
9199
-51.34
164
23.02
61
7.62
9211
1012
166.43
174
16.12
7
13.93
9208
6955
171.87
127
9.9
19
23.71
9203
9197
260.91
155
10.44
15
16.55
9212
9202
-13.24
122
9.9
34
14.87
9213
9214
81.87
156
10.44
20
12.53
9217
9215
-77.91
129
8.94
38
11.18
9216
9209
135
162
22.36
68
7.62
9218
9219
267.95
167
24.52
54
7.21
9219
9212
-14.53
132
7.21
13
23.71
9202
9212
166.76
141
8.94
28
12.04
9209
9213
113.2
148
23.02
48
16.55
3748
7425
-69.44
179
10.77
2
6.32
9218
9214
212.62
158
24.41
52
11.7
9213
9221
50.53
149
21.21
70
11.7
1012
2280
0
172
13.15
9
12.17
9219
9218
87.95
120
15.26
32
24.41
9212
9223
-86.82
135
12.04
41
12.81
1012
9211
-13.57
167
25
46
8.06
9215
9224
21.8
139
11.18
29
15.13
9224
9209
149.3
157
15.13
14
24.04
9225
9212
21.8
121
19.24
36
27.89
9213
9209
-66.8
136
26
56
21.63
9226
9206
124.99
150
24.17
73
12.81
9226
9227
255.96
162
12.04
12
17.89
9221
9225
-69.68
142
15.26
29
19.24
9225
9221
110.32
133
26
59
22.02
9209
9224
-30.7
161
30.59
50
13.15
9231
9232
249.44
160
8
8
18.36
9212
9225
201.8
109
18.03
32
31.58
9209
9229
-11.31
113
21.63
41
30
9227
9226
75.96
156
17.26
28
14.87
9233
9220
112.62
177
6.71
4
6.32
9223
9231
-60.26
145
24.17
72
14.87
9234
3942
0
171
25.32
26
8.94
9224
9235
250.56
138
15.23
56
12.37
9223
9225
169.05
115
22.2
42
30
9235
9232
8.53
175
12.37
8
8
9236
9229
149.93
144
17.12
51
13.15
9237
336
193.24
180
8.25
0
9.22
9232
9231
69.44
171
16.28
16
10
3942
9239
45
162
4.47
7
11.4
9236
9223
101.69
132
21.95
47
22.2
9223
9236
-78.31
162
24.19
48
10
7981
9236
55.49
123
15.23
48
17.12
7747
9240
3.69
179
22.09
3
9
5812
9233
141.84
173
11.66
13
6.4
9236
7981
235.49
157
16.28
55
8
385
9242
32.47
157
10.82
54
5.39
9220
8402
219.81
175
4.24
1
11.4
336
9243
74.74
175
17.26
15
5.83
9245
9246
-17.35
146
10.44
35
10
9247
9248
40.6
127
13.04
44
15.03
9245
9249
-43.15
155
16.76
46
10
9249
8695
24.23
115
10
27
20.02
9240
7747
183.69
175
26.31
25
5.39
9249
9243
9.46
166
21.93
60
6.4
9233
9250
83.29
151
13
47
8.6
9251
9242
32.28
104
3.16
8
21.93
9087
336
218.66
139
6.08
26
9.22
6250
9252
65.56
156
9
43
5.39
9243
336
254.74
149
14.56
36
12.81
8402
4946
180
117
4.47
26
8.94
9250
9253
164.05
129
8.6
36
11.4
9253
8402
255.26
128
11.4
35
15.62
9254
5812
206.57
162
4.24
6
11.7
8695
9256
170.54
174
20.02
27
5
9248
9247
220.6
131
3
7
16.64
321
9087
130.6
163
15.26
50
6.08
5812
9094
95.71
134
17.8
58
15
5133
9257
15.95
106
3
24
7.07
9087
9258
55.3
130
14.56
59
13.04
7766
9087
160.2
140
13.93
29
18.44
8205
9242
65.66
156
30
33
22.47
8695
8766
154.44
164
24.33
72
7.07
9259
4946
16.39
107
8
26
17.26
8203
9240
12.53
130
2.24
3
26.31
9250
9233
263.29
122
12.81
46
15
8556
9260
-2.86
123
8.6
25
17
9262
9261
115.71
155
24.21
52
13.42
9254
9094
140.91
115
15.65
45
20.1
8766
8695
-25.56
175
14.87
8
10.82
9263
9091
98.97
166
9.85
14
10.05
9264
4807
230.19
117
9.85
24
21.02
9087
7766
-19.8
149
24.52
66
14.04
8402
8788
143.13
144
10
40
9.22
9097
9254
239.04
113
5
9
27.66
9098
9097
165.96
160
9.06
39
5
9242
8412
209.05
146
2.24
8
8.54
5410
6250
59.04
116
3.61
17
10.63
9099
8402
-64.13
150
25.24
40
19.65
9240
8203
192.53
139
8.6
15
22.02
9087
9265
11.77
137
15.81
39
17
8943
9262
199.44
177
13
8
5.1
8442
8807
243.43
154
9
22
10.63
9257
9266
252.35
151
14.32
33
12.81
9256
9101
130.91
176
15.56
14
4.47
8634
5410
19.98
163
11.4
76
3.61
9091
5350
-57.99
129
9.06
28
15.03
9094
8392
93.09
132
12.81
18
30.08
9267
9253
186.34
131
7.21
22
14.56
9266
9257
72.35
163
20
56
7.28
8402
4414
129.81
167
15
11
17
9101
9256
-49.09
161
16.12
49
7.07
8556
1953
-50.53
133
20.02
60
17.09
9101
8766
-29.74
132
9.49
35
12.08
9091
9263
-81.03
157
18.87
75
7.62
9114
9258
177.27
128
9.22
25
17
8788
4414
118.07
161
13.45
46
6.32
4223
4946
-10.01
149
16.16
67
9.22
6625
8205
264.29
177
24.02
12
6.32
8205
9251
90
156
24.17
51
12.81
9097
9094
201.16
143
29.15
60
20.62
9265
8442
-8.97
122
9.22
28
16.4
9268
8766
-65.56
168
10
42
3.16
9253
9267
6.34
122
14.32
48
16.28
9097
9098
-14.04
125
10.63
54
10.77
9253
9104
65.22
142
8.25
33
9.43
4761
9105
148.39
169
14.87
76
3.16
9265
8807
-59.93
130
19.24
56
17.89
9110
9111
-13.24
145
13
47
10.3
8402
9099
115.87
167
31.24
49
9.85
9269
5133
42.51
125
7.07
25
13.6
8392
9094
-86.91
124
27.78
46
31.83
9265
8634
-85.6
155
21.95
56
11.4
8205
1860
203.96
159
15.56
47
7.62
8943
9270
46.08
174
26.4
15
11.66
9094
9097
21.16
155
31.83
71
14.21
4973
8203
60.95
125
6.71
40
8.54
1860
8205
23.96
123
14.14
44
17.09
9271
8412
68.2
152
8.06
23
9.9
9118
9272
22.62
143
16.12
20
28.02
8556
8203
177.4
159
21.19
73
8.25
4223
8205
71.57
106
7.21
26
15.56
4807
372
-28.44
127
21.02
48
22.56
9111
9110
166.76
126
10.63
37
14.21
9263
9269
-26.57
131
7.62
55
7.07
49
8800
-84.29
141
5.66
32
6.71
9273
9253
-29.05
159
16.12
46
8.25
6625
4414
267.61
171
8.06
4
16.12
537
1860
90
160
8.54
26
6.71
4761
372
29.93
139
25.3
41
25.5
9266
5133
90
127
15
47
16.28
8203
4973
240.95
137
8.25
52
7.07
372
4807
151.56
163
25.5
68
8.06
8412
9271
248.2
132
6.71
23
12.73
9098
9274
51.58
120
10.77
16
33.02
8205
9266
114.44
135
17.09
45
17.09
372
4761
209.93
136
18.68
27
28.02
9275
1953
-14.04
119
14.87
36
22.02
8556
60
199.29
152
14.87
41
10.77
9122
9105
190.62
116
11.4
42
15.26
9274
8943
197.35
163
33.02
78
10.3
9105
5363
112.83
166
10
12
11.18
9276
9264
47.12
138
12
38
13.15
9267
9275
120.96
164
16.28
18
14.32
1860
4598
81.87
127
5.66
22
11.66
1860
537
-90
114
7.62
32
13.04
9271
4414
262.87
157
7.28
16
9.85
9278
8800
33.69
161
15
33
9
9263
372
-77.2
130
8.94
22
18.25
584
6419
100.62
169
16.16
82
3.16
584
9120
111.8
112
3
10
15.3
9275
9267
-59.04
135
24.74
56
21.02
49
9277
231.34
136
10.05
51
9
537
4223
28.3
151
13.04
61
7.21
9270
5976
-62.35
107
5.1
12
22.8
9098
5976
41.76
171
37.01
80
6.4
372
9272
254.48
155
17.26
67
8.06
9272
9118
202.62
162
29.07
38
14.56
9270
8943
226.08
117
18.03
28
33.53
9277
49
51.34
142
9
44
8.06
372
49
-79.99
138
11.4
40
11.66
9273
9271
114.44
168
5
8
7.28
9269
372
260.54
118
15
49
17.49
9266
372
210.96
142
17.09
68
11.4
9277
9125
204.44
152
15
33
13.15
9280
584
45
169
10.82
45
3
9272
9125
220.82
131
9
16
24.17
9279
9281
-70.02
110
3
14
11.05
9282
584
70.02
166
11.05
70
3
5976
9270
117.65
157
6.4
8
18.03
9104
9283
175.91
144
9.43
40
8.49
9284
9275
-11.89
169
9
9
10.77
9275
9283
229.76
128
14.32
53
14.04
5008
9105
234.78
129
14.56
44
16.28
9273
9108
-7.13
152
10.77
37
8.49
9105
5008
54.78
122
20.62
60
20.1
9122
3825
2.29
131
17.8
45
19.1
9286
9276
-2.49
157
19.31
55
9.43
5363
5008
-5.71
127
13.45
41
16.28
3825
9276
125.31
169
19.1
20
11.4
9275
9284
168.11
173
12.04
11
7.62
9286
9285
-24.78
158
23.02
49
11.4
9283
9275
49.76
136
14.04
54
12.04
9122
9285
51.84
126
14.56
51
15
9285
9286
155.22
156
15
22
16.28
9288
9289
188.13
134
8.6
15
23.19
9290
9288
-29.48
160
20.22
43
10.44
8795
9289
172.57
173
14
11
9.49
9284
9291
160.02
169
20.22
14
15.81
9292
9293
12.8
180
21.59
12
1
9289
9288
8.13
123
9.85
19
24.52
7806
9294
215.84
179
21.4
35
1
9295
9291
71.57
162
12
26
8.49
9288
9290
150.52
163
24.52
67
8.06
9298
5063
103.39
178
18.68
13
3
9297
4894
-75.26
180
18.68
14
1
9289
9295
150.26
175
9.85
8
6.4
9300
4360
239.04
150
2
3
15.81
7806
9299
58.57
171
5.39
3
15.81
9295
9290
25.35
134
18.97
60
15.81
4495
4360
240.95
170
3.16
1
17.49
9301
7363
-70.35
178
13
19
2
5063
9303
125.84
173
19.1
35
4
3762
9305
149.04
180
21.95
14
1.41
8208
9295
183.18
118
9.85
32
16.12
9290
9295
205.35
123
8.06
22
18.03
1374
9306
235.3
160
4.12
6
12.04
4894
9297
104.74
173
13
14
7
9302
9297
-52.59
175
19.1
37
3
9307
9160
-49.4
154
7.62
54
4.12
9293
7806
37.41
142
8.25
18
15.81
9160
9308
215.54
126
4
27
7.07
9303
9310
146.31
167
20.25
67
5.1
4360
4495
60.95
164
9.22
12
12.04
7028
9311
38.29
174
2.83
0
21.4
4360
234
210.47
143
5.39
12
15.81
9312
7513
57.72
179
19.72
12
2.83
9314
9315
105.52
178
15.81
15
3
9313
9316
-75.96
176
15.81
14
5
234
9292
208.44
133
8.25
15
22.56
9317
9310
2.49
107
4.12
10
22.2
9319
7028
61.19
170
3.16
1
19.72
9320
9318
19.18
128
3.16
6
22.56
7363
9301
109.65
133
7.62
29
11.18
9305
9314
120.58
174
21.4
30
5
9309
9302
-30.07
171
20.25
59
4
9306
1374
55.3
155
12.17
47
7.07
9307
9308
265.24
135
9.22
49
8.6
9311
7028
218.29
147
3.16
4
21.63
9321
3762
194.62
118
9.22
22
21.21
9322
9323
118.61
172
10
28
3
3762
9324
133.53
165
23.32
50
8.06
9306
234
225
148
9.22
14
19.72
9325
9326
57.99
163
4.12
4
15
9310
9317
182.49
104
5.1
12
22.36
7028
9319
241.19
166
8.25
8
15
9318
9320
199.18
124
4.12
8
22.36
9327
9301
-42.88
161
15.23
47
7
9297
9302
127.41
151
15.23
42
11.05
9315
9314
-74.48
159
10
21
10.05
9323
9328
8.13
113
4.12
34
6.71
9329
9007
51.34
142
4
14
10
9292
234
28.44
131
9.22
18
22.36
9314
9305
-59.42
166
19.8
37
8.06
9326
9320
45
150
8.25
11
21.63
9324
3762
-46.47
162
21.47
43
10
3762
9321
14.62
105
10
24
23.35
9326
9325
237.99
160
10.2
21
10
9323
9322
-61.39
111
7.07
33
12.04
234
9306
45
144
14.14
28
17.72
9308
1117
221.82
142
12.17
25
17.72
9328
9007
81.25
108
6.71
29
12.81
9301
9331
190.62
111
11.18
40
16.12
9302
9309
149.93
145
21.1
68
13.15
1117
9321
216.87
135
14.14
26
22.36
9307
9333
212.91
128
12.04
36
16.03
9301
9327
137.12
127
16.28
54
16.12
9334
9317
30.96
137
11.4
20
22.36
9314
9324
-45
135
15
49
14.04
9320
9326
225
151
11.4
17
19.24
4067
9322
144.46
145
15
60
10.05
9332
9327
-24.23
151
21.1
70
11.05
9335
9309
19.8
123
13.34
30
22.36
9007
9334
45
147
10.2
17
19.24
1117
9308
41.82
142
18.25
45
16.03
9333
9307
32.91
132
19.24
62
16.12
9336
9330
206.57
127
17.26
36
23.35
9337
9324
195.95
114
16.12
43
21.47
9321
1117
36.87
137
17.26
34
21.02
9317
9334
210.96
134
13.34
25
22.09
9309
9335
199.8
119
13.15
29
23.35
9322
9338
26.57
122
12.04
41
15.52
9328
9339
39.81
139
13.15
32
16.12
9324
9337
15.95
111
14.04
37
21.54
4067
9338
83.66
120
17.2
57
17.89
9334
9007
225
146
17.26
37
16.12
9333
9336
218.37
138
18.25
35
21.02
9330
9336
26.57
124
16.12
33
24.19
9327
9340
203.5
121
16.12
39
21.84
9340
9327
23.5
123
19.24
47
21.93
9339
9328
219.81
139
19.24
54
15.52
9339
9335
37.23
138
17.26
32
22.09
9331
867
215.31
135
19.24
40
21.1
9336
9333
38.37
137
21.21
43
21.1
9341
9332
29.98
129
19.24
39
23.35
4911
4067
210.26
131
22.36
52
21.54
867
9337
213.69
132
21.21
40
24.19
867
9331
35.31
133
23.19
51
21.84
4067
4911
30.26
127
18.11
40
22.36
9335
9339
217.23
137
19.24
37
22
9332
9341
209.98
129
19.24
39
23.35
9338
9341
37.23
137
19.24
37
22
9337
867
33.69
134
22.36
43
23.35
9341
9338
217.23
135
23.19
47
22.36
9340
4911
216.16
134
23.19
46
23.35
4911
9340
36.16
134
23.19
46
23.35
9343
9342
6.58
161
15.65
25
12.65
9342
9344
213.02
118
11.05
27
21.1
2777
9345
199.29
173
15.65
19
6
9346
1839
145.49
150
16.03
55
10
9349
9347
-81.47
162
15.65
42
7.21
9342
9343
186.58
154
23.85
65
11.66
9351
2195
141.77
169
8.94
3
33.3
9354
9352
128.29
177
13.45
4
10.82
9355
9347
-48.24
152
23.41
33
20.22
9349
9356
150.52
171
23.41
49
5.1
9347
9357
145.01
134
10.2
13
30.48
2195
9351
-38.23
155
13.34
10
30.48
9347
9355
131.76
167
36.62
77
8.6
9360
9358
-80.54
134
3.61
15
10.05
9357
9361
132.71
146
13.34
48
10.05
9352
9362
80.54
171
14
12
10.77
9358
9365
141.34
159
10.44
51
5
9359
7256
135
169
3.61
2
14.87
9352
9354
-51.71
163
23.02
71
7.21
9365
9358
-38.66
115
8.94
41
12.17
9369
9367
-78.69
137
8.6
33
10.77
9357
9370
87.8
136
17.69
42
18.38
9370
9357
267.8
166
19.42
33
8.6
9355
9371
81.47
160
19.42
73
7.07
9368
9366
135
162
22.36
78
7.21
9362
9352
260.54
159
9.22
12
16.16
7256
9373
173.88
126
10.63
21
23.71
9374
9360
-10.01
122
10.63
37
14.87
9366
9372
114.9
150
23.02
46
16.16
9372
9375
79.22
157
9.22
15
13.42
9377
9365
124.99
179
10
1
14.42
2279
1446
166.43
177
17.26
4
12.65
9360
9374
169.99
144
8.94
27
11.4
9378
9374
-15.07
127
6.4
12
23.71
9367
9379
20.22
133
10.77
31
15.3
9380
9378
267.95
169
24.33
49
6.4
9379
9366
148.5
160
15.3
13
22.63
9372
9381
46.85
148
21.38
71
12.08
9377
9382
255.47
161
11.05
12
17.89
9380
9375
210.96
156
24.41
55
12.08
9385
9386
248.63
167
7.07
5
17.89
9374
9387
-86.82
132
11.4
39
13.6
9366
9379
-31.5
161
29.61
49
13.15
9372
9366
-65.1
139
27.31
60
20.81
9377
9365
124.99
148
23.77
71
13.6
9382
9377
75.47
155
16.28
27
14.87
9391
9386
8.53
175
12.37
8
8
9389
9374
22.48
122
19.24
37
26.93
9379
9391
249.44
135
14.32
55
12.37
1446
9392
-2.39
169
12.17
11
12.37
9378
9380
87.95
120
15.26
32
24.41
9366
9388
-11.69
114
20.81
41
28.6
9374
9389
202.48
110
18.03
33
30.59
9377
9387
157.75
111
14.87
36
23.32
9389
9381
110.32
135
27.31
63
21.93
9381
9389
-69.68
142
15.26
29
19.24
1446
2279
-13.57
169
24.02
36
7.81
9386
9385
68.63
170
15.3
15
10
9393
9388
149.93
144
17.12
51
13.15
9393
9390
233.75
156
15.3
53
8
9390
9393
53.75
119
14.32
47
17.12
9387
9389
168.69
117
21.4
42
28.6
9393
9387
102.09
133
21.95
49
21.4
9387
9393
-77.91
162
23.32
48
10
9395
3751
-1.74
174
25.08
18
8.54
3751
9396
47.49
172
3.61
2
12.73
9398
9397
141.84
177
12.21
6
5.66
9400
9401
-7.59
178
11.05
6
4.12
788
9402
74.74
172
17.12
23
6.4
9403
9404
-17.35
145
9.49
31
10.63
9407
9405
1.91
177
21.1
8
9.06
9403
9408
-43.15
155
16.76
46
10
9408
9409
22.83
113
10
28
19.1
167
9410
28.61
157
11.4
65
5
9412
788
221.63
143
5.1
21
8.54
9408
9402
9.46
167
20.62
48
6.4
8267
9413
68.96
159
9
30
6.4
9414
9399
169.7
178
7.07
3
4.12
9402
788
254.74
153
14.32
33
12.04
9397
9415
82.87
151
13
53
8.06
6248
9394
180
124
3.61
20
8.54
9417
9398
203.2
170
3.61
3
11.7
9419
6248
255.26
125
10.63
32
16.28
9415
9419
164.05
135
8.06
32
10.63
9420
9401
40.6
127
14.04
48
15.13
9409
9421
170.54
177
19.1
12
5.39
9422
9412
128.66
167
16.4
49
5.1
9405
9407
181.91
174
26.31
38
5
4942
9410
32.28
104
3.16
8
21.93
9398
9423
96.01
135
17.8
62
14.42
9424
9412
160.2
136
14.32
31
19.21
9412
9425
53.13
132
14.32
62
12.17
4942
9414
102.09
174
3.16
1
11.18
9426
9394
13.24
104
6
19
17.12
9417
9423
140.91
118
15.23
44
19.1
9409
9427
153.43
163
24.33
79
7.28
9401
9420
220.6
131
3
7
16.64
9415
9397
262.87
122
12.81
49
14.42
9412
9424
-19.8
154
24.19
65
12.04
9427
9409
-26.57
175
13.93
7
10.82
9428
8267
56.31
120
2.24
11
9.9
4943
9414
15.95
106
3
24
7.07
8019
9410
65.66
156
30
33
22.47
9429
9428
19.98
170
11.66
83
2.24
6248
8444
143.13
144
10
40
9.22
9431
9430
113.96
152
22.8
48
14.32
7551
7921
246.37
157
9
21
9.9
9412
9265
7.13
134
15
38
17.49
9097
9417
237.99
103
4.24
8
27.66
8203
9405
14.53
123
3.16
5
26.31
8556
9433
0
123
9.43
28
17
9434
9097
170.54
165
9.06
35
4.24
9435
6248
-62.7
148
24.19
42
19.65
9436
4807
231.71
120
10.77
26
21.02
47
9425
177.27
125
10
28
17.49
9265
7551
-6.01
121
10
31
16.4
6248
4414
131.01
168
15
11
16.12
9421
9437
132.71
175
14.87
24
3.16
4223
9394
-6.71
149
16.55
70
9.22
9265
7921
-56.31
130
19.1
57
17.46
8943
9431
195.52
173
13
15
6
9423
8392
93.18
132
12.81
19
29.12
9267
9419
183.18
132
6.4
19
14.56
9097
9423
199.54
142
28.3
58
20.62
9437
9421
-47.29
156
15.23
58
7.28
9265
9429
-85.24
152
21.63
63
11.66
8444
4414
119.74
162
13.45
51
5.39
9437
9427
-23.2
125
9.43
38
12.53
9410
8412
213.69
143
3.16
13
8.54
9438
9427
-61.39
178
11.66
28
1
6625
8019
264.09
177
24.02
15
5.39
9405
8203
194.53
137
9.43
17
22.02
9414
9440
253.74
152
14.32
28
14.14
9419
9267
3.18
118
12.08
40
16.4
9097
9434
-9.46
130
10.63
56
9.85
5840
9439
155.22
177
13.93
65
1
8019
4942
90
154
22.36
45
14.14
9440
9414
73.74
164
22
57
7.28
9419
9441
65.56
138
6.32
30
8.6
6248
9435
117.3
167
30.48
53
8.94
8019
1860
206.57
160
16.28
49
7.62
9091
5350
-57.99
123
9
28
16.03
9110
9111
-13.24
145
13
47
10.3
9443
9272
23.2
139
16.55
23
28
9091
9263
-81.03
157
18.87
75
7.62
4223
8019
72.65
107
7.21
25
16.28
8392
9423
-86.82
124
27.78
48
31.11
8556
1953
-50.53
130
20
58
18.03
9423
9097
19.54
155
31.11
70
14.21
1860
8019
26.57
130
13.34
41
15.52
537
1860
90
160
8.54
26
6.71
9444
8800
-90
144
5
26
6.71
5976
6394
105.26
180
7.28
0
15.52
9111
9110
166.76
126
10.63
37
14.21
9446
9419
-23.96
164
16.12
47
6.32
5840
372
28.61
138
24.35
39
25.5
9269
4943
45
127
7.07
23
13.93
8943
9447
43.92
170
27.2
23
11.7
4807
372
-28.44
127
21.02
48
22.56
9271
8412
68.2
152
8.06
23
9.9
1097
8203
63.43
131
7.62
42
8.54
9278
8800
33.69
166
14.87
26
8.06
372
5840
208.61
135
18.68
28
28
1860
537
-90
114
7.62
32
13.04
9449
9439
190.62
120
9.49
35
14.32
6394
9448
201.8
176
4.47
1
11.7
8556
8203
177.4
159
21.19
73
8.25
8019
9440
116.57
132
15.52
43
16.76
9434
9450
49.57
116
9.85
15
32.45
9263
9269
-26.57
131
7.62
55
7.07
372
4807
151.56
163
25.5
68
8.06
537
4223
28.3
151
13.04
61
7.21
1860
2683
77.01
131
5
20
10.82
9444
4407
233.97
144
10
46
8.06
9439
9451
112.83
172
11.66
10
9.22
9440
4943
90
130
15.62
45
16.97
9450
8943
195.71
163
32.45
76
10.3
8203
1097
243.43
140
8.25
47
7.28
8412
9271
248.2
135
7.62
26
12.04
9267
9275
120.96
159
16.4
23
15.13
9275
1953
-14.04
119
14.87
36
22.02
9271
4414
262.87
159
8.25
19
8.94
8556
60
199.29
152
14.87
41
10.77
9272
9443
203.2
160
29
42
14.87
9275
9267
-59.04
135
24.74
56
21.02
9263
372
-77.2
130
8.94
22
18.25
8077
6419
100.01
170
17.09
81
3.16
8077
9120
110.56
111
3
9
16.28
9434
5976
40.6
172
35.47
71
5.83
4407
9444
53.97
139
10.05
47
9.06
372
9272
254.48
152
17.46
68
9.06
4407
9452
204.44
157
14.87
29
12.04
372
9444
-76.76
142
12.81
46
10.82
5976
6394
105.26
169
22.36
78
4.47
9272
9452
223.6
128
10.05
19
24.17
9446
9271
112.62
166
5
8
8.25
9440
372
208.07
136
16.76
66
12.81
9447
8943
223.92
118
17.72
28
33.24
9269
372
260.54
121
15.62
52
17
9454
8077
45
169
10.82
45
3
9453
2941
-70.02
110
3
14
11.05
9455
8077
70.02
166
11.05
70
3
9441
9456
184.4
149
8.6
38
7.21
5976
9447
116.57
148
5.83
10
17.72
9275
9456
235.49
138
15.13
51
13.04
9457
9275
-6.01
162
9.22
15
10.77
1678
9439
231.34
123
12.65
40
16.28
9446
2772
-7.13
162
10.2
26
7.21
9451
9439
-67.17
125
20.4
61
19.21
9449
9458
2.29
133
17.03
42
18.44
60
274
186.01
174
9.22
6
10
9451
1678
-11.31
124
12.73
38
17.03
9458
9460
125.31
166
18.44
21
12.37
9275
9457
173.99
165
12.17
23
8.06
9456
9275
55.49
142
14.04
46
12.17
9449
5392
49.76
122
12.65
45
15.03
9459
5392
-24.78
156
23
51
12.37
5392
9459
155.22
152
15.03
24
17.03
9461
9462
194.04
140
8.6
14
23
9463
9462
180
176
14.04
6
9.06
9465
9461
-23.5
157
20
49
10.44
9457
7036
164.74
165
20
19
15.81
9462
9461
14.04
131
8.94
16
24.02
9461
9465
156.5
159
24.02
72
9.06
3001
7036
70.56
161
12
30
7.81
3001
9465
22.83
133
18.03
57
15.81
9468
9469
240.64
151
2
3
16.64
7001
9467
58.57
176
4.47
1
16.64
643
9470
-75.26
179
17.72
14
2
7363
9297
103.39
178
17.72
13
4
9471
9469
242.24
171
3.16
1
18.36
9440
3001
176.82
114
8.94
29
16.64
9465
3001
202.83
120
9.06
26
18.03
4269
9472
-68.96
175
11.18
21
3
9474
7001
37.41
146
6.32
12
16.55
1581
9475
234.46
159
4.12
6
13.45
9297
9302
127.41
171
17.69
37
5
9469
9473
212.91
150
4.47
7
16.55
9478
8841
239.04
180
21.95
14
1.41
3693
4497
-45
151
7.28
59
4.12
9473
9479
205.56
134
6.32
12
21.59
9470
643
104.74
169
11.18
14
9
9469
9471
62.24
159
9.06
14
13.45
4497
4000
221.19
132
4
20
8.54
9476
643
-50.91
172
17.69
39
4
9480
9481
-76.61
178
17.72
13
4
9483
9482
-71.57
154
1.41
2
17.72
9484
9482
120.58
175
22.2
30
4
9486
9485
189.87
108
7.07
17
22.2
9478
8841
239.04
176
4.47
1
18.87
9302
9487
147.72
162
20.62
65
7.07
8146
6626
41.82
159
4.47
4
21.4
9472
4269
111.04
127
7.28
31
11.18
9475
1581
54.46
155
11.18
33
8.54
9485
9488
138.01
167
22.83
48
7
9489
8146
59.93
169
3.16
1
18.87
9475
9473
228.01
145
9.06
15
20.25
3693
4000
261.25
127
8.49
40
10.63
9479
9473
25.56
124
7.07
15
22.36
9490
9487
7.43
107
6.08
15
22.2
9491
9317
23.5
125
5.1
10
22.56
9492
9313
112.62
169
10.82
41
3.16
5082
9476
-26.57
168
20.62
63
5
9482
9484
-59.42
170
19.85
30
7
9493
7253
59.04
150
4
8
14.21
9483
9482
-71.57
165
10.82
18
9
6626
8146
221.82
144
5.1
8
21.63
9494
9495
150.26
151
7
60
4
9485
9486
9.87
100
7
17
23.19
9488
9485
-41.99
167
22.83
48
7
9495
9497
41.63
143
5.1
21
8.54
9498
4269
-40.6
152
14.32
49
9
8146
9489
239.93
164
8.25
9
14.21
643
9476
129.09
142
14.32
43
13.04
9487
9490
187.43
106
7.07
17
22.36
9473
9475
48.01
147
13.15
24
17.46
9317
9491
203.5
123
6.08
13
22.36
4000
9499
225
146
11.18
21
17.46
9313
9492
-67.38
113
7
32
12.17
9499
9486
215.31
135
13.15
25
22.36
7253
9493
239.04
154
12.04
38
8.54
7253
9491
45
150
8.25
11
21.63
9494
9497
80.54
111
8.06
38
12.04
4269
9500
197.35
118
11.18
40
15.23
9482
9488
-49.09
139
15.13
49
13.15
3693
9501
217.41
137
13.15
37
15
8663
9492
143.75
152
15.13
53
9
9476
5082
153.43
143
21.38
67
14.04
4269
9498
139.4
123
16.76
56
17.12
9499
4000
45
145
18.25
45
15
5305
9496
204.78
127
15.3
32
23.19
9502
9498
-24.23
145
21.38
70
13.04
9488
9496
-28.81
139
22.56
68
16.12
9491
7253
225
148
13.34
22
18.38
9486
9499
35.31
137
15.3
29
21.1
9503
9490
34.22
138
13.34
23
22.36
9501
3693
37.41
137
19.24
60
15.23
9497
9503
46.55
142
12.04
24
18.38
9504
5082
23.75
126
15.3
34
22.36
9492
7498
22.38
122
12.17
40
15.81
9488
567
12.8
112
13.15
34
21.54
9501
5305
219.81
140
18.25
34
21.1
9496
5305
24.78
122
16.12
34
24.33
9494
9505
37.87
138
12.17
30
16.12
9492
8663
-36.25
122
18.38
60
18.11
5082
9504
203.75
118
14.04
30
24.19
9490
9503
214.22
136
15.3
29
22.09
9503
9497
226.55
144
17.12
39
16.12
9498
2520
207.55
125
17.12
40
21.59
9505
9494
217.87
137
19.24
56
15.81
2520
9498
27.55
126
21.21
51
21.93
9500
4369
216.87
136
19.24
39
21.02
5305
9501
39.81
138
21.21
42
21.02
9505
9504
38.37
136
17.12
33
22.09
4369
567
212.2
131
21.21
41
24.33
9506
8663
209.48
128
21.21
51
21.54
8663
9506
29.48
126
18.11
42
21.59
4369
9500
36.87
135
23.19
50
21.59
9507
9502
32.2
131
20.22
39
24.19
9504
9505
218.37
137
20.22
41
21.02
567
4369
32.2
131
21.21
41
24.33
9502
9507
212.2
131
21.21
41
24.33
7498
9507
36.87
136
19.24
39
21.02
9507
7498
216.87
135
23.19
50
21.59
2520
9506
215.13
133
23.19
44
24.33
9506
2520
35.13
133
23.19
44
24.33
9509
229
10.89
153
17.8
37
13.42
9511
9512
113.2
179
14.32
23
1
229
9513
214.99
120
10.05
24
21.38
9510
9515
-83.99
162
14.32
39
7.21
7329
9510
-31.33
179
26.42
58
1
9516
9517
143.13
151
16.12
53
10
9521
9519
140.91
173
9.43
2
31.89
9508
9522
208.81
171
17.8
28
6
9524
9037
129.81
175
14.14
7
9.43
9515
2618
146.31
135
10.2
14
29.73
5652
9515
-48.37
152
23.41
35
19.1
229
9509
190.89
156
24.41
67
10.82
9510
7329
148.67
169
23.41
49
6.08
9527
9525
-80.54
134
3.61
15
10.05
9519
9521
-39.09
160
12.65
8
29.73
9525
9528
145.01
164
9.49
40
4.12
9037
9529
80.13
171
14
14
9.85
9515
5652
131.63
166
36.06
82
9.22
9533
9531
-78.69
139
10
40
10.3
9037
9524
-50.19
166
22.2
70
5.83
2618
9535
130.24
149
12.65
46
9.06
9526
9536
135
169
3.61
3
13.45
9532
9534
136.74
166
22.83
77
5.83
9528
9525
-34.99
114
9.43
45
12.17
9531
9537
17.53
137
10.3
29
14.32
9529
9037
260.13
159
10.2
14
14.32
9534
9538
114.78
151
22.2
49
14.32
9540
9528
126.38
180
10
0
13.6
9536
9541
171.87
127
11.31
22
23.32
2618
9543
87.71
138
17.03
42
16.97
9542
9527
-6.71
129
11.31
41
13.45
9537
9534
148.5
161
14.32
11
23.35
9543
2618
267.71
163
18.68
38
9.22
9527
9542
173.29
142
9.43
31
11.4
9545
9546
247.75
168
6.08
4
17.89
9540
9547
254.93
165
11
9
16.55
5652
9549
81.47
156
18.68
67
8.25
9538
6081
82.23
161
10.2
14
13
7783
9546
5.71
177
12.17
5
8
9537
7783
248.2
134
14.32
58
12.17
9551
9542
-15.64
120
7.07
15
23.32
9534
9537
-31.5
161
29.61
49
13.15
9547
9540
74.93
153
14.32
24
15.62
9554
7651
164.58
178
17.46
3
12.65
7458
9551
-90
168
22.56
45
7.07
9542
9555
-86.82
132
11.4
39
13.6
9546
9545
67.75
170
14.32
14
10
9540
9528
126.38
147
23.41
72
13.6
9538
9534
-65.22
138
26
61
20
9556
9550
231.84
154
14.32
51
8
9534
9552
-11.69
116
20
40
27.8
6081
9538
262.23
109
13.42
35
21.93
9556
9552
147.72
145
17.03
48
13.15
9550
9556
51.84
118
14.32
48
17.03
9540
9555
160.02
110
15.62
39
23.32
9557
9542
22.48
125
19.42
38
25.96
7458
6081
209.25
153
23.85
55
13.42
9542
9557
202.48
110
18.03
33
30.59
9555
9556
-77.91
162
23.32
48
10
9556
9555
102.09
135
22.47
51
20.62
9555
9557
168.69
118
20.62
40
27.8
9551
7458
90
119
14.76
33
23.85
9557
9558
109.09
132
26
62
21.93
9560
2383
127.18
167
7.81
3
28.84
9558
9557
-70.91
138
14.76
30
19.42
7651
9562
-4.76
171
13.04
10
11.4
7651
9554
-15.42
170
24.08
34
7.81
9564
9563
-1.74
179
25
5
8.06
9565
9566
55.01
101
1.41
6
12.04
1230
9568
74.05
171
17.12
29
5.66
9568
9569
189.46
145
5.66
9
20
9570
1230
210.96
148
4.47
16
8.25
9571
9572
71.57
162
9
21
7.81
9573
9574
-17.35
134
10.3
37
12.21
9569
9575
22.83
113
9
25
19.03
9573
9569
-41.19
157
16.76
48
9
9569
9568
9.46
167
20.62
48
6.4
9568
1230
254.05
150
15.52
43
11.66
9137
9576
-7.59
168
11.05
29
5
9577
9578
203.2
170
3.61
3
11.7
6996
5945
186.34
123
2.24
13
8.06
9581
9580
82.87
152
13.93
59
7.62
4764
9582
-66.04
180
26.4
5
3.16
9583
9570
128.16
166
16.4
64
4.47
7576
9570
161.57
137
14.32
33
17.8
9584
6996
251.57
117
9.9
31
17.03
9575
9585
172.57
176
19.03
19
4.47
9565
9586
28.61
154
12.21
73
5.66
9566
9587
0
175
21.1
12
9.22
9580
9584
164.05
141
7.62
29
9.9
9578
9423
93.37
131
16.4
63
13.89
9589
8333
160.02
169
7.07
16
5
9568
9570
-75.07
119
12.37
48
14.42
5945
6523
173.29
167
17.12
83
4
9577
9423
143.75
121
15.23
50
17.03
9570
7576
-18.43
155
23.19
66
11.05
9593
9576
40.6
127
14.04
48
15.13
5196
9571
53.13
99
1.41
8
9.9
9595
5196
26.57
173
10.82
71
1.41
9575
9439
155.56
163
23.19
73
7.07
9587
9566
180
172
26.31
45
5.66
9580
9581
262.87
125
13.45
52
13.89
4942
9586
34.38
114
5.1
12
21.54
5595
9594
246.37
157
9
21
9.9
9439
9575
-24.44
177
13.93
4
10.3
9570
9592
7.43
132
14.42
38
17.49
6996
8444
147.53
142
9.06
43
8.25
9577
9598
49.4
174
26.63
67
3.16
9576
9593
220.6
131
4
10
16.12
8019
9586
66.16
157
30
31
23.02
9592
9595
-82.87
154
21.63
63
10.82
9592
9594
-56.31
130
19.1
57
17.46
9592
5595
-6.01
121
10
31
16.4
9600
9590
177.27
125
10
28
17.49
9601
9599
175.24
176
9
13
3.16
9435
6996
-62.65
145
23.71
45
18.97
9582
4764
113.96
150
22.2
47
15.23
4943
9589
23.2
114
4
31
7.07
6523
5945
-6.71
152
16.16
69
8.25
6996
4414
132.14
165
13.04
12
16.12
9599
9423
200.14
145
26.63
56
18.6
9585
9437
137.29
178
15.62
20
2.24
9437
9585
-42.71
157
14.87
55
7.07
9423
8392
93.18
136
13.45
19
28.16
9267
9584
180
135
5.66
15
14.56
8444
4414
119.74
162
13.45
51
5.39
8203
9587
16.5
121
4.12
7
26.31
9603
9604
3.01
117
9.85
31
17
9605
9582
195.52
169
13.42
24
6.08
9437
9439
-19.65
129
9.43
39
11.66
9599
9601
-4.76
135
10.63
58
8.94
9584
9267
0
117
11.18
37
16.4
6625
8019
264.09
177
24.02
15
5.39
8019
9607
205.2
158
16.28
58
7.21
9443
9608
22.62
137
17.46
24
29.02
6963
9607
90
157
9.85
33
7.21
6996
9435
117.35
166
28.32
53
8.94
8019
9115
227.49
156
15.81
74
6.71
9584
9441
63.43
132
5.39
27
8.6
8019
4942
90
154
22.36
45
14.14
9444
8625
-90
127
5
33
7.21
9607
8019
25.2
125
12.17
40
15.52
9423
9599
20.14
156
31.11
74
13.6
9586
8412
217.87
142
4.12
17
8.54
9589
9440
254.36
154
15.3
29
14.14
9110
9606
-14.04
140
13.42
54
10.77
8392
9423
-86.82
124
27.78
48
31.11
9587
8203
196.5
131
9.85
18
23.02
9440
9589
74.36
165
22
51
7.62
9278
8625
35.84
169
14.87
21
8.25
9603
1953
-52.59
125
19.03
55
18.97
9606
9110
165.96
125
10.63
39
13.6
9607
6963
-90
124
7.21
28
12.53
9446
9584
-21.25
166
16.12
46
5.39
6963
6523
33.69
153
12.53
60
6.71
9597
583
25.87
136
23.41
39
25.71
583
9597
205.87
130
17.46
27
29.02
9449
9439
190.62
122
8.54
31
13.93
9444
4407
233.97
144
9
39
8.25
6394
9609
-75.38
179
14.56
2
9.22
9607
2683
80.54
118
5
24
10.82
8019
9440
116.57
132
15.52
43
16.76
9608
9443
202.62
161
29.73
42
14.87
9601
9611
46.17
110
8.94
14
32.76
4807
583
-30.26
125
21.02
47
23.54
9605
9612
41.63
169
26.4
26
11.4
9613
8412
69.44
154
9.06
24
9.9
9439
9614
113.96
173
11.66
9
8.25
9615
4943
47.29
131
8.06
26
13.93
583
4807
149.74
164
25.71
66
8.06
1097
8203
63.43
131
7.62
42
8.54
4407
9452
204.44
157
14.87
29
12.04
9611
9605
192.34
162
32.76
80
10.77
4407
9444
53.97
144
10
46
8.06
9263
9615
-32.01
125
7.62
50
8.06
9267
9616
122.01
160
16.4
23
14.14
9603
8203
177.51
157
22.47
74
9.22
6394
9448
201.8
165
5
6
11.4
9613
4414
262.41
157
7.28
18
8.94
9440
4943
90
127
15
42
17.69
583
9608
256.76
153
16.49
69
8.06
8412
9613
249.44
137
7.62
24
12.73
9616
9267
-57.99
134
24.52
57
21.02
9608
9452
222.27
133
10
17
24.17
8203
1097
243.43
141
9.22
55
7.07
9616
1953
-11.77
121
16.28
40
21.4
9601
9609
37.18
172
34.66
68
5.83
9603
9617
200.85
154
16.28
42
10.77
9120
9618
-79.99
170
17.09
81
3.16
9614
9619
45
162
2.24
3
10.63
583
9444
-75.96
140
12.21
47
10.82
9263
583
-77.74
135
9.43
21
18.25
8077
6419
100.01
170
17.09
81
3.16
9440
583
210.96
139
16.76
65
12.21
9609
6394
104.62
169
22.36
67
5
9615
583
260.54
118
15
49
17.49
9612
9605
221.63
116
17.72
29
32.76
6054
8077
48.01
172
10.82
29
3.16
9620
8077
94.76
165
11.7
76
3.16
9621
8077
71.57
167
11.05
53
3.16
9441
9622
192.99
158
8.6
31
6.32
9616
9622
237.09
139
14.14
44
13.34
9609
9612
116.57
148
5.83
10
17.72
1907
9439
227.29
116
10.77
36
16.28
9446
2772
-7.13
173
10
11
6.32
5365
9616
-3.01
159
9.49
18
10.77
1907
9614
165.96
119
17.69
52
19.7
9449
9623
0
135
15.56
38
17.8
9617
13
188.97
171
9.49
8
10
9623
9625
126.47
165
17.8
22
12.37
9614
1907
-14.04
121
12.73
37
17.8
9449
9624
45
114
10.77
41
15.03
9622
9616
57.09
144
14.04
43
12.37
9619
9624
-26.57
156
23.02
49
12.37
9616
5365
176.99
163
12.37
26
8.06
9624
9619
153.43
150
15.03
25
17.8
9627
9628
199.65
146
8.6
12
23.19
9629
9627
-16.93
155
20.22
56
10.44
5365
8214
168.02
160
20.22
25
16.4
9628
9627
19.65
137
8.94
14
24.08
9630
9627
4.76
102
9.06
21
24.04
9631
8214
71.57
162
13
31
7.81
9631
9629
22.83
132
18.97
60
16.4
9635
9633
59.93
177
4.47
0
17.49
9636
9634
240.64
151
1
1
17.49
9630
9631
176.82
114
8.94
29
16.64
9629
9631
202.83
120
9.06
26
18.03
3899
9634
242.24
171
3.16
1
18.36
9637
9638
-74.48
179
16.76
15
2
9472
9639
103.39
177
16.76
13
5
9641
9635
37.41
150
5.39
9
17
9640
9642
203.5
136
5.39
10
21.59
9644
9643
236.31
161
4.12
5
14.21
9634
9640
215.22
152
4.47
7
17
9645
9646
-63.43
173
10.82
26
3
9634
3899
62.24
160
8.06
11
14.21
9647
2209
225
135
4
18
8.94
9648
9647
-33.69
147
7
70
4.12
9649
3882
187.43
109
5.1
12
22.09
9638
9637
105.52
162
10.82
21
9.06
9650
9651
-74.05
177
18.03
15
4
9653
9652
120.58
175
22.2
30
4
9329
9654
60.26
177
2.24
0
21.95
9639
212
125.84
164
16.4
35
8
9652
9656
107.53
179
18.03
17
2
3882
9657
141.34
171
22.83
51
5
9655
9637
-49.09
169
16.4
40
5
9643
9640
228.01
146
8.06
12
20.81
9643
9644
56.31
157
11.18
29
8.94
9642
9640
23.5
125
5.1
10
22.56
9646
9645
116.57
117
7
31
12.04
9648
2209
260.54
115
7.21
35
11.31
9652
9653
-59.42
174
21.4
30
5
9654
9329
240.26
173
5.39
2
18.87
9167
9658
62.24
153
3
4
18.87
9659
9660
113.2
175
12.53
23
3
9649
9485
172.57
166
23.19
82
6
9658
9491
43.45
156
5.39
6
21.4
212
9662
151.19
160
20.22
61
8
9657
3882
-38.66
168
22.36
51
6
9656
9652
-72.47
169
12.53
17
8
9315
9663
54.46
159
4.12
6
13.45
9664
9665
139.4
163
7.62
49
3
9640
9643
48.01
148
12.17
21
17.89
9667
9668
27.55
126
7.07
14
22.56
9669
9662
12.26
110
8.06
20
22.2
9661
9655
-28.81
160
20.22
61
8
9665
9670
37.87
140
5.1
23
8.25
9671
9645
-40.24
148
14.14
56
9.06
2209
9666
226.55
147
11.18
19
17.89
9666
9649
215.31
135
12.17
22
22.56
9658
9167
242.24
159
9.06
14
13.45
9491
9658
223.45
142
7.07
12
21.1
9637
9655
130.91
140
14.14
45
13.04
9660
9659
-66.8
137
7.62
28
11.05
9662
9669
192.26
103
8
19
23.19
9652
9657
-52.59
148
14.87
42
12.04
9668
9667
207.55
125
8.06
17
22.36
9663
9315
234.46
154
12.17
40
8.25
9664
9670
81.25
122
9.22
43
11.4
9151
9659
137.12
157
14.87
47
8
9645
9672
205.02
120
12.04
44
14.87
9648
9673
219.47
139
12.17
31
15.13
9663
9667
46.47
143
9.06
15
21.1
9674
9485
203.75
122
14.14
31
23.19
2108
9657
190.3
109
14.14
36
22.36
9666
2209
46.55
147
17.26
38
15.13
9649
9666
35.31
134
14.14
27
22.2
9671
9672
263.66
124
17.03
58
16.55
9655
9661
151.19
139
22.56
68
16.12
9673
9648
39.47
139
19.24
59
14.87
2108
9151
159.15
149
22.36
73
12.04
9655
9675
192.8
108
13.04
33
22.47
9485
9674
23.75
122
14.14
31
23.19
9667
9663
226.47
145
14.14
27
18.03
9673
9674
218.66
139
17.26
30
22.2
9659
9677
17.35
113
11.05
39
16.16
9676
9669
36.87
135
14.14
26
22.36
9670
9676
43.45
143
12.17
24
18.03
9659
9151
-42.88
120
16.76
53
18.11
9678
9661
27.47
125
16.12
34
23.19
9664
9679
35.84
135
13.15
35
16
9661
9678
207.47
125
16.12
34
23.19
9669
9676
216.87
134
16.12
31
22.09
9676
9670
223.45
143
18.25
43
16
9674
9673
38.66
140
20.4
38
21
9671
9680
211.33
128
18.11
42
21.38
9679
9664
215.84
135
19.24
57
16.16
9672
4783
218.37
138
19.24
38
21
4783
2108
212.2
134
20.4
39
23.19
9681
9151
206.57
126
20.22
47
22.47
9680
9671
31.33
127
22.09
52
22.47
9151
9681
26.57
123
18.11
41
22.8
9679
9678
38.66
139
18.25
33
22.09
4783
9672
38.37
136
23.19
49
21.38
2108
4783
32.2
131
20.22
39
24.19
9682
9675
36.16
134
22.2
43
23.19
9677
9682
34.22
134
19.24
39
22.09
9678
9679
218.66
137
22.2
43
22.09
9675
9682
216.16
132
22.09
43
24.19
9682
9677
214.22
132
23.19
49
22.8
9680
9681
216.53
134
23.19
43
24.19
9681
9680
36.53
134
23.19
43
24.19
9684
9685
116.57
177
13.89
26
2
9683
9686
-83.99
156
13.89
41
8.6
9689
9687
131.42
180
14.87
1
7.81
9692
9690
15.07
153
19.1
41
13.42
9695
9693
142.25
178
8.6
0
30.61
3862
9697
195.95
151
5.66
9
17.12
5989
9683
-29.48
177
25.5
60
2
9698
9699
140.91
155
16.49
50
9
9690
9697
220.36
126
11.05
24
21.84
9686
5220
146.77
142
10.05
13
27.59
9703
9701
-78.69
142
9.22
35
9.85
9706
9704
-78.69
102
3
17
10.05
5469
9686
-47.29
151
23.09
36
19.1
9704
9708
149.04
168
9.49
40
3.16
9687
9689
-48.58
168
22.2
78
5
9693
9695
-37.75
161
12.65
8
27.59
9687
9710
82.57
173
15
13
8.54
9691
9712
213.02
171
19.1
33
6
9689
9702
-30.07
97
5
13
21.93
9714
6305
173.66
178
14.04
2
13.15
9683
5989
150.52
169
23.09
51
6.08
9705
9714
137.49
138
3
8
14.21
9686
5469
132.71
166
34.67
78
8.6
9701
9715
18.43
133
9.85
30
14.32
9708
9704
-30.96
123
8.94
47
10.2
5220
9716
130.6
150
12.65
40
10
9719
9717
5.71
177
12.17
5
8
9690
9692
195.07
155
26.25
74
11.66
9715
9709
149.04
162
14.32
12
21.93
9721
9717
246.8
169
5.1
3
17.89
9715
9719
248.2
134
14.32
58
12.17
9709
9722
114.78
151
22.2
49
14.32
9708
9724
-55.01
176
14.21
5
10.3
9724
9725
252.26
163
10
10
17
9710
9687
262.57
156
10.44
17
14.32
9709
9715
-30.96
162
28.64
49
12.17
9725
9724
72.26
155
14.14
24
14.87
9728
9706
-7.13
121
11.4
43
14.21
9714
6305
173.66
122
11.4
24
23.32
9706
9728
172.87
147
8.94
29
10
9729
9718
234.46
153
14.14
54
8
9717
9721
66.8
165
14.14
21
9.9
9718
9729
54.46
120
14.32
50
16.03
9729
9727
148.57
145
16.03
49
12.17
9722
9730
81.87
156
10.44
20
12.53
9731
9728
-15.07
126
7.81
15
23.32
5220
9732
87.61
138
18.44
50
16.4
9709
9727
-12.09
117
19.21
40
26.4
9724
9708
124.99
145
23.41
68
14.42
9732
5220
267.61
165
17.46
33
8.6
9728
9734
-90
127
10
33
14.42
9722
9709
-65.22
140
26.4
63
19.21
9724
9734
160.02
113
14.87
37
22.47
9734
9729
-79.11
159
22.47
55
9.9
9729
9734
100.89
133
21.1
51
19.85
9735
9731
267.8
165
21.59
47
7.81
5469
9736
78.69
156
17.46
58
8.54
9722
9737
45
144
21.21
71
13.42
9733
9728
22.48
122
19.24
37
26.93
9734
9733
168.31
120
19.85
41
26.4
9728
9733
202.48
113
18
34
29.61
9739
9736
-54.46
171
7.07
6
10.3
9735
9730
207.47
152
23.02
54
13.42
9733
9737
109.09
134
26.4
64
21.21
9737
9733
-70.91
140
13.89
28
19.24
9731
9735
87.8
119
13.89
32
23.02
9736
9739
125.54
105
8.54
28
17.12
9738
9740
126.87
172
7.07
2
28.02
9741
9742
74.05
175
17.26
20
5
9742
9743
189.87
137
5
9
20
8964
9741
210.96
140
3.16
12
9.49
9744
9745
73.61
164
9
15
9.43
422
9747
52.13
116
2.24
10
10.63
9742
9741
254.05
150
15.52
43
11.66
9743
9749
22.83
108
10.05
28
20.1
5179
9743
-39.47
155
16.49
44
10.05
9743
9742
9.87
168
20.62
54
5.66
5179
9748
-14.04
140
11.18
42
10.82
9750
8964
130.6
171
17.03
59
3.16
46
8964
161.57
135
13.42
30
18.44
9753
9751
81.87
150
13
65
7.28
9754
9749
-4.76
176
4
0
20.1
9756
9755
251.57
113
9.22
28
17.69
9753
9757
-40.24
116
12.08
42
16.12
9514
9759
-66.04
178
24.6
12
5.1
9751
9756
164.05
149
7.28
24
9.22
1121
9761
-11.31
159
11.18
40
6.4
9744
9762
228.81
176
10
48
1
9764
9763
26.57
178
10.3
26
1
8964
46
-18.43
157
23.09
65
10.05
9766
4773
6.71
97
2
6
17
9767
9758
145.49
126
14.87
48
16.12
9746
9762
247.62
158
9
18
10.63
422
9768
24.44
153
11.4
69
5.66
9747
9769
0
172
21.21
18
9.49
9751
9753
261.87
127
12.73
57
12.08
9771
9769
151.93
176
9.85
5
7.21
9749
9439
160.82
166
24.08
80
6.08
9589
9760
147.53
164
7.28
18
6.4
8964
9765
4.97
131
13.6
35
17.49
9439
9749
-19.18
177
14.56
4
9.85
9755
4832
147.53
148
9
41
7.28
9765
9764
-82.57
154
21.63
68
10.3
9765
9762
-56.31
127
19.03
56
18.38
9635
9761
40.6
127
15.03
51
15.3
9775
9768
34.38
115
6.08
15
21.19
9767
9777
49.4
175
25.81
49
3
9765
9746
-3.01
124
10
31
15.81
9778
9773
177.27
125
10
28
17.49
9769
9747
180
172
26.31
45
5.66
9589
9775
-77.91
179
8.25
2
6.08
6523
4773
0
155
16.55
74
7.28
9435
9755
-61.82
144
23.26
46
18.97
9599
9758
197.88
144
25.81
52
19.42
9755
4414
133.53
167
13.04
11
15.26
9780
9779
233.47
180
27.2
2
6.4
7818
9768
66.16
157
30
31
23.02
9761
9635
220.6
131
4
10
16.12
9437
9754
-40.24
160
14.87
59
6.08
9759
9514
113.96
148
21.63
45
16.16
4832
4414
121.61
164
13.45
58
4.47
9758
8392
91.64
137
12.73
18
27.2
9267
9756
176.82
140
5
12
14.56
9589
9761
164.05
149
7.28
74
4
6963
9607
90
159
10.77
38
6.4
9605
9759
192.53
166
13.42
30
6.32
9437
9439
-19.65
124
10
41
12.53
9782
9608
21.25
138
17.89
25
28.07
7818
9607
207.9
159
17.03
61
7.21
9599
6860
0
135
11.31
63
8.94
7818
9115
229.76
158
16.76
76
6.71
9444
9781
-90
127
5
38
6.4
9756
9267
-3.18
116
10.3
34
16.4
9755
9435
118.18
165
27.59
54
8.94
6625
7818
263.88
177
24.02
20
4.47
9756
9441
60.95
125
4.47
25
8.6
9607
7818
27.9
128
12.17
39
15.3
9603
9771
6.01
118
10.77
34
17
8203
9769
18.43
120
5.1
9
26.31
9784
9781
35.84
171
14.14
15
8.54
9758
9599
17.88
156
31.14
71
13.6
9607
6963
-90
124
7.21
28
12.53
7818
9775
90
151
20.59
39
15.62
6963
6523
33.69
153
12.53
60
6.71
8392
9758
-88.36
122
27.78
49
31.14
9110
9783
-10.62
143
13.42
55
9.85
9783
9110
169.38
125
11.31
43
13.6
9444
4407
233.97
144
8
33
8.54
9786
9756
-15.52
169
16.03
47
4.47
9589
9785
254.93
153
14.32
24
15.62
9608
9782
201.25
158
29
43
16.16
9126
9774
203.63
128
16.49
27
28.07
9774
9126
23.63
133
22.14
39
25.96
7364
9788
191.31
120
6.32
24
13.34
9768
8412
221.63
143
5.1
21
8.54
9607
2683
80.54
118
5
24
10.82
4407
9787
205.46
161
14.14
25
11
9785
9589
74.93
165
24
58
7.28
9603
1733
-54.16
120
19.1
52
20.88
9769
8203
198.43
131
10.77
20
23.02
7818
9785
119.05
131
15.3
47
15.81
6860
9789
43.78
108
8.94
15
31.76
4407
9444
53.97
144
10
46
8.06
9788
5565
116.57
177
13.89
8
6.32
9608
9787
223.6
134
10
18
23.26
6394
9790
-75.96
179
14.56
2
10.2
9791
9126
-33.69
124
20.62
44
24.52
9126
9791
146.31
162
25.96
62
9.06
9126
9608
255.96
152
15.52
68
8.06
9613
8412
69.44
154
9.06
24
9.9
9789
9605
190.62
163
31.76
76
9.85
9605
9792
40.43
167
27.2
35
11.05
9267
9616
122.01
160
16.4
23
14.14
9793
9063
51.34
135
9.06
26
14.32
1097
8203
63.43
131
7.62
42
8.54
9616
9267
-57.99
137
24.74
58
20.12
9126
9444
-75.07
136
11.66
48
10.82
6860
9790
34.59
171
33.24
65
5.83
9263
9793
-36.87
120
7.62
46
9.06
9603
8203
177.51
157
22.47
74
9.22
9785
9063
90
127
15
38
19.21
8412
9613
249.44
137
7.62
24
12.73
6394
9780
198.43
154
5.66
13
11.05
9616
1733
-14.04
119
16.28
40
22.2
8203
1097
243.43
141
9.22
55
7.07
805
6156
108.43
109
3
8
18.25
9263
9126
-78.23
139
10
21
18.25
6156
805
-71.57
109
3
8
18.25
9603
9617
200.85
154
16.28
42
10.77
6054
805
45
169
10.82
45
3
9790
6394
104.04
168
22.36
59
5.66
9792
9605
220.43
115
17.72
29
32.56
9618
9794
-71.57
109
3
13
12.04
9621
805
70.02
166
11.05
70
3
9441
9795
201.04
166
8.6
21
6
9796
9617
11.89
178
12.37
3
7.07
2116
9788
227.49
114
9.85
36
15.3
9616
9795
239.93
142
14.14
38
13.93
2772
9786
176.42
177
6
2
10.05
9790
9792
116.57
148
5.83
10
17.72
2116
5565
163.3
116
16.28
46
20.12
7364
9797
0
141
14.21
32
16.64
9799
9616
3.01
154
10.3
24
10.77
9797
9800
126.47
160
16.64
24
14.32
9617
9796
191.89
163
10.3
17
10.05
5565
2116
-16.7
122
12.04
35
17.8
9798
2116
180
141
14.21
66
9.85
9795
9616
59.93
146
14.04
37
13
3993
9798
-28.3
152
23
49
14.32
9616
9799
183.01
161
13
32
8.06
9798
3993
151.7
152
15
23
17.8
9801
9802
204.9
151
8.6
10
23.77
9803
9801
-7.43
154
21.19
65
10.44
9799
9615
173.09
154
21.19
33
17.03
9802
9801
24.9
145
8.06
10
24.74
9804
9801
14.04
111
9.06
21
23.19
9805
9615
70.56
161
13
36
7.21
9805
9803
17.53
127
18.03
57
17.03
9804
9805
170.54
111
8.06
26
17.2
9803
9805
197.53
114
9.06
26
18.25
5011
9062
39.47
157
4.47
5
18.03
9806
9807
203.5
141
4.47
7
21.84
9809
9810
149.93
177
20.12
33
2.24
9811
9812
-72.65
178
14.87
17
2
8581
9806
215.22
171
2.83
1
18.03
9813
9637
104.04
175
14.87
14
6
4464
5726
239.53
164
4.12
4
15.81
9810
9816
172.23
178
22.09
82
1
9818
9817
182.49
107
4.12
10
22.2
8581
9814
63.43
162
7.07
8
15.81
9819
9816
17.65
153
1.41
1
21.84
9821
9822
-59.04
166
8.49
30
4
9823
9820
37.87
128
1
2
22.2
9808
9824
-30.07
177
20.12
33
2.24
3900
2418
231.34
142
4
14
10
9817
9825
145.01
174
22.83
55
3
9826
9827
124.99
178
21.4
16
3.16
9822
9829
195.95
120
4.12
34
6.32
9828
9830
107.65
180
3.16
0
19.92
9807
9806
23.5
128
4.12
8
22.8
5726
9806
226.55
145
7.07
11
20.81
9827
9831
106.7
180
19.92
16
1
9815
9808
-9.87
176
22.09
53
2.24
9812
9811
107.35
153
8.49
23
10.05
5726
4464
59.53
160
11.18
22
10
9820
9823
217.87
173
1.41
0
21.4
9816
9819
197.65
108
1
2
22.8
9495
9823
60.26
177
2.24
0
21.95
9827
9826
-55.01
176
22.02
34
3
9818
9833
172.57
171
23.02
82
4
9637
9824
129.47
163
16.64
39
8
9825
9817
-34.99
172
22.36
55
4
9498
9811
-46.97
166
16.64
43
6
9821
9829
265.24
145
11.66
69
7.28
2418
3900
51.34
151
12.17
69
6.32
9652
9834
115.02
177
14.76
25
2
9831
9827
-73.3
169
14.76
24
7.07
9835
9836
60.95
151
3
4
18.03
9806
5726
46.55
148
10.2
17
18.36
9823
9495
240.26
169
6.32
3
18.03
2173
9818
213.69
135
10.2
18
22.8
9836
9819
45
154
6.32
7
21.4
9837
9656
131.19
158
8.94
55
4.12
2418
2173
228.01
149
11.18
18
18.36
9824
9808
149.93
153
19.03
59
10
9483
9839
50.19
155
4.12
8
12.04
9656
9840
32.01
123
5
32
8
9841
9821
-35.54
145
15
60
10.05
9838
9498
-25.35
158
19.03
64
8
9834
9652
-64.98
142
8.94
30
11.05
9827
9825
-50.53
152
16.16
44
11.05
9843
9815
31.33
129
8.06
16
22.8
9836
9835
240.95
157
10.05
19
12.04
9844
9808
14.04
110
10.05
23
23.35
9845
9833
199.8
120
12.17
27
23.19
9811
9498
133.03
134
15
46
15.03
9842
9652
137.12
159
16.16
55
7.07
9819
9836
225
143
8.06
13
21.1
9829
9846
223.26
143
12.17
28
15.52
9825
9833
-26.57
149
22.09
72
12.17
9818
2173
33.69
134
12.17
23
22.36
9821
937
210.96
126
12.04
43
14.32
9837
9840
85.6
135
10.63
53
9.43
9839
9483
230.19
150
12.17
50
8
2173
2418
48.01
149
16.28
33
15.52
9808
9844
194.04
105
10
23
24.33
9815
9843
211.33
128
10.05
21
22.36
9839
9843
47.86
144
10.05
16
21.1
9847
9842
156.8
152
22.09
71
11.05
9833
9845
19.8
120
12.17
27
23.19
9841
937
266.99
123
17.2
56
17.49
9846
9845
218.66
140
16.28
28
22.36
9846
9829
43.26
143
19.24
55
14.32
3686
9837
151.93
142
16.28
67
11.05
9652
9842
-42.88
127
16.28
54
16.12
9848
9498
20.85
118
17.12
46
21.02
9498
9848
200.85
115
15.03
40
21.19
9843
9839
227.86
146
15.13
28
18.03
9840
9849
43.45
143
12.17
24
18.03
9849
9844
38.37
136
15.13
28
22.36
9837
9850
35.22
130
13.04
38
16.03
9845
9846
38.66
138
20.22
38
22
9851
9838
28.3
125
18.11
37
24.33
1787
9847
213.18
132
20.22
40
23.19
937
1787
217.23
137
19.24
37
22
3532
9842
204.62
124
20.22
47
22.85
9850
9837
215.22
131
20.1
63
17
9841
9852
214.82
128
19.03
42
22.2
9849
9840
223.45
143
19.24
47
16.03
9838
9851
208.3
126
17.12
35
24.19
9842
3532
24.62
122
16.12
37
22.56
9844
9849
218.37
135
18.11
35
22.02
9852
9841
34.82
133
23.19
54
21.19
9847
1787
33.18
132
20.22
40
23.19
1787
937
37.23
136
22.2
45
22.2
9850
9851
38.66
138
19.24
36
22.02
3686
3909
35.75
132
20.1
40
23.09
9852
3532
216.16
134
22.2
43
23.19
3909
3686
215.75
134
23.19
48
22.56
3909
9848
36.16
132
22.09
43
24.19
9848
3909
216.16
134
23.19
46
23.35
9851
9850
218.66
134
22.09
43
23.09
3532
9852
36.16
134
23.19
46
23.35
9854
9855
113.2
175
12.53
23
3
9853
9856
-86.82
155
12.53
38
8.6
9857
9858
-37.75
180
30
2
9.22
9862
9860
-78.69
143
10.63
43
9.43
9863
9853
-29.48
175
25.08
60
3
9864
9865
136.85
159
16.16
40
9.06
9527
9867
84.29
162
9.22
65
3.16
9869
9870
144.16
108
5
12
21.26
9871
9861
-30.96
113
5
12
21.93
9527
7435
150.95
164
9.22
60
3
9856
5017
147.26
136
10.2
15
26.91
9860
9873
15.52
138
9.43
28
13.34
9875
9876
200.85
142
5.83
11
18.25
9870
9877
81.87
172
15
18
6.71
2738
9878
19.8
149
20.62
50
13.89
9880
9881
185.71
179
8.06
0
12.04
7121
9856
-47.39
151
23.09
39
18.03
9883
9884
-8.13
177
13.04
3
15.3
9873
9881
246.8
133
14.32
62
12.04
9857
9858
-37.75
160
13.6
10
26.91
9887
9880
245.77
168
5.1
3
17
9878
9876
221.99
127
10.05
21
22.47
9873
9869
148.17
162
13.34
11
21.93
9867
9884
140.71
123
3.16
12
12.81
7435
9527
-29.05
122
8.06
48
9.22
9853
9863
150.52
169
23.09
51
6.08
9890
9888
253.74
159
10.05
13
16.12
9856
7121
132.61
166
33.29
78
8.6
9891
9882
232.43
152
12.17
45
8.06
9869
9873
-31.83
163
28.86
52
11.05
9869
6528
116.57
153
22.2
55
12.53
7435
9890
-57.72
174
12.81
8
9.85
9888
9890
73.74
155
13.15
23
14.21
9880
9887
65.77
166
12.17
16
10.63
9882
9891
52.43
118
14.32
52
16
9877
9870
261.87
156
10.44
20
12.53
9891
9892
147.09
148
16
51
11.05
9879
9894
216.87
166
20.62
45
7.07
9895
9868
-7.13
128
11.31
44
12.81
9868
9895
172.87
144
8.06
26
10.82
9884
9883
171.87
127
11.31
22
23.32
9869
9892
-14.04
115
17.8
36
27.02
9890
9897
160.71
110
14.21
39
21.1
9890
7435
122.28
142
21.19
65
14.42
9897
9891
-81.25
158
21.1
49
10.63
9891
9897
98.75
132
20.25
49
19.85
6528
9869
-63.43
141
25.08
64
17.8
6528
5859
81.87
156
10.44
20
12.53
9898
9895
-13.5
117
7.81
17
23.32
9895
9897
-86.82
127
10.82
36
14.42
9897
9896
168.69
120
19.85
39
27.02
9876
9878
41.99
103
10.3
22
26.57
9899
5859
207.47
179
12.53
0
15.65
9895
9896
202.48
110
18.03
33
30.59
9896
9895
22.48
126
18.44
35
25.71
9899
9898
267.8
167
20.4
37
7.81
5859
6528
261.87
115
13.04
36
19.8
9896
9900
110.56
135
25.08
65
19.8
9900
9896
-69.44
136
14.32
33
18.44
9899
5859
207.47
153
24.41
59
13.04
9898
9899
87.8
113
14.32
32
24.41
9901
9902
-52.43
167
6.4
8
10.3
9901
9903
-83.29
150
16.4
70
8.94
9904
2738
8.75
163
6.71
16
7.07
1618
9905
128.93
168
6.4
2
27.2
9904
9906
-6.01
166
13.15
27
7.21
9908
9909
75.96
173
17.12
30
4.24
9911
2723
239.93
124
2.24
5
20.81
9913
9908
209.05
146
2.24
8
8.54
9909
9914
187.43
143
4.24
7
20
5816
9915
73.61
164
8
12
10.3
9909
9908
255.96
152
15.52
46
10.3
5195
9913
130.6
174
17.69
67
2.24
9914
9918
20.22
111
9
26
19.1
9914
9909
7.43
168
20.25
52
5.66
9919
9913
163.74
134
13.89
33
18.44
9920
9914
-39.09
155
16.49
50
9
9920
9917
-14.04
137
10.3
38
11.4
3764
9921
77.91
147
13.93
70
8.06
9910
9923
52.13
116
2.24
10
10.63
5816
7202
232.13
179
10
7
1.41
3764
9925
-35.54
127
12.65
46
14.14
9928
9927
251.57
112
7.81
24
17.69
9913
9919
-16.26
162
23.02
66
8.06
9921
9928
164.05
157
8.06
23
7.81
9916
7202
247.62
158
8
15
11.4
9930
9926
147.99
133
14.56
49
14.14
9931
9932
-66.04
176
22.83
15
7.07
9933
9934
162.65
171
7.07
6
9.85
9913
9929
2.49
129
13.6
36
18.03
9929
9936
-81.87
153
20.81
74
9.85
9921
3764
257.91
126
13.45
59
12.65
9937
9918
-4.76
104
6.32
15
23.41
8972
8675
-11.31
154
11.4
45
7.21
9929
7202
-54.78
126
19
57
18.38
9927
9939
151.39
152
9
42
6.32
9929
9916
0
127
10
31
15.26
4209
9935
174.56
122
10
28
18.03
9910
7080
18.43
147
11.4
63
7.07
9930
9940
49.4
177
25
30
3.16
9923
9769
-3.81
171
21.1
20
9.85
9769
9771
-28.07
161
7.07
13
10.63
9942
8148
143.97
160
7.28
20
7.21
8772
9938
3.37
159
16.55
74
6.32
9941
9926
197.88
145
25
49
18.87
9927
4414
136.55
166
12.53
12
14.42
9943
8675
40.6
127
15.03
51
15.3
9944
9927
-59.04
140
22.14
49
18.97
9945
7080
33.02
114
6.08
14
22.14
9769
9923
176.19
170
25.18
41
7.07
9942
9945
-77.91
179
8.25
2
6.08
9437
9937
-34.7
157
15.3
73
6.32
9939
4414
123.69
166
13.45
67
3.61
9780
9946
229.97
178
26.4
11
6.4
9948
9947
90
164
10.44
30
5.83
7619
7080
65.06
156
30
32
23.85
9926
8392
91.68
140
13.45
20
25.3
9949
9928
173.66
148
4.47
9
14.56
9952
9950
21.8
136
17.46
25
28.07
7619
9947
207.9
157
17.8
67
7.81
7619
9115
231.84
160
16.76
70
6.32
9953
776
-82.87
134
5
38
5.83
9932
9931
113.96
146
21.1
44
17.09
9437
4131
-11.31
131
11.4
47
11.66
9955
776
35.84
171
12.73
11
9.85
9941
6645
0
139
10.63
60
8.06
8675
9943
220.6
131
5
14
15.65
6664
9932
192.53
165
14.76
43
5.83
9927
9944
120.96
165
26.17
60
8.06
9928
9949
-6.34
120
8.6
28
15.81
9947
9948
-90
130
7.81
30
11.66
9947
7619
27.9
129
11.18
35
15.13
9948
8772
33.69
155
11.66
52
6.32
9926
9941
17.88
156
29.73
65
13.45
9928
9441
54.46
100
2.83
18
8.6
9063
9942
23.2
114
5
39
7.28
9953
4407
236.31
140
8.06
32
9.85
9950
9952
201.8
159
29
45
15.23
8392
9926
-88.32
124
26.93
49
29.73
4407
9957
203.2
159
12.73
23
12
7619
9945
90
150
19.72
37
16.4
9956
9783
-10.01
142
14.76
58
10.77
9783
9956
169.99
129
10.63
38
13.45
9126
9951
202.11
128
15.52
26
28.07
9603
9771
6.01
118
10.77
34
17
9786
9928
-9.46
175
16.03
35
2.83
9947
2683
79.7
117
5
26
10
8203
9769
18.43
127
6.32
11
25.18
9951
9126
22.11
132
21.19
37
25.96
9958
9959
187.13
129
5.83
20
13.34
7080
4518
221.42
180
13.45
0
9.22
4407
9953
56.31
147
11
49
8.06
9950
9957
223.6
134
11
20
22.85
9942
9785
255.47
154
14.32
23
16.4
7619
9785
120.47
129
15.13
48
15.81
6645
9960
42.4
103
8.06
14
30.41
7080
8412
221.99
151
6.32
21
8.54
9959
9961
115.2
179
13.42
3
5.39
9603
1733
-54.16
120
19.1
52
20.88
9785
9942
75.47
166
24
52
7.62
9126
9950
255.07
150
14.56
67
8.06
9769
8203
198.43
131
10.77
20
23.02
9126
9791
146.31
162
25.96
62
9.06
9791
9126
-33.69
124
20.62
44
24.52
9949
9962
124.29
159
15.81
25
13.15
9960
6664
187.35
160
30.41
75
10.77
6394
9790
-75.96
177
13.6
3
11.18
9126
9953
-74.05
137
11.66
52
10
9613
8412
69.44
154
10.05
28
9.22
9962
9949
-55.71
137
24.52
62
19.24
6664
9964
37.87
166
26.4
37
11
6645
9790
33.23
171
31.14
51
6.32
9793
9063
51.34
135
8.06
23
14.76
9965
8203
65.56
135
8.54
45
8.54
9785
9063
90
127
15
38
19.21
8412
9613
249.44
139
8.54
27
12.04
9962
1733
-11.77
119
17.03
42
22.2
9603
8203
177.51
155
22.85
76
10.2
6156
9966
-81.03
171
18.97
80
3.16
9263
9126
-78.23
139
10
21
18.25
6156
805
-71.57
109
3
8
18.25
8203
9965
245.56
145
10.2
57
7.07
6394
9780
198.43
148
6.4
18
11
9603
8274
203.2
154
17.03
45
10.77
9967
805
48.01
172
10.82
29
3.16
9793
9126
260.54
118
15
49
17.49
9968
805
71.57
167
11.05
53
3.16
9441
9969
204.78
170
8.6
15
6.08
9964
6664
217.87
115
17.46
30
31.26
9790
6394
104.04
167
21.47
52
6.4
9959
9958
7.13
148
14.21
61
8.6
9962
9969
239.93
142
13.15
35
14.32
9971
8274
14.74
177
12.65
6
7.07
9958
9797
0
142
12.81
29
16.12
9970
9961
157.17
118
14.21
41
18.79
9790
9964
117.76
137
6.32
14
17.46
4243
9962
6.01
153
10.82
27
10.77
9797
9973
127.69
158
16.12
25
14.32
9972
9970
183.81
146
12.81
58
8.6
8274
9971
194.74
162
10.82
20
10.05
9969
9962
59.93
142
13.15
35
14.32
9975
9972
-28.3
152
23
49
14.32
9962
4243
186.01
162
14.32
39
7.21
9972
9975
151.7
148
15.03
25
18.6
9976
4243
-3.47
180
23.02
2
10.05
9977
9978
208.18
158
7.81
6
24.7
2262
9977
0
154
22.36
73
10.44
4243
9976
176.53
150
22.36
39
17.69
9978
9977
28.18
152
7.21
7
25.63
9979
9977
20.56
117
9.06
20
23
9980
9976
71.57
162
14
37
7.21
9980
2262
17.53
126
18.97
60
17.69
9979
9980
170.54
115
7.21
23
16.64
2262
9980
197.53
114
9.06
26
18.25
9981
9982
217.41
179
19.21
10
2.24
9983
9984
199.18
173
2.24
0
22.14
9793
9983
219.47
175
2.83
0
19.21
9986
9987
127.41
177
18.44
18
3.16
9989
9988
177.51
115
2.24
5
22.2
9990
8165
-72.65
177
13.93
17
3
9993
9992
239.53
168
3.16
2
16.64
9793
4771
63.43
163
6.08
6
16.64
9985
9994
-50.91
179
18.44
12
2.24
9988
9995
149.04
176
22.36
59
2
9991
9994
106.7
176
13.93
8
7.07
9987
9332
149.93
173
20.62
59
3
9984
9983
19.18
136
2.24
3
22.8
9996
9998
126.38
179
22.8
36
1
10000
10001
-53.13
167
7.81
36
3
10002
2620
236.31
147
5
15
10.63
9992
9983
228.01
148
6.08
8
22.02
10003
9999
-74.05
180
20.88
15
1
7021
9313
242.35
179
22.36
17
1.41
10001
10005
209.74
134
4.12
29
6
9332
10007
172.23
173
22
82
3
9988
9989
-2.49
115
2.24
5
22.2
9998
10009
105.95
180
20.88
15
1
10010
10011
39.81
130
2
3
22.2
10012
10007
19.18
136
2.24
3
22.8
9997
9985
-28.81
175
20.62
42
3.16
9992
9993
59.53
161
10.2
18
10.63
9995
9988
-30.96
175
23.26
85
2.24
9998
9996
-53.62
177
22.02
36
2
8165
9990
107.35
148
7.81
22
11.05
7021
9313
242.35
153
2
2
21.95
10013
10010
62.35
153
2
2
21.95
2620
10002
56.31
156
12.17
56
6
10006
9997
-7.77
173
22
82
3
10000
10005
265.24
139
10
55
8.06
9983
9992
48.01
151
9.22
13
19.42
10011
10010
219.81
157
2.24
2
21.4
9994
9985
129.09
154
14.32
39
10
9827
10015
110.56
178
15.23
20
2
10014
9989
212.01
135
9.22
16
22.8
1358
9990
-42.88
162
14.32
38
7.07
10007
10012
199.18
110
3
6
23.54
10009
9998
-74.05
173
15.23
15
7
2620
10014
229.4
151
10.2
14
19.42
10016
10017
58.57
163
4.12
4
17.2
10010
10013
242.35
161
7.07
7
17.2
10018
9831
124.99
166
9.22
34
4
1453
10008
197.74
123
11.4
25
22.2
9998
9995
-50.53
155
16.55
45
10.05
9650
10020
50.71
141
4
12
11.4
9831
10021
12.53
117
4.12
26
8.25
10017
10012
48.01
147
7.07
10
21.4
10015
9827
-69.44
152
9.22
26
10.05
9995
10008
-25.46
155
22
70
10.05
9989
10014
32.01
138
11.4
21
21.38
9985
9997
151.19
149
20.02
61
12
10024
10000
-29.74
139
15.3
65
11.05
10019
9827
136.97
162
16.55
46
7
10005
8555
226.64
147
12.17
24
16.16
10017
10016
238.57
159
11.18
20
11.4
10014
2620
49.4
151
15.3
27
16.16
10023
1358
-24.23
153
20.02
65
10
9990
1358
137.12
126
15.3
50
16.03
10000
10025
214.51
130
12.04
38
15.03
10026
10006
32.01
128
10.05
19
23.54
9831
10018
-55.01
113
9.22
44
12.17
10027
9997
21.37
117
12.04
29
22.2
10020
9650
230.71
146
13.04
64
8.25
10008
1453
17.74
114
10.05
22
24.08
10022
10019
154.54
155
22
70
10.05
10012
10017
228.01
144
10.05
17
19.72
8555
1453
218.37
140
15.3
27
21.38
8555
10005
46.64
143
19.1
50
15.03
10025
10000
34.51
131
19.1
64
16.12
9997
10027
201.37
112
12
28
23.19
10020
10026
47.86
149
11.18
17
19.72
10006
10026
212.01
127
12.04
24
23.19
10028
10018
150.64
148
17.03
66
10.05
9827
10019
-43.03
134
17.03
54
15.13
1453
8555
38.37
135
18.11
35
22.02
10030
1358
25.46
119
19.03
49
21.93
1358
10030
205.46
120
16.03
42
20.88
10029
10022
211.61
128
18.11
36
24.08
10021
10031
45
140
13.04
28
17.72
10018
10032
29.05
129
12.17
36
16.12
10026
10020
227.86
145
16.12
31
17.72
4149
10019
200.56
120
19.24
46
23.26
10025
10029
219.81
136
19.1
37
22.02
10031
10027
37.23
135
16.12
29
23.19
10032
10018
209.05
126
19.1
58
18.36
10019
4149
20.56
119
15.13
35
22.8
10024
2929
216.47
133
19.1
41
21.1
1515
10023
32.62
129
19.1
40
23.19
10022
10029
31.61
131
19.24
39
23.19
10031
10021
225
141
20.1
52
16.12
10029
10025
39.81
138
22.2
45
21.1
2929
10024
36.47
134
23.19
53
20.88
10023
1515
212.62
126
19.03
39
24.19
10027
10031
217.23
134
19.1
37
23
2929
4149
216.16
134
22.2
43
23.19
10032
1515
38.66
135
20.1
38
23
10028
10033
33.69
130
19.1
41
22.2
10033
10028
213.69
129
22.09
48
22.8
10030
10033
216.53
134
23.19
43
24.19
10033
10030
36.53
134
23.19
43
24.19
4149
2929
36.16
132
22.09
43
24.19
1515
10032
218.66
137
23.19
46
22.2
10035
10034
-78.69
147
9.9
37
8.94
10037
10038
114.78
174
11.66
24
3
10036
10039
-83.66
156
11.66
32
8.94
10041
5644
177.71
174
13.04
7
12.17
10042
8756
-32.28
115
3.61
8
21.26
5650
10043
144.16
111
3.61
9
21.21
10034
10044
16.39
133
8.94
29
13.34
10045
10046
84.29
168
9.06
57
2.24
10044
10047
250.35
136
14.32
65
11.05
10045
10050
156.04
175
9.49
66
1
10051
10036
-28.61
174
23.77
61
3
10053
10054
244.65
169
4.12
2
17
10044
5650
149.62
163
13.34
10
21.26
10039
10055
151.11
140
10.2
14
26.17
10057
2874
136.85
162
16.55
39
8.06
10043
10059
78.69
173
15.03
19
5.83
10060
10048
227.49
153
11.4
40
8.06
10061
9721
250.02
161
9
11
15.26
10050
10045
-23.96
125
9.43
59
9.06
10060
10044
176.63
130
16.28
61
14.32
10054
10053
64.65
170
11.4
11
10
10040
10062
-8.43
168
13.04
11
14.87
5650
10044
-30.38
164
28.86
53
10.05
9721
10061
70.02
151
12.17
25
14.14
10046
10062
143.97
118
2.24
8
12.73
10064
10039
-45
149
21.59
38
18.11
10065
10056
-36.57
167
13
6
26.17
10060
10063
148.57
152
17.03
52
10.05
10050
10061
-55.62
173
12.04
7
11.18
5650
6307
115.56
152
22.2
60
12.21
10067
7604
240.64
180
12.53
1
5.83
10036
10051
151.39
165
21.59
53
7.07
10055
10039
-28.89
102
9.22
16
32.53
10059
10043
258.69
152
10.44
23
12.21
10069
10070
202.25
158
5.66
6
18.68
5650
10063
-14.04
119
17.69
37
25.61
10072
10060
-78.69
159
20.25
48
10
10061
10072
161.57
117
14.14
38
20.25
10060
10072
101.31
133
21.1
54
19.1
6306
3194
176.42
145
9.43
33
10
1095
10073
22.93
150
23.6
56
14.42
3194
6306
-3.58
128
10.63
41
12.73
10061
10050
124.38
143
22.14
68
14.42
10062
10040
171.57
123
10.63
22
23.32
10073
10070
223.6
129
11.05
21
23.77
6307
5650
-64.44
140
25.08
68
17.69
3194
10072
-90
127
10
33
14.42
10072
10071
168.31
122
19.1
39
25.61
6307
10067
81.87
156
10.44
20
12.53
10075
3194
-13.5
117
7.81
17
23.32
3194
10071
202.48
113
18
34
29.61
10071
3194
22.48
126
18.44
35
25.71
10067
3951
23.75
178
15.65
3
11.7
10076
10068
23.75
164
9.22
8
18.68
10067
6307
261.87
118
13.6
38
19.1
3951
10075
267.61
166
18.44
37
7.81
6307
10071
-23.5
114
19.1
45
24.7
10074
10078
220.6
167
23.6
48
7.07
10077
10071
-68.63
133
13.93
33
18.44
3951
10067
203.75
151
23.6
59
13.6
10070
10073
43.6
105
10.3
20
28.23
10075
3951
87.61
109
13.93
33
23.6
10080
10081
-53.13
158
5.83
12
9.85
10080
8393
-82.87
151
15
67
8.06
7090
1095
14.04
156
6.4
22
7.07
10079
10082
130.03
161
5.83
4
27.2
7090
10083
-6.34
160
12.37
33
7.81
8891
6940
71.57
169
16.12
45
4.47
10086
8891
198.43
154
1.41
4
8.25
8442
10087
75.26
166
8
9
12.08
6940
10089
184.76
159
4.47
4
20
10090
10086
132.71
176
17.69
87
1.41
6940
8891
251.57
151
15.3
53
9.49
6237
10086
166.5
139
14.76
33
17.69
6216
10092
239.93
132
3.16
6
20
10089
10094
17.53
108
8
23
19.1
10089
6940
4.76
168
19.92
43
6.4
10095
10089
-36.87
158
16.49
53
8
10095
10093
-14.04
133
10.82
40
12.21
4355
10098
-67.38
113
7
32
12.17
10098
10099
-37.57
133
12.17
47
12.04
10086
6237
-13.5
165
23.02
60
7.28
10088
6836
247.62
158
8
15
11.4
10101
4551
251.57
112
7.81
24
17.69
10102
10100
149.04
137
14.32
54
12.04
10097
10101
158.96
159
7
18
7.81
6836
9948
125.22
107
9.49
26
20.22
10091
10104
48.81
121
3.16
16
9.43
10086
9948
2.49
132
14.21
38
17.2
9948
6836
-54.78
126
19
57
18.38
10104
10106
8.13
144
2.83
5
19.03
10100
10097
135
126
12.17
54
12.17
10107
10108
-66.04
173
21.1
17
9.06
10094
3935
162.35
165
23.02
81
6.08
4551
7880
151.39
146
9.06
45
7.28
9948
10088
0
127
10
31
15.26
10110
10105
174.29
122
10
29
17.2
10102
10111
48.01
179
24.84
21
2.24
10114
10106
162.65
163
7
11
10.3
8606
4544
3.37
156
17
77
7.28
10116
10115
15.95
178
9.49
1
12.37
10112
10100
197.88
148
24.84
48
17.49
4551
3137
138.18
167
12.53
12
13.6
10091
10115
14.04
146
10.63
59
7.07
9944
4551
-56.89
137
21.59
51
18.97
10113
10117
-28.07
152
7
16
11.31
10104
10113
-3.81
169
21.21
25
10.3
10119
2075
90
164
10.44
30
5.83
9942
10120
137.73
161
7.62
17
8.06
10122
10109
-31.61
157
14.14
67
6.08
7880
3137
126.03
169
13.45
81
2.83
10124
9950
20.38
135
17.46
26
28.16
10125
10118
33.69
176
11.4
4
10.3
9945
10115
34.99
118
8.06
19
21.84
7418
2075
210.47
157
18.6
70
7.81
7418
8959
233.75
161
17.72
72
6.32
10100
8392
91.74
137
14.14
23
24.7
9949
10101
167.47
157
5.1
8
13.93
9953
10118
-81.87
125
4.47
39
5.83
6571
10121
40.6
128
16.03
55
15.52
9780
10127
227.6
177
27.02
21
4.47
2075
10119
-90
130
7.81
30
11.66
10119
8606
33.69
155
11.66
52
6.32
9942
9945
-77.91
174
6.32
4
8.06
7418
10115
64.54
155
28
29
24.41
10112
10128
0
139
10.63
66
7.62
10113
10104
176.19
170
25.18
41
7.07
4551
9944
123.11
165
25.5
66
7.21
10101
9949
-12.53
118
7.81
25
16.4
3190
10108
190.01
164
13.42
40
5.83
9950
10124
200.38
157
29
46
15.65
10100
10112
17.88
156
29.73
65
13.45
10108
10107
113.96
144
20.59
43
18.03
4407
9957
203.2
166
11.4
13
12.17
9953
4407
236.31
139
7.07
27
10.3
10129
2772
220.6
171
7.81
40
2
4518
7418
263.42
176
24.02
38
2.83
10121
6571
220.6
131
6
17
15.23
8392
10130
-29.48
180
20.59
1
5.83
8392
10100
-88.26
122
26.42
49
29.73
9126
10123
200.56
126
15.52
26
28.16
2075
2683
78.69
106
4.47
25
10
5056
10130
169.99
129
10.63
38
13.45
10130
5056
-10.01
144
13.42
50
10.3
9950
9957
223.6
134
11
20
22.85
7418
9945
90
145
17.2
35
17.2
4407
9953
56.31
147
11
49
8.06
10123
9126
20.56
131
20.25
36
25.96
10132
9959
190.62
132
5.83
19
13.15
9942
10121
156.8
134
7.62
66
6
9063
6571
203.2
175
14.76
68
1.41
10133
10117
11.89
121
12.65
39
17
7622
10113
22.17
127
8.25
15
25.18
10128
10134
38.37
106
7.62
14
29.55
9126
9950
255.07
150
14.56
67
8.06
10115
4518
223.26
179
14.14
2
9.22
9942
10131
255.96
154
14.32
21
17.2
4518
3137
267.61
173
11.05
6
13.15
9126
9953
-74.05
137
11.66
52
10
1733
10117
74.05
127
21.4
62
19.42
9126
9791
146.31
162
25.96
62
9.06
9949
9962
124.29
162
16.4
24
12.17
10115
8412
225
150
8.25
30
8.25
10131
9942
75.96
166
25
52
7.62
10134
3190
185.36
162
29.55
66
10.3
9791
9126
-33.69
124
20.62
44
24.52
10113
7622
202.17
131
12.65
24
23.02
9962
9949
-55.71
137
24.52
62
19.24
10136
9790
-78.23
179
13.34
1
11.18
10128
9790
30.96
173
30.61
40
6.08
10135
8412
70.56
156
11.05
29
9.22
3190
10137
34.16
164
27.02
44
11.18
1454
9063
53.13
137
9.06
24
14.76
9965
7622
63.43
133
8.54
49
8.25
8412
10135
250.56
141
8.54
25
12.73
10131
9063
90
127
15
36
20
9962
1733
-11.77
121
16.28
40
21.4
9263
9126
-78.23
143
10.63
21
17.26
8270
6156
107.53
108
3
8
19.24
10133
7622
177.51
157
22.47
74
9.22
7622
9965
243.43
141
9.22
55
7.07
10133
8274
200.85
154
16.28
42
10.77
9967
8270
45
169
10.82
45
3
9968
8270
70.02
166
11.05
70
3
10136
9780
197.35
143
8.6
27
11.18
1454
9126
259.99
117
15
51
17
9959
10132
10.62
159
13.04
49
6.4
10137
3190
214.16
111
16.49
28
32.14
9790
10136
101.77
162
19.72
47
8.6
9962
10139
242.35
143
12.17
27
15.81
10132
10140
-4.76
151
12.08
23
14.76
10138
10142
154.65
123
13.04
38
17.89
10143
8274
17.53
175
13
9
7.07
9790
10137
120.47
130
6.08
16
16.49
10144
9962
11.89
151
12.04
33
10.77
10140
10145
127.69
156
14.76
22
15.52
10141
10138
183.58
160
12.08
42
6.4
8274
10143
197.53
156
12.04
28
10.2
10139
9962
62.35
144
13.15
30
15.26
9962
10144
191.89
161
15.26
45
7.21
10147
10148
212.74
163
7.81
5
25.94
1212
10144
0
176
23.09
11
10.2
10144
2048
213.02
107
10.44
25
23.19
10148
10147
32.74
157
7.21
6
26.83
10144
1212
180
147
23.85
45
18.38
1425
10147
26.57
123
9.06
19
23.19
10149
1212
71.57
162
14
37
7.21
1425
10149
167.47
112
7.21
23
17.2
10149
2048
14.74
124
18.97
59
18.38
2048
10149
194.74
112
9.06
27
18.44
2091
10151
64.54
180
21.02
1
2.24
10154
10152
175.03
176
1
0
22.09
2091
10151
64.54
166
5.1
3
18.36
10156
10155
242.24
171
3.16
1
18.36
10157
8349
-70.35
176
12.08
19
3
9307
10159
127.41
175
17.69
23
4.12
10155
10160
226.55
148
5.1
7
22.02
10152
10154
-4.97
176
1
0
22.09
4666
10162
107.53
174
12.08
10
8.06
10163
3024
240.26
151
4
8
12.81
10158
10162
-50.91
177
17.69
20
3.16
10164
10165
-49.4
158
6.71
40
4
10161
10166
153.43
154
1
1
21.47
10165
10167
220.6
145
4.12
22
6.32
10155
10156
62.24
165
9.22
10
12.81
10159
10169
151.19
169
19.92
49
5.1
10170
7700
62.35
153
1
1
22.83
8349
10157
109.65
137
6.71
24
11.05
10160
10155
46.55
151
8.25
12
19.42
10172
10154
210.26
135
8.25
15
22.8
10169
5099
172.23
168
22.09
82
5
10017
10174
43.36
152
3.16
3
22.02
3024
10163
60.26
160
12.17
41
6.32
10168
10158
-26.57
171
19.92
49
4.12
7700
10170
242.35
171
3.16
1
20.59
10175
5099
24.44
115
4
9
22.8
10164
10167
265.6
136
9.22
45
9.22
9999
10177
109.44
178
16.16
19
2
10176
10178
-74.05
175
16.16
15
6
10179
10017
62.35
171
3.16
1
20.59
3024
10172
228.01
151
9.22
13
19.42
10180
10157
-40.6
157
13.6
42
8.06
10181
10161
193.5
125
8.54
18
22.09
10162
10158
129.09
147
13.6
39
12
10173
10168
-7.43
168
22.09
71
5.1
10174
10017
223.36
134
4
7
22.2
10178
10166
-48.58
163
17.49
41
8
5099
10175
204.44
115
5
11
22.56
10183
10003
120.26
170
10.63
30
4
10166
10161
-26.57
157
21.02
69
9.06
10185
10186
59.53
150
4
7
16.4
10154
10172
30.26
141
8.54
14
21.84
10017
10179
242.35
160
8.06
9
16.4
10182
9999
135
166
17.49
45
6
10177
9999
-70.56
159
10.63
25
9.06
10187
10188
159.44
153
8.06
69
4
10188
10189
45
150
4.12
11
10.82
10172
3024
48.01
151
14.32
26
16.16
10167
7402
226.64
147
12.17
24
16.16
10157
10190
198.43
114
11.05
41
15.23
10161
10181
13.5
110
9.06
20
24.19
10186
10175
47.86
145
8.06
12
22.2
10184
10182
156.8
160
21.02
66
8
10158
10168
153.43
145
20.22
63
13
10186
10185
239.53
155
11.05
25
10.82
10164
8003
219.09
134
13.04
39
15
10003
10183
-59.74
114
8.06
34
13.04
7402
10181
219.81
142
14.32
23
21.84
10157
10180
139.4
121
15.81
52
17.03
1506
10180
-24.23
148
20.22
65
12
10189
10188
225
144
13.15
65
8.54
10191
10173
35.31
135
12.17
22
22.56
10192
10168
22.62
118
13.04
30
23.19
7402
10167
46.64
143
18.11
46
15
10175
10186
227.86
148
12.17
19
19.24
9999
10182
-45
139
17.03
53
14.14
10193
10183
147.99
152
17.03
64
9.06
8003
10164
39.09
136
19.1
62
15.23
10189
10191
48.01
144
11.05
20
19.24
2415
10184
208.3
126
17.12
35
24.19
10181
7402
39.81
137
17.12
32
22.2
10168
10192
202.62
113
13
29
24.19
10173
10191
215.31
130
13.04
25
23.35
4748
10182
198.43
119
17.26
41
22.85
10183
3268
26.57
121
13.04
39
17.46
8003
2415
221.19
138
18.11
33
22.2
10180
10194
206.57
120
17.03
42
21.84
10187
10195
40.1
139
13.15
30
17.26
10194
10180
26.57
123
20.1
50
21.93
10182
4748
18.43
117
14.14
33
22.8
10191
10189
228.01
142
17.03
38
17.26
3268
10183
206.57
123
19.1
58
18.87
10184
2415
28.3
129
17.26
35
23.19
10190
10196
218.05
135
19.1
40
21.02
10195
10192
41.19
135
17.03
31
23.35
10195
10187
220.1
136
20.1
53
17.46
2415
8003
41.19
139
22.2
43
21.02
10197
1506
34.7
131
21.1
41
24.19
10196
10190
38.05
133
24.08
53
21.84
10196
4748
216.16
134
22.2
43
23.19
1506
10197
214.7
131
20.1
39
24.08
10192
10195
221.19
137
21.1
41
22
6591
10193
213.69
129
22.09
48
22.8
10193
6591
33.69
130
19.1
41
22.2
3268
10197
39.81
136
20.1
39
22
4748
10196
36.16
132
22.09
43
24.19
10194
6591
218.93
134
24.08
46
24.19
10197
3268
219.81
135
23.09
47
22.2
6591
10194
38.93
134
23.09
43
24.08
10200
10198
-78.69
147
11.31
46
8.6
10198
10201
12.53
139
8.6
25
13.34
10203
10199
-32.28
130
3.16
6
20.62
10201
10204
245.22
135
13.93
65
11
10202
10206
142.13
124
3.16
7
21.21
10208
10209
114.78
172
10.82
24
4
10211
10212
242.1
171
3.16
1
16.12
10214
6475
175.43
167
13.15
13
12.65
10207
10215
-86.63
150
10.82
35
9.43
10201
10202
151.11
165
13.34
10
20.62
10216
10205
227.49
155
10.44
33
8.25
6861
10217
78.69
161
7.07
33
4.24
10214
10220
-19.65
179
12.65
6
2.24
10219
10217
-31.61
175
2.24
0
13.04
10223
10221
250.02
161
9
11
15.26
10205
10216
47.49
117
13.93
51
16.03
10212
10211
62.1
169
10.44
12
9.22
10221
10223
70.02
150
11.18
22
14.87
10202
10201
-28.89
166
28.86
54
9.06
10206
10225
78.11
172
15.03
24
5
10227
10207
-27.55
172
24.35
62
4
10216
10224
149.53
154
16.03
53
9.06
10215
10228
151.82
147
10.05
13
24.08
10230
6861
-18.43
135
8.94
63
7.07
10217
10220
147.53
103
4.24
18
12.81
10230
10223
-54.16
171
11.31
9
11.18
10232
10233
136.85
165
17
38
7.07
10213
10220
-6.34
165
13.15
13
14.87
10202
6083
116.57
155
22.8
67
10.63
10235
10215
-43.73
150
22.56
42
17.03
10236
10229
-36.25
171
13.42
5
24.08
10237
10216
-78.23
159
20.25
52
9.22
10202
10224
-14.04
121
16.97
35
24.84
10216
10237
101.77
133
19.72
52
18.44
10239
10226
237.26
179
11.66
4
5
10223
10237
164.05
117
14.87
41
20.25
10225
10206
258.11
153
11.4
29
10.63
10223
10230
125.84
142
21.84
69
14.42
10215
10235
136.27
165
31.76
81
8.6
10218
10240
176.42
150
8.94
28
9.43
10207
10227
152.45
166
22.56
54
7.07
10238
6083
156.5
112
16.97
39
24.6
10240
10218
-3.58
129
12.04
47
12.81
10237
10238
169.88
121
18.44
39
24.84
10220
10213
173.66
126
12.04
25
22.47
10240
10237
-90
123
9.43
33
14.42
6647
10240
-13.5
122
8.49
18
22.47
10240
10238
203.2
114
17
33
28.44
6083
10239
81.87
157
11.4
22
11.66
10238
10240
23.2
123
18.25
36
25.71
10242
1947
208.61
164
5.66
4
19.7
6083
10238
-23.5
114
19.1
45
24.7
10239
6083
261.87
118
13.6
38
19.1
10245
3465
26.57
150
26.08
63
15
10239
4984
22.62
177
15.65
5
10.44
4984
6647
267.51
162
17.72
42
8.49
3465
1947
226.33
131
10.05
17
25.06
10243
10238
-68.63
134
13
30
18.25
4984
10239
202.62
149
22.2
58
13.6
6647
4984
87.51
111
13
33
22.2
10246
10241
27.47
172
8.6
3
19.7
10244
10247
225
168
26.08
53
7.07
1947
3465
46.33
108
10.3
19
29.07
10248
10249
-50.71
152
5.39
15
9.85
10248
10250
-82.87
148
14.21
61
8.6
1398
10251
132.4
155
5.39
5
26.4
8081
10252
75.96
166
7
7
13.93
10253
10254
-45
135
1
2
16.28
6714
10256
184.97
159
4.47
4
19
6876
10245
18.43
154
7.07
26
7.07
10258
10255
168.23
140
14.76
35
16.28
6876
2560
-3.18
159
12.65
36
7.81
10256
6714
4.97
170
18.68
35
5.83
10250
10248
97.13
178
6.08
1
10.05
10259
10261
171.03
156
18.68
73
8.06
10161
10256
-32.91
158
16.28
49
8.06
10263
10264
239.93
139
5.1
10
18.44
10255
10258
-11.77
171
22.02
51
4.47
7552
6428
246.37
157
7
14
11.4
3367
10265
-34.7
136
12.17
50
11.05
10268
3367
-68.96
120
7.07
30
12.17
6428
10119
128.66
111
9.49
29
18.25
10269
10266
151.93
140
14.32
56
11.05
10270
10268
49.4
159
18.03
75
6.71
10119
6428
-51.34
126
19.03
62
17.46
10255
10119
-2.6
127
12.81
35
17.8
10267
10271
162.9
172
7.07
9
6.71
6876
10263
210.96
166
2.83
4
8.94
10266
10267
135
126
12.17
54
12.17
10119
7552
3.01
130
10
31
14.76
10270
5032
155.56
156
9
43
5.39
316
10272
171.47
119
10
29
17.8
10262
10273
52.13
131
5.1
25
8.94
10275
10260
-65.22
171
19.42
19
10.05
10269
10276
46.55
180
21.93
1
4.24
10273
10278
8.13
144
2.83
5
19.03
10279
10274
6.71
162
16.55
74
5.39
10277
10266
194.93
149
21.93
43
17
10270
6058
139.9
165
12.08
13
13.6
10280
10278
162.65
147
7.28
20
11.4
9435
10270
-55.71
138
21.59
53
18.03
10282
6302
90
164
10.44
30
5.83
10285
10283
18.92
133
17.46
27
28.28
10286
10115
10.78
179
9.22
1
12.17
5032
6058
126.03
169
13.45
81
2.83
7211
538
233.75
162
16.76
63
6.08
7211
6302
207.9
155
18.6
72
8.49
10287
10281
-80.54
114
4.12
40
5.83
10282
10279
33.69
158
10.82
43
6.08
10262
10115
9.46
138
11.4
63
8.6
6302
10282
-90
135
8.49
33
10.82
10266
8392
91.85
137
14.14
25
22.85
10288
10271
167.47
168
5
4
13.6
10113
10289
-25.02
140
7.28
23
12.04
10290
10291
200.85
168
10.82
11
12.17
10283
10285
198.92
157
28.32
45
15.65
10273
10113
-7.59
165
21.21
30
11.4
10277
10294
9.46
149
10.63
60
6.4
10270
9435
124.29
165
24.84
67
7.21
10287
10290
236.31
137
6.08
22
10.82
9942
7963
130.24
154
7.62
18
10.77
9780
10295
226.33
177
26.25
19
4.47
10297
10115
33.02
117
9.06
22
21.38
10266
10277
14.93
156
28.43
66
12.81
10271
10288
-12.53
123
7.07
22
15.81
7211
10115
64
154
28
30
23.85
10296
10260
186.71
157
13.89
51
7.07
10129
9108
215.54
171
7.07
35
2
9942
10297
-77.01
167
4.47
6
9.06
10283
10291
222.14
133
11
21
22.47
4518
7211
263.16
176
23.02
38
2.83
10260
10275
114.78
139
19.7
43
18.97
9126
10284
197.35
124
14.56
25
28.28
10113
10273
172.41
166
25.18
46
8.6
10290
10287
56.31
147
11
49
8.06
8392
10266
-88.15
122
26.42
52
28.43
8392
10130
-29.48
175
19.7
15
7.07
10293
10130
169.38
129
10.63
40
12.81
10130
10293
-10.62
140
13.89
57
10.77
7211
10297
90
143
16.4
33
18.03
10284
9126
17.35
130
18.38
32
25.96
10121
6782
218.16
129
5
14
15.23
9126
10283
254.05
147
13.6
66
8.06
2301
10293
201.45
168
28.84
72
6.4
9942
10121
156.8
141
7.28
66
5
10133
10289
14.74
124
12.65
39
16.55
4518
6058
267.51
173
11.05
6
12.17
10115
4518
223.26
176
14.87
7
8.6
9942
10131
255.96
153
13.34
19
18.03
7622
10113
22.17
127
8.25
15
25.18
10288
10298
126.87
162
15.81
26
11.18
2301
10296
181.79
161
30.08
69
10.77
1733
10289
74.74
128
21.4
60
19.65
10294
7054
27.35
174
28.84
38
5.1
10298
10288
-53.13
137
24.33
66
18.36
10131
9942
75.96
166
26
60
7.28
10115
7415
227.73
152
8.25
27
8.54
10136
7054
-80.91
176
12.37
4
13.04
10135
7415
69.44
155
11.05
33
8.6
10113
7622
202.17
131
12.65
24
23.02
10296
10300
31.26
162
26.25
46
11.4
7415
10135
249.44
137
7.62
24
12.73
10298
1733
-9.46
121
17.03
43
21.4
10131
9248
90
127
15
35
20.81
9965
7622
63.43
131
7.62
42
8.54
3825
8270
71.57
167
12.04
71
3
10133
7622
177.51
155
22.85
76
10.2
7622
9965
243.43
143
10.2
63
7
10133
10301
203.2
154
17.03
45
10.77
1454
9126
259.99
117
15
51
17
10136
9780
197.35
140
9.43
32
11.4
10300
10296
211.26
108
16.49
29
32.02
10298
10302
243.43
144
11.18
23
17.03
10132
10140
-4.76
160
11.4
16
13.93
7054
10136
99.09
162
19.24
41
9.43
10304
10301
20.22
170
13.89
20
7
7054
10300
117.9
130
5.1
13
16.49
10305
10298
14.74
150
12.73
36
10.77
10140
10306
130.36
152
13.93
25
15.52
10302
10298
63.43
145
13.15
28
15.81
10301
10304
200.22
156
12.73
31
10.2
10298
10305
194.74
161
15.81
48
7.21
10308
10309
215.54
171
7.07
2
27.46
491
10305
5.19
173
23.54
16
10.2
10305
10310
218.66
112
10.44
24
23.77
10309
10308
35.54
160
7.21
5
27.78
10305
491
185.19
147
25.61
50
18.38
1214
10308
30.26
128
8.06
15
23.77
10311
491
70.56
161
14
43
6.71
1214
10311
167.47
112
7.21
23
17.2
10311
10310
11.89
122
18.03
56
18.38
10310
10311
191.89
110
8.06
24
18.44
10314
10313
107.53
171
2.24
1
17.72
4464
10315
105.95
180
17.72
1
4.12
491
5390
64.54
166
5.1
3
18.36
10317
10316
242.24
171
3.16
1
18.36
10316
10318
226.55
148
5.1
7
22.02
10319
10320
-68.96
175
11.18
21
3
10322
10321
241.93
152
4
7
13.6
10315
10324
129.47
172
16.28
21
6.32
10325
8675
-39.81
150
6.08
50
4
10314
10313
107.53
171
11.18
11
9.06
8675
4462
225
150
4.12
18
6.71
10316
10317
62.24
167
8.25
8
13.6
10323
10313
-49.09
174
16.28
26
4.12
10326
8057
209.48
138
6.32
11
22.14
10318
10316
46.55
155
6.32
7
20.62
10185
10327
63.43
154
2
2
22.83
10320
10319
111.04
121
6.08
25
12.04
10321
10322
61.93
162
12.17
35
6.71
10324
10330
149.93
163
18.44
51
7.07
10331
10332
-71.57
177
18.38
18
4
10321
10326
229.4
154
8.25
10
20.62
10335
10334
191.31
118
7.28
16
23.09
10325
4462
265.24
126
7.81
40
9.9
10333
10336
111.25
179
18.38
21
1
10186
9676
46.55
148
5.1
7
22.02
10327
10185
243.43
165
5.1
3
19.72
10329
10323
-26.57
166
18.44
45
6.32
10337
10330
12.26
103
7
17
23.09
10332
10339
-50.19
165
19.42
47
7.07
10339
10334
-26.57
162
22.2
79
7.28
8057
10326
29.48
136
7.28
13
21.84
10342
10186
63.43
154
3
3
19.72
10343
10338
28.61
119
6
13
22.8
10344
10319
-38.16
151
13.15
45
9.06
10345
10346
118.3
167
12.04
42
4.12
10313
10323
130.91
140
13.15
40
13
10340
10333
136.85
172
19.42
46
4
10009
10347
57.99
163
4.12
4
15
9676
10186
226.55
137
6
10
22.2
10334
10335
11.31
118
7.28
16
23.09
10336
10333
-68.75
160
12.04
27
9.06
10326
10321
49.4
153
13.34
21
17
10337
10329
-4.76
163
23.54
77
7.07
4462
10348
229.64
150
12.17
21
17
10349
10350
147.99
156
8.06
57
4
10341
10340
154.54
163
22.2
72
7.07
10186
10342
243.43
161
8.06
10
15
10350
10351
41.63
132
4
17
9.85
10338
10343
208.61
119
7
15
22.56
10348
10335
218.37
142
13.34
22
21.84
10319
10352
205.02
120
12.04
44
14.87
10325
6572
221.19
136
12.04
33
15.13
10346
10345
-61.7
126
8.06
33
12.04
10347
10343
47.86
145
8.06
12
22.2
10347
10009
237.99
153
12.04
34
9.85
10344
10352
266.82
125
17.8
61
16.55
10349
10351
85.6
118
9.43
43
12.04
10323
10329
153.43
141
21.59
67
15.03
10348
4462
49.64
146
18.11
42
15.13
10333
10340
-43.15
144
17.12
51
13.04
10353
10344
-20.85
146
21.59
69
13
10354
10345
145.49
153
17.12
61
9.06
816
10341
209.25
127
16.12
34
23.09
6572
10325
41.19
138
19.1
60
14.87
10335
10348
38.37
136
16.12
30
22.2
10355
10337
38.05
133
13.04
25
22.56
10343
10347
227.86
143
13.04
23
19.7
5363
10340
194.62
112
16.12
40
23.26
10356
10329
28.44
119
15
33
24.08
10351
10355
46.47
142
12.04
22
19.7
6572
816
221.19
138
18.11
33
22.2
10340
5363
14.62
110
13.04
32
23.09
10345
3273
22.38
118
12.04
39
16.76
10329
10356
208.44
123
15.03
33
23.09
10341
816
29.25
127
16.12
34
23.09
10337
10355
218.05
129
15
30
23.19
10349
7691
39.81
135
13.04
33
17.12
10345
10354
-34.51
124
18.38
58
18.03
10344
10357
212.47
126
18.03
43
21.38
10357
10344
32.47
126
22.02
53
22.47
10355
10351
226.47
143
18.11
39
17.12
10352
10358
219.56
136
19.1
39
21
816
6572
41.19
140
21.21
41
21
7691
10349
219.81
136
20.1
57
16.76
10358
5363
216.16
135
21.21
41
23.09
7691
10356
40.03
137
18.11
32
23.19
10358
10352
39.56
135
23.09
50
21.38
10359
10354
210.26
126
21.1
47
23.09
3090
10353
37.23
133
21.1
42
23.09
10354
10359
30.26
124
18.03
40
23.35
10353
3090
217.23
130
22.02
44
24.19
10356
7691
220.03
136
21.1
40
23
5363
10358
36.16
132
21.1
40
24.08
3273
3090
38.66
135
20.1
38
23
10357
10359
218.93
134
23.09
43
24.08
3090
3273
218.66
134
24.08
48
23.35
10359
10357
38.93
134
24.08
46
24.19
10362
10360
-78.69
154
11.4
45
7.21
10360
3953
10.01
134
7.21
23
13.34
10364
3953
112.62
113
10
45
13
10366
10361
-35.84
145
3
5
19.85
6329
10368
240.64
178
2.24
0
16.12
10365
10369
144.16
145
3
5
19.85
10370
10364
225
154
9.49
30
8.25
3953
10365
150.26
164
13.34
11
19.85
10370
3953
176.42
132
15.56
63
13
10368
6329
60.64
170
9.49
11
9.22
10373
10371
248.2
159
8
11
14.42
10375
4339
175.43
163
13.34
18
13
10377
10378
111.04
165
10
32
5.1
10379
10380
83.66
156
6.32
38
4.24
10371
10373
68.2
147
10.2
23
14.14
10376
10382
-86.42
147
10
35
9.43
10365
3953
-29.74
165
27.89
53
9.06
10370
10383
149.53
154
16.03
53
9.06
10375
10384
-26.57
177
13
18
2.83
10380
6923
148.39
178
12.53
13
2.83
10369
10385
77.47
172
15.03
32
4.24
10387
10379
-12.53
138
8.06
59
6.32
10387
10373
-56.31
169
9.9
9
12.08
10365
5861
117.65
154
22.2
68
10.63
10382
10389
154.29
142
9.22
14
23.43
10380
10384
151.39
107
4.24
19
12.04
10391
10370
-80.13
158
18.87
50
9.22
10392
10376
-28.61
169
24.04
72
5.1
10370
10391
99.87
131
19.72
54
18.38
10374
10384
-8.43
159
13.34
18
15.65
10373
10391
163.3
119
14.14
41
18.87
10365
10383
-14.53
124
14.87
32
23.35
10385
10369
257.47
151
10.44
28
10.63
10394
10382
-42.27
149
21.38
44
16.03
10373
10387
123.69
141
20.88
67
14.42
10395
10386
235.3
177
11.66
10
4.24
10396
10390
-34.99
172
13.42
4
23.43
10393
5861
153.43
112
14.87
35
23.71
10391
10393
172.15
128
18.38
38
23.35
10381
9089
176.19
147
8.06
28
9.43
9089
10381
-3.81
128
10.63
44
12.04
9089
10391
-90
123
9.43
33
14.42
10389
10382
-25.71
100
8.6
16
29.73
10384
10374
171.57
123
10.63
22
23.32
10376
10392
151.39
163
21.38
54
8.06
9089
10393
204.15
115
17
31
29.27
8725
9089
-11.31
115
8.6
19
23.32
5861
10395
81.47
155
10.44
22
11.66
10393
9089
24.15
127
18.44
35
25.5
5861
10393
-26.57
116
17.8
43
23.41
10395
5861
261.47
121
14.21
43
17.8
10397
10393
-70.02
129
12.65
32
18.44
9751
8725
267.51
164
16.49
33
8.6
10395
9751
22.62
177
15.65
5
10.44
10400
10401
212.47
168
5.66
3
20.59
9751
10395
202.62
148
23.02
61
14.21
8725
9751
87.51
106
12.65
31
23.02
10402
10401
228.81
134
10.05
16
26.08
10404
10402
29.98
151
27.78
66
15
10405
10399
29.25
180
8.06
0
20.59
10403
10406
226.12
180
30.41
1
5.66
10403
10407
226.33
167
27.78
62
7.28
10409
10410
-48.01
144
5.1
18
9.85
10401
10402
48.81
110
10.3
18
30.02
10409
10108
-86.19
142
13.45
61
9.43
9916
10411
77.2
168
7
5
15.81
10414
10412
168.23
140
14.76
35
16.28
10408
10415
135
147
5.1
6
25.61
10416
10404
22.62
149
8.6
38
7.28
6952
6219
246.37
157
7
14
11.4
10412
10414
-11.77
171
22.02
51
4.47
10407
10418
227.73
174
8.6
9
6.4
10409
10108
-86.19
180
12.04
3
3
10416
10420
0
158
13
39
7.81
10421
10422
-31.61
144
12.04
52
9.06
6219
10417
128.66
111
9.49
29
18.25
10425
10421
-68.96
127
7.28
31
11.18
10426
10423
151.93
148
14.04
55
9.06
5757
10428
238.57
138
5.1
11
17.69
10417
6219
-51.34
126
19.03
62
17.46
2770
10425
51.34
161
18.03
69
6.32
10412
10417
-2.6
130
12.04
32
17.2
10424
10429
162.9
179
7.28
1
6.32
10417
6952
3.01
134
9.22
27
14.32
10423
10424
135
131
12.04
55
11.18
2770
10431
155.56
156
9
43
5.39
8959
3599
171.47
123
9.22
27
17.2
10416
5757
210.96
155
3.61
10
8.54
6296
10430
10.01
162
17
78
5.39
10275
10419
-64.36
166
17.03
20
12.04
10433
10423
193.13
149
21.21
41
17
10427
10432
48.81
128
5.1
28
8.54
2770
8240
141.71
167
12.08
13
12.81
10417
10434
90
165
11.4
36
5
10432
10436
8.13
132
3.61
8
19
9435
2770
-53.13
135
21.21
56
18.03
10438
10437
19.44
132
18.38
29
27.46
7010
10439
235.49
162
17.72
64
6.08
10417
6296
33.69
158
10.82
43
6.08
10434
10417
-90
135
8.49
33
10.82
10440
6274
201.8
173
10.3
6
11.4
10437
10438
199.44
156
27.59
46
15.65
10423
8392
91.97
137
14.14
27
21.02
10442
10429
163.61
178
4.12
0
13.6
10444
10436
169.38
140
8.06
27
11.4
10445
10440
236.31
135
5.1
18
11.4
10446
6874
10.78
173
9.49
6
12.04
10433
10447
9.46
149
10.63
60
6.4
2770
9435
126.87
166
24.21
75
6.4
10423
10433
13.13
156
27.8
64
12.81
10429
10442
-16.39
133
5.83
17
14.42
10437
6274
223.53
134
11
21
21.54
10427
6874
4.76
136
10.63
59
8.6
10443
10289
-28.07
123
8.06
28
14.42
10451
10449
225
176
26.25
30
4.12
10450
10419
186.71
157
13.89
51
7.07
10440
10445
56.31
147
11
49
8.06
9126
1880
194.47
122
13.6
24
27.46
10432
10443
-7.59
165
21.21
30
11.4
7010
6874
63.43
154
27
30
23.85
10452
6874
33.02
117
9.06
22
21.38
4518
7010
262.57
176
22.02
56
2.24
10455
10453
128.16
152
7.62
18
11.7
8392
10423
-88.03
120
25.94
54
27.8
5263
10448
169.38
129
10.63
40
12.81
10419
10275
115.64
137
19.31
44
18.97
10455
10452
-77.01
167
4.47
6
9.06
8392
10448
-27.55
174
19.31
17
7.07
10448
5263
-10.62
140
13.89
57
10.77
7010
10452
90
138
14.87
32
18.87
9126
10437
252.9
145
12.65
65
8.06
10443
10432
172.41
166
25.18
46
8.6
10456
7010
7.59
119
13.93
55
14.87
1457
5263
197.82
168
27.78
69
6.4
4518
8240
267.4
173
11.05
7
11.18
10442
10298
126.38
161
14.42
26
11.18
10455
10454
156.8
134
7.62
66
6
1457
10450
178.21
161
29.41
66
10.77
10455
10131
256.43
154
13.34
18
18.87
10133
10289
14.74
122
13.6
42
17
6874
4518
225
175
15.62
9
8.6
10447
7054
25.77
176
27.78
25
5
10298
10442
-53.62
137
23.35
67
17.49
7622
10443
23.96
127
9.22
17
25.18
10457
10289
72.35
128
20.81
57
19.65
10131
9126
208.07
140
13.93
54
11.18
10131
10455
76.43
167
26
53
7.62
6874
7415
230.19
153
9.22
29
8.54
10135
7415
69.44
155
11.05
33
8.6
10136
7054
-80.91
176
12.37
4
13.04
10443
7622
203.96
132
13.6
26
23.02
10450
10458
28.18
159
26.25
52
12.08
7415
10135
249.44
137
7.62
24
12.73
10298
10457
-9.87
121
17.03
44
20.81
10131
9248
90
124
14.42
33
21.63
9965
7622
63.43
131
7.62
42
8.54
9126
10131
28.07
129
16.28
61
14.42
10133
10301
203.2
154
17.03
45
10.77
7622
9965
243.43
143
10.2
63
7
10133
7622
177.51
155
22.85
76
10.2
10132
10140
-4.76
165
11.18
12
13.6
10298
10460
244.44
145
11.18
21
17.69
10450
1457
-1.79
151
31.76
74
16.49
10136
10451
194.04
134
10.3
38
12.08
7054
10136
99.09
160
18.36
38
10.3
10461
10301
22.83
170
14.42
22
7
7054
10458
119.36
120
5
15
16.49
10462
10298
20.22
150
14.21
42
10.77
10140
127
130.1
148
13.6
28
15.3
10460
10298
64.44
145
12.17
24
17.03
10301
10461
202.83
153
14.21
39
10.44
10298
10462
200.22
160
17.03
53
7.21
10464
10465
219.4
175
7.07
1
29.21
7323
10462
8.62
170
24.35
25
10.44
10462
10467
221.99
114
9.49
20
24.7
10465
10464
39.4
169
6.4
2
30
10462
7323
188.62
147
26.91
53
18.38
974
10464
36.87
134
9.06
15
24.7
10468
7323
70.56
161
14
43
6.71
974
10468
164.48
114
6.4
20
17.2
10468
10467
11.89
122
18.03
56
18.38
10467
10468
191.89
109
9.06
27
18.68
2294
10469
225
154
3.16
3
22.67
10454
10470
109.44
173
2.24
1
15.81
10471
10472
106.7
179
15.81
5
5.1
10474
10475
197.65
180
22.14
17
1
10476
5835
243.43
154
4
7
14.42
908
9761
-65.56
173
9.43
24
3
1011
10477
207.55
140
5.39
9
22.14
2294
2606
63.43
168
8.25
7
14.42
10469
2294
45
157
5.39
5
20.62
9063
10478
235.01
157
5.1
15
7.81
3181
9063
-26.57
144
6.08
63
4
10454
10470
109.44
168
9.43
13
9.06
10473
10479
17.65
180
22.14
17
1
10472
10481
129.47
168
16.4
31
7.07
10482
10473
37.87
179
22.02
37
1
5840
10483
187.13
119
5.39
12
22.09
10480
10470
-46.97
171
16.4
31
5.1
5835
10476
63.43
164
11.18
23
7.81
5835
1011
229.4
154
8.25
10
20.62
10484
10485
-71.57
178
19.31
18
3
9761
908
114.44
105
6.08
29
12.04
10487
10482
65.56
156
2
2
22.36
10477
1011
27.55
140
5.39
9
22.14
10489
10483
-25.46
168
22.56
75
5.1
10486
10491
109.29
179
19.31
19
2
3181
10478
265.6
113
6.71
30
12.21
10485
10489
-48.58
171
20.62
55
4.12
10481
10492
151.19
158
19.1
54
9.06
10482
10487
245.56
156
5
6
19.72
10483
5840
7.13
109
5.1
12
23.09
1627
10486
135
175
20.62
45
3
10494
10493
61.19
170
3.16
1
19.72
10493
10473
46.55
137
5
8
22.8
10495
10496
119.74
177
14.42
29
2
1011
5835
49.4
155
11.4
15
18.03
3473
10480
-24.23
162
19.1
57
7.07
10490
1627
156.8
170
22.56
80
4.12
10498
908
-32.74
148
13
50
9.06
10499
10492
17.65
108
9
22
22.09
10491
10486
-70.71
166
14.42
26
8.06
10478
10497
231.01
152
11.18
17
18.03
4281
10479
31.33
130
7.07
13
23.09
10470
10480
133.03
134
13
39
15.03
10497
5840
216.87
143
11.4
18
22.14
10176
10500
54.46
145
4
9
14.14
10501
10502
143.13
156
9.22
67
4.12
10502
10503
37.87
128
5
25
9.22
10473
10493
226.55
145
7.07
11
20.81
10493
10494
241.19
157
10.05
16
14.14
10492
10499
197.65
102
9.06
22
23.09
908
10504
210.96
126
12.04
43
14.32
3181
10505
226.74
142
13.04
31
15.52
10496
10495
-60.26
133
9.22
34
12.04
10479
4281
211.33
122
9
19
23.54
10486
1627
-45
149
17.46
49
12.04
10497
10478
51.01
148
17.12
36
15.52
2701
10490
204.78
127
14.32
29
23.09
10500
10176
234.46
150
12.04
41
9.22
10501
10503
85.6
123
10
47
11.4
10506
10495
143.13
157
17.46
60
8.06
10500
4281
50.71
147
10.05
15
20.81
5840
10497
36.87
139
14.32
26
21.38
10498
10504
266.82
120
16.64
55
17.49
7233
1627
192.26
111
14.14
35
22.85
10480
3473
155.77
134
21.54
65
17
10505
3181
46.74
143
20.1
58
14.32
2589
10498
-18.43
140
21.54
67
15.03
10505
2701
222.4
140
17.12
31
21.38
1627
7233
12.26
108
12.04
29
23.09
10490
2701
24.78
123
14.14
29
24.08
4281
10500
230.71
145
15.03
28
18.38
10507
10499
39.81
134
15.03
27
23.54
10495
3270
19.44
115
12.04
39
17.09
10508
3473
32.01
126
17.03
36
23.09
10503
10507
46.55
142
12.04
24
18.38
10495
10506
-36.87
124
18.03
56
18.03
10501
10509
37.87
133
13.04
34
17.03
3473
10508
212.01
123
17
36
24.08
10498
7446
214.29
128
18.03
42
21.21
2701
10505
42.4
139
20.1
39
21.02
10504
10510
222.4
139
20.1
39
21.02
10499
10507
219.81
134
17.03
32
23.19
7446
10498
34.29
127
22.02
52
22.14
10507
10503
226.55
140
18.03
43
17.03
10510
7233
214.7
131
20.1
39
24.08
10509
10501
217.87
134
20.1
58
17.09
10511
10506
208.44
125
20.1
46
23.09
10510
10504
42.4
138
24.08
50
21.21
10506
10511
28.44
122
18.03
40
23.54
10509
10508
41.19
135
18.03
33
23.19
7233
10510
34.7
131
20.1
39
24.08
10512
2589
38.66
132
22.02
43
24.08
2589
10512
218.66
132
22.02
43
24.08
3270
10512
37.23
133
20.1
39
23.02
10508
10509
221.19
134
22.02
43
23.02
7446
10511
220.24
135
24.08
45
24.08
10512
3270
217.23
132
24.08
49
23.54
10511
7446
40.24
135
24.08
44
24.08
10515
10513
-82.41
150
11.4
47
7.81
10518
10516
112.62
118
11.05
51
12.53
10513
10516
9.46
140
7.81
22
13.34
10520
10514
-34.38
160
4.12
4
19.21
10522
10523
239.04
150
1
1
16.64
10524
10518
225
156
8.54
29
7.28
10519
10525
144.16
159
4.12
4
18.44
10516
10519
151.82
165
13.34
10
19.21
10524
10516
172.41
128
14.14
59
13
10523
10522
59.04
170
8.54
9
9.22
10528
10526
247.17
158
7
10
14.42
10526
10528
67.17
145
9.22
22
14.14
10519
10516
-28.18
167
26.93
47
8.25
10524
10529
149.53
158
15.13
45
8.25
7409
10530
77.47
157
5.1
24
5
10532
10533
-36.87
99
1.41
8
9.9
10535
10536
175.43
155
13.93
25
13.89
10537
10538
116.57
166
9.22
26
5
10447
10539
-86.42
143
9.22
32
10.3
10535
10541
-29.74
173
13
26
3.61
10530
10540
148.39
173
12.08
24
3.61
10525
10542
76.76
171
15.03
43
3.61
10532
10528
-54.78
163
10
15
11.7
10544
10524
-79.7
157
18.03
50
9.22
10532
7409
-6.34
148
8.94
72
5.1
10524
10544
100.3
131
19.72
57
17.69
10519
10545
118.81
155
22.2
73
9.9
10528
10544
165.96
121
14.14
42
18.03
10519
10529
-15.07
126
14.21
31
21.93
10530
10541
155.56
103
5
23
12.04
10539
10547
155.1
150
10.05
12
22.8
10534
10541
-6.34
153
13.93
23
16.12
10528
10532
125.22
140
20.62
68
14.42
10549
10447
-26.57
169
22.8
63
5
10544
10546
171.87
130
17.69
38
21.93
10542
10525
256.76
151
10.44
31
9.9
10546
10545
153.43
115
14.21
34
22.83
10550
10543
230.71
175
10.82
17
3.61
10531
10551
180
154
8.94
26
8.94
10552
10539
-40.82
148
21.21
45
16.03
2735
10548
-33.23
172
12.08
4
22.8
10551
10544
-90
117
8.94
33
14.42
10551
10531
0
132
12.04
48
12.04
10551
10546
203.2
114
16
31
28.28
10541
10534
173.66
126
12.04
25
22.47
10547
10539
-24.9
111
8.49
15
29.07
10553
10551
-11.77
114
8.6
20
22.47
10546
10551
23.2
127
17.46
34
24.52
10545
10550
81.03
155
10.44
24
10.82
10447
10549
153.43
162
21.21
56
8.06
10545
10546
-26.57
118
17.2
42
22.47
6999
10546
-69.15
130
12.65
34
17.46
10550
10545
261.03
121
14.21
45
17.2
10554
10553
267.4
163
15.52
32
8.6
10550
10554
20.56
169
15.26
15
11.05
10554
6999
234.16
147
22.02
72
12.65
10554
10550
200.56
147
22.2
59
14.21
10557
10558
214.29
178
5
0
21.63
10552
6655
75.96
145
10.77
39
10
10559
10558
229.97
135
10.05
15
26.63
10561
10559
33.18
151
30.41
72
15.62
10560
10562
229.24
180
32.65
4
5.66
10565
6655
-45
135
5
21
9.85
10565
10419
-86.19
139
12.73
56
10
10560
10563
229.97
168
30.41
65
7.28
7552
10566
77.2
168
6
4
16.76
10558
10559
49.97
108
9.43
16
31.06
9518
10567
170.54
141
13.89
33
16.28
10568
10563
48.81
179
15.62
3
5.66
7156
6007
246.37
157
6
11
12.21
10567
9518
-9.46
176
22.09
35
2.83
10564
10570
137.86
138
5
7
24.84
10572
10573
58.57
180
11.66
0
9.43
6007
10569
130.6
119
9.22
29
16.28
10575
9758
-33.69
152
11.05
48
7.07
10565
10419
-86.19
180
13.04
3
2
10577
5193
158.2
155
14.04
60
7.07
7156
10569
186.01
120
17.46
55
18.44
10579
10575
-68.96
135
7.62
32
10.2
10567
10569
-5.19
127
12.04
32
17.8
10581
10561
22.62
149
8.6
38
7.28
10563
437
227.73
174
8.6
9
6.4
4156
10579
51.34
162
17.09
60
6.08
10581
10583
0
158
13
39
7.81
10569
7156
6.01
133
10
30
14.32
10583
10581
180
109
6.32
20
17.09
10573
10572
238.57
141
7.07
16
16.28
5193
10578
129.29
135
11.05
50
10.2
4156
10586
160.02
154
9.06
48
5.39
10587
10585
10.01
162
17
78
5.39
10588
5193
194.47
154
21.26
36
16.16
10565
10570
130.1
176
15.56
8
9.43
4156
2940
145.62
166
11.7
13
12.04
10581
10573
210.96
143
5.39
23
8.06
10589
10576
-63.43
162
15.56
22
13.04
9435
4156
-48.58
135
21.02
61
17.09
4172
10591
200.85
172
10.3
6
12.37
10584
10590
48.81
131
7.07
41
8.06
10593
10594
197.93
156
26.91
44
15.65
10576
10595
3.37
179
13.04
3
4
773
4172
237.53
134
4.12
16
10.63
10590
10597
10.78
123
5.39
13
19.03
5193
7621
90
141
14.21
26
20.12
10588
10599
10.3
154
10
63
5
10593
10591
221.99
127
10.05
21
22.47
2940
4156
-34.38
101
5.66
14
22.67
5193
10588
14.47
159
28.6
62
12.04
10582
10601
-19.44
139
5.39
14
14.42
4172
773
57.53
142
10.05
50
8.06
10602
10597
169.38
129
9.22
34
12.73
2414
6874
5.44
173
9.22
5
12
2414
2582
127.87
173
2.83
1
20
1022
2095
190.62
124
13
23
27.66
10595
10576
183.37
154
13.89
53
7.81
10451
4040
222.14
174
25.5
42
4
10603
10454
-21.8
124
12.21
47
13.93
10598
10600
169.38
133
10
37
12.04
10584
6874
0
132
10.63
57
9.43
7621
5193
-90
118
25.94
53
28.6
6811
6874
62.85
153
26
29
23.85
10604
6811
262.57
176
22.02
56
2.24
10443
4210
-25.02
115
9.22
33
15.26
10600
10598
-10.62
140
13.89
57
10.77
7621
10600
-27.55
171
18.97
22
7.81
10452
6874
33.02
118
11.05
27
21.1
10576
10589
116.57
135
18.97
45
18.97
1022
10593
247.38
143
11.4
60
8.06
10590
10443
-9.46
160
21.38
35
12.73
6811
10452
90
135
14.14
32
18.87
10455
2582
126.87
151
7.62
15
13.93
10455
10452
-77.01
148
2.83
7
11.05
10456
6811
11.31
123
13.93
56
14.14
7001
10454
35.54
122
16.03
57
16.16
10605
10598
194.04
171
27.31
67
5
10443
10590
170.54
164
25.18
48
9.43
10454
7001
215.54
126
6
19
14.56
10601
10298
127.87
162
14.42
26
10.2
10604
2940
267.4
173
12.04
8
10.2
10605
10595
174.64
161
28.86
62
10.77
10599
7054
21.8
179
27.31
10
5.1
10457
10298
170.13
113
16.64
42
22.8
10455
10131
256.43
154
13.34
18
18.87
10131
1022
209.74
141
13.93
58
10.3
10455
10454
156.8
134
7.62
66
6
6874
10604
223.26
174
15.62
13
8.06
10133
4210
17.53
125
13.6
42
16.55
10457
4210
73.07
128
20.81
55
19.92
7622
10443
23.96
127
9.22
17
25.18
10131
10455
76.43
167
26
53
7.62
10135
7415
69.44
155
12.04
39
8.06
10607
7054
-80.54
173
10.44
5
14.04
6874
7415
230.19
153
9.22
29
8.54
10595
10608
24.9
157
25.5
53
12.53
7415
10135
249.44
139
8.54
27
12.04
10298
10457
-9.87
121
17.03
44
20.81
10443
7622
203.96
132
13.6
26
23.02
1022
10131
29.74
127
16.12
63
14.42
10131
9248
90
124
14.42
33
21.63
2975
7622
65.56
135
8.54
45
8.54
10298
10609
245.38
145
10.2
18
19.1
10133
10301
203.2
154
17.03
45
10.77
7622
2975
245.56
145
10.2
57
7.07
10133
7622
177.51
155
22.85
76
10.2
10595
10605
-5.36
150
30.87
70
16.49
10607
10451
190.62
130
10.3
39
12.53
7054
10607
99.46
159
17.49
38
10.3
10610
10301
27.76
171
15
19
7.07
7054
10608
120.96
110
5.1
16
16.49
10611
10298
25.35
151
15.81
47
10.77
10609
10298
65.38
146
11.18
20
18.38
10301
10610
207.76
153
15.81
44
10.44
10298
10611
205.35
161
18.38
59
7.21
10613
10611
11.98
169
25.08
28
10.44
10611
10615
226.4
118
9.49
18
25.94
1621
10614
40.6
176
5.66
0
31.24
534
10614
39.81
137
8.06
12
25.94
10611
10613
191.98
146
29
59
19.1
10616
10613
72.65
159
13.04
46
6.71
534
10616
160.56
116
5.66
18
16.4
10615
10613
132.88
127
18.11
60
16.76
10615
10616
186.34
104
8.06
25
18.03
10620
10618
223.36
160
2.24
1
22.67
10622
10620
244.54
173
3.16
1
20.12
10623
9248
-69.44
180
13.93
2
3.16
10626
10627
153.43
178
19.7
18
2.83
10629
10628
204.62
160
4.24
3
22.47
10624
4213
106.7
176
13.93
8
7.07
10630
6477
244.8
155
3
4
16.12
10618
10620
43.36
179
4.24
0
20.52
10620
10622
64.54
171
7.28
4
16.12
10627
4908
174.81
175
21
58
2.24
1331
5133
-60.95
170
7.81
29
3
10625
9500
-26.57
178
19.7
18
2.83
6164
10631
239.74
162
5.1
10
9.22
10632
2486
184.76
122
4.47
9
22.09
5133
10633
206.57
117
4
36
6.08
4281
4908
23.2
114
2
4
22.14
10636
10177
242.35
179
22.36
17
1.41
10637
10634
43.26
134
1
1
22.67
9248
10623
110.56
161
7.81
14
10.05
6477
10629
231.01
157
7.28
7
20.52
10628
10629
24.62
142
4.47
6
23.09
515
2486
-24.23
172
21.84
84
3.16
9851
10625
-4.97
176
21
40
2.83
6477
10630
64.8
167
10.2
15
9.22
10639
10640
-70.02
178
20.62
19
3
10636
10177
242.35
153
1
1
22.83
10640
515
-48.58
175
20.52
41
3
4213
9500
131.19
160
14.76
34
9.06
10642
10623
-45
164
14.76
36
7.07
4281
9851
17.65
175
22.85
81
2.24
1331
10633
265.24
147
10.3
58
6.71
10634
10637
223.26
134
2
3
22.02
10631
6164
59.74
155
13.04
69
6.08
2486
10632
4.76
114
3.16
7
23.02
10176
10637
63.43
154
2
2
22.83
745
10641
131.42
175
20.52
41
3
10638
745
156.8
173
21.84
66
3
10629
6477
51.01
153
10.2
14
18.6
10644
10645
118.07
175
14.42
28
3
10643
10632
215.31
137
10.2
17
23.09
10631
10643
231.01
153
10.2
14
18.6
10639
10641
-67.17
170
14.42
22
7
10637
10176
243.43
162
7.07
7
18.03
9500
10625
153.43
151
19.03
58
11.05
10647
10646
60.95
151
3
4
18.03
10646
4281
49.4
148
7.07
9
22.02
10648
1331
-29.74
142
13.15
54
10.05
10649
10650
138.37
163
9.85
48
4
10030
10642
-21.8
156
19.03
61
9.06
10651
10652
55.3
146
5
13
12.04
10623
10642
135
127
13.15
41
16.03
10653
10625
21.37
112
11
26
23.09
10650
10654
21.8
126
4.12
21
9
10655
9851
36.03
127
9
18
23.09
10633
10656
228.37
143
13.04
29
15.81
10657
10638
202.93
127
12.37
25
23.02
10641
745
-48.58
152
17.09
46
11.05
10646
10647
240.95
157
10.05
19
12.04
10645
10644
-61.93
143
9.85
33
11.05
1331
10659
216.25
132
12.04
40
14.04
10632
10643
35.31
140
12.37
21
21.59
10643
10631
51.01
149
16.12
32
15.81
4281
10646
229.4
140
9
15
21.63
10658
10644
140.91
162
17.09
50
7
10660
745
187.43
107
12.17
30
22.85
10625
10653
201.37
107
11.05
26
24.08
10652
10651
235.3
146
13
55
9
10649
10654
85.24
127
12.04
63
10.77
9851
10655
216.03
127
11
23
22.56
10648
10659
266.99
117
16.12
50
18.6
10652
10655
49.18
145
10.05
15
21.63
10656
10633
48.37
145
19.1
52
14.04
10638
10657
22.93
123
12.17
25
24.02
10656
10657
222.4
140
16.12
29
21.59
10660
10658
160.02
153
23.19
75
11.05
2995
10642
26.57
117
18
48
21.54
10642
2995
206.57
113
16.03
42
21.84
2058
10649
153.43
144
17.26
68
11.05
10644
10658
-39.09
131
17.26
54
16.03
10655
10652
229.18
143
16.03
30
18.97
10654
10661
46.55
137
13
28
18.97
10661
10653
42.4
136
16.03
29
22.56
10657
10656
42.4
139
19.1
36
21.1
10663
10030
33.69
124
18
38
24.08
10649
4278
33.69
129
12.04
33
17
10659
10662
222.4
139
19.1
36
21.1
10662
10660
214.7
131
19.1
37
24.02
10648
417
217.69
131
19.03
43
21.1
10664
10658
204.62
121
19.1
44
23.41
10030
10663
213.69
124
18
38
24.08
4278
10649
213.69
130
20.1
60
17.89
417
10648
37.69
131
23.02
53
21.84
10661
10654
226.55
140
19.03
46
17
10653
10661
222.4
133
18
34
23.19
10658
10664
24.62
119
16.03
36
23.54
10662
10659
42.4
138
23.09
47
21.1
10660
10662
34.7
131
19.1
37
24.02
4278
10663
42.51
136
19.03
35
23.19
417
10664
220.24
136
23.09
42
24.02
1903
2995
40.03
133
23.02
44
24.08
2058
1903
37.23
133
20.1
39
23.02
2995
1903
220.03
133
23.02
44
24.08
1903
2058
217.23
132
24.08
49
23.54
10663
4278
222.51
135
23.02
45
23.02
10664
417
40.24
135
24.08
44
24.08
10667
10665
-78.69
154
11.4
45
7.21
10669
10668
112.62
123
11.18
53
11.66
10665
10668
10.01
134
7.21
23
13.34
9542
10669
225
151
7.28
24
8.54
10672
10666
-35.84
171
4.47
2
17.8
9542
10668
172.41
128
14.14
59
13
10668
10671
152.59
166
13.34
10
17.8
10670
10049
57.26
164
7.28
12
9.9
10671
9413
144.16
171
4.47
2
17.8
10675
10673
248.75
159
7
11
13.04
10673
10675
68.75
147
9.22
23
12.73
9542
10676
150.64
159
15.13
52
7.07
10671
10668
-27.41
168
26.93
54
7.07
10677
10678
83.66
152
5.39
30
5
10680
10681
135
171
8.6
45
2
6024
9542
-81.47
151
16.4
53
9.9
10683
4355
175.43
151
14.32
29
14.42
9542
6024
98.53
128
18.36
58
17.03
7801
10675
-55.49
161
8.6
14
11.7
10678
10684
146.31
167
11.7
42
4.12
10683
6266
-34.7
168
13
41
4.12
10675
6024
168.11
124
12.73
40
16.4
9413
10685
75.96
170
15.03
57
3.16
8049
10687
-86.19
139
8.49
32
10.3
9413
10671
-35.84
104
9.22
24
21.95
7801
10677
0
145
8.6
68
5.39
10671
10676
-15.07
129
13.6
29
21.21
7053
10690
116.57
162
8.49
26
6
10678
6266
160.02
107
5
25
11.31
10675
7801
124.51
137
19.42
68
14.42
10687
10691
158.55
148
10.2
14
22.2
6024
10689
171.87
132
17.03
36
21.21
10682
6266
-6.58
149
14.32
28
15.81
10689
10688
153.43
118
13.6
33
21.95
10685
9413
255.96
150
10.44
35
9.22
10679
10693
183.81
149
8.6
30
8.94
10693
6024
-90
117
8.94
33
14.42
10694
10686
225
172
10
26
3.16
10693
10679
3.81
132
11.4
48
11.31
10693
10689
203.2
114
16
31
28.28
9738
10687
-37.69
148
21.1
48
15.03
10695
10692
-32.35
175
13.42
3
22.2
6266
10682
173.42
122
11.4
25
22.47
10689
10693
23.2
127
17.46
34
24.52
10691
10687
-21.45
114
8.49
16
27.8
10696
10693
-11.77
114
8.6
20
22.47
10688
10694
80.54
154
10.44
27
10
10688
10689
-26.57
121
16.64
41
21.54
10697
10689
-68.2
126
12.37
35
17.46
10694
10688
260.54
120
14.21
47
16.64
4241
10696
267.14
161
13.6
32
8.6
10694
4241
18.43
167
15.26
18
11
4241
10697
232.59
146
20.02
66
12.37
4241
10694
198.43
146
21.4
57
14.21
9738
5993
75.07
142
9.85
38
10
10700
10701
229.76
140
9
12
27.8
10703
10704
242.65
106
16.28
28
32.45
10705
5993
-41.63
128
5.1
24
9.85
6952
10706
78.23
169
6
3
18.68
10708
10707
172.87
143
13.89
32
15.62
10705
10699
-85.91
136
12.04
57
10
10703
10709
229.09
177
34.21
18
5.83
10703
2758
232.13
170
32.65
70
6.32
4354
6958
244.98
155
6
12
11.4
10701
10700
49.76
108
9.43
16
32.45
6958
10710
130.24
118
9.22
32
15.13
3197
2758
46.85
175
16.4
15
5.83
10712
10266
-33.69
162
11.4
45
5.1
4354
10710
186.34
122
16.55
56
17.03
3551
3186
142.7
132
5.1
9
23.35
10714
10713
161.57
162
14
60
5.1
10715
5128
55.49
177
11.66
5
7.81
10707
10710
-4.97
127
12.04
31
18.6
8785
10712
-67.38
143
8.06
36
8.25
10705
9901
-90
176
14.04
45
1.41
10710
4354
6.34
132
8.6
27
13.93
10720
2137
113.2
135
5.39
45
5.39
10721
8785
51.34
164
16.16
51
6
10721
10724
164.74
159
9.06
48
4.47
10713
10717
129.29
145
11.4
53
8.25
10725
10704
26.57
154
10
45
6.32
2758
208
225
172
10
14
5.83
10725
2137
0
154
13.42
45
8.49
5128
10715
235.49
138
7.07
18
15
2137
10725
180
112
5.39
17
16.76
7898
10723
13.24
166
17
76
4.47
10727
10713
192.72
156
20
31
15.81
10721
7851
149.93
166
11.4
14
11.31
10728
10729
198.43
175
9.85
4
12.37
10705
3186
133.26
176
13.45
6
10
10722
9435
182.73
115
16.16
45
20.52
10731
9901
-67.38
155
13.45
22
15
10725
5128
210.96
140
6.32
30
8
10735
10733
192.09
158
12.21
57
5.66
10736
10729
221.99
127
11.05
23
22.14
9901
10738
3.18
176
14.14
17
4.12
10726
10732
45
127
7.07
45
8
10713
7621
90
141
14.21
29
18.36
10727
8431
15.26
159
10
60
4.24
7851
10721
-30.07
114
5
12
20.52
10713
10727
12.72
160
27.46
57
11.31
10728
10740
57.53
143
11.05
57
8
10722
10741
-22.38
158
5
7
13.89
10732
10742
10.78
120
6.32
16
19.1
10738
9901
183.18
150
14.42
52
9.22
10739
10600
172.87
137
10
37
11.31
10713
10600
33.11
124
27
60
25.94
10451
10737
218.99
173
24.76
53
4.12
10744
10743
5.44
168
9.49
10
12.04
10241
10742
172.87
125
10.63
40
13.45
10744
10735
127.87
155
2.24
2
20.81
10600
10739
-7.13
140
14.42
61
10.77
6608
10743
62.24
153
25
29
23.85
10604
6608
261.87
175
21.02
81
2
7621
10600
-27.55
169
17.72
21
9.22
10734
10745
-21.8
124
12.21
47
13.93
3357
6608
14.93
128
13
53
12.81
10726
10743
-4.76
131
9.9
53
9.43
9901
10731
112.62
130
17.72
42
20.25
6608
590
90
129
12.81
30
19.72
4210
10241
118.07
144
16.55
69
10.63
590
10743
33.02
118
11.05
27
21.1
10746
10739
190.12
173
26.25
55
4.24
10455
590
-75.96
131
2.24
8
11.05
10732
10443
-11.31
158
21.38
36
13.45
10455
10735
125.22
155
8.06
14
13.93
7001
10745
38.16
125
17.03
59
16.16
10741
10747
131.42
162
13.89
24
10.44
10604
7851
267.27
173
12.04
9
9.22
10746
10738
171.12
161
28.44
59
10.77
10443
10732
168.69
165
25.08
46
9.43
7054
8431
198.43
177
5.39
0
26.25
10745
7001
218.16
129
7
22
14.56
10457
10747
170.54
116
15.81
39
22.67
10131
1022
209.74
143
13
53
9.85
10455
10131
256.43
153
12.37
16
19.72
10748
9248
34.7
114
5.1
18
14.56
10743
10604
225
173
16.4
15
8.06
10457
4210
73.07
128
20.81
55
19.92
10455
10745
150.26
128
7.62
60
7
10133
4210
17.53
125
13.6
42
16.55
10135
7415
69.44
155
12.04
39
8.06
7004
10443
25.71
127
11.18
21
25.08
10131
10455
76.43
167
26
53
7.62
10607
7054
-80.54
173
10.44
5
14.04
1022
10131
29.74
132
15.3
62
13.04
10743
7415
232.43
153
11.18
38
8.25
10738
10750
19.65
154
24.76
55
13.6
7415
10135
249.44
139
8.54
27
12.04
10747
10457
-9.46
124
17.69
45
20.81
10131
9248
90
123
13.04
30
21.95
10747
10751
248.2
142
10.44
19
19.85
10443
7004
205.71
133
13.6
25
23
2975
7004
63.43
133
8.54
49
8.25
10749
9248
59.93
139
10.2
25
15.81
10133
10752
205.46
159
17.69
43
9.49
7004
2975
243.43
143
10.2
63
7
10752
10133
25.46
105
10.2
25
23
10738
10746
-8.88
152
29.73
66
15.52
10607
10451
190.62
126
12.08
46
13.6
10753
10752
27.76
168
15.62
27
7
7054
10607
99.46
155
15.81
33
12.08
7054
10750
124.7
103
5.39
19
15.52
10754
10747
30.07
156
17.2
48
9.49
10751
10747
68.2
147
10.2
16
19.21
10752
10753
207.76
154
17.2
51
9.85
10747
10754
210.07
159
19.21
59
8.06
6933
10754
15.71
167
26.42
39
9.85
10754
10757
230.44
114
8.94
17
27.46
10753
10758
208.18
179
26.42
6
5.39
10759
10756
43.78
141
8.06
10
27.46
10754
6933
195.71
146
29.83
62
19.1
10759
10760
157.62
121
5
15
16.4
10760
6933
71.57
162
13
49
5.39
10757
6933
132.88
130
18.03
61
15.81
10760
10759
-22.38
155
18.03
74
8.06
10762
174
66.8
180
20.62
3
2.24
10764
10765
21.37
180
21.54
2
3.16
10766
10767
129.47
177
17.69
12
4.47
5538
10325
113.2
177
2.24
0
13
10768
6512
246.04
157
3
4
17
6513
6483
180
154
2.24
2
23.02
10762
174
66.8
167
6.08
4
17
482
4409
-48.81
179
17.69
7
3.61
2405
4409
107.53
175
13
9
7.07
10767
10770
155.77
175
18.97
32
3.61
4941
7810
-53.13
161
7.21
36
4
7199
10771
241.7
164
5.1
8
10
10764
10765
21.37
175
2.24
0
22.47
10773
10772
160.02
134
2.24
4
21.93
7810
10774
219.81
130
4
30
6.08
6512
10765
231.01
151
6.08
7
21.93
10770
10775
174.81
170
21.1
70
4.12
10776
10772
-48.58
175
21.93
67
2.24
10769
482
-26.57
172
18.97
36
4.47
6512
10768
66.04
168
10.2
12
10
10502
10778
65.56
156
1
1
23.26
10780
10776
-69.15
180
21.54
20
1
5538
10325
113.2
147
7.21
23
10
6483
6513
0
154
2.24
2
23.02
10782
10775
26.57
117
4
8
23.09
10500
10783
46.64
137
3
5
22.67
10771
7199
61.7
157
12.04
52
6.08
10772
10773
-19.98
97
2.24
5
23.26
4941
10774
-90
144
10
50
7.81
10778
10502
245.56
156
3
3
21.47
10777
10781
135
179
21.93
45
1
1294
10769
-2.49
173
21.1
53
3.61
4409
482
131.19
156
14.32
35
10.05
10765
6512
51.01
154
9.22
12
19.21
2207
10325
-42.88
162
14.32
38
7.07
10784
6513
216.47
139
9.22
15
22.47
10785
10500
64.54
155
2
2
21.47
10783
10500
226.64
137
4
7
22.02
10775
10782
206.57
103
4.12
9
24.04
10771
10784
232.31
154
10.2
13
19.21
10786
10787
115.2
176
16.12
25
3
10780
10781
-68.2
173
16.12
21
6
10788
10789
60.95
151
4
6
17.2
10500
10785
244.54
155
7
10
17.2
10790
10773
201.8
123
11.18
24
23.02
10791
10792
131.99
170
11.4
41
3
10793
4941
-24.78
139
13.6
65
10
482
10769
153.43
145
19.24
59
13.04
10781
10777
-45
159
17.46
45
9
6513
10784
36.47
137
11.18
20
21.84
10789
10782
51.01
142
7
11
22.02
10795
10796
50.71
141
4
12
11.4
10792
10797
18.43
120
5.1
32
8.25
10774
10798
229.9
145
12.04
24
16.55
10777
10773
-25.46
152
22.02
69
11.05
10787
10786
-64.8
154
11.4
30
10.05
10794
2207
-19.29
152
19.24
64
10.05
10325
2207
137.12
121
13.6
43
17.03
10784
10771
52.31
150
15.13
27
16.55
970
10786
140.91
165
17.46
50
6
4941
6154
222.88
133
13
42
14
10789
10788
240.95
157
11.05
23
11.4
10800
10769
25.56
116
12
28
23.02
3699
1294
36.47
127
10
19
24.04
10773
10790
21.8
117
11.05
24
24.02
10792
10791
-48.01
114
9.49
41
13
10782
10789
231.01
142
10
18
20.25
10799
970
160.02
158
22.02
70
9
10796
10795
230.71
146
13.04
64
8.25
10798
10790
222.4
140
15.13
26
21.84
6154
4941
42.88
136
19.03
67
14.32
10798
10774
49.9
146
19.1
49
14
10769
10800
205.56
112
13.04
30
24.08
1294
3699
216.47
127
12
24
23.54
10796
3699
50.71
146
11.05
17
20.25
10801
10791
154.8
149
18.11
70
10.05
10786
970
-39.09
135
18.11
58
15.13
2207
10802
210.96
118
17.03
44
21.59
10802
2207
30.96
121
19
50
21.19
10790
10798
42.4
139
18.11
34
21.21
5792
10799
213.18
130
18.11
35
24.02
6154
5792
223.73
140
19.1
35
21.21
10797
10803
43.45
138
13.04
27
18.68
3699
10796
230.71
141
17
35
18.68
9268
970
202.62
119
18.11
42
23.41
10791
3691
31.43
122
13
37
18.11
10803
10800
43.73
134
17
31
23.54
10793
4207
220.82
134
19.03
40
21
582
10794
36.87
127
20
41
24.08
3691
10791
211.43
125
19.03
56
18.79
970
9268
22.62
121
15.13
35
22.56
10799
5792
33.18
130
18.11
35
24.02
10803
10797
223.45
137
20.02
49
18.11
4207
10793
40.82
134
24.02
54
21.59
5792
6154
43.73
139
22.09
43
21
10794
582
216.87
127
19
39
24.02
10800
10803
223.73
134
20
38
23.09
4207
9268
218.93
135
22.09
41
24.02
3691
582
42.51
136
20.02
37
23.09
818
10801
216.87
132
23.09
49
22.56
10801
818
36.87
130
19.03
39
23.02
10802
818
221.35
134
24.02
46
24.08
818
10802
41.35
134
23.02
43
24.02
9268
4207
38.93
134
23.09
43
24.08
582
3691
222.51
135
23.02
45
23.02
10806
10804
-78.69
157
12.21
49
6.4
10809
10807
109.98
122
10.2
53
10.82
10804
10807
6.71
136
6.4
19
13.34
10810
10809
216.03
153
6.71
21
8.25
10810
10807
168.69
133
13.6
58
11.7
4728
10230
55.3
172
6.71
5
9.22
10807
6451
155.1
169
13.34
8
18.03
10813
10811
243.43
154
6
12
12.81
10810
10814
147.99
160
15.3
49
7.07
10811
10813
63.43
138
7.28
21
13.45
6451
10807
-24.9
168
27.66
56
7.07
10815
10810
-78.69
154
16.4
51
9.22
10816
10817
75.96
148
3.16
16
5.83
10819
10820
131.19
158
8.94
55
4.12
10810
10815
101.31
134
18.87
61
15.62
10813
10815
168.69
127
13.45
41
16.4
10818
10813
-51.34
156
8.94
18
11.7
6451
10814
-12.53
134
14.42
30
20.52
9745
6451
-37.41
108
8.6
23
20.59
10824
10825
175.43
148
14.76
32
15
4845
10818
212.01
104
3.16
19
9.22
10817
10826
148.39
164
11.4
36
5.39
9745
10828
75.07
169
15.03
75
3
10824
10827
-37.57
167
12.08
30
5.39
10690
10830
-90
135
7.07
29
10.3
10815
10813
-11.31
115
13.6
40
19.21
10815
10821
171.57
132
15.62
34
20.52
10817
10827
164.74
106
5.83
29
11.31
10821
10822
155.56
122
14.42
36
20.59
10830
10832
161.57
150
9.22
12
21.1
10828
9745
255.07
149
10.44
39
8.6
10823
10827
-6.58
146
14.76
30
16.4
4845
10833
180
148
9.43
32
9.43
10833
10815
-90
123
9.43
36
13.6
10833
10821
203.96
114
16
32
27.29
10834
10829
221.63
169
10
41
3
10833
4845
0
135
11.31
45
11.31
10835
10690
-24.44
166
22.36
65
6
10827
10823
173.42
129
11.31
24
21.1
10837
10830
-35.54
148
21.02
54
14
10838
8601
-29.54
178
13.42
1
21.1
10821
10833
23.96
126
15.3
31
24.19
10839
10833
-7.13
120
10
24
21.1
10822
10834
80.54
154
10.44
27
10
10832
10830
-18.43
117
8.49
17
25.81
10822
10821
-24.44
126
16.12
41
19.7
10840
10821
-66.04
130
11.4
35
15.3
10690
10835
155.56
159
21.02
59
9.06
10834
10822
260.54
123
14.87
50
16.12
10841
10839
264.29
156
12.65
31
10
10834
10841
16.26
165
15.26
21
11.05
10841
10840
232.59
149
20.1
67
11.4
10841
10834
196.26
144
21.4
58
14.87
10843
10832
261.87
146
8.94
36
8.49
10837
10844
74.05
138
8.94
37
10
2056
10845
175.03
142
14.42
37
14.87
4552
10846
78.23
169
6
3
18.68
10848
10844
-37.87
121
5.39
28
9.85
10849
10850
231.84
136
9.06
12
29.83
10848
10843
-85.6
133
11.4
57
10
4803
9426
244.98
155
6
12
11.4
10852
10853
244.18
107
16.28
27
33.6
9426
10854
135
129
9.06
35
12.17
10852
10856
230.91
177
35.81
19
5.83
4803
10854
192.53
128
16.55
57
15.56
2325
10857
-30.26
165
11.4
45
4.12
10852
2551
234.09
170
34.44
72
6.32
10858
4993
161.57
166
14.04
57
4.12
10850
10849
51.84
110
9.43
15
33.6
8054
2325
-67.38
149
8.6
38
7.28
10847
10860
146.31
125
5.39
11
22.63
10861
2551
46.85
175
16.4
15
5.83
10848
10862
-90
176
13.04
18
3.16
1699
10864
55.49
177
11.66
5
7.81
10866
10867
169.7
164
9.06
46
3.61
4993
10859
131.99
148
11.4
57
7.28
10870
10868
105.95
118
5.1
42
6.71
4023
4993
189.46
156
18.03
27
15.81
10871
10853
33.69
155
11.66
52
6.32
2551
10872
227.49
169
11.66
25
5.39
10864
1699
235.49
140
9.06
25
13.89
10871
10868
6.01
153
14.42
46
9.22
10866
4224
154.65
165
11.18
15
10.63
10868
10871
186.01
123
6.71
20
16.49
10874
9099
188.13
120
16.16
46
19.21
10731
10862
-65.56
146
11.66
24
16
10848
10860
135
166
11.66
14
11.66
4993
7621
90
139
13.45
32
16.64
10862
2960
0
172
14.14
26
4.47
4224
10866
-25.35
118
5
13
19.21
4023
10877
18.43
165
10.82
52
3.61
4993
4023
9.46
159
25.55
54
11.31
10871
10864
201.8
131
6.32
35
8.25
462
10880
192.09
154
12.81
63
6.4
10871
10882
-6.52
180
20.1
1
15.13
10874
6449
-27.9
174
5.39
2
13.89
10873
10879
45
129
9.06
59
8.25
10876
10878
173.29
140
10.82
38
11.31
2960
10862
180
149
15.26
57
9.43
4993
10878
30.58
121
24
57
24.6
10879
10881
10.3
119
6.32
16
20.1
10884
10875
214.29
171
24.76
60
4.47
10878
10876
-6.71
142
15.26
61
10.77
7621
10878
-26.57
164
17.26
31
9.43
10885
6387
18.43
133
12.08
49
11.66
6387
10743
60.95
151
23
27
23.85
4224
10604
87.14
114
2.24
6
19.24
10886
10743
2.73
165
9.49
12
12.17
10885
1022
161.57
122
7.81
51
8.54
6387
590
90
121
11.66
30
19.72
10887
10876
188.43
175
24.74
42
3.61
10886
462
126.38
127
2
4
22.47
10882
10881
172.41
121
11.4
46
13.6
10862
10731
114.44
125
17.26
44
20.25
10873
10743
-9.46
126
9.9
51
10.3
590
10743
33.02
119
12.04
30
21.02
697
10745
-25.02
117
12.81
46
15.81
10888
10882
118.07
140
16.16
65
11.4
10455
590
-75.96
105
2
9
12.04
6449
4944
135
166
13.89
24
8.54
10604
4224
267.14
173
12.04
11
8.25
10887
2960
169.05
161
27.29
57
10.77
10879
10443
-13.13
157
22.36
40
13.6
7197
10745
35.54
123
17.03
60
16.55
10455
462
122.28
153
8.06
13
15.81
10131
1022
209.74
145
12.08
48
9.49
10457
4944
172.87
120
15
37
21.21
10443
10879
166.87
163
25.08
47
10.3
10745
7197
215.54
126
7
23
14.32
10455
10131
256.43
153
12.37
16
19.72
10748
9248
34.7
116
6.08
22
14.32
10743
10604
225
173
16.4
15
8.06
10457
10888
73.74
127
20
50
20.62
10135
7415
69.44
155
12.04
39
8.06
1022
10131
29.74
132
15.3
62
13.04
10455
10745
150.26
128
7.62
60
7
10889
10888
22.83
129
14.56
44
16.16
10607
7054
-80.54
172
9.49
5
15.03
10131
10455
76.43
167
26
53
7.62
4944
10751
247.38
137
8.54
16
20.62
7004
10443
25.71
127
11.18
21
25.08
7415
10135
249.44
139
8.54
27
12.04
4944
10457
-7.13
126
17.69
46
20
2960
10891
15.95
153
24.76
57
13.45
10743
7415
232.43
153
11.18
38
8.25
10131
9248
90
123
13.04
30
21.95
2975
7004
63.43
133
8.54
49
8.25
10889
10752
203.2
156
17.69
47
9.85
10443
7004
205.71
132
14.56
28
23.02
10749
9248
59.93
139
10.2
25
15.81
7004
2975
243.43
143
10.2
63
7
2960
10887
-10.95
154
29.12
66
14.32
10889
7004
177.51
155
22.85
76
10.2
10892
10752
30.07
168
16.28
30
7
10607
10884
191.31
124
13
53
13.45
7054
10607
99.46
153
15
32
13
7054
10891
126.87
109
6.32
24
14.32
10893
4944
30.07
154
18.03
54
9.85
10751
4944
67.38
145
9.22
16
19.21
10752
10892
210.07
154
18.03
54
9.85
4944
10893
210.07
159
19.21
59
8.06
8457
10893
20.56
166
28.02
44
9.85
10893
10896
233.84
118
8.94
15
29.21
10892
10897
211.26
177
28.02
19
5.1
10898
10895
46.17
145
7.07
8
29.21
10893
8457
200.56
147
32.2
67
19.1
10898
10899
157.62
121
5
15
16.4
10899
8457
70.35
161
13
59
5.1
10899
10898
-22.38
158
18
75
7.07
10896
8457
132.88
133
18
62
14.87
1650
10901
66.8
180
20.62
3
2.24
10902
2081
247.17
158
3
3
17.89
1650
10901
66.8
169
5.1
3
17.89
3181
6797
-65.22
179
11.18
6
3.16
2209
10905
131.19
174
16.28
19
5.39
2081
10906
229.64
151
5.1
6
21.93
10903
10907
108.43
172
11.18
11
8.06
8394
10908
244.98
167
5.1
5
11.66
10904
10907
-46.97
176
16.28
16
4.47
5755
7614
-45
154
6.32
45
4
7614
3997
229.4
140
4
22
6.71
10909
10910
-69.15
180
21.54
20
1
2081
10902
67.17
170
9.22
8
11.66
10905
10913
153.43
166
19.42
53
6.08
6797
3181
114.78
134
6.32
24
11
10914
10915
65.56
156
2
2
22.36
10906
2081
49.64
156
7.28
8
19.85
10917
10918
213.11
140
7.28
12
22.47
10908
8394
64.98
160
12.04
38
6.71
10913
10920
177.51
165
22.56
78
6.08
10912
10904
-23.2
169
19.42
45
5.39
5755
3997
-90
135
8.49
40
9.22
10921
10922
48.18
139
4
6
22.67
10923
10920
31.76
122
5
10
22.47
10915
10914
245.56
156
4
4
20.59
10908
10917
232.31
155
9.22
11
19.85
10924
3181
-38.16
155
13.34
44
8.06
10907
10904
133.03
147
13.34
38
12.04
10925
10926
117.9
177
17.49
27
2
10909
10911
-68.2
171
17.49
33
5.1
10795
10921
64.54
155
3
3
20.59
10919
10912
-2.49
165
22.56
78
6.08
10928
10927
197.74
122
8.25
17
23
10922
10921
228.18
139
5
8
22.02
10920
10923
211.76
113
6.08
14
23.09
10918
10917
33.11
138
8.25
14
22.14
10911
10929
-46.74
162
19.24
50
8.06
10931
10929
180
103
9.22
23
22.85
10932
10933
126.87
169
12.04
36
4
10934
10935
62.1
153
4
6
15.81
10921
10795
244.54
162
8.06
9
15.81
3997
10936
231.34
147
12.04
23
17
10917
10908
52.31
151
14.14
24
17
3181
10937
204.78
115
11
45
13.93
10930
10925
138.81
167
19.24
60
5.1
10933
10938
6.34
111
4.12
26
8.54
10926
10925
-62.1
160
12.04
27
9
10939
10940
48.01
139
4
14
10.82
10927
10928
17.74
121
9.22
20
23.02
10904
10912
156.8
143
20.62
62
14.04
10935
10923
50.71
148
8.06
11
22.02
5755
3420
226.97
137
13
38
14.14
3181
10924
141.84
118
14.32
48
17.03
10931
10930
160.02
161
23
77
8.06
10936
10928
222.4
141
14.14
23
22.14
10941
10924
-18.43
148
20.62
66
12.04
10935
10934
242.1
153
11
28
10.82
10933
10932
-53.13
121
9.06
36
13
10940
10939
228.01
143
13.04
68
8.54
10936
3997
51.34
148
18.11
43
14.14
10942
10912
30.58
117
14.04
33
23.02
10943
10919
40.82
131
12
23
23.09
3420
5755
46.97
140
20.02
68
13.93
10923
10935
230.71
141
12
21
20.59
10925
10930
-41.19
139
17
52
14.04
2062
10932
152.1
153
17
62
9
10912
10942
210.58
117
14.04
33
23.02
10928
10936
42.4
140
17.12
31
21.38
10944
10931
212.62
130
17.12
35
23.02
10940
10943
49.4
140
11
20
20.59
10919
10943
220.82
127
14.04
28
23.54
5804
10930
199.18
113
16.03
39
23.41
3420
10944
223.73
141
18.11
32
21.38
10924
10945
214.99
122
17.03
43
21.21
10945
10924
34.99
123
21.02
53
22.14
10932
1640
29.05
120
13
38
18.25
10938
2670
43.36
138
13.04
30
17.46
10930
5804
19.18
114
14.04
34
22.8
10943
10940
229.4
143
17.03
36
17.46
10931
10944
32.62
127
16.03
32
24
10937
1906
222.27
136
20.02
42
21
1640
10932
209.05
123
19.03
56
19.24
2670
10942
42.51
136
17.03
30
23.54
10944
3420
43.73
139
22.09
43
21
2670
10938
223.36
134
20
52
18.25
10946
10941
39.81
133
21.02
42
23.02
1906
10937
42.27
135
23.02
50
21.21
10941
10946
219.81
128
21.02
42
25.02
1906
5804
220.24
136
22.09
40
24
10942
2670
222.51
136
21.02
40
23.02
3729
2062
213.69
129
22.09
48
22.8
2062
3729
33.69
127
19.03
41
23.19
1640
10946
42.4
133
20
39
23.02
5804
1906
40.24
136
22.09
40
24
10945
3729
222.61
136
23.02
42
24
3729
10945
42.61
133
24
44
25.02
10946
1640
222.4
133
24
49
23.19
8401
5866
-82.41
153
12.21
52
7.07
10950
10948
116.57
128
10.2
58
9.43
5866
10948
3.37
139
7.07
21
12.65
10952
10950
218.66
156
6.71
22
7.28
10952
10948
172.41
134
12.81
55
11.18
10951
10062
50.19
167
6.71
9
9.22
10948
4732
154.29
173
12.65
5
17.49
10954
10953
241.93
152
5
10
12.81
10952
10955
150.64
159
15.13
52
7.07
10953
10954
61.93
144
7.07
20
12.04
4732
10948
-25.71
168
26.68
56
7.07
10956
10952
-80.54
150
15.62
58
9.22
10955
10952
-29.36
116
15.81
51
18.25
10957
10958
130.6
154
7.62
54
4.12
10959
10960
75.96
140
2.24
12
6.71
10954
10956
168.11
127
12.04
38
15.62
4732
10955
-12.99
139
12.53
25
19.21
6266
10954
-53.75
150
7.62
17
12.65
10963
4732
-37.41
117
6.71
18
19.42
6266
10959
18.43
167
9.43
81
2.24
10965
10963
265.91
105
3.16
13
13.6
10960
7421
151.7
157
11.05
43
6.32
10956
10962
173.88
140
15.81
32
19.21
10966
10394
-40.24
165
12.08
31
6.32
10956
10954
-11.89
115
13.6
41
18.6
10968
10538
-85.6
129
7.21
33
10.3
10962
4364
155.56
127
12.53
31
19.42
10960
10394
174.81
112
6.71
35
10.63
10964
10963
252.9
152
10.2
46
6.71
10969
10956
-90
117
8.94
36
13.6
10538
10970
163.5
153
10.2
13
19.72
10961
10969
183.58
152
9.43
30
8.94
10971
10394
-6.58
142
15.26
33
17.03
10969
10962
203.2
114
15
29
28.16
10969
10961
3.58
139
11.31
44
10.63
10394
10971
173.42
129
11.31
24
21.1
10962
10969
23.2
129
15.52
30
24.19
10972
10968
-23.2
162
22.09
74
7.07
10974
10538
-31.76
149
20
53
13.04
2976
10969
-7.13
120
10
24
21.1
4364
10975
76.76
156
10.2
27
9.22
4364
10962
-24.44
126
16.12
41
19.7
10970
10538
-16.5
124
7.81
15
24.7
9419
10962
-66.04
128
12.37
38
15.52
10975
4364
256.76
119
13.45
47
16.12
10968
10972
156.8
157
20
60
9.06
10976
2976
263.66
152
10.77
30
10
10975
10976
14.04
163
15.26
24
11.18
10976
9419
226.97
144
18.11
61
12.37
10976
10975
194.04
148
20.52
56
13.45
10978
10970
260.54
141
8.06
40
7.81
10974
10979
74.05
135
8.06
32
10.63
10873
3360
167.91
150
12.65
61
7.28
10981
10979
-29.05
120
5.83
34
8.94
10981
10978
-85.24
124
10.3
53
10.63
10982
1924
234.09
138
9.06
11
29.73
5162
3969
-28.3
175
13
35
2.24
10985
10984
164.05
173
13.15
47
2.24
10986
10987
246.19
112
16.97
27
34.83
10986
10988
232.59
177
37.44
21
5.83
7670
5162
-70.02
151
9.22
50
5.83
10108
10978
90
174
9.06
9
6.08
10986
10989
235.89
170
37.16
82
6.71
10981
10080
-90
176
12.04
9
6.08
1924
10982
54.09
104
9.22
14
34.83
2183
6906
174.81
169
9.06
39
2.83
10980
10992
150.26
120
5.83
13
21.93
10984
10990
131.99
155
13
72
5.83
1498
4521
53.75
175
11.66
8
7.07
4919
10989
48.81
174
15.81
17
5.83
4919
10989
48.81
176
5
1
16.28
10994
10984
189.46
161
18.36
25
14.56
10997
10995
108.43
109
4
36
6.32
2183
5836
159.78
165
11.05
16
10
4521
1498
233.75
139
10.05
31
13
10998
2684
207.9
150
18.87
72
9.9
10989
10993
227.49
167
12.53
36
5.1
11000
10987
33.69
153
12.53
60
6.71
11000
10995
6.01
153
14.42
46
9.22
10995
11000
186.01
115
6.32
19
17.46
4521
11000
21.8
171
5.83
10
5.1
2684
10998
27.9
152
3.61
6
16.16
11001
10080
-65.56
137
10.77
24
18
10984
7279
90
139
13.45
34
15.81
5836
2183
-20.22
123
5
13
18.03
10994
5772
18.43
167
9.43
32
4.12
10984
10994
9.46
161
25.06
50
10.63
10981
10992
136.85
159
10.77
18
12.53
11005
11004
-52.13
165
5
4
18.03
10080
11007
0
168
14.32
36
5
11000
4521
201.8
128
7.28
42
8.54
11002
11003
172.87
141
9.43
34
10.63
11007
10080
180
149
15.26
57
9.43
11010
11000
173.48
178
15.03
2
20.22
10984
11003
28.61
119
23
55
24.6
11005
11011
188.13
147
13.45
68
8.06
4521
10568
-84.29
117
8.54
50
9.9
11003
11002
-7.13
142
15.26
66
10.44
2874
10998
21.8
139
11.18
43
10.77
10884
11006
210.58
169
24.08
67
5
7279
11003
-26.57
164
17.26
31
9.43
4435
11002
184.09
177
24.19
18
4.12
10998
10743
59.53
150
22
28
23.32
5836
10604
86.99
132
2.83
6
17.26
10998
378
90
112
10.77
29
20.59
11008
11009
10.3
117
7.28
18
20.22
11011
3972
248.2
129
8.06
29
12.81
10080
11001
114.44
125
17.26
44
20.25
11004
10743
-2.73
165
9.22
11
12.37
11005
10455
-59.04
174
22.8
75
2.83
11010
11009
176.19
115
12.53
49
15
11014
4944
136.97
168
13.89
23
7.62
378
10743
30.96
117
13.04
33
21.02
10568
10743
-14.04
121
9.9
49
11.18
10604
5836
266.99
173
12.04
12
7.28
4435
11007
165.53
162
28.07
58
10.44
10888
11010
115.2
139
15.23
53
12.53
10745
11005
107.35
133
16.55
65
13.45
378
11004
94.4
170
11.4
49
2.83
10457
4944
172.87
123
14.21
35
20.52
11015
10745
32.74
120
16.03
57
16.55
11008
11012
-14.47
156
22.36
38
15
10455
11005
120.96
151
8.06
13
16.76
10745
11015
212.74
123
7
24
14.14
10455
10131
256.43
152
11.4
15
20.59
11012
11008
165.53
162
26.08
48
11.18
10457
10888
73.74
127
20
50
20.62
10135
7415
69.44
155
12.04
39
8.06
4944
11016
248.2
135
7.62
14
22.2
10743
10604
225
173
16.4
15
8.06
5559
9248
37.57
121
8.06
29
14.14
11017
7054
-80.13
170
8.54
6
15.03
7415
10135
249.44
139
8.54
27
12.04
10131
10455
76.43
167
26
53
7.62
4944
10457
-7.13
126
17.69
46
20
10889
10888
22.83
133
14.87
46
15.23
10455
10745
150.26
128
7.62
60
7
11007
11018
12.09
151
24.08
57
14.14
10131
9248
90
119
12.53
28
22.83
11020
11012
26.57
127
12.17
22
26.08
10743
7415
232.43
152
12.17
45
8.06
10889
10752
203.2
156
17.69
47
9.85
11007
4435
-14.47
154
28.64
63
14.32
2975
11020
60.95
131
8.54
53
8.06
11020
2975
240.95
139
9.22
60
7
11019
9248
61.19
140
10.2
23
16.4
11012
11020
206.57
137
14.87
26
23
11021
2975
45
172
5
3
12.04
10889
11020
180
157
22.85
77
9.22
11021
10752
32.28
168
16.97
32
7
11018
4435
-77.91
153
14.21
75
6.71
7054
11017
99.87
151
14.21
32
13
11022
4944
34.38
155
19.72
58
9.85
11017
10884
187.59
121
13
52
14.14
11016
4944
68.2
146
9.22
15
20
10752
11021
212.28
153
19.72
61
10.3
4944
11022
214.38
162
20
57
7.62
536
11022
22.11
165
29.21
51
10.3
11022
11025
234.87
116
8.06
13
30.48
11021
11026
214.16
177
29.21
22
5.1
11027
11024
48.37
147
7.07
7
30.48
11027
4371
157.62
121
5
15
16.4
11022
536
202.11
148
33.02
69
19.1
4371
11027
-22.38
158
18
75
7.07
11025
536
132.88
133
18
62
14.87
2084
6065
251.57
162
3
2
19.31
6065
11029
226.55
164
4.47
3
21.93
5333
8016
-63.43
178
10.3
8
3.16
9785
11031
246.37
171
4.12
2
13.42
11033
11034
131.19
171
15.62
22
6.32
11035
8760
-33.69
147
6
56
4
11030
10167
108.43
170
10.3
12
9.06
8760
1267
236.31
147
4
16
7.81
6065
2084
71.57
168
9.06
8
13.42
11032
10167
-45
175
15.62
18
4.47
11037
11036
211.33
144
5.39
8
22.85
11029
6065
46.55
159
5.39
5
21.26
8016
5333
116.57
117
6
26
12
11031
9785
66.37
162
11.05
26
7.81
11034
11038
156.8
163
19.1
50
7.28
10934
11039
67.75
158
2
1
21.93
11035
1267
-90
124
7.21
33
10.82
11031
11037
233.53
150
9.06
12
21.26
11042
11041
195.64
129
7.62
15
22
11043
11044
-68.2
176
17.89
21
4
2113
11032
-20.85
166
19.1
50
6.32
11045
11046
113.96
178
17.89
23
2
11038
11048
177.4
162
21.84
79
7.07
10935
11049
49.64
140
5
8
22.67
11039
10934
247.75
158
5
5
19.24
11036
11037
31.33
145
7.62
12
21.19
11050
11041
-23.2
162
22.09
74
7.07
11051
11048
33.69
115
6.08
13
23.41
11052
5333
-32.74
148
13
50
9.06
11044
11050
-46.74
168
19.42
43
6
11054
10935
65.77
156
3
3
19.24
10167
11032
135
135
13
40
14.04
10925
11055
121.61
173
12.81
31
3
11037
11031
53.53
157
13.34
17
17.2
11047
2113
-2.49
162
21.84
71
7.28
11053
11045
136.85
172
19.42
46
4
1267
11056
234.46
150
11.05
18
17.2
11049
10935
229.64
131
6.08
11
22.8
11041
11042
15.64
114
7.07
15
24
11057
11058
59.04
150
4
8
14.21
11046
11045
-66.04
166
12.81
23
8
11048
11051
213.69
116
7.07
16
23.09
2066
11053
160.02
166
22.09
70
6
11059
11060
150.95
158
9.06
60
4
10935
11054
245.77
156
9
15
14.21
5333
7439
214.7
125
12
47
13.34
11060
11061
41.63
132
5
23
9.49
11056
11042
221.01
145
13.34
21
21.19
11035
11062
228.81
139
13
36
14.32
11052
7439
-86.82
126
16.64
58
15.81
11058
11051
51.95
142
9
14
22.8
11055
10925
-58.39
128
9.06
36
12.04
11032
2113
159.15
138
21.54
65
16.03
11058
11057
239.04
150
12
40
9.49
11056
1267
54.46
148
18.03
42
14.32
7031
11052
-15.95
143
21.54
69
14.04
11059
11061
90
120
10.3
48
12.04
11045
11053
-43.15
144
17.12
51
13.04
11062
11035
48.81
142
19.03
61
13.34
11063
10925
149.53
157
17.12
59
8
11064
2066
209.98
128
15.13
29
24
11042
11056
41.01
139
15.13
27
21.59
11065
11047
43.67
134
14
26
23.09
11066
2113
33.11
124
16
35
23.02
11051
11058
231.95
142
14
25
20.12
11067
11053
196.26
114
15.13
36
23.41
11062
11064
226.27
140
18.03
32
21.59
11061
11065
49.4
140
12
22
20.12
2113
11066
213.11
120
16.03
35
24.02
11053
11067
16.26
111
13.04
30
23.77
2066
11064
29.98
128
15.13
29
24
10925
11068
23.96
119
12.04
37
17.46
11047
11065
223.67
134
16
30
22.56
11052
4387
216.87
124
18.03
45
21.21
4387
11052
36.87
125
21.02
52
21.84
11059
11069
43.26
134
13
33
17.26
10925
11063
-30.47
126
19.7
62
18.03
7439
11070
223.67
137
19.03
38
21.1
11065
11061
229.4
143
18.03
39
17.26
11064
11062
46.27
139
21.02
40
21.1
11069
11059
223.26
134
20
56
17.46
11070
11067
220.03
133
21.02
40
24
11069
11066
45
139
18.03
32
22.56
11070
7439
43.67
137
24.02
51
21.21
11071
11063
212.01
125
21.02
46
23.77
586
7031
41.19
132
22
43
24.02
11063
11071
32.01
126
18.03
39
23.19
7031
586
221.19
129
21.02
41
25
11066
11069
225
135
22
42
23.02
11067
11070
40.03
133
21.02
40
24
11068
586
42.4
133
20
39
23.02
4387
11071
223.83
137
24.02
43
24
586
11068
222.4
133
24
49
23.19
11071
4387
43.83
134
24
43
25
11074
11072
111.8
124
10.2
58
10
11077
11075
-82.41
156
13.04
58
6.4
11075
11072
3.37
145
6.4
17
12.37
11079
11074
212.47
160
5
11
8.54
11079
11072
168.69
137
13.04
56
10.77
11078
11080
48.01
175
5
3
8.49
11072
5183
156.04
171
12.37
7
17.49
11083
11081
240.26
151
4
8
12.81
11079
11084
153.43
165
15.3
52
5.1
11081
11083
60.26
132
6.32
21
12.81
5183
11072
-23.96
172
26.93
54
5.1
11085
11079
-76.76
151
14.87
58
8.49
11084
11079
-26.57
117
15
50
17.46
11083
11085
171.47
133
12.81
39
14.87
11086
10394
131.19
155
7.62
41
5
5183
11084
-15.07
141
12.08
23
19.21
11087
11088
82.87
128
2.83
19
6.71
10235
11083
-51.84
152
7.62
18
11.7
10411
5183
-37.41
134
6.08
14
17.8
10235
11087
18.43
163
8.6
63
2.83
11085
5584
173.66
137
15
32
19.21
11085
11083
-8.53
121
14.21
43
17.8
11088
2945
146.31
147
10
42
8.25
5584
6709
157.75
134
12.08
29
17.8
11088
11090
180
117
6.71
40
9.22
11091
10411
250.02
149
10.2
60
6.08
11085
10235
50.71
145
14.04
71
8.54
11089
11092
187.59
153
8.6
28
8.54
11092
5584
201.45
116
14.04
27
27.17
11092
11089
7.59
143
11.31
48
9.22
5584
11092
21.45
128
14.56
28
24.19
11090
11094
173.66
129
11.31
23
21.95
11093
11092
-7.13
115
9.43
22
21.95
6709
5584
-22.25
132
15.65
41
17.89
6709
11096
76.76
156
10.2
27
9.22
11097
11098
-23.2
160
22.02
73
8.06
11095
5584
-63.43
127
12.17
42
14.56
11101
10690
-12.53
128
7.81
15
23.71
11096
6709
256.76
122
14.14
50
15.65
11102
11093
263.29
155
9.49
25
9.43
11098
11097
156.8
154
20.02
61
10.05
11102
11095
226.97
144
17.12
56
12.17
11102
11096
191.77
145
20.52
56
14.14
11103
11101
258.69
131
6.4
38
7.81
11100
11104
72.9
125
6.4
27
11.31
11106
3152
171.87
146
13.42
67
8.25
11108
11104
-23.96
118
6.4
39
8.94
11108
11103
-85.24
119
9.85
49
11.31
11109
1703
233.75
144
8
8
31.11
11111
11112
-71.57
154
9.9
49
5.83
10419
11103
90
173
8.06
8
7.07
11115
9446
175.24
169
9.06
28
3.61
11116
11117
246.61
114
17.69
26
36.88
11118
11110
129.29
156
13.42
70
5.83
11108
11113
-90
176
12.04
8
7.07
11116
11119
233.13
177
40.5
31
5.39
11107
11121
155.77
118
6.4
16
19.85
11123
11118
189.46
166
17.46
17
14.14
11116
11120
237.09
171
40.31
83
6.71
11105
4115
51.84
173
11.66
13
6.4
1703
11109
53.75
99
8.49
13
36.88
3515
11120
46.97
172
15.81
25
5.39
11120
3515
226.97
180
16.28
1
4.24
11126
11127
237.99
167
15.81
46
5.1
11126
11128
207.9
150
18.87
72
9.9
11129
10850
251.57
140
5.39
57
4.12
4115
11105
231.84
137
11.05
37
12.37
11128
11126
27.9
163
2.83
2
16.55
11120
11124
227.49
167
12.53
36
5.1
11133
11117
33.69
153
12.53
60
6.71
11123
11135
18.43
167
9.43
32
4.12
11118
11123
9.46
163
24.6
46
10
11118
7279
90
141
14.21
41
13.45
11133
11129
6.01
153
14.42
46
9.22
11129
11133
186.01
115
6.32
19
17.46
4115
11133
21.8
171
5.83
10
5.1
11001
11113
-63.43
123
10.05
26
19
11113
11137
-3.18
165
14.32
41
5.66
11139
3708
153.43
109
2.83
24
6.4
11108
11121
139.09
145
10.05
26
13
2377
11140
-52.13
155
4.47
5
18.87
11134
1618
176.42
145
9.43
33
10
11118
1618
26.57
117
21
51
24.17
11137
11113
176.82
146
15.26
57
10.3
3972
11141
71.57
114
14.87
46
18.79
11139
11143
186.34
142
2.83
14
7.07
9333
11138
-90
165
7.28
45
2.83
1618
11134
-3.58
145
15.26
67
9.49
11133
4115
201.8
125
9.22
53
9.43
11132
11126
25.02
145
10.3
36
10.2
4115
11131
-84.81
128
9.43
54
9.22
7279
1618
-24.44
159
17.03
36
10.3
11144
11133
173.66
171
16.03
7
20.62
2377
11141
180
139
13.45
66
9.85
4435
11134
180
178
24.02
14
4.12
10884
11136
206.57
167
23.43
71
5.66
145
10131
242.24
153
21
73
10.2
11146
11139
77.01
173
11.05
32
2.83
11126
10743
57.99
148
21
29
22.83
5614
11147
86.82
132
2.83
7
16.28
11113
11001
116.57
120
17.03
46
20.25
5377
4944
141.34
168
13.42
24
6.71
11008
11009
10.3
113
9.22
24
20.62
11141
3972
251.57
138
9.85
29
13.45
11140
10743
-5.44
163
9.22
12
12.65
4435
11137
163.81
164
28
55
9.49
11147
5614
266.82
173
13.04
18
5.39
2377
10455
-60.26
172
22.8
63
3.61
11149
4944
175.24
128
13.45
33
19.21
145
10743
28.81
115
13.04
34
21.1
11144
11009
183.58
122
14.76
56
15
11139
11146
257.01
168
11
43
3.61
11131
10743
-18.43
121
9.22
45
11.18
145
11140
94.4
168
10.44
38
3.61
10888
11144
110.22
134
15.23
48
14.76
10745
2377
106.39
135
17
64
13.45
10745
11145
151.93
123
16.12
58
16.03
11008
11012
-14.47
156
22.36
38
15
10455
2377
119.74
150
8.06
13
17.72
10455
10131
256.43
150
10.44
14
21.47
4944
11016
248.2
132
6.71
12
23.02
10745
7403
209.74
120
7
25
14.04
10135
1312
68.2
154
13.04
52
7.28
11012
11008
165.53
162
26.08
48
11.18
11149
10888
73.07
123
18.44
47
21.02
10743
11147
223.26
169
17.2
27
7.28
5559
9248
37.57
122
9.06
33
14.04
11153
11152
-85.03
171
8.25
4
15
1312
10135
248.2
135
7.62
26
12.04
4944
11149
-4.76
131
16.97
44
18.44
10131
10455
76.43
167
26
53
7.62
11137
11154
6.12
147
23.43
56
15.62
10131
9248
90
119
12.53
28
22.83
11151
10888
25.35
134
15.81
48
15.23
10455
10745
150.26
128
7.62
60
7
11137
4435
-16.19
158
28.16
59
12.37
11151
10752
200.85
156
16.97
44
9.85
10743
1312
234.46
154
12.17
40
8.25
11020
11012
26.57
127
12.17
22
26.08
11155
2975
47.29
169
5.83
5
12.04
11020
2975
240.95
139
9.22
60
7
2975
11020
60.95
128
7.62
46
8.25
10135
11156
233.13
175
5.83
8
4.24
11157
11145
50.71
115
2.24
8
13.45
11019
9248
61.19
140
10.2
23
16.4
11151
11020
177.51
157
22.47
74
9.22
11012
11020
206.57
135
15.81
29
23.02
11155
10752
34.38
168
17.69
34
7
11016
4944
68.2
143
7.28
11
21.63
11158
4944
36.38
156
20.59
60
9.85
11154
4435
-75.96
153
12.04
73
5.83
11152
11153
94.97
144
12.04
28
15.23
11145
11157
230.71
141
10
44
9.06
11153
10884
187.13
121
15.23
57
15.62
10752
11155
214.38
154
20.59
63
10.3
4944
11158
216.38
161
21.63
66
8.06
11158
280
237.65
118
8.06
12
32.53
11161
11158
25.11
165
30.48
54
10.3
11162
11160
51.58
142
6
6
32.53
11155
11163
216.87
176
30.48
25
5.1
11162
2263
156.04
130
4.47
11
17.2
280
11158
57.65
107
19.85
32
35.34
2263
11162
-23.96
163
18.11
66
6
280
11161
130.91
138
18.11
61
13.93
1651
1648
251.57
162
3
2
19.31
4462
11165
-69.44
178
15.23
20
2
1648
11167
226.55
171
3.61
1
22.63
11166
4801
112.83
180
15.23
1
5.39
933
11169
177.4
178
21
42
1.41
11169
7906
200.85
177
21.93
65
1.41
2275
11171
248.75
173
4.12
1
15.23
6203
9266
-59.04
172
7.81
16
4.12
11173
11172
209.48
157
5
5
21.93
1648
1651
71.57
170
7.07
4
15.23
10796
7906
45
135
1
1
21.93
2490
1898
241.39
152
4
11
9.22
9266
11175
201.8
112
4
43
5.39
11167
1648
46.55
174
5
1
21.21
11165
4462
110.56
161
7.81
14
10.05
4801
11176
133.15
165
15.26
29
8.25
11170
11168
20.85
177
21.93
65
1.41
11150
4462
-40.91
171
15.26
27
5.39
11174
11177
246.8
157
1
1
21.93
10796
11170
41.42
177
22.63
86
1.41
11179
11178
191.31
124
5.39
11
23
11171
2275
68.75
164
11.05
19
9.22
11171
11173
233.97
153
7.07
8
21.21
6203
11175
-85.24
154
11.66
72
5.39
11175
1898
265.6
108
5.39
24
12.53
11172
11173
29.48
142
5.39
8
22.47
11057
10796
67.75
158
2
1
21.93
11180
11181
-69.15
175
20.12
39
3.16
11184
11183
170.13
102
5.39
13
22.85
11182
11185
115.35
179
20.12
25
1
11181
11183
-45
171
20.81
59
4.12
11176
11188
155.77
156
18
53
9.22
10796
11057
247.75
158
6
7
18.36
11178
11179
11.31
124
5.39
11
23
11187
11150
-21.8
159
18
54
8.25
11189
11170
51.01
142
6
9
22.67
11173
11171
53.97
154
12.17
18
17.2
11186
11182
136.85
173
20.81
65
3.16
11190
11189
65.77
156
4
5
18.36
11191
6203
-32.74
143
13.04
51
10.05
11192
11188
22.25
106
9.06
22
23
11193
11194
122.74
174
14.21
32
3
11184
11186
160.02
170
23.35
84
4.12
1898
2283
234.46
150
11.05
18
17.2
4462
11150
139.09
135
13.04
40
14.14
10509
11168
37.3
128
8
16
22.47
11185
11182
-64.65
167
14.21
25
8
2283
11179
221.01
141
12.17
20
22.47
11195
11196
59.04
150
4
8
14.21
11197
11046
142.13
161
9.49
52
4
11170
11189
231.01
142
8
13
21.4
11046
11198
33.69
124
4
21
9.22
11192
11187
0
158
23.77
77
9.22
6203
8956
217.57
123
12.04
45
14.14
11189
11190
245.77
156
9
15
14.21
11175
10140
230.19
145
13.04
30
14.87
11168
10509
217.3
121
9.06
19
23.09
11194
11193
-57.26
142
9.49
32
11
2283
1898
54.46
149
16.03
34
14.87
11182
11186
-43.15
151
17.46
52
11.05
11199
11184
207.47
127
13.15
27
23
11191
8956
-86.99
126
16.64
55
16.4
11196
11195
239.04
150
13
46
9.22
11179
2283
41.01
140
13.15
22
22.14
11196
10509
52.31
143
9
14
21.4
11197
11198
90
128
11.4
56
10.82
1413
11193
144.78
159
17.46
54
8
11150
11187
158.2
131
21.47
65
18.03
11200
11186
192.26
107
13.04
32
23.41
10140
11175
50.19
144
20.02
58
14.14
11150
191
207.76
110
14.14
38
21.38
10140
11199
226.27
140
16.03
27
22.14
11184
11199
27.47
122
13.04
27
24
11186
11200
12.26
108
11.05
27
22.8
10509
11196
232.31
143
14
27
18.79
4080
11192
43.67
134
14
26
23.09
11201
11187
36.47
124
17.03
36
24
11198
4080
51.01
142
13
25
18.79
11193
11202
19.44
110
11
35
17.72
11193
1413
-35.22
126
18.03
54
18
11187
11201
216.47
124
18.03
38
24.02
11191
11203
221.99
129
19.03
44
21.02
11197
3077
41.42
132
13
34
17.12
8956
3084
225
138
20.02
39
21.1
11199
10140
46.27
139
21.02
40
21.1
11192
4080
223.67
131
17.03
33
23.35
11203
11191
41.99
130
22.02
52
21.38
3084
11200
220.03
133
21.02
40
24
4080
11198
231.01
142
19
44
17.12
3077
11197
221.42
132
20
57
17.72
1668
1413
213.11
126
21.02
48
22.8
3084
8956
45
138
23.02
47
21.02
1413
1668
33.11
124
18
40
23.19
3077
11201
45
135
19
35
23.35
11200
3084
40.03
133
21.02
40
24
11204
191
42.51
133
23
44
24.02
191
11204
222.51
130
22.02
42
25
11203
1668
222.61
136
23.02
42
24
11201
3077
225
135
23
45
23
11202
11204
41.01
132
20
41
23
11204
11202
221.01
132
23
48
23.19
1668
11203
42.61
133
23
42
25
2195
11205
111.8
129
10.44
62
9.22
11208
11207
-81.87
160
12.53
61
5
11207
11205
0
144
5
12
13.34
11210
2195
210.96
166
4.24
7
7.62
11210
11205
164.05
134
11.66
52
10.77
11205
11211
157.83
171
13.34
7
16.12
11213
5652
236.31
147
4
11
11.31
11210
11214
149.04
165
14.56
47
5.1
5652
11213
56.31
135
5.1
18
11.4
11211
11205
-22.17
171
26.68
56
5.1
11215
11210
-79.38
143
13.45
55
9.9
11214
11210
-30.96
119
13.89
48
16.28
11213
11215
173.99
137
11.4
35
13.45
11211
11214
-12.99
148
11.7
20
18.03
11089
11216
131.19
146
8.25
50
6.08
10227
11213
-49.76
145
8.25
24
11.4
11217
11218
249.44
174
8.25
69
1
11219
11211
-35.22
136
6.08
14
17.03
11215
5172
173.66
144
13.89
27
18.03
10227
10994
23.96
178
8.94
23
1
11215
11213
-6.01
121
13.6
43
17.03
5172
2540
157.75
138
11.7
27
17.03
11217
10549
185.19
116
8.54
46
10.63
11220
11215
265.91
110
7.62
31
13.6
10611
11219
248.2
146
9.22
58
6.08
11220
5172
201.45
116
14.04
27
27.17
11218
11220
183.81
158
8.94
27
7.62
11222
11223
116.57
135
6.32
33
8.06
11220
11218
3.81
135
10.63
45
10.63
11225
11223
0
176
13.04
6
9.06
5172
11220
21.45
129
13.6
26
24.08
11226
11220
-4.76
115
10.3
25
21.95
2540
5172
-22.25
135
15.23
39
17
10582
5172
-61.93
128
12.17
45
13.6
11229
11228
-25.46
152
20.02
59
11.05
11225
11221
-20.85
160
22
76
8.06
11230
11228
-10.49
130
7.81
14
23.26
11231
11226
262.87
150
7.62
21
10.3
11221
11225
159.15
157
20.02
62
9.06
11231
10582
225
143
16.12
54
12.17
11231
11232
189.46
145
19.8
54
14.14
11233
11230
255.96
113
5
36
7.81
11229
11234
70.02
107
5
25
11.31
8058
11235
72.47
127
13.6
42
16.12
11238
11235
176.99
132
8.49
25
14.76
11239
11240
33.69
112
9.22
37
14.04
8058
11237
32.28
140
19.92
60
14.76
11233
11234
45
130
11.05
63
9.49
11241
11234
-18.43
122
7.81
51
8.54
11243
11239
-37.87
127
7.28
39
9.22
10699
11233
90
171
6.08
6
9.06
11247
11245
-30.26
105
4.24
17
13.45
11248
4047
234.64
137
7.07
8
33.24
11242
11251
161.57
179
13.6
2
8.54
11241
11244
-90
175
11.05
6
9.06
11253
11245
187.59
168
17.09
15
14.14
11242
11251
161.57
122
7.81
20
19.21
11254
11255
247.69
118
18.44
25
37.54
11254
11256
233.88
177
41.34
32
5.39
11239
3516
47.49
169
11.66
25
5.39
11259
11260
236.31
166
14.87
45
5.1
11259
2875
207.9
152
18.03
68
9.22
4047
11248
54.64
100
8.49
12
37.54
11261
4020
209.74
165
2.83
7
5.39
11255
11254
67.69
102
7.21
9
41.34
11261
11257
46.97
172
15.81
25
5.39
11257
11261
226.97
178
17.03
13
3.61
11263
11264
254.05
138
6.71
62
5.1
3516
11262
38.66
174
2.83
4
3.61
11245
11253
7.59
166
23.77
39
9.43
11253
3616
24.44
178
8.94
6
3.16
11245
7279
90
139
13.45
48
12.04
3516
11239
227.49
133
11.05
42
12.04
11264
11268
-3.01
177
14
8
5.1
11244
11271
-6.34
158
14.56
49
7.21
11001
11244
-60.95
108
10.2
29
20
11257
11262
229.76
165
14.32
49
5
11267
11239
184.76
173
9.22
23
3.16
11272
11255
36.87
152
14.32
70
7.21
11263
11272
191.89
118
7.28
21
17.26
11272
11263
11.89
156
15
47
8.6
3516
11272
21.8
164
6.4
21
5
11266
10837
176.42
150
8.94
28
9.43
11241
11251
141.34
131
10.2
31
14.87
10837
7279
157.75
136
23.77
67
18
11271
11244
173.66
143
15.26
57
11.18
11275
11273
-53.62
141
4.12
7
20.59
3154
11259
28.07
151
9.43
28
10
10837
11266
-3.58
145
15.26
67
9.49
7279
10837
-22.25
155
17.03
41
11.18
3972
11276
75.96
124
16.28
49
17.89
11279
9501
-56.31
158
7.21
78
2.83
11278
7297
180
135
2.83
15
7.28
11280
9501
-84.29
166
8.54
50
2.83
10884
11270
199.98
163
22.8
76
7.21
145
10131
242.24
153
19
62
10
11272
3516
201.8
125
9.22
53
9.43
3516
11267
-84.81
128
9.43
54
9.22
11259
10743
56.31
147
19
27
22.83
7239
11147
86.63
143
3.61
8
14.32
11268
11272
173.66
171
16.03
7
20.62
11275
11276
180
133
14.87
65
12.08
11094
4944
143.75
171
13.42
22
5.83
11244
11001
119.05
116
17.03
49
20.25
10131
11282
203.2
146
9.43
35
9.22
11146
11278
77.91
173
12.04
32
2.83
11283
11271
160.46
165
28.07
52
9.49
11147
7239
266.63
172
12.04
18
5.39
11149
4944
175.24
131
12.73
31
18.6
11273
10743
-8.13
160
9.22
14
13
11276
3972
255.96
142
12.08
33
13.45
11281
2138
10.3
113
9.22
24
20.62
145
10743
28.81
115
14.04
36
21.21
11275
9942
-63.43
171
23.6
48
5.39
2138
1114
-57.26
120
16.03
57
16.55
145
11273
94.09
166
9.49
25
5.39
11267
10743
-22.62
117
9.22
42
12.08
11278
11146
257.91
168
12
44
3.61
11284
11268
112.83
128
15.52
47
16.55
4944
11016
248.2
128
5.83
11
23.85
11282
10131
23.2
128
12.37
51
12.53
10745
11275
104.74
133
17
57
14.87
10745
11145
151.93
123
16.12
58
16.03
9942
10131
255.96
148
9.49
13
21.47
9613
1312
66.8
153
12.04
50
7.28
9942
11275
116.57
153
8.6
11
19.65
11281
1114
-17.88
152
22.36
39
16.64
11149
11284
71.57
121
18.44
45
22.36
10884
11286
3.58
177
8.06
3
8
10745
7403
209.74
120
8
29
14
4944
11149
-4.76
131
16.97
44
18.44
1312
9613
246.8
134
7.62
28
11.4
11286
11152
-84.81
167
6.32
5
16
10743
11147
223.26
169
17.2
27
7.28
5559
9063
34.7
119
9.06
34
14
1114
11281
162.12
160
26.02
47
12.08
11271
11288
2.05
145
22.8
54
16.4
10131
9063
90
119
12.53
30
21.95
10131
9942
75.96
166
25
52
7.62
11271
11283
-19.54
159
28.02
56
12.37
9613
11156
236.31
170
7.62
22
3.61
11289
2975
49.4
163
7.62
11
11.4
11151
11284
26.57
137
14.87
41
15.52
11151
8459
203.2
159
16.97
41
9.49
8812
2975
237.99
136
9.22
66
7.07
9942
10745
144.46
122
7.62
54
8
10743
1312
234.46
154
13.15
47
8.06
2975
8812
57.99
125
7.62
50
8.06
8812
1114
26.57
126
13.15
24
26.02
11019
9063
59.93
139
10.2
25
15.81
11151
8812
180
157
22.85
77
9.22
11289
8459
34.38
165
18.44
42
7.07
11016
4944
68.2
140
6.32
10
22.47
9846
11145
53.13
125
3.16
11
13.45
1114
8812
206.57
137
14.87
26
23
4831
4944
38.29
158
20.59
56
9.49
5559
11145
94.57
177
14.14
4
11
11288
11283
-75.96
150
11.31
65
6.4
11152
11286
95.19
141
11.31
28
15.23
10884
11288
-52.43
124
16.03
60
15.23
4944
4831
218.29
161
22.47
68
8.06
8459
11289
214.38
154
20.59
63
10.3
11145
9846
233.13
144
11
46
9.06
9846
5559
-49.76
124
9.06
32
14.14
11291
11289
38.16
180
32.02
4
3.61
4831
11293
238.5
119
8.06
12
33.24
7913
4831
27.98
165
31.83
57
10.3
11294
11292
52.52
143
6
6
33.24
11289
11291
218.16
175
31.83
38
5
11294
4565
156.04
143
4.12
8
16.64
11293
4831
58.5
106
19.1
30
36.24
4565
11294
-23.96
163
18.11
66
6
11293
7913
132.88
140
18.11
65
13
11296
8465
46.64
180
21.93
1
2.83
730
8465
251.57
162
2
1
20.25
11298
829
-68.2
178
14.32
21
2
11300
11301
158.2
177
18.97
23
2.83
611
5003
111.8
178
14.32
5
7.28
328
11302
207.55
152
3.61
4
22.85
11303
6525
248.75
173
4.12
1
15.23
11296
8465
46.64
171
3.61
1
21.21
8465
730
71.57
170
7.07
4
15.23
11301
11305
177.4
172
21.1
68
3.16
6882
11306
-53.13
172
7.07
18
3.16
11299
9673
-21.8
177
18.97
23
2.83
11307
2535
243.43
154
4
10
10
11306
11308
218.66
129
5
49
5.1
11310
11309
187.13
131
3.61
7
22
11311
11305
27.65
118
2
4
22.85
829
11298
111.8
157
7.07
16
10.05
11058
3479
46.74
137
1
1
22.63
11060
11189
66.8
157
1
1
21.93
6525
328
233.97
153
7.07
8
21.21
11304
11299
0
175
21.1
45
2.83
11302
328
27.55
152
3.61
4
22.85
6525
11303
68.75
165
10.05
15
10
11313
11312
164.74
102
2.24
5
22.47
5003
9673
135
157
13.93
33
10.2
11189
11060
246.8
157
1
1
21.93
7602
11298
-38.66
163
13.93
35
7.28
11314
11315
-66.8
178
21.02
23
2
11315
11312
-43.15
175
21.4
73
2.24
6882
11308
-85.24
148
10
56
6.4
11305
11311
207.65
100
3.16
7
23.41
2535
11307
63.43
158
13.04
74
5.1
3479
11058
226.74
137
2
3
21.93
11316
11318
114.23
179
21.02
24
1
11309
11310
7.13
124
2.24
4
23.02
11319
11058
67.75
158
2
1
21.93
11317
11316
138.58
176
21.4
48
2
328
6525
53.97
157
9.22
11
19.1
11312
11313
-15.26
102
2.24
5
22.47
1654
11310
218.05
141
9.22
14
22.85
9673
11299
158.2
149
18.25
57
11.18
2535
1654
236.89
153
10.05
14
19.1
11321
11322
120.96
177
15.81
30
2
11058
11319
247.75
158
7
8
17.49
11324
11323
64.65
155
4
5
17.49
11318
11316
-65.77
170
15.81
24
7
6784
6882
-26.57
141
13.34
57
10.05
11323
11311
53.97
144
7
10
21.93
11320
7602
-19.29
152
18.25
59
10.2
11298
7602
141.34
129
13.34
43
15.13
11325
11180
138.37
163
9.85
48
4
11326
11327
55.3
146
4
10
12.73
11328
11299
26.57
112
11.05
26
23
11329
11304
40.6
125
10.05
20
23.41
11180
11330
29.05
120
5
29
9
11308
2681
233.13
148
13.04
26
15.65
6882
11331
222.71
128
12.04
42
14
11332
11313
205.64
126
11.18
23
23.02
11323
11324
244.65
155
10
19
12.73
11316
11317
-41.42
155
17.72
48
10
11322
11321
-59.04
145
9.85
30
11
1654
2535
56.89
151
16.03
30
15.65
11310
1654
38.05
139
11.18
19
22.14
11311
11323
233.97
139
10.05
18
20.81
11299
11328
206.57
107
11.18
26
24
11334
11317
189.87
110
12.17
30
22.47
11333
11321
144.78
162
17.72
54
7
11327
11326
235.3
146
13
55
9
6784
11331
-86.99
120
15.65
50
17.69
11325
11330
90
132
12.04
60
10.3
11304
11329
220.6
126
11.05
22
23.09
2681
11308
53.13
146
20.02
53
14
11327
11329
52.31
143
10
17
20.81
2681
11332
226.27
140
16.03
27
22.14
11313
11332
25.64
126
12.17
25
23
11334
11333
165.38
156
23.35
75
10
11335
7602
32.28
120
19.03
51
21.19
7602
11335
212.28
115
15.13
40
21.21
1851
11325
158.75
147
18.44
68
11
11321
11333
-35.22
133
18.44
58
16.03
11329
11327
232.31
143
15
29
18.38
11330
2053
49.64
140
13
27
18.38
2053
11328
45
135
15
27
23.09
11332
2681
46.27
140
19.03
35
21.38
11337
11320
39.56
127
19.03
39
24
11331
11336
227.49
141
20.02
36
21.38
11325
11338
35.84
126
13
35
18
11336
11334
218.37
132
19.03
38
23
6784
2512
223.53
131
19.03
43
21
11320
11337
219.56
127
19.03
39
24
11339
11333
209.48
120
19
44
23.77
2512
6784
43.53
131
22.02
51
21.21
11338
11325
215.84
126
20
57
19.31
11328
2053
225
132
19.03
37
23.19
2053
11330
229.64
137
20.02
49
18
11333
11339
29.48
124
16.03
37
22.2
11336
11331
47.49
140
24.02
47
21
11334
11336
38.37
129
19
38
24
11338
11337
46.27
134
20.02
38
23.19
2512
11339
223.83
137
24.02
43
24
11340
11335
45
133
23.02
45
24
11335
11340
225
133
22.02
42
24.02
1851
11340
41.01
132
20
41
23
11340
1851
221.01
134
23.02
48
22.2
11337
11338
226.27
134
23.02
46
23
11339
2512
43.83
137
23.02
41
24.02
11341
11342
-16.7
114
7.81
44
10.3
11344
9220
-81.87
160
12.53
61
5
11346
11342
206.57
173
3.61
3
7.62
9220
9926
0
144
5
14
12.37
11346
9926
165.07
139
11.18
46
10.3
9926
11347
158.96
173
12.37
5
15.65
11350
11348
231.34
142
2
6
11.31
11346
11351
153.43
169
15.52
49
4.12
11348
11350
51.34
115
4.47
20
11.66
11347
9926
-21.04
173
25.71
54
4.12
11353
11346
-77.91
144
12.04
57
8.49
11351
11346
-26.57
129
14.32
51
14.32
11350
11353
173.99
144
11.66
35
12.04
11347
11351
-13.5
152
11.4
19
16.64
11356
11357
126.87
135
7.07
44
7.07
11355
11350
-49.76
139
7.07
21
12.65
11359
11347
-35.22
145
6
12
16.28
11353
11354
173.66
149
14.32
26
16.64
11353
11350
-6.01
121
13.6
43
17.03
11354
11358
157.75
143
11.4
25
16.28
11362
11360
149.74
140
11.18
53
9.06
11363
11361
-45
154
12.65
38
9.06
11353
11355
53.97
149
13.04
69
7.28
11364
11354
199.65
115
13.04
25
27.17
11365
11364
187.59
162
8.94
23
7.28
11366
11367
60.95
146
10.05
70
6.08
11366
11369
173.66
168
10.05
6
17.46
11354
11364
19.65
127
13.6
26
24.19
11367
11372
116.57
127
6.08
32
9.06
1893
11372
2.6
170
13.34
15
9.22
11358
11354
-22.25
142
14.56
36
15.26
10874
11354
-58.39
122
12
48
13.6
11373
11374
192.8
180
13.34
0
9.22
954
11366
-20.85
154
20.1
63
10.05
1893
11368
-20.85
157
22.02
75
9.06
11369
11366
-6.34
134
7.81
14
22.47
11368
1893
159.15
154
20.1
63
10.05
11375
10874
222.88
142
13.15
42
12
11369
954
39.81
146
7.28
66
4.47
11377
11376
225
157
10.77
71
4.47
7446
11378
74.05
131
14.42
41
16.64
11380
11378
173.99
129
8.49
25
15.26
11381
2792
39.81
119
10.2
39
14
7446
11139
34.38
141
21.84
65
15.26
11376
11377
45
129
9.06
51
9.06
11383
11382
229.4
119
8.54
55
9.06
9299
11381
-41.63
123
7.28
37
10.2
10843
11376
90
162
3.16
4
12.04
1728
11385
-36.03
111
3.61
15
12.81
3832
11385
185.53
172
16.49
9
15.03
11390
11388
32.47
173
7.81
10
5.39
11382
11384
-90
174
9.06
4
12.04
11392
11383
-10.78
170
9
7
12.65
11393
11394
235.12
146
7
6
34.71
11396
11389
236.31
168
13.93
34
5.39
11383
11392
169.22
120
9.22
25
18.6
11396
11397
205.2
149
18.03
70
9.9
11381
11399
42.51
164
11.66
33
6.08
11400
11401
248.2
116
17.69
24
38.9
11400
11402
233.62
177
42.72
31
5.39
11405
11406
36.03
172
8.49
14
5.39
1354
11398
203.2
140
2.24
13
6.08
11394
11393
55.12
106
7.81
11
38.9
11385
3832
5.53
167
24.35
37
9.43
1354
11403
46.97
172
15.81
25
5.39
11385
6878
86.42
138
12.81
52
10.82
11401
11400
68.2
98
8.06
10
42.72
11403
1354
226.97
178
17.03
13
3.61
11409
11404
251.57
125
5
49
5.39
11399
11408
45
162
2.24
11
3.61
11384
2766
-6.34
155
14.87
53
8.06
11399
11381
222.51
133
12
47
12.04
7229
11407
172.87
153
8.54
24
9.43
11384
11382
90
151
20.59
73
10.44
11404
11411
-6.01
174
15
20
4.47
11385
11407
19.18
113
16.03
39
23.41
3197
11381
175.24
163
9.22
40
4.24
2766
11384
173.66
146
14.76
54
10.3
11403
11408
229.76
163
15.23
61
5.1
11414
11396
30.96
153
9.43
25
10.05
4497
3562
180
166
4.12
3
15.03
11409
11413
191.89
121
6.32
18
17.12
11382
11392
143.75
128
10.44
34
14.87
11413
11401
37.57
151
15.23
67
8.06
11399
11413
18.43
154
5.66
29
5.1
11407
7229
-7.13
145
14.76
64
9.49
11413
11409
11.89
155
16.4
56
8.49
6878
11407
-19.98
157
17.03
40
10.3
11275
2208
-52.13
114
4.12
10
21.47
11415
9785
242.24
153
18
56
10.05
10884
11410
195.26
160
22.2
75
8.06
3972
3562
76.61
127
17.03
50
17.89
11418
4303
140.19
114
2.24
16
7.21
11418
7073
173.66
148
2.24
9
7.28
3289
11417
-83.66
166
8.54
69
2.24
11420
4944
149.04
172
13
22
5
11396
10743
54.46
145
18
27
22.36
2559
11147
86.19
143
3.61
10
12.37
9785
11421
203.2
146
9.43
35
9.22
11283
2766
158.84
165
28.16
50
9.49
11281
11413
78.69
124
9.9
60
9.49
11384
256
119.05
116
17.03
49
20.25
11399
3197
-90
135
9.9
54
8.6
11147
2559
266.19
172
12.04
29
3.61
11422
4944
177.61
136
12.04
28
17.49
11411
11413
173.66
167
16.12
10
20.88
11275
3562
176.19
129
14.87
63
13
11423
3972
-27.65
142
10.2
22
17.03
11146
11418
78.69
173
14.04
52
2.24
2208
10743
-10.78
157
9.22
15
13.42
3562
3972
256.61
144
13
34
13.45
11415
10743
26.57
113
14.04
37
21.38
4944
11016
248.2
122
5
9
24.7
11281
2138
10.3
112
10.2
27
20.88
11275
9942
-63.43
169
22.8
45
6.32
11421
9785
23.2
130
10.44
43
11.7
11415
2208
94.09
164
8.54
22
6.32
3197
10743
-26.57
118
8.6
38
12.08
1114
11411
66.37
124
16.64
59
16.12
11284
11411
111.8
127
15.52
45
17.46
11418
11146
258.69
169
13
45
3.61
9942
9785
255.47
145
8.54
13
21.47
9613
1312
66.8
153
12.04
50
7.28
9993
11275
101.89
132
16.12
54
14.87
9993
11145
150.26
122
14.76
56
15.03
11422
11284
70.82
119
17.69
44
22.36
4944
11422
-2.39
133
16.97
44
17.69
1312
9613
246.8
134
7.62
28
11.4
10884
11426
0
166
8.25
14
8.25
11426
11152
-84.56
164
5.39
5
16
9993
7606
208.3
112
8.06
32
14.04
9942
11275
116.57
149
9.43
14
19.42
10743
11147
223.26
169
17.2
27
7.28
11281
1114
-17.88
152
22.36
39
16.64
9785
9063
90
110
11.7
28
22.83
2766
11427
-2.05
143
22.2
52
17.2
9613
11156
236.31
167
8.54
37
3.16
11429
9063
37.57
123
11.05
41
14.04
2766
11283
-21.16
161
28.02
53
11.4
11428
2975
51.34
162
8.54
13
11.4
9785
9942
75.47
166
24
52
7.62
1114
11281
162.12
160
26.02
47
12.08
11151
8459
203.2
159
16.97
41
9.49
8812
2975
237.99
136
9.22
66
7.07
11016
4944
68.2
137
5.39
9
23.32
11151
11284
26.57
137
14.87
41
15.52
2975
8812
57.99
125
7.62
50
8.06
11428
8459
36.38
166
19.21
44
7.07
10743
1312
234.46
154
13.15
47
8.06
11424
9063
61.19
140
10.2
23
16.4
9942
9993
147.99
125
7.62
50
8.06
11151
8812
180
157
22.85
77
9.22
8812
1114
26.57
126
13.15
24
26.02
11431
4944
40.1
158
21.47
58
9.49
11427
11283
-74.74
147
10.63
66
6.4
1114
8812
206.57
137
14.87
26
23
4614
11145
55.3
132
4.12
13
13.45
11429
11145
94.4
177
14.14
4
12
11152
11426
95.44
137
10.63
28
15.23
4944
11431
220.1
162
23.32
69
8.06
8459
11428
216.38
155
21.47
65
10.3
10884
11427
-54.46
126
16
58
15.23
11145
4614
235.3
146
12
48
9.06
4614
11429
-49.76
124
9.06
32
14.14
11432
11428
40.6
178
33.97
22
3.16
11431
11433
240.07
117
7.21
10
35.47
11434
11431
31.5
165
32.56
60
10.3
11435
11292
54.29
145
5
4
35.47
11435
2052
156.04
157
4
5
16.12
11428
11432
220.6
174
32.56
40
6
11433
11431
60.07
110
18.44
28
36.36
2052
11435
-23.96
166
18.25
66
5
11433
11434
130.6
141
18.25
69
12.53
1220
8460
252.35
163
2
1
21.19
11439
11437
206.57
162
2.83
2
21.93
11441
11442
133.15
176
17.69
16
4.47
11443
3200
-65.22
177
12.53
24
2
1643
10417
250.71
175
4.12
1
17.09
11440
11444
-43.03
180
17.69
1
2.83
8460
1220
72.35
172
6.08
2
17.09
11446
11445
182.39
156
2.24
2
22
2286
11444
112.83
175
12.53
8
8.25
11442
11448
159.15
172
18.44
32
5
1044
2071
-49.4
162
5.83
26
4.12
1855
11449
246.8
157
4
7
11.66
2071
2683
230.19
141
4
28
5.39
11451
11450
164.74
120
1.41
3
22.14
10417
11439
232.7
153
6.08
7
21.21
11448
11453
180
169
20.4
63
4.47
11447
11440
-21.8
171
18.44
41
4.47
10417
1643
70.71
167
10.05
11
11.66
11455
11454
140.53
96
1.41
3
21.93
3200
11443
114.78
146
5.83
19
10.05
11046
11456
67.75
158
1
0
22.85
11457
11454
-66.8
179
21.93
23
1
11459
11453
33.02
124
4
8
21.93
11445
11446
2.39
138
1.41
2
23
11196
11460
49.9
140
3
4
22.63
11449
1855
66.8
162
12.04
45
5.39
1044
2683
-85.6
144
9.22
44
7.81
11456
11046
247.75
158
3
3
21.02
11452
11447
0
169
20.4
53
5
11450
11451
-15.26
120
1.41
3
22.14
11444
11440
136.97
150
13.34
36
11.18
11461
11443
-36.25
157
13.34
39
8.25
11455
11458
138.58
179
22.02
48
1
11439
10417
52.7
157
8.25
9
19.1
11462
11446
219.29
144
8.25
12
22.36
11326
11196
67.75
158
3
3
21.02
11460
11196
229.9
140
4
6
21.93
11453
11459
213.02
97
4.47
10
23.77
11449
11462
236.89
153
10.05
14
19.1
11463
11464
119.36
177
16.64
29
2
11457
11458
-65.77
172
16.64
24
6
11465
11466
63.43
154
3
4
17.49
11196
11326
247.75
158
7
8
17.49
554
11451
201.8
124
10.2
21
23
11467
1044
-19.65
140
13.93
64
10.05
11440
11447
158.2
143
18.68
59
13.15
11468
11469
131.99
166
10.82
41
4
11466
11459
53.97
144
7
10
21.93
11458
11455
-41.42
159
18.03
48
9
11446
11462
39.29
141
10.2
17
21.54
11471
11472
56.31
135
5.1
18
11.4
2683
11473
233.13
148
12.04
23
16.12
11469
11474
18.43
109
4
24
9.06
8631
11461
-16.7
148
18.68
62
11.18
11443
11461
143.75
123
13.93
46
16.12
11455
11451
-18.43
157
22.09
77
9.06
11462
11449
56.89
151
15.03
27
16.12
11464
11463
-60.64
154
10.82
29
10
1044
11476
229.09
135
13.04
40
14.14
11470
11463
144.78
165
18.03
54
6
2700
11447
30.58
117
13.04
30
23
11466
11465
243.43
154
11
25
11.4
3885
11452
43.6
129
11.05
21
23.77
11451
554
21.8
119
9.06
19
24.02
11459
11466
233.97
139
11.05
21
20.25
11469
11468
-48.01
114
9.49
41
13
11473
554
227.6
142
15.03
25
21.54
11472
11471
236.31
142
13.04
62
9.06
11475
11470
162.35
158
22.09
72
9
11467
11476
-87.14
113
14.87
43
19.85
11473
2683
53.13
147
18.03
45
14.14
11447
2700
210.58
112
13.15
30
24
11452
3885
223.6
130
13.04
25
23.09
11472
3885
52.31
143
11
19
20.25
11477
11468
157.62
148
17.26
67
10
11463
11470
-35.22
135
17.26
54
15
11461
4404
216.38
120
16.12
41
21.1
4404
11461
36.38
124
20.02
53
20.88
554
11473
47.6
141
18.03
33
20.62
11478
11475
217.23
131
18.03
34
24.02
11476
11478
227.6
141
18.03
33
20.62
11474
11479
48.18
134
13.04
29
18.97
3885
11472
232.31
139
16.03
33
18.97
11480
11470
205.56
119
18.03
43
23.09
11468
11481
35.22
126
13
38
17.03
11479
2700
47.6
135
16.03
29
23.09
11467
11482
226.4
134
20.02
43
21.02
11483
8631
41.01
129
20.02
41
24
11481
11468
215.22
126
19
57
18.38
11470
11480
25.56
116
15
35
23.35
11475
11478
37.23
131
18.03
34
24.02
11482
11467
46.4
134
23.02
51
21.1
11479
11474
228.18
139
20
51
17.03
8631
11483
221.01
129
20.02
41
24
11478
11476
47.6
138
22
44
21.02
2700
11479
227.6
135
20.02
39
22.2
11482
11480
223.78
134
22
41
24.02
11481
11483
46.27
137
20
38
22.2
7864
11477
219.56
130
23
49
23.35
11477
7864
39.56
130
19
39
23
4404
7864
225
133
23.02
45
24
7864
4404
45
133
23.02
45
24
11480
11482
43.78
134
23
43
24
11483
11481
226.27
134
23.02
46
23
11485
10065
-21.8
119
7.81
44
9.85
2402
3350
-81.25
161
12.53
72
4.47
3350
11484
-3.58
150
4.47
10
12.37
11487
11484
165.07
141
12.08
51
9.85
11484
11488
160.91
175
12.37
4
15.23
11487
11489
156.37
172
15.52
47
3.16
11492
11490
228.37
139
2
7
10.63
11490
11492
48.37
112
4.47
21
11.18
11488
11484
-19.09
175
25.71
52
3.16
11494
11487
-77.01
141
11.4
57
8.49
11489
11487
-23.63
132
14.32
53
13.34
11492
11494
173.99
148
11.18
31
11.4
11488
11489
-13.5
157
11.18
16
16.12
11497
11492
-47.49
133
7
24
12.65
11494
11495
175.76
151
14.32
25
16.12
11494
11492
-6.01
123
12.81
41
16.28
11495
1718
160.02
150
11.18
22
14.87
11500
11498
149.74
130
11.7
54
11.05
11494
11497
51.34
142
12
65
8.25
11501
11495
200.32
111
12
24
27.07
11502
11499
-49.09
150
12.65
35
11.05
11505
11503
-68.2
157
1.41
3
9.49
11506
11503
60.95
151
9
60
5
11495
11501
20.32
129
12.65
25
23.09
11506
11507
175.76
171
10.05
5
17.26
11503
11505
111.8
112
5
27
10.05
1718
11495
-19.98
145
14.56
36
14.42
11508
11495
-56.31
124
12
52
12.65
794
11505
7.43
167
13.93
18
10.2
11509
11510
195.26
175
13.93
8
9.06
11511
11506
-15.95
156
21.21
74
9
11507
11506
-4.24
143
7.21
11
21.84
11505
794
187.43
104
10.05
25
23.09
4045
794
162.35
155
21.21
66
10.05
11507
11511
33.69
146
5.39
47
4.12
11513
11512
225
159
9.85
59
4.12
5836
1898
198.43
139
13.89
47
12.53
11516
11515
74.05
136
14.76
42
15.26
9139
11518
23.2
177
4.47
4
3.16
1898
5836
18.43
149
7.81
18
13
11520
11515
174.29
125
9.22
27
16.64
3406
11521
-18.43
176
8.25
8
4.47
11523
2585
45
125
11.18
40
14.04
11516
11519
30.96
137
21.84
63
16.64
11512
11513
45
128
8.06
45
9
11521
11524
229.4
117
7.62
49
9
11519
11525
15.26
146
9.22
53
6.4
1520
11526
-42.27
138
3
9
12.81
9139
11523
-41.63
116
7.62
38
11.18
11529
11512
90
154
2.24
4
14.04
11531
5620
28.61
175
7.21
6
5.39
5047
11526
185.71
179
15.13
1
15.03
11533
11531
-84.29
137
9.22
62
7.21
11524
11528
-90
173
8.06
4
14.04
5735
11530
236.31
168
13.93
34
5.39
5735
11533
207.9
152
18.03
68
9.22
11534
11521
-5.44
163
9.22
12
12.65
11521
11534
174.56
126
9.22
25
17.49
3664
11535
235.12
137
7.07
7
35.38
11523
11537
39.81
164
10.82
30
6.08
11526
5047
5.71
169
24.04
35
8.06
3406
2150
180
168
9.22
12
9.22
11526
6878
85.91
138
12.81
61
9.85
11538
3824
209.74
139
3.16
20
6.08
11539
11540
249.15
119
18.44
24
39.6
11539
11541
235.98
177
45.28
41
4.12
11538
11542
42.88
173
15.62
28
4.12
11528
11544
-9.46
151
14.87
53
8.94
11535
3664
55.12
101
7.07
10
39.6
6828
10079
176.42
158
9.49
26
8.06
11542
11538
222.88
176
16.28
24
3.16
11546
11547
251.57
125
5
49
5.39
11539
11542
239.47
171
44.94
82
7.62
11537
11545
45
154
3.16
26
3.16
11526
10079
16.93
112
14.04
34
23.09
11537
11523
219.81
130
13
53
12.37
11528
11524
90
148
18.87
59
11.66
10233
5735
33.69
164
7.81
11
10.77
11544
11528
170.54
143
14.76
53
11.18
10079
6828
-3.58
149
14.76
65
8.54
11106
11523
165.96
154
9.22
45
5.83
11547
11550
-8.97
172
15
27
5
11524
11534
149.04
119
11.66
40
15.81
6878
10079
-17.65
153
17.26
45
11.18
11542
11545
227.49
161
15.23
69
5.39
11553
3333
180
154
4.47
7
15.13
11546
11551
194.74
124
6.32
18
17.03
11537
11551
12.53
148
5.66
34
5.39
11415
9785
242.24
153
15
40
10.77
11554
8258
-11.31
151
3.16
33
2.83
11551
11540
40.24
154
15.23
63
7.62
11551
11546
14.74
155
17.03
59
8.49
11555
11543
187.77
157
21.1
71
8.94
5170
4944
154.98
174
12.65
19
4.24
11557
11558
196.7
173
9.85
6
11.18
9785
11559
199.65
150
7.81
25
9.06
11551
11550
-6.34
178
17.03
2
19.24
11552
11549
-52.13
102
4.47
11
22.36
11425
11543
191.31
171
8.54
3
22.2
11560
11544
156.57
168
27.46
46
8.54
5735
10743
51.34
142
15
24
22.36
11554
11147
81.25
158
4.12
9
9.49
11147
11554
261.25
167
12.04
62
3.16
11422
4944
177.61
144
10.82
22
16.55
256
6878
249.78
128
18.87
59
17.26
3972
3333
77.74
130
19.21
52
18.79
11519
11562
135
109
2.24
15
8.06
11519
3414
173.66
148
2.24
9
7.28
11563
11561
-84.29
168
9.49
69
2.24
1990
11423
41.19
154
13
30
11.18
11537
11281
-52.13
116
9.22
48
11.18
11537
11106
-90
143
11.4
60
8.06
4944
11016
248.2
114
4.24
8
25.55
11550
11551
173.66
167
16.12
10
20.88
11565
11552
47.49
122
14.56
55
15.13
11423
3972
-27.65
129
9.85
23
19.21
11146
11519
79.38
174
15.03
52
2.24
11559
9785
19.65
129
9.49
39
11.7
11549
10743
-13.39
155
9.22
16
13.89
11415
10743
26.57
113
15.03
39
21.59
3333
3972
257.74
152
14.56
32
12.73
11415
11549
93.81
161
7.62
17
8.25
11281
11564
12.8
114
11.18
29
20.88
11552
9589
-65.22
167
22.8
38
8.25
9613
1312
66.8
153
12.04
50
7.28
9589
9785
254.93
142
7.62
12
21.47
11106
10743
-30.26
120
8.06
35
12.08
11423
1990
221.19
132
13
37
16.03
11284
11550
110.85
126
15.52
43
18.38
1114
11550
67.62
127
17.49
60
16.12
4944
11422
-2.39
136
16.28
42
16.97
1312
9613
246.8
134
7.62
28
11.4
3972
4612
233.62
126
15.81
41
19.42
11519
11146
259.38
170
14
45
3.61
11422
11284
70.82
116
16.97
42
22.83
9613
11156
236.31
167
8.54
37
3.16
11426
11152
-84.56
159
4.47
5
17
11544
11560
-23.43
165
28.28
54
9.22
9785
9063
90
110
11.7
28
22.83
11428
2975
51.34
162
8.54
13
11.4
10163
11565
149.04
125
14.32
51
15.13
11555
11426
3.58
164
8.54
17
8.25
11544
11569
-8.13
141
21.1
48
18.03
10163
11552
100.78
132
17.49
53
16.28
10743
11147
223.26
169
17.2
27
7.28
11016
4944
68.2
137
5.39
9
23.32
10163
7606
204.78
107
7.07
28
14.04
11429
9063
37.57
123
11.05
41
14.04
11566
8459
200.85
159
16.28
39
9.49
9785
9589
74.93
165
24
58
7.28
9589
11552
114.78
147
9.43
13
21.38
3972
11423
152.35
147
21.1
62
13
11281
1114
-17.88
150
22.56
41
17.49
201
2975
234.46
131
8.25
62
7.07
11428
8459
36.38
166
19.21
44
7.07
2975
201
54.46
122
7.62
54
8
1114
11281
162.12
160
26.02
47
12.08
6906
4944
41.82
159
22.36
60
9.49
11566
11284
28.81
138
15.81
43
15.52
11152
11569
147.99
115
7.21
45
9.22
11424
9063
61.19
140
10.2
23
16.4
10743
1312
234.46
153
14.14
54
8
11566
201
180
160
22.47
75
8.25
9589
10163
147.99
133
7.28
49
7.07
201
1114
28.18
127
14.14
25
26.02
4944
6906
221.82
163
23.32
65
7.62
1114
201
208.18
137
15.81
28
23
11152
11426
95.44
128
9.43
25
17.09
8459
11428
216.38
153
22.36
70
10.82
11429
11565
96.58
178
13.15
2
13.04
9436
11565
61.93
143
6.08
16
12.73
9973
3972
65.22
135
25.63
59
21.1
11555
11569
-56.31
121
16.03
54
17.09
10899
11428
42.88
178
35.36
24
3.16
11565
9436
241.93
148
13.04
49
9.22
9436
11429
-45
123
9.22
36
13.15
6906
11570
240.8
113
6.4
9
37.01
8625
6906
32.83
164
34.06
66
10.82
11571
11292
55.92
146
5
4
37.01
11571
11572
152.1
167
4.12
3
15.26
11428
10899
222.88
174
34.06
42
6
11572
11571
-27.9
166
17.46
62
5
11570
6906
60.8
111
18.44
27
36.89
11570
8625
130.6
144
17.46
67
11.18
772
7154
252.35
163
2
1
21.19
11573
9929
250.71
180
3.16
0
18.03
11574
1651
-63.43
176
11.66
26
2
11575
3215
135
170
15.81
26
6.32
9929
11576
232.7
155
5.1
5
21.93
1191
10321
113.96
173
11.66
9
8.25
9092
10321
-40.91
174
15.81
22
4.47
11127
11577
248.2
159
4
6
12.53
11578
11389
-33.69
147
5
42
4.12
11389
9699
237.99
148
5
27
5.83
3215
11580
159.15
166
19.1
50
6.32
9929
11573
70.71
168
9.06
9
12.53
1651
11574
116.57
117
5
21
12.04
11581
11582
70.82
161
2
1
22.47
11576
9929
52.7
159
7.28
7
19.8
3306
11580
18.43
99
6.08
15
22.02
11579
9092
-20.85
166
19.1
50
6.32
11577
11127
68.2
163
12.04
37
5.83
11584
11585
217.69
144
7.28
11
22.36
11578
9699
-85.24
129
7.21
36
9.43
11466
11586
53.13
144
4
6
21.93
11587
797
34.99
114
5.1
11
22.85
11582
11581
250.82
161
4
3
20.62
11577
11584
236.89
154
9.06
11
19.8
11588
11574
-30.96
154
13.04
45
8.25
10321
9092
139.09
144
13.04
39
12.17
11589
11466
69.15
160
2
1
20.62
11591
11592
120.47
177
18.03
30
2
11590
11593
-63.43
173
18.03
26
5
3306
11579
2.49
165
22.14
74
6.32
11595
11594
200.56
125
8.25
17
22.02
11586
11466
233.13
132
5.1
9
21.93
797
11587
214.99
116
6.08
14
22.47
11585
11584
37.69
142
8.25
13
21.93
11593
11596
-43.15
163
18.79
54
7.07
11596
11594
-19.98
161
23
77
8.06
11599
11600
64.8
155
4
6
15.26
11601
11602
129.29
171
12.04
39
3
11466
11589
249.15
160
8
10
15.26
9699
11603
237.53
153
12.04
19
16.4
11574
11604
211.61
117
12.04
47
14.56
11584
11577
56.89
156
13.15
19
16.4
11597
11591
142.59
168
18.79
52
5
11605
11606
48.01
139
5
18
10.3
11607
11605
161.57
156
9.06
71
4
11592
11591
-59.53
163
12.04
24
9.06
9092
11579
159.15
138
19.31
57
15.3
11600
11587
55.18
146
8
12
21.93
11578
11609
230.91
137
12.04
34
14.56
11594
11595
20.56
118
8.06
18
23.02
11574
11588
149.04
118
15.26
52
17.12
11598
11597
162.35
163
23
80
7.07
11608
11588
-14.04
145
19.31
66
12.17
11603
11595
225
144
13.15
20
21.93
11600
11599
244.8
151
12.04
35
10.3
11602
11601
-50.71
123
9.06
39
12
11603
9699
57.53
148
18
41
14.56
11606
11605
228.01
139
13
66
9.49
3907
11579
35.54
118
14.14
33
23.02
11610
3306
46.4
132
13.04
25
22.47
11609
11578
50.91
139
20.02
66
14.56
11587
11600
235.18
141
13.04
24
19.72
11591
11597
-37.41
143
17
52
13
11611
11601
153.43
154
17
57
9.06
11579
3907
215.54
115
15.3
35
24
11606
11610
53.97
140
12.04
23
19.72
11595
11603
45
139
16.03
29
21.84
11612
11598
215.31
129
16.03
32
23.02
3306
11610
226.4
129
14.14
28
23.09
11613
11597
202.25
113
16
39
23.09
11588
11614
218.29
122
17.12
43
21.1
11609
11612
228.81
139
18
32
21.84
11614
11588
38.29
126
20.02
52
20.62
11601
1851
30.47
121
12
37
17.12
11607
11338
46.64
137
13
30
17.72
11597
11613
22.25
113
13
32
22.36
11610
11606
233.97
141
17.03
37
17.72
11598
11612
35.31
126
16
32
24.02
11604
5609
227.73
135
20.02
42
21.1
11601
11611
-26.57
123
19.72
60
19.03
11338
3907
48.81
136
17.03
31
23.09
11612
11609
48.81
139
22
43
21.1
11615
11608
42.4
130
21.02
42
24
11338
11607
226.64
137
20
53
17.12
5609
11604
47.73
136
24.02
53
21.1
11608
11615
222.4
130
20.02
40
24.02
5609
11613
223.78
134
22
41
24.02
3907
11338
228.81
137
21.02
41
22.2
6898
11611
219.29
130
22
49
22.36
11611
6898
39.29
127
19.03
41
23.02
1851
11615
46.27
137
20
38
22.2
11613
5609
43.78
134
22
41
24.02
11614
6898
227.39
135
24.02
45
24.02
6898
11614
47.39
135
24.02
44
24.02
11615
1851
226.27
134
24.02
48
23.02
10442
7280
-21.8
125
7.21
41
8.94
11617
2352
122.47
112
5.1
23
12.17
10579
11616
-6.71
162
5.1
7
12.37
11618
11616
165.07
146
11.7
48
8.94
11616
11619
160.91
175
12.37
4
15.23
11618
11620
156.37
172
15.52
47
3.16
11622
11621
217.87
173
1.41
1
10
11621
11622
37.87
102
2.24
11
11.18
11619
11616
-19.09
175
25.71
52
3.16
11623
11618
-74.74
139
10.82
65
7.81
11620
11618
-23.63
140
13.6
51
11.4
11622
11623
176.99
151
11.18
30
10.82
11619
11620
-13.5
167
11
9
15.23
2554
11622
-45
127
7.07
26
12.65
11623
4185
175.76
159
13.6
18
15.23
11623
11622
-3.01
126
12.81
41
15.56
4185
1301
160.02
161
11
16
13.6
11623
2554
51.34
142
12
65
8.25
406
4185
200.32
111
12
24
27.07
11626
11625
149.74
130
11.7
54
11.05
11626
2153
199.98
129
9.49
51
9.43
11628
2153
-51.34
149
11.7
33
11.05
11629
11630
164.74
165
1
1
10.44
1463
4039
-66.04
114
1
5
9.49
4185
406
20.32
131
11.7
22
23.02
11632
4039
60.95
151
8
49
5.1
8199
2153
-6.58
133
18.44
44
19.21
11632
11634
180
175
10.05
3
17.03
1301
4185
-19.98
152
14.14
31
12.81
2153
8199
173.42
133
10.63
22
20.59
1463
11633
264.29
151
9.85
72
5.1
11636
4185
-51.34
124
12.04
58
11.7
11637
1463
10.3
161
13.89
27
10.44
11107
11632
-10.78
159
21.38
79
8
11630
11638
197.65
168
13.89
17
10
11634
11632
0
147
7.21
10
21.38
1463
11637
190.3
107
10.05
26
21.84
11633
11637
164.05
154
21.38
74
10
11634
11107
33.69
158
3.61
19
4.12
11641
8450
155.56
170
8.25
20
4.24
5614
11642
79.11
170
2
0
24.52
11643
8450
198.43
141
13.04
42
12.08
11644
11639
225
168
9.43
30
4.12
8450
11643
18.43
154
7.07
14
13.04
7951
11645
192.09
148
5.66
17
10.05
11648
11646
74.74
139
15.65
43
15.26
8973
11649
29.74
165
5.66
29
3
11650
11651
229.4
125
11.4
38
15.3
11653
11654
-14.04
174
8.06
12
4.47
11656
11646
174.29
122
10
29
17.2
11651
11650
49.4
131
13.15
45
14.04
11639
11644
45
135
8
38
9.06
11648
11655
30.96
137
22.8
66
17.2
11654
11657
237.99
119
8.06
51
9.06
11658
8796
208.61
178
5.83
2
6.71
11639
10565
266.19
177
15
86
1
11655
11659
15.26
143
10
60
7.07
8973
11656
142.43
175
9.43
7
7.07
11660
8796
-84.29
141
9.9
69
6.71
11651
11649
98.75
144
12.73
69
8.06
7817
2071
236.31
169
13
25
5.83
11657
10565
267.51
178
8
1
15.03
7817
11660
205.2
149
18.03
70
9.9
11661
11654
2.73
159
9.85
16
12.37
11654
11661
182.73
125
9.43
26
17.46
11664
11662
3.81
172
23.54
27
7.62
11665
11664
-51.34
117
9.22
43
12.04
11651
11667
36.87
161
10.82
36
6
11653
11668
183.18
160
9.85
21
9.49
11669
11670
234.78
145
6
5
36.88
6393
11663
180
162
9.49
23
7.62
10565
11673
-12.53
148
14.87
53
9.85
1141
11666
209.74
134
4.12
29
6
11664
11663
12.26
108
12.04
29
23.09
11674
11549
-65.56
180
16.55
1
7.62
11675
7817
33.69
169
7.07
7
11.18
1141
11677
42.88
173
15.62
28
4.12
11673
10565
167.47
140
14.76
53
12.08
10565
11657
87.51
142
17.2
48
14.21
11663
6393
0
152
14.76
66
7.62
11678
11676
235.67
177
46.65
41
4.12
11678
11679
248.88
121
19.21
23
41.01
11670
11669
54.78
100
7.07
9
41.01
11667
11651
216.87
127
13
55
12.65
11677
1141
222.88
174
17.03
42
3
11667
11681
45
150
4.12
45
3
11682
11683
243.43
120
3.61
32
5.83
11680
11651
161.57
144
9.49
48
7.62
6654
11663
-17.65
150
17.46
47
12.08
11679
11678
68.88
99
8.06
9
46.65
10461
11685
-11.31
151
3.16
33
2.83
11686
9440
242.24
153
14
35
11.18
11683
11687
-8.97
168
15.03
36
5.66
11689
4944
160.35
176
11.4
14
3.61
11657
11661
156.37
118
14.21
49
16.76
9440
3
199.65
155
7.07
19
9
11555
11672
182.6
154
20.59
68
9.85
11560
11673
154.98
170
27.89
41
7.62
11677
11681
229.76
162
16.16
71
5.39
11667
11690
12.53
148
5.66
34
5.39
11682
11690
194.04
131
6.71
17
17.03
11674
10642
183.01
139
5.66
14
15.3
11691
4944
180
154
11.18
19
14.87
11692
10461
261.25
167
12.04
62
3.16
11693
11672
189.46
163
8.94
6
22.02
7817
10743
48.99
139
14
24
21.93
10461
11692
81.25
160
5.1
11
8.54
11694
11695
196.7
173
9.85
6
11.18
11690
11682
14.04
154
17.03
54
9.22
11690
11679
40.24
153
16.16
69
8.06
256
6654
248.75
124
17.2
55
17.46
11690
11687
-6.34
178
17.03
2
19.24
11549
11674
114.44
167
22.8
69
5.66
4944
11016
248.2
102
3.61
7
26.42
3972
10642
78.23
132
20
53
18.79
11697
11561
-63.43
167
7.81
53
2.24
11696
11698
165.96
103
2.24
15
8.06
3503
11561
-84.81
173
9.22
31
2.24
11699
3100
41.19
154
13
30
11.18
3
9440
19.65
131
8.54
34
11.4
11667
11680
-90
146
12.21
66
7.62
11667
11281
-55.01
113
9.22
44
12.17
3100
3972
-29.74
127
9.85
23
20
11687
11690
173.66
164
16.28
12
21.19
11549
10743
-13.39
149
9.49
20
14.42
11565
11552
47.49
123
15.52
58
15.3
11146
11696
83.29
178
15.03
19
2.24
11686
10743
24.23
111
14.04
37
21.59
9271
11700
63.43
149
12.04
63
7
11686
11549
94.09
158
6.71
18
8.25
9589
9440
254.36
138
6.71
12
21.47
9271
11156
239.04
166
10.44
59
3
4944
11691
0
138
16.28
42
16.28
10642
3972
258.23
154
15.52
33
12.73
11700
9271
243.43
127
6.71
29
10.82
11552
9589
-65.22
167
22.8
38
8.25
11016
4944
68.2
132
4.47
7
24.19
11691
11284
70.02
113
16.28
41
22.83
3972
4612
233.62
126
15.81
41
19.42
11281
11564
12.8
113
12.17
32
21.19
11701
2975
53.13
160
10.44
19
10.82
11673
11560
-25.02
168
28.64
50
8.25
11705
11704
-83.99
153
3.61
6
16
11680
10743
-33.69
124
7.62
31
12.08
3100
11699
221.19
132
15
44
16.03
9440
4943
90
106
11.4
30
21.95
11284
11687
109.98
122
15.3
40
20.25
11673
11703
-12.09
139
20.59
45
18.87
3437
11687
69.78
131
18.36
59
16.28
11696
11146
263.29
170
16.03
64
3.16
11555
11705
0
154
8.94
26
8.94
10743
11692
221.42
166
18.03
41
7
11566
8459
200.85
159
16.28
39
9.49
10163
11565
149.04
128
13.93
50
14.14
5164
4943
37.57
124
13.04
49
14.32
9440
9589
74.36
165
22
51
7.62
11701
8459
38.29
166
20
46
7.07
11567
11424
-53.13
151
7.62
24
9.22
201
2975
234.46
131
8.25
62
7.07
7806
4943
-12.09
147
13.93
70
8.06
11707
4944
43.45
159
23.26
61
9.49
10163
11552
100.78
132
17.49
53
16.28
11704
11703
159.44
120
7.81
55
8.25
2975
201
54.46
118
6.71
47
8.06
3972
3100
150.26
143
21.21
60
15
9589
11552
114.78
147
9.43
13
21.38
11424
4943
59.93
138
9.22
22
16.4
11281
3437
-19.54
148
22.56
41
18.36
4944
11707
223.45
164
24.19
66
7.62
11566
201
180
160
22.47
75
8.25
11566
11284
28.81
139
14.87
40
15.3
10743
11700
236.31
155
14.14
49
8.06
3437
11281
160.46
161
26
46
12.08
8459
11701
218.29
154
23.26
71
10.82
11704
11705
96.01
117
8.54
26
17.09
201
3437
26.57
125
14.14
26
26
9589
10163
147.99
125
7.62
50
8.06
3437
201
206.57
137
14.87
26
23
5615
3972
73.01
157
9.06
6
29.55
2470
11701
42.88
177
36.07
42
3
5164
9264
135
159
7.62
18
8.94
10145
3972
66.04
136
25.63
57
21.21
5164
11565
96.34
178
13.15
2
14.04
11555
11703
-57.99
123
16
52
17.09
9264
11565
63.43
146
7.07
18
12.73
11707
11708
242.78
108
5.66
8
38.01
11565
9264
243.43
150
14.04
50
9.22
11710
11709
152.1
167
4.12
3
15.26
9264
5164
-45
123
9.22
36
13.15
11710
11292
56.69
161
4.12
2
38.01
11711
11707
34.11
164
34.83
67
10.82
11709
11710
-27.9
168
18.68
76
4.12
11701
2470
222.88
173
34.83
52
6.08
11708
11707
62.78
110
19.1
28
37.44
11708
11711
132.88
149
18.68
71
10.3
1213
11712
114.23
180
16.55
2
5.39
11713
11714
74.05
180
18.68
2
3.16
11713
11715
231.34
176
3.61
0
22.02
11533
730
-61.39
169
9.22
28
4
1214
11716
250.56
161
4
5
14.32
11712
4377
136.97
169
15.26
28
6.32
11718
1425
-26.57
143
5.1
49
4.12
960
3217
116.57
166
9.22
14
9.22
1425
5184
240.95
151
4
15
7.07
11713
11714
74.05
165
8
8
14.32
11717
3217
-40.91
171
15.26
27
5.39
11720
11719
214.29
147
5.39
7
22.36
11715
11713
51.34
164
5.39
4
20.52
730
11533
118.61
108
5.1
23
12.04
4377
11722
159.15
160
19
55
8.25
11716
1214
70.56
166
12.04
25
7.07
11599
11723
70.02
161
2
1
21.54
11718
5184
-85.24
122
6.71
33
10.3
11716
11720
238.67
149
8
11
20.52
11725
11724
196.26
125
6.32
13
22.02
11726
11727
-63.43
178
18.36
12
4.12
11721
11717
-15.95
165
19
55
6.32
11728
11729
117.9
179
18.36
27
1
11730
11722
23.2
107
8.06
20
22.02
11732
3476
54.46
145
4
5
22.67
11723
11599
250.02
161
4
3
19.7
11719
11720
34.29
143
6.32
10
21.93
11733
11731
38.66
121
7.07
15
22.85
11734
11732
69.15
160
3
3
19.7
11735
11533
-28.07
148
13.04
49
9.22
11736
11724
-17.65
165
23.02
81
6.08
11727
11736
-43.15
168
19.72
58
5.1
3217
11717
139.09
135
13.04
40
14.14
11739
11740
126.87
172
12.73
36
3
11730
11721
2.49
160
22.85
78
8.25
3476
11732
234.46
137
7.07
13
21.26
11720
11716
58.67
154
13.04
21
16.4
11738
11728
142.13
173
19.72
38
4.12
11742
11743
61.93
152
4
7
13.6
5184
11741
237.53
153
12.04
19
16.4
11724
11725
16.26
116
6.08
13
23.02
11729
11728
-62.1
163
12.73
27
8
11731
11733
218.66
122
8.06
17
22.47
11744
11745
156.04
157
9
66
4
11732
11734
249.15
160
10
15
13.6
11736
11737
-2.49
99
5.1
12
22.8
11745
11746
45
124
5.1
26
9.49
11533
9458
217.57
123
12.04
45
14.14
11741
11725
226.33
141
13.04
22
21.93
11718
10290
232.59
138
12.04
32
14.87
11743
11733
56.31
147
10
15
21.26
11735
9458
-83.66
125
17
58
16.4
11740
11739
-53.13
127
9
36
12
11717
11721
164.05
135
20.59
63
16.28
11743
11742
241.93
148
12.04
43
9.49
11741
5184
57.53
148
17
37
14.87
11717
11747
209.05
111
14.14
40
20.4
11744
11746
94.76
119
9.85
49
11.31
11728
11738
-37.87
146
17.03
47
13.04
10290
11718
52.59
140
19.03
60
14.14
11748
11739
152.1
156
17.03
62
8
11749
11737
214.82
125
15
32
23.02
11725
11741
46.33
137
15
27
22.14
1416
11730
47.73
134
14.04
26
22.47
4563
11721
38.99
122
16.12
36
23.02
11733
11743
236.31
143
14.04
25
19.72
11750
11738
199.98
110
14
35
22.8
11746
1416
53.97
140
12.04
23
19.72
10290
11749
228.81
139
17
30
22.14
11721
4563
218.99
119
16.28
36
24.02
11750
11748
167.74
148
23.41
73
13.04
11730
1416
227.73
131
16.12
32
22.8
11737
11749
34.82
125
14
29
23.09
11739
11751
25.2
116
12
38
17.46
11735
11752
221.82
126
18.11
44
21.02
11744
11481
45
131
12.04
31
17.46
11752
11735
41.82
130
21.02
53
20.4
11739
11748
-27.9
127
18.79
62
17
9458
11753
228.99
136
19.03
38
21.38
1416
11746
233.97
141
18.03
40
17.46
11749
10290
48.81
139
20
38
21.38
11481
11744
225
133
20.02
58
17.46
11481
4563
48.81
136
18.03
33
22.8
11753
11750
223.73
134
20
38
23.09
11753
9458
48.99
137
24.02
51
21.02
2295
11747
45
130
21.1
42
24.02
11754
11748
214.82
125
21
47
23.54
11747
2295
225
133
21.02
42
23.02
11748
11754
34.82
125
17
37
23.02
4563
11481
228.81
134
21.1
41
23.19
11750
11753
43.73
134
21
41
23.02
11751
2295
46.27
134
20.02
38
23.19
11752
11754
228.65
137
24.02
46
23.02
2295
11751
226.27
134
24.02
48
23.02
11754
11752
48.65
137
24.02
46
23.02
5774
2556
-21.8
132
6.71
38
8.06
11757
7670
-81.25
157
13.04
76
5.39
7670
11755
-6.71
152
5.39
11
12.65
11758
11755
160.35
150
10.2
40
8.06
11758
11759
154.98
175
14.87
38
2.24
11760
10737
36.87
101
2.24
12
9.85
11761
11755
-17.1
177
25.71
46
2.24
11762
11758
-79.7
130
10.3
59
9.22
11759
11758
-25.02
138
13.6
54
11.18
10737
11762
176.82
153
9.85
25
10.3
11761
11759
-13.5
172
11.05
6
14.87
11765
1307
153.43
125
12.53
58
12.04
11765
11764
208.61
136
10.44
55
8.94
11766
11764
-53.13
147
11.7
32
12.04
11767
3995
10.62
150
10.63
37
8.94
11768
11769
163.3
119
1.41
7
9.85
11771
11768
113.96
172
9.43
68
1.41
11772
11764
-6.58
131
19.1
46
20
11773
11771
56.31
147
7
37
6.32
11764
11772
173.42
133
10.63
22
20.59
11773
11775
182.12
177
10.05
2
17
11770
11774
264.29
143
9.43
65
6.32
11777
11770
10.3
159
15.26
34
9.85
11774
11778
193.39
104
7
18
21.1
11769
11779
199.18
168
15.26
19
10
11775
11773
2.12
156
6.71
7
21.1
11770
11777
190.3
107
10.05
26
21.84
11774
11777
164.05
151
21.59
74
11
2356
5620
235.01
146
1
2
11.4
2356
1267
198.43
144
12.21
38
11.7
11781
3023
228.37
174
8.6
14
3.61
1267
2356
18.43
154
7.07
14
13.04
7749
5097
188.13
137
6.4
24
10.44
11187
11782
75.38
138
17
45
16.12
8817
11784
35.54
165
6.4
35
3
11785
11786
231.34
127
11.4
36
15.52
11788
11789
-14.04
166
8
22
5
3023
11781
48.37
129
6.08
29
9.49
11793
8450
-68.2
112
3
16
10.05
11795
11782
174.29
118
10.82
32
17.8
11786
11785
51.34
134
14.14
47
14.04
11789
11791
240.95
118
7.21
42
9.49
11782
11187
255.38
114
17.8
44
23.32
11792
8450
-84.29
141
9.9
69
6.71
3023
11796
263.29
178
15.03
19
2.24
5139
2275
234.46
169
12.08
23
5.83
11794
4095
10.3
134
10.82
64
8.6
8817
11795
139.76
167
8.94
14
8.6
11786
11784
98.13
144
12.73
62
8.6
5139
11792
202.38
148
17.2
67
9.9
11791
11796
267.51
169
6.08
4
17.12
11796
11797
19.65
137
2.24
6
13.34
11800
11798
1.91
173
23.35
25
7.62
11661
11789
10.78
153
11.4
24
12.37
11789
11661
190.78
130
10.3
28
16.76
6171
11799
176.42
164
9.22
19
7.62
11786
2585
30.26
154
10.82
48
6.32
11788
9879
186.34
149
11.4
35
10.3
11796
11801
-12.53
148
14.87
53
9.85
11800
11799
9.87
107
9.06
22
22.56
11802
5139
36.25
178
6.4
1
12.21
11803
11804
235.92
135
5.1
5
37.64
11801
11796
167.47
140
14.76
53
12.08
11806
3614
195.95
120
4.12
34
6.32
11799
6171
-3.58
149
14.76
65
8.54
9160
11807
-65.56
177
14.76
6
9.49
11796
11791
87.51
138
15.62
42
15.56
11809
11730
218.66
148
9.49
46
7.07
6654
11799
-12.8
148
18.03
52
12.08
11810
8059
-21.8
177
3.16
4
2.24
11680
2585
90
121
13.89
59
13.89
11806
11812
42.88
171
16.4
42
4
9440
11813
195.95
158
6.4
15
9
11814
4944
164.05
180
11.4
2
3.16
11686
9440
242.24
153
12
27
12.21
2585
11815
45
150
4.12
45
3
11816
11817
246.8
124
3.61
28
6.4
11812
11806
222.88
174
17.03
42
3
11680
11786
149.74
138
9.22
41
9.49
11803
11819
225.97
171
41.05
79
7.21
11820
11811
235.67
177
47.51
55
4
11555
11797
177.4
154
19.7
63
9.85
11560
11801
151.93
169
28.16
41
8.54
11820
11819
249.3
121
19.21
23
41.73
11661
256
-72.65
125
16.76
62
15.56
11691
4944
180
159
10.77
15
14.56
9271
11692
94.76
114
3.16
15
11.18
11817
11821
-8.53
164
15.13
36
7.07
11819
11820
69.3
100
8.06
9
47.51
11822
11797
187.59
156
9.43
10
22.02
5139
10743
46.4
137
12
22
21.93
11810
11692
79.7
159
5.1
16
6.71
256
6654
248.75
119
15.62
49
18.03
2921
1996
58.67
174
26.4
77
3.16
2585
11690
6.34
142
5.66
37
5.83
11816
11690
199.29
133
7.62
19
17
9160
11823
183.01
132
6.4
17
15.52
11690
11812
69.44
101
5.83
19
17.03
11824
11825
194.04
168
11.18
14
10
11813
9440
15.95
130
7.62
31
11.4
11690
11816
19.29
157
17.69
54
8.6
11807
9160
114.44
165
22.02
63
6.4
11827
11813
-32.62
139
19.24
39
19.92
11690
11821
-4.64
176
17
3
20.22
11690
11819
42.71
154
17.09
72
8.06
11699
11826
43.03
153
14.87
43
10
11828
11823
79.11
136
21.63
53
18.79
11696
11829
161.57
135
2.24
11
8.06
11696
5309
130.6
105
2.24
14
8.94
11831
11830
-90
169
10.2
63
2.24
11567
11813
-72.47
161
15
40
7.62
2585
11680
-90
148
13.04
66
7.62
2585
11281
-57.53
117
9.06
41
12.17
9271
11832
236.31
164
10.44
74
3.16
9271
11700
63.43
149
12.04
63
7
2921
4944
65.38
137
3.16
5
24.19
11686
10743
24.23
111
15.03
40
21.84
11807
10743
-15.95
152
9.22
17
14.42
11826
11828
-30.58
123
11.18
25
21.63
4944
11691
0
141
15.62
39
15.62
11700
9271
243.43
127
6.71
29
10.82
9414
9440
253.74
133
5.83
11
21.47
11821
11690
175.36
159
17.72
17
21.54
11701
2975
53.13
160
10.44
19
10.82
11686
11807
93.81
153
5.83
15
10.2
11833
11696
83.66
174
17
57
2.24
11823
11834
-76.76
119
15.52
53
17.03
11801
11560
-28.07
170
29.41
45
7.28
11691
11284
70.02
110
15.62
39
23.32
11836
11704
-83.66
142
2.83
6
16
9440
4943
90
106
11.4
30
21.95
11828
11827
230.53
121
14.87
41
19.24
11801
11835
-17.82
139
19.7
41
19.72
11823
11828
259.11
156
17.46
34
12.73
11552
9414
-66.04
165
22.02
35
10.2
3850
8459
198.43
159
15.62
36
9.49
11701
8459
38.29
166
20
46
7.07
11680
10743
-33.69
124
7.62
31
12.08
11707
4944
43.45
159
23.26
61
9.49
11826
11699
223.03
130
15.03
46
16.03
11699
11837
-83.48
153
14.42
16
23.35
11555
11836
-3.58
145
9.43
33
10
10743
11692
221.42
166
18.03
41
7
11284
11821
106.93
115
15.13
37
22.47
11281
2138
10.3
110
12.17
32
21.54
11704
11835
165.96
127
7.81
60
7.28
11840
2975
230.19
125
7.28
58
7.07
11567
11424
-53.13
151
7.62
24
9.22
9440
9414
73.74
164
22
57
7.28
5164
4943
37.57
124
13.04
49
14.32
4944
11707
223.45
164
24.19
66
7.62
11839
11821
69.15
130
18.36
52
17.72
11696
11833
263.66
171
16.03
49
3.61
11840
11700
180
130
7.81
63
6.71
10163
11834
151.93
131
13.93
53
13.15
7806
4943
-12.09
147
13.93
70
8.06
1787
11699
176.42
123
13.6
52
14.42
8459
11701
218.29
154
23.26
71
10.82
11424
4943
59.93
138
9.22
22
16.4
3850
11840
180
162
22.14
74
7.28
10163
11552
100.78
129
17
51
17.03
10743
11700
236.31
154
15.13
56
8
11828
11826
149.42
144
21.1
55
15.03
3850
11284
30.96
141
14.87
38
15.13
9414
11552
113.96
151
10
13
21.38
11841
11701
46.04
176
37.64
64
3.16
11704
11836
96.34
111
8.25
26
17.09
11281
11839
-21.16
149
22.36
39
18.36
11839
11281
158.84
162
26.02
44
12.08
5615
11828
72.55
156
8.06
6
29.55
11840
11839
26.57
125
15.13
28
26.02
11839
11840
206.57
137
14.87
26
23
9414
10163
143.13
128
7.28
46
8.06
11707
11843
243.43
109
5.66
7
38.83
5164
9092
137.73
161
7.62
17
8.06
9120
8230
-66.37
114
3
9
16.49
11844
11709
149.53
177
4.47
1
15.26
11555
11835
-59.53
125
16.03
51
17.09
11842
11828
66.04
137
26.57
60
21.1
11842
1787
109.8
150
22.02
55
13.6
5164
11834
96.58
177
11.18
2
15.03
11844
11292
57.43
162
4.12
1
38.83
9092
11834
63.43
146
7.07
18
12.73
11846
11707
36.57
164
36.4
70
10.82
11709
11844
-30.47
168
18.97
73
4.12
9092
5164
-42.27
132
9.06
37
11.18
11834
9092
243.43
150
15.03
57
9.06
11701
11841
226.04
174
36.4
57
5.1
11843
11707
63.43
109
18.38
26
38.6
11709
11843
-18.43
108
8.6
26
18.38
11847
7298
161.57
180
19.92
8
2.24
508
1224
-61.93
180
14.76
1
2.24
750
46
254.74
165
3
2
19.92
46
11848
229.9
174
3.61
1
21.26
7298
11850
182.73
178
20.1
47
1.41
6728
11424
115.35
178
14.76
6
6.32
11851
11850
28.81
119
1
2
22.36
11853
997
-56.31
169
8.49
33
3
974
9187
254.48
165
3
2
15.81
11854
11852
48.58
139
1
1
21.93
5531
2507
2.6
177
20.1
29
2.24
11856
11855
211.76
156
3.61
4
21.47
46
750
74.74
173
7.07
3
15.81
2923
11857
-18.43
131
5.83
60
5.1
11857
9186
245.56
156
4
11
8.6
11600
11858
249.15
178
22.14
69
1
11848
46
49.9
174
3.61
1
21.26
1224
508
118.07
164
8.49
15
9.22
11851
5531
25.46
177
22.83
70
1.41
11424
4885
136.97
162
14.32
32
8.25
11600
11858
249.15
160
1
0
21.54
11852
11854
228.58
139
1
1
21.93
7198
508
-38.66
167
14.32
32
6.32
11861
11860
194.04
119
4.12
9
23.09
9187
974
74.48
165
11
20
8.6
9187
11856
236.89
156
7.07
8
21.26
11853
2923
-85.24
152
10.82
63
5.83
11862
11854
72.35
136
2.24
4
21.54
11863
11864
-65.77
177
19.24
24
3
2923
9186
-85.6
113
6.32
28
12.08
11855
11856
31.76
136
4.12
7
21.93
11867
11866
172.23
97
4.12
10
22.14
11865
11868
116.57
179
19.24
26
1
11864
11866
-39.47
171
19.72
50
4
4885
2507
161.57
153
19.24
60
10.2
11854
11862
252.35
163
6
5
17.46
11330
11851
55.71
146
6
8
21.93
11870
11330
70.71
161
4
4
17.46
757
7198
-13.39
158
19.24
62
8.25
11860
11861
14.04
119
4.12
9
23.09
11869
11865
142.59
174
19.72
52
3
11871
2507
27.65
112
10.05
25
22.02
11856
9187
56.89
153
11.05
16
18.44
11872
11853
-21.8
146
13.34
55
9.22
11873
11874
125.54
177
14.21
17
3.16
11875
5531
41.99
125
8.06
16
23.26
11867
11869
162.35
171
22.2
72
4
9186
5754
238.67
149
11
18
18.44
508
7198
141.34
129
13.34
43
15.13
11868
11865
-63.43
168
14.21
26
7
5754
11861
223.6
139
11.05
19
21.93
11876
11474
61.93
152
4
7
13.6
11877
11878
142.13
161
9.49
52
4
11851
11330
235.71
139
8.06
14
21.26
11878
11879
33.69
124
4
21
9.22
2507
11871
207.65
107
10.2
25
23.02
11330
11870
250.71
155
9.06
16
13.6
11853
2868
222.71
128
12.04
42
14
2923
4609
235.62
142
13.04
32
15.23
5531
11875
221.99
127
10.05
21
22.47
11874
11873
-54.46
144
9.49
30
11.05
5754
9186
58.67
149
17
35
15.23
11865
11869
-37.41
153
17.26
52
10
11474
11876
241.93
148
13.04
49
9.22
11872
2868
-83.66
119
16.16
53
17.69
11881
11867
212.01
127
13.04
27
23.09
11474
11875
56.89
141
9.06
15
21.26
11877
11879
90
128
11.4
56
10.82
11861
5754
43.6
139
13.04
24
21.19
11880
11873
149.53
160
17.26
59
7
11882
7198
33.69
114
17.26
47
21.59
11883
11869
194.62
110
13.04
32
23.09
4609
2923
55.62
143
19.03
55
14
7198
11882
213.69
117
15.13
42
20.22
4609
11881
230.19
141
17
30
21.19
11875
11474
236.89
144
15.03
30
17.89
11884
11871
48.99
136
15.03
28
22.47
11867
11881
32.01
127
13.04
27
23.09
11869
11883
14.62
105
10
24
23.35
11885
757
40.6
124
17.12
38
23.02
11879
11884
54.46
141
13.04
27
17.89
11611
11877
166.76
144
17.46
71
11.05
11873
11880
-30.47
126
17.46
56
17.03
757
11885
220.6
121
17.26
38
24.02
11877
11886
45
135
13
34
16.28
11872
11887
226.55
131
18.11
43
20.02
11871
11884
228.99
133
17.12
33
22.8
2868
6706
231.63
139
19.03
37
20.62
11881
4609
50.19
141
19
36
20.62
11887
11872
46.55
132
22.09
55
20.22
11884
11879
234.46
142
18.03
43
16.28
6706
11883
222.4
133
19
37
23.09
11886
11877
225
133
20.02
58
17.46
11888
11880
216.03
124
20.02
45
23.35
6706
2868
51.63
140
23.02
48
20.02
11886
11885
48.81
136
18.03
33
22.8
11880
11888
36.03
123
17.03
38
23.02
11883
6706
42.4
130
20.02
40
24.02
11889
11882
46.27
132
22.09
43
24.02
11882
11889
226.27
132
22.09
43
24.02
11885
11886
228.81
134
22.09
43
23.09
11611
11889
45
133
20.02
40
23.09
11887
11888
226.22
134
23.02
43
24.02
11889
11611
225
133
23.02
47
23.02
11888
11887
46.22
134
23.02
43
24.02
4766
1953
-21.8
140
6.32
34
7.21
11891
11890
160.35
155
10.05
36
7.21
11893
11270
-38.66
119
7.62
36
11.4
11894
11893
264.29
134
9.22
61
7.62
11896
11895
153.43
125
12.53
58
12.04
11897
11898
190.62
165
8.94
17
8.06
11896
2102
208.61
136
10.44
55
8.94
11899
2102
-53.13
147
11.7
32
12.04
11898
11897
10.62
150
10.63
37
8.94
11900
2102
-4.4
131
19.8
48
20
11901
11902
108.43
172
8.94
63
1.41
11902
11904
164.74
120
1.41
6
10.77
2102
11900
175.6
135
10.63
22
20.12
11774
11901
56.31
147
5
22
7.21
11903
11905
260.54
144
8.94
46
7.21
2950
11903
14.62
158
16.4
36
10.77
11905
11637
193.39
104
5
13
21
11906
11774
6.34
160
6.71
6
21
11904
259
201.37
164
16.4
27
10.05
11903
2950
194.62
115
12.17
30
21.84
11905
2950
164.05
151
21.59
74
11
3831
11907
235.01
146
1
2
11.4
11908
4866
33.69
124
3
24
6.08
3831
7495
201.25
147
12.21
36
11.4
4866
11911
-26.57
154
6
36
4.47
7495
3831
21.25
163
6.4
8
13.34
11913
11912
228.37
179
7.81
3
4.24
11911
4866
153.43
176
5.39
7
3.61
4866
11914
192.09
129
8.94
38
11.18
11916
1267
-66.04
114
3
17
9.06
11917
2517
236.31
173
4.47
2
13.6
1470
11918
39.29
156
4.47
4
24.41
11918
11919
78.23
142
17.89
46
15.26
11306
11915
135
117
6.32
38
9.06
11920
187
234.78
131
12.37
36
15.81
8818
1770
40.6
158
8.94
74
3.61
2517
11922
10.62
137
13.6
55
11.31
11923
11924
-14.04
158
7.07
24
6.4
11912
11913
48.37
128
5.1
24
9.85
11912
10705
264.29
178
16.03
8
4.12
187
11920
54.78
138
15.13
46
14.14
11929
11919
171.87
116
10.82
30
19.21
11924
11926
236.31
116
5.83
32
9.85
4942
11306
234.46
169
12.08
23
5.83
11919
11918
258.23
117
19.21
47
23.32
4942
11915
202.38
148
17.2
67
9.9
11929
11928
236.31
117
8.06
45
10.2
8818
11929
137.29
167
10.3
17
8.06
187
1770
97.59
143
12.73
56
9.22
10705
3653
23.2
128
4.12
14
13.15
11926
10705
267.71
167
5.1
3
20.1
11931
11930
0
176
23.09
15
7.28
11932
11924
15.95
151
12.73
29
12.37
11924
11932
195.95
140
10.82
27
15.3
5722
1398
180
168
9.22
15
7.28
11933
8330
23.75
173
17.49
12
10.2
11931
1398
4.97
104
7.07
17
22.56
10705
2571
-12.53
145
15.23
55
10.77
9971
11692
77.47
159
6.08
32
4.24
187
11936
26.57
151
10.82
53
6.71
11923
11937
189.46
145
12.73
43
10.82
1398
5722
0
152
14.76
66
7.62
2571
10705
167.47
140
14.76
53
12.08
1517
666
8.13
179
6.08
1
8.06
10705
11926
87.71
136
14.87
35
17.8
11941
11939
221.99
149
10.44
50
7.07
11934
1398
-12.8
148
18.03
52
12.08
10024
1158
6.01
166
8.54
11
11.05
9266
11942
195.95
165
5.83
9
9.06
11943
11935
195.95
118
5.1
42
6.71
1158
11807
-67.38
175
14.76
7
11.4
11686
9266
240.95
151
9
18
13.45
11944
11945
234.78
145
5
4
37.64
11560
2571
150.46
171
28.79
37
7.62
187
10861
-33.69
120
13.42
56
14
11555
3653
172.23
151
19.31
60
10.77
9112
11692
95.19
129
3.61
17
9.22
10861
187
146.31
128
9.49
41
11.4
11936
11947
45
147
5.1
63
3.16
11943
636
38.66
169
15.62
38
5
1517
11949
51.34
160
6.32
77
2.24
636
11943
218.66
172
17.69
57
3.16
2726
11950
59.74
175
26.4
59
3
11952
10747
180
164
10.44
12
14.32
256
11926
51.84
129
17.46
63
15.3
4942
6874
40.36
131
9
18
21.54
11822
3653
183.81
152
9.43
11
22.2
256
11934
247.62
116
14.87
48
18.03
11944
11953
225.94
172
41.62
72
6.71
1517
11821
-11.89
160
14.14
38
7.81
11954
11948
235.38
176
48.37
55
5
11942
9266
15.95
133
6.71
26
11.18
11837
11939
109.03
136
8.94
14
25.08
11939
11837
-70.97
118
7.07
12
28.16
11827
11942
-30.96
141
19.24
40
18.97
11954
11953
248.63
120
19.21
22
43.14
11933
11825
196.7
166
11.66
16
10
11953
11954
68.63
103
7.21
8
48.37
11936
11690
0
135
5.66
38
6.4
8230
9120
113.63
133
3.16
8
15.52
11816
11690
199.29
128
6.32
16
18.03
1158
10024
186.01
126
8.06
24
15.81
11567
11942
-71.57
162
15
45
6.71
11690
636
67.62
107
6.4
20
17.69
11807
1158
112.62
164
22.02
52
8.06
11956
9112
75.96
110
3.61
16
11.66
11690
11821
-4.64
173
18.03
7
19.42
2726
10747
65.38
129
2.24
3
25.06
11957
11826
40.91
152
13.93
40
10
11690
11816
19.29
155
18.38
59
9.22
636
11690
247.62
102
7.21
22
18.38
11828
10024
79.51
138
22.47
54
18.79
11959
11960
130.6
105
2.24
14
8.94
11959
3564
161.57
135
2.24
11
8.06
11961
11958
-90
169
10.2
63
2.24
9112
11700
61.39
147
11.05
61
7
11956
2975
54.78
159
12.37
25
10.3
10747
11952
0
144
15
36
15
11700
9112
241.39
125
6.71
32
10.3
2571
11560
-29.54
172
30.08
42
6.32
11008
11936
118.3
111
7.07
28
14
9414
9266
253.07
133
5.83
12
20.59
6874
11807
161.57
140
21.54
67
15.03
11807
6874
-18.43
144
9.49
21
15.62
11936
11008
-61.7
119
9
37
13.15
5133
11424
238.57
149
20
68
11.18
11964
11822
147.53
148
3
8
10.63
11965
3850
208.81
141
21.54
65
15
11686
11807
93.81
153
5.83
15
10.2
11966
11964
82.87
170
16.03
82
3
11826
11828
-30.58
119
11.66
27
22.47
2571
11962
-21.45
138
19.31
39
20.59
11828
11827
230.53
121
14.87
41
19.24
10867
10747
46.47
161
24.17
58
9.22
11956
8459
40.1
166
20.81
48
7.07
3850
8459
198.43
162
15
30
9.22
10747
10867
226.47
166
25.06
62
7.28
11560
11966
50.19
122
6.32
50
7
11833
11959
83.99
174
18
57
2.24
11821
11690
175.36
159
16.76
16
22.47
11957
11837
-83.66
157
16.12
16
22.36
10024
11834
-77.47
121
15.81
52
17.03
11840
2975
230.19
125
7.28
58
7.07
11567
11424
-53.13
157
8.06
22
8.25
9120
8230
-66.37
133
3.16
8
15.52
6874
11692
219.47
166
17.2
39
7
11555
11963
-7.13
141
9.43
34
10.63
8459
11956
220.1
155
24.17
73
10.82
9266
9414
73.07
164
20
49
7.62
11552
9414
-66.04
165
22.02
35
10.2
10024
11828
259.51
157
18.44
34
12.73
11840
11700
180
130
7.81
63
6.71
11826
11957
220.91
128
16.03
51
16.28
10861
6874
-39.81
133
7.07
25
12.08
5775
5133
37.57
124
14.04
53
14.56
11965
11821
106.26
118
15.3
37
22.47
11970
11956
46.04
175
38.42
79
3.61
11424
5133
58.57
135
8.25
21
16.4
3850
11840
180
162
22.14
74
7.28
11008
11967
12.26
112
13.15
33
22.47
7806
5133
-15.95
147
13.6
66
8.06
11971
11834
149.04
132
13.6
50
13.15
11969
11957
169.38
116
13.6
49
16.12
11839
11821
69.15
133
17.89
51
16.76
11959
11833
263.99
171
18.03
65
3.16
10867
11973
243.43
101
5
7
39.66
11963
11962
249.44
156
16.03
69
7
6874
11700
234.46
153
14.14
54
8
11844
11292
57.43
166
3.16
1
39.66
3850
11965
28.81
139
14.87
40
15.3
5615
11828
72.55
155
7.07
5
30.46
11828
11826
149.42
142
21.21
55
16.03
11971
11552
100.3
132
17.49
50
17.03
9414
11552
113.96
146
9.43
13
22.36
11839
11840
206.57
137
14.87
26
23
11839
11008
160.46
161
26
46
12.08
11008
11839
-19.54
149
23.54
43
17.89
11840
11839
26.57
125
14.14
26
26
9414
11971
147.99
125
7.62
50
8.06
5775
4810
140.71
171
8.06
12
6.4
11555
11962
-60.95
127
16.12
49
17.09
11974
11844
-27.9
171
18.97
80
3.16
11975
10867
37.75
165
37.2
71
10.82
10306
11969
109.8
150
22.02
55
13.6
10306
11828
66.8
138
26.57
58
21.21
5775
11834
96.34
177
11.18
2
16.03
4810
11834
66.04
150
9.06
21
12.73
11956
11970
226.04
173
37.2
67
5.39
11973
10867
63.43
107
17.69
25
39.2
11974
11973
-18.43
112
7.81
24
17.69
4810
5775
-39.29
129
9.22
40
11.18
11834
4810
246.04
153
16.03
53
9.22
11977
11978
138.81
177
17.8
15
3.61
11979
11980
48.37
178
22.02
21
2.24
10759
11980
254.74
165
2
1
20.88
11976
11983
-40.91
178
17.8
22
2.24
11978
7685
161.57
174
19.42
37
3.61
3636
8082
-60.26
178
13.04
11
3.16
494
11983
116.57
175
13.04
10
7.28
11985
11984
209.74
165
2.83
1
21.47
534
11986
255.26
166
4
3
15.81
7685
3522
185.19
174
20.4
50
2.83
11980
11979
228.37
180
21.26
3
2.83
2488
10718
-49.4
165
7.21
40
3
11980
10759
74.74
173
7.07
3
15.81
1878
11976
-18.43
174
19.42
37
3.61
11987
3522
32.28
123
3
6
21.02
974
5793
248.96
159
4
8
10.3
10718
10854
225
121
4.12
35
6.08
11990
11989
189.46
145
2.83
4
22.09
11330
11988
51.71
142
2
3
22.67
11870
11991
72.35
163
1
0
22.14
8082
3636
119.74
154
7.21
18
10.2
4351
1878
2.6
172
20.4
58
3.61
11986
11985
236.89
156
7.07
8
21.26
11984
11985
29.74
165
2.83
1
21.47
11994
11993
169.7
107
2.24
5
21.84
11991
11870
252.35
163
2
1
21.19
11986
534
75.26
166
10
14
10.3
11983
11976
139.09
157
13.6
36
9.22
11987
4351
25.46
174
22.47
70
2.83
11996
11993
-41.19
176
20
48
2
11995
3636
-36.25
161
13.6
37
7.28
11988
11330
231.71
142
3
4
21.93
2488
10854
-85.24
145
9.22
49
7.07
11999
12000
-62.24
163
1.41
1
20.12
5793
974
68.96
155
12.04
59
6.08
11745
11330
72.35
163
2
1
21.19
11989
11990
9.46
127
2.24
4
23.09
11997
12000
140.53
178
20
23
2.24
11994
11997
164.74
176
22.36
74
2
11985
11986
56.89
153
10.05
14
19.1
12001
12002
125.54
176
15.62
35
2
11976
1878
161.57
150
19.42
61
11.18
11330
11745
252.35
155
7.07
10
17
11740
12004
67.17
158
4
5
17
321
11990
225
141
10.05
17
21.47
5793
321
238.67
149
10
15
19.1
11999
12000
-62.24
168
15.62
27
7
12004
11987
58.67
141
7.07
11
21.93
12005
2488
-23.2
139
12.65
55
10.2
12003
11995
-13.39
155
19.42
64
9.22
12006
12007
138.37
163
9.85
48
4
12008
12009
61.7
138
4.12
13
12.04
4583
1878
31.76
117
12.04
29
22.02
3636
11995
143.75
126
12.65
42
15.3
12010
4351
45
130
10.05
19
23.26
12007
12011
26.57
117
4
26
8
10854
12012
236.98
143
12.04
27
16.12
12004
11740
247.17
158
10
18
12.04
2488
2489
225
131
12.04
40
14.04
12002
12001
-54.46
150
9.85
29
10.05
12013
11994
209.48
120
11
24
23.09
12000
11997
-39.47
154
17.46
50
10
11987
12004
238.67
143
10.05
17
19.85
321
5793
58.67
149
15
28
16.12
11990
321
45
135
11
20
21.93
1878
4583
211.76
112
11.18
26
23.09
12014
12001
147.09
161
17.46
57
7
11997
11994
-15.26
152
22.56
74
11
12009
12008
241.7
148
13.04
61
8
12006
12011
94.76
137
12.04
68
8.94
4351
12010
225
131
12.04
24
22.47
12005
2489
-86.99
117
15.23
48
18.38
12009
12010
56.89
147
10
15
19.85
12012
10854
56.98
144
19.03
52
14.04
12012
12013
230.19
141
15
25
21.93
11994
12013
29.48
120
11
24
23.09
12015
12014
167.2
155
22.56
77
10
12016
11995
35.84
117
18.25
49
21.59
11995
12016
215.84
115
15.3
41
21.1
12017
12006
160.56
147
16.49
64
10.05
12001
12014
-32.91
134
16.49
53
15.03
12010
12009
236.89
144
15.03
30
17.89
12011
11202
54.46
141
13.04
27
17.89
11202
4583
48.99
136
15.03
28
22.47
12018
12003
43.6
128
18.11
38
23.09
12013
12012
50.19
141
18
33
20.88
12006
12020
39.09
125
12.04
35
17.03
2489
12019
232.77
140
19.03
36
20.88
12019
12015
221.01
132
18
36
23.09
12005
12021
227.86
135
19.03
42
20.1
12003
12018
223.6
125
18.25
38
24.08
12022
12014
210.58
121
18
43
22.56
4583
11202
228.99
133
18.11
36
22.56
12020
12006
219.09
127
19.03
58
18.03
12021
12005
47.86
133
23.09
53
21.1
11202
12011
234.46
139
20.1
51
17.03
12014
12022
30.58
117
15.03
35
23.09
12019
2489
52.77
141
23.02
47
20.1
12015
12019
41.01
132
18
36
23.09
12020
12018
51.34
136
20.1
38
22.56
12023
12016
48.65
134
23.09
43
24.08
12021
12022
228.65
137
23.02
43
23.09
12017
12023
45
132
19.03
39
22.09
12016
12023
228.65
134
23.09
43
24.08
12023
12017
225
131
23.09
49
23.09
12018
12020
231.34
137
23.09
46
22.09
12022
12021
48.65
134
23.09
43
24.08
2102
11797
-38.66
119
7.62
36
11.4
12025
11797
3.18
135
12.04
41
12.81
12026
12027
175.6
176
21
17
5.39
159
12028
-9.09
171
21
35
5.66
12025
2102
48.37
145
9.06
48
7
12030
12029
191.31
171
8.54
11
7
12031
11778
216.03
147
11.7
59
7.62
11778
12031
36.03
122
13.04
58
13
12028
11778
-52.59
146
12.65
33
13.04
12029
12030
11.31
155
10
34
7.62
12028
159
170.91
122
19.85
48
22.47
12033
11778
-4.4
127
19.85
48
21.4
11778
12033
175.6
139
10
19
19.7
12034
12035
113.96
169
8.6
50
2.24
802
12034
52.13
157
4.12
12
7.81
12035
12038
163.3
100
2.24
12
10.3
12036
12037
265.24
140
8.6
45
7.81
12037
12039
195.26
120
4.12
9
21.1
2747
12036
19.18
157
19.1
48
10.3
12040
802
8.43
170
6.32
2
21.1
12038
12041
205.56
163
19.1
38
9.22
12036
2747
199.18
114
12.04
29
22.36
12039
12037
15.26
106
10
25
22.36
12043
12042
232.13
143
1
3
10.63
12043
3997
201.25
150
11.4
31
11.18
12045
1535
190.3
169
5.39
10
6
1748
12044
33.69
124
4
33
6
12044
12046
-26.57
132
5.39
36
6.71
3997
12043
21.25
163
6.4
8
13.34
12046
12044
153.43
165
5.1
18
4.24
12050
12048
14.04
131
2.24
14
7
9785
10631
139.4
130
6.08
41
7.07
12051
2108
237.99
170
5.39
4
13.6
12044
12052
195.95
130
9.85
42
11.18
1253
12053
39.29
152
5.39
6
23.85
12049
12054
197.53
135
2.24
4
18.44
2108
12055
14.04
141
13.6
55
10.63
12053
2162
78.69
143
17.89
43
15.81
9945
9785
232.43
169
11.18
21
5.83
2823
12058
48.37
125
4.12
19
10.3
12059
12060
237.72
134
12.37
32
16.55
2823
12062
264.56
179
15.03
4
6.08
12050
12064
-14.04
152
8.25
37
6.4
12044
8485
246.04
112
4.24
25
9.22
9945
10631
202.38
150
16.4
62
9.22
12065
12066
45
127
7.07
45
8
12064
12057
239.04
119
5.83
29
10.3
12060
12059
57.72
141
16.12
45
14.32
12068
2162
168.69
110
11.66
33
19.8
2162
12053
258.69
124
19.8
48
21.95
12062
12069
23.2
123
6.08
23
13
12053
1253
219.29
178
22.67
8
5.83
12057
12062
267.71
164
4.12
3
21.1
4836
12071
-1.91
176
23.02
14
7.28
3926
12070
56.31
172
16.55
25
5.83
12060
12047
97.13
146
13.45
56
9.22
12068
12067
239.04
118
9.43
48
11.18
8485
12068
139.4
164
9.85
17
9.43
12070
3926
236.31
166
18.03
46
6.08
12074
12072
180
168
9.22
15
7.28
12067
12053
210.07
175
17.2
18
5.1
11932
12064
23.2
151
15
37
12.37
4836
12072
2.49
107
4.12
10
22.2
12064
11932
203.2
145
11.66
27
15.03
12062
12076
-15.52
142
15.23
54
11.7
9796
11692
74.05
155
6.08
55
3.16
12075
12073
25.64
171
17.2
15
11.18
12072
12074
0
156
14.32
63
6.71
12076
12062
164.48
140
14.32
50
12.08
264
9266
12.09
180
9.22
0
5.1
12060
11936
18.43
146
10
52
7.21
12050
12054
192.53
140
15
54
12.04
11934
12072
-7.77
148
18.79
57
12.08
12070
12079
225
145
12.17
68
7.62
12062
12057
87.71
130
13.45
32
19.42
12080
9266
242.24
153
8
14
14.87
11560
12076
149.04
173
29.55
32
6.71
11394
12081
7.59
170
6.32
7
9
12084
10747
182.39
172
10.2
6
14.04
5095
12085
-65.38
171
14.42
10
12.37
925
12078
203.2
122
7.07
56
7.21
12086
5095
6.34
160
8.94
17
10.2
8790
11692
95.71
141
4.24
21
7.28
12087
12069
164.74
150
18.68
54
11.7
12088
12089
59.74
176
25.5
41
3.16
12060
10861
-39.81
122
12.65
50
14
10861
12060
140.19
128
9.22
36
12.37
9945
10115
34.99
125
8
18
20.88
12090
12069
181.91
141
10.63
17
22.8
10115
9945
214.99
178
21.4
16
3.16
12091
12092
234.78
127
3.16
3
39.82
264
9266
12.09
134
5.83
22
11.18
11934
12062
25.2
138
18.38
67
13.45
256
12057
55.49
133
17.46
59
15.03
12094
12079
107.35
145
10
12
26.08
925
11936
261.87
116
3.61
30
6.4
11394
12096
45
154
6.32
63
3.16
12079
12094
-72.65
131
7.62
11
29.15
12097
264
-30.96
147
19.03
38
17.09
3001
3
-56.31
143
3.16
22
5.1
925
12100
36.25
169
14.87
36
5
12100
925
216.25
169
17.69
69
3.61
12098
9120
115.02
134
3.16
9
14.56
11394
12101
-11.89
161
15.13
44
7.21
12088
10747
64.44
110
1.41
3
25.06
11956
8790
77.01
123
4.24
17
11.66
9263
264
-69.44
162
14.21
51
5.83
12091
12104
124.51
176
19.21
79
1.41
12091
11953
226.85
173
41.62
65
6.32
12075
12105
196.7
162
12.21
22
10.05
11956
2975
54.78
158
13.34
30
9.85
12103
12099
235.38
176
48.37
55
5
8790
12106
56.31
141
10.05
64
7.07
11936
12107
6.34
135
6.4
45
6.4
10747
12084
2.39
149
14.42
32
13.89
12106
8790
236.31
116
5.83
32
9.85
12095
12107
199.29
128
6.32
16
18.03
12076
11560
-30.96
175
29.97
28
5.83
5095
12086
186.34
117
8.54
28
16.16
11957
11826
40.91
151
14.87
46
10.05
12085
5095
114.62
164
21.26
45
8.54
12107
12100
67.62
107
6.4
20
17.69
9257
9266
252.35
118
4.24
10
21.47
12103
11953
249.04
121
19.21
22
43.86
12107
12101
-4.64
173
18.03
7
19.42
12110
12086
80.22
141
24.19
55
18.79
11959
12111
126.87
101
2.24
12
9.85
11959
12112
156.04
130
2.24
11
8.6
11953
12103
69.04
109
7.81
8
48.37
5133
11424
238.57
149
20
68
11.18
10747
10867
226.47
166
25.06
62
7.28
10867
10747
46.47
161
24.17
58
9.22
12107
12095
19.29
157
17.69
54
8.6
11966
11964
82.87
170
15.03
64
3.16
11956
8459
40.1
166
20.81
48
7.07
11965
12108
210.96
144
20.62
61
13.89
10115
12085
156.8
141
20.88
62
15.03
12114
11958
-85.24
170
11.4
68
2.24
11966
12109
187.13
137
7.81
66
5.83
11964
12090
143.97
126
3.16
12
12.04
12076
12109
-25.71
139
18.68
37
20.12
12100
12107
247.62
108
7.81
24
17.69
12108
8459
195.95
163
14.42
28
9.22
11008
11936
118.3
111
7.07
28
14
12080
12085
93.81
139
4.24
13
12.17
12085
10115
-23.2
145
9.22
19
16.28
12110
12097
226.97
118
14.87
43
19.03
12102
11970
232.25
98
4.24
6
38.9
8459
11956
220.1
155
24.17
73
10.82
8968
2975
225
117
6.32
53
7.07
11957
12094
-83.83
157
16.12
16
23.35
9263
11424
-50.71
153
7.62
25
8.25
9120
12098
-64.98
134
3.16
9
14.56
11936
11008
-61.7
112
9.06
36
14.14
11826
12110
-32.47
113
12.21
27
24.19
11844
11160
58.13
175
2.24
0
41.34
12115
11160
57.85
174
41.15
84
4.47
10115
11692
217.41
163
17.2
45
7.07
9266
9257
72.35
163
20
56
7.28
8968
12106
180
135
7.07
59
5.83
12087
12113
-7.13
132
10.63
41
12.04
3972
11959
84.29
175
19
57
2.24
5775
5133
37.57
124
14.04
53
14.56
12101
12107
175.36
152
17.46
20
23.26
12108
8968
180
165
21.84
71
6.32
11424
5133
58.57
135
8.25
21
16.4
12086
12117
-78.69
124
16.16
49
17.8
11552
9257
-66.8
163
21.26
32
12.17
11709
11844
-30.47
174
19.7
86
2.24
11826
11957
220.91
128
17.03
54
16.49
10861
10115
-42.51
130
7.07
24
13
11965
12101
105.64
114
15.13
34
24.35
12086
12110
260.22
159
20.4
35
12.73
12113
12109
246.37
153
15.03
59
8.06
7806
5133
-15.95
152
13.34
65
7.07
2388
11957
165.96
115
12.81
46
16.12
12120
12110
73.61
146
6.32
6
30.46
10115
12106
234.46
153
14.14
54
8
2201
12117
149.04
137
13.34
49
12.17
11959
3972
264.29
172
18.03
50
3.61
11008
12116
9.87
108
14.14
35
23.26
12121
10867
38.88
165
38.01
72
10.82
12118
12101
70.82
135
17.89
47
17.46
12108
11965
30.96
141
14.87
38
15.13
12118
8968
206.57
137
14.87
26
23
12110
11826
147.53
140
21.21
54
17.03
8968
12118
26.57
125
14.14
26
26
5775
8555
147.53
171
7.62
12
5.66
9257
11552
113.2
146
9.43
13
23.35
12118
11008
158.84
159
26
46
13
2201
11552
99.87
131
17.49
48
17.8
11709
12115
-23.96
118
6.4
18
17.69
12087
12109
-63.43
124
16.12
50
17.46
9257
2201
147.99
133
7.28
49
7.07
11956
11970
226.04
172
38.01
77
5.83
12119
2388
109.8
152
22.67
58
12.81
11008
12118
-21.16
149
23.35
42
17.89
12115
10867
64.06
107
17.69
25
39.82
12119
12110
66.8
138
26.57
58
21.21
5775
12117
96.58
175
9.22
3
17.03
8555
12117
67.17
152
10.05
22
12.73
8555
5775
-32.47
135
9.22
45
9.22
12117
8555
247.17
154
17.03
54
9.22
33
7958
254.74
165
2
1
20.88
491
12122
138.81
175
17.2
22
4.47
6945
772
-58.39
177
12.21
13
3.16
3830
12123
-39.09
177
17.2
17
3.61
299
12124
255.26
166
3
2
16.76
12125
12126
7.43
180
22.2
7
1
7958
33
74.74
175
6.08
2
16.76
290
12123
115.2
171
12.21
17
7.07
12122
9674
164.05
171
19.1
47
4.47
11171
538
-39.81
159
6.32
50
3
12128
6237
250.35
161
4
6
11.18
12130
12129
167.2
123
1.41
3
21.84
538
1635
234.46
134
5.1
36
6.32
9674
3926
182.6
166
20.88
70
5.39
12124
12131
237.53
157
6.08
6
20.62
12132
12133
74.74
165
1
0
21.84
5996
3830
-15.95
171
19.1
47
4.47
12135
12129
-41.19
178
20.62
48
1
12135
12137
120.07
166
1.41
1
20.59
2483
3926
36.38
127
4
8
21.47
12140
12139
55.01
127
3.16
6
22.67
12124
299
75.26
166
9
11
11.18
772
6945
121.61
141
6.32
21
11.18
12125
12126
7.43
143
1.41
2
22.09
12133
12132
254.74
147
3.16
4
20.25
4748
5996
5.19
169
20.88
68
4.47
12130
12136
164.74
178
22.56
74
1
6237
12128
70.35
156
12.04
51
6.32
11171
1635
-85.24
135
7.81
40
8.6
12136
12138
140.53
180
20.62
5
1.41
12123
3830
140.91
150
14.14
40
11.18
12141
6945
-30.96
158
14.14
50
7.07
12142
12140
72.35
163
3
2
20.25
12139
12140
235.01
146
4
6
21.26
12131
12124
57.53
155
8.06
10
19.1
3926
2483
216.38
105
5.39
13
22.85
12143
12126
222.14
140
8.06
13
22.83
12145
12146
122.01
177
17.2
32
2
12144
12138
-62.24
173
17.2
27
5
6237
12143
240.52
151
9
13
19.1
12147
12148
68.75
159
3
3
16.55
12140
12142
252.35
163
7
7
16.55
12149
12150
135
169
10.82
45
3
3830
5996
164.05
144
20.25
65
13.15
12148
2483
58.67
149
7
9
21.26
12151
12130
205.56
122
9.06
20
22.09
7931
11171
-15.95
134
13.89
63
11.18
11863
12152
56.31
147
5
15
10.63
12138
12136
-39.47
160
18.03
50
8
12154
11863
173.66
154
8.54
69
4.12
12126
12143
42.14
139
9.06
15
22.36
12146
12145
-57.99
156
10.82
26
10.05
4793
12141
-10.78
149
20.25
68
11.18
1635
12155
240.26
146
12.04
25
15.81
12136
12130
-15.26
157
22.2
74
9
6945
12141
149.04
119
13.89
48
16.28
12153
12145
147.09
167
18.03
57
5
12143
6237
60.52
151
14
25
15.81
12148
12147
248.75
154
11.05
27
10.63
11171
12157
231.34
137
12.04
38
13.34
9961
5996
35.54
122
13.04
30
22.09
12158
4748
45
130
11.05
21
22.85
2483
12148
238.67
144
11.05
20
19.21
12150
12149
-45
115
8.54
40
12.04
12152
11863
236.31
142
13.04
62
9.06
12130
12151
25.56
116
9
20
23.09
12156
12153
167.2
160
22.2
77
8
12155
12151
230.19
141
14
23
22.36
5996
9961
215.54
117
13.15
30
23.09
12157
11171
51.34
136
19.1
67
14.56
12155
1635
60.26
148
18.03
47
13.34
4748
12158
225
131
13.04
26
22.14
12152
12158
58.67
144
11.05
20
19.21
12159
12149
157.62
148
16.28
61
10.05
12145
12153
-32.91
137
16.28
53
14.04
12160
12141
39.81
121
19.24
50
21.38
12141
12160
219.81
120
16.28
42
21.02
12151
12155
50.19
137
17.03
31
22.14
6603
12156
220.82
128
17.03
35
23.09
12154
12161
51.71
138
13.04
31
17.09
12158
12152
238.67
142
17.12
38
17.09
12149
12162
38.66
124
12.04
38
16
12157
6603
231.34
139
18.03
32
22.14
12163
12153
209.74
117
17.03
42
22.56
12161
9961
51.63
135
17.12
33
22.14
7931
10291
229.18
134
19.1
41
21.21
1452
4793
46.4
128
19.24
41
23.09
12162
12149
218.66
123
19.1
61
18.38
12153
12163
29.74
116
14.04
34
22.09
12161
12154
231.71
139
19.03
51
16
12156
6603
40.82
128
17.03
35
23.09
4793
1452
226.4
128
19.24
41
23.09
10291
7931
49.18
135
23.09
51
21.02
6603
12157
51.34
139
22.02
43
21.21
9961
12161
231.63
133
19.24
38
22.56
10291
12163
227.49
135
22.02
42
23.09
12162
1452
48.81
136
19.03
36
22.56
12159
12164
43.6
128
19.1
41
23.02
12164
12159
223.6
132
22.02
48
22.09
12160
12164
229.97
135
23.09
45
23.09
12164
12160
49.97
135
23.09
45
23.09
1452
12162
228.81
134
23.09
46
23.02
12163
10291
47.49
135
22.02
42
23.09
12165
12166
186.01
170
10.44
12
9.06
12168
12165
-32.47
121
8.94
42
11.4
12166
12165
6.01
138
12.04
38
13.04
12169
12170
175.6
173
20.02
22
6.71
12166
12168
48.37
146
8.06
40
7.07
12173
12169
150.64
170
12.65
21
6.4
623
12172
-9.46
168
20.02
41
6.4
12174
12171
194.93
175
8.54
6
7.07
12176
12175
219.29
150
11.7
55
7.28
12175
12176
39.29
126
14.04
61
13
12171
12174
14.93
159
10
30
7.28
12172
12175
-54.16
145
12.65
31
14.04
12172
623
170.54
120
20.62
51
22.83
12175
12177
175.6
139
10
19
19.7
12177
12175
-4.4
125
20.62
49
22.2
12178
12179
56.31
147
3
11
8.49
12179
12181
108.43
160
6.4
32
4.12
12183
12182
-34.99
161
11.4
69
4.12
12182
12180
259.7
132
6.4
34
8.49
12180
12184
198.43
109
3
7
21.38
12185
12178
12.53
175
6.32
1
21.38
2545
12182
19.18
151
19.85
54
12.21
12183
12186
207.55
159
19.85
44
10.44
12182
2545
199.18
120
11.18
27
21.21
12188
12187
192.26
160
13.04
21
12.17
12184
12180
18.43
109
10
26
21.21
5014
389
201.25
153
10.63
26
11.05
12189
1091
185.19
155
5.83
23
6.32
12190
6692
26.57
117
5
45
6.32
12191
12192
-32.01
163
12.37
12
16.97
389
5014
21.25
163
6.4
8
13.34
6847
12190
7.13
98
2
14
8.06
12191
12194
17.65
174
12.08
7
11.18
6692
12195
-26.57
123
5.83
40
7.62
12197
12198
176.53
157
20.25
29
16.64
12199
12200
-56.31
169
4.24
15
3.16
12197
12196
200.22
101
6.08
17
20.02
12195
6692
153.43
154
5
26
5
1578
1685
239.53
166
7.28
8
12.81
12204
12199
26.57
144
4.47
26
6
1685
12205
14.04
143
12.81
50
10
590
8941
232.43
169
11.18
21
5.83
1031
2113
39.29
146
7.28
10
22.83
12201
11916
40.6
122
6.08
40
8
6692
6847
195.95
126
11.7
50
12.21
12203
12206
200.22
137
4.47
10
17.26
11522
12208
48.01
120
3.16
13
12.21
12209
3299
240.26
138
13.34
32
17
2113
12211
79.11
142
19.24
46
16.64
12204
12200
-9.46
144
8.94
46
7.21
6692
8289
250.02
124
5
25
9.9
12200
12207
241.39
107
5.66
26
12.21
3299
12209
60.26
144
17.12
44
14.56
12213
12214
23.2
121
8.06
31
13.15
12215
12216
178.09
179
7
0
23.02
12211
2113
259.11
127
20.52
49
21.95
12211
12217
-46.97
145
20.4
71
12.53
2113
1031
219.29
178
22.67
8
5.83
12207
12213
267.71
160
3.16
2
22.09
3725
12219
56.31
172
16.55
25
5.83
12220
12221
40.24
156
16.55
73
7.21
3299
12202
96.71
145
13.45
51
9.9
12220
2315
64.98
160
14.04
55
6.08
12222
12204
15.52
133
2.24
5
17.26
12218
12217
241.39
123
10.3
51
11.18
8289
12218
137.12
162
9.85
18
10.3
12219
3725
236.31
166
18.03
46
6.08
12216
11100
-2.49
115
2.24
5
22.2
12213
12224
-18.43
139
15.23
53
12.65
590
12225
-81.87
132
3.61
29
5.39
12217
2113
210.07
174
18.6
30
4
11932
12200
29.74
153
16.64
39
12.17
11100
3929
0
156
14.32
63
6.71
12224
12213
161.57
137
14.32
48
13
12200
11932
209.74
149
12.53
25
15.03
2397
8132
26.57
171
18.6
16
11.18
12223
11100
-7.77
145
19.24
59
13
12080
8941
240.95
151
5
8
16.4
12226
12224
148.17
173
28.64
31
6.71
12219
3787
228.01
147
13.15
71
7.62
12213
12207
87.71
122
10.82
25
21.47
5417
8033
12.53
175
6.32
12
3
12204
12222
195.52
139
16.64
60
12.73
3299
12228
14.04
141
10
53
7.81
12229
2397
16.7
177
17.09
16
4
12231
12097
152.53
173
26.57
62
4
3001
11942
-45
135
3
30
4.12
9966
8033
45
150
4.12
45
3
8790
11692
95.71
155
5.83
27
5.39
2525
12232
61.56
179
24.6
16
2.83
12087
12214
160.02
148
18.44
51
12.65
12235
12233
7.59
162
6.71
13
9.06
5095
12085
-65.38
166
12.81
12
14.32
12231
8941
8.13
144
4.24
13
11.05
3401
12228
-39.81
125
7.28
58
7.07
12237
5095
6.01
153
10.82
27
10.77
12094
3787
106.86
149
10.63
12
26.08
590
10115
28.81
119
5
12
20.88
8132
2397
206.57
173
10.82
4
18.38
10115
590
208.81
172
21.4
62
3.61
8944
12214
178.15
141
11.4
18
23.41
12223
12213
27.9
146
17
61
10.82
3299
10861
-45
121
12.37
45
15
10861
3299
135
123
9.22
32
14.32
12097
12231
-27.47
150
19.03
39
15.23
3787
12094
-73.14
131
7.62
11
30.15
10747
11702
241.39
178
24.6
61
1
11956
8790
77.01
131
5
20
10.82
12227
12207
62.24
137
18.68
58
15.03
8033
9120
116.57
117
3
10
14.56
9263
12231
-66.8
164
14.21
68
4.24
12236
12228
261.87
116
3.61
30
6.4
12235
12240
45
157
5.39
45
3
11956
2975
54.78
158
13.34
30
9.85
12241
12242
233.67
144
3
2
39.82
12236
12100
33.69
166
14.87
45
5.1
12100
12236
213.69
169
16.97
67
3.61
8790
12106
56.31
141
10.05
64
7.07
12224
12226
-31.83
178
30.89
24
3.61
10747
12084
2.39
149
14.42
32
13.89
12235
12101
-14.74
158
15.13
45
8.06
12106
8790
236.31
116
5.83
32
9.85
10747
10867
226.47
166
25.06
62
7.28
11160
11710
237.43
180
41.34
12
1.41
10867
10747
46.47
161
24.17
58
9.22
2397
12229
196.7
152
12.73
31
11.4
12238
12246
233.97
108
5
6
39.62
11956
8459
40.1
166
20.81
48
7.07
9083
8941
250.71
105
3.61
9
20.59
12115
11160
57.85
174
41.15
84
4.47
5334
11424
237.09
148
18
62
11.05
12247
12245
200.56
156
8.49
76
3.61
12247
11964
82.41
169
13.04
48
3.61
8459
11956
220.1
155
24.17
73
10.82
12115
11709
156.04
112
1.41
3
19.24
11965
12108
210.96
144
20.62
61
13.89
4523
11448
36.87
146
15.81
52
11.4
12249
12244
235.71
146
2
1
51.61
12108
8459
195.95
163
14.42
28
9.22
12224
12245
-29.05
139
18.44
35
21.02
12241
12250
227.73
175
42.2
59
5.1
12228
11690
-6.34
123
6.4
43
7.81
11964
8944
141.34
108
3.61
16
12.21
12095
11690
201.8
134
5.39
12
18.25
12085
5095
114.62
164
21.26
45
8.54
10115
12085
156.8
141
20.88
62
15.03
5095
12237
186.01
117
8.54
26
17.09
2975
8459
-8.13
134
6.4
60
5.39
12251
12097
227.12
113
14.32
44
19.03
12251
12237
80.54
143
25.94
58
18.38
4523
12094
-82.3
157
17.49
18
22.36
11690
12101
-3.09
168
18.25
11
19.65
9263
11424
-50.71
153
7.62
25
8.25
9120
8033
-63.43
135
3.16
9
13.6
12080
12085
93.81
128
3.61
12
13.15
11690
12100
68.75
119
7.81
23
16.97
11959
12111
126.87
101
2.24
12
9.85
11959
12112
156.04
130
2.24
11
8.6
12241
12249
125.22
177
19.21
35
2
12104
12244
234.46
175
49.74
65
5.1
12085
10115
-23.2
145
9.22
19
16.28
10879
12228
115.02
116
7
25
15
426
12106
172.87
135
6.4
51
5.83
10115
11692
217.41
163
17.2
45
7.07
11690
12095
21.8
159
19.1
61
7.81
8941
9083
70.71
161
18
54
7.28
12114
11958
-85.24
170
11.4
68
2.24
12087
12248
-10.62
132
11.4
44
12.21
12108
426
182.49
167
21.84
70
5.39
12100
11690
248.75
105
8.6
25
19.1
12251
2397
117.55
152
25.24
72
12.73
11424
5334
57.09
134
8.25
22
15.81
12253
12252
118.3
131
18.44
38
22.36
12254
10867
39.99
165
38.83
73
10.82
5775
5334
34.7
121
14.04
54
14.87
12250
12104
69.44
105
8.6
9
49.74
12228
10879
-64.98
122
9.06
33
14.14
12248
12245
246.37
152
13.04
45
8.54
12104
12250
249.44
121
19.21
21
44.6
11709
12115
-23.96
126
5.83
16
17.03
12120
12251
74.74
143
5.39
6
30.08
3972
11959
84.29
175
19
57
2.24
11448
4523
216.87
124
17.03
53
17.72
12115
10867
64.06
105
17.03
24
40.46
7806
5334
-19.65
152
13.15
62
7.07
12256
4523
163.61
113
12.81
42
17.49
11552
9083
-67.52
162
21.26
31
13.15
10115
12106
234.46
153
15.13
61
8.06
10861
10115
-42.51
138
7
23
12.08
11956
12246
227.05
172
38.83
78
5.83
11965
12101
105.64
110
15.03
34
25.3
12101
11690
176.91
154
17.46
20
22.85
12237
12251
260.54
158
21.59
38
13.45
12237
12257
-76.61
124
17.09
49
18.6
10624
12257
149.04
141
13.15
48
11.18
12108
11965
30.96
143
13.93
34
15.03
12252
12253
-61.7
160
22.67
43
11.4
1319
426
206.57
138
13.93
24
23.02
11959
3972
264.29
175
19
57
2.24
1319
12101
71.57
137
18.79
47
17.46
5775
8384
151.39
175
7.62
8
5
10879
12116
12.26
111
14.14
35
22.85
12087
12245
-64.65
126
16.28
48
17.46
426
1319
26.57
125
15.13
28
26.02
12255
12256
109.8
152
22.67
58
12.81
12251
11448
146.31
138
20.22
52
17.03
9083
10624
147.99
133
7.28
49
7.07
1319
10879
158.84
162
26.02
44
12.08
12255
12251
68.55
139
26.57
60
20.22
9083
11552
112.48
145
9.43
13
24.33
10624
11552
99.46
131
17.49
45
18.6
10879
1319
-21.16
147
23.54
43
18.79
5775
12257
96.84
173
8.25
3
17.03
8384
12257
67.17
146
10.2
25
13.45
8384
5775
-28.61
139
9.22
47
8.25
12257
8384
247.17
154
17.03
54
9.22
12259
8122
254.05
165
1
0
20.88
7323
23
-60.95
176
3.61
0
17
12260
35
-64.8
178
17
25
2
12262
12261
255.96
166
3
2
17.72
8122
12259
74.05
179
4.12
0
17.72
2081
8959
-56.31
176
11.4
15
3.16
7323
2508
138.81
172
16.64
27
5.39
5398
12260
-36.87
176
16.64
19
3.61
35
12260
115.2
168
11.4
18
8.06
12261
12263
236.31
161
4.12
3
21.4
299
6689
251.57
162
4
6
12.08
6525
10110
-26.57
154
6
63
3
10110
1206
240.95
140
5.1
27
7.21
2508
12264
164.05
165
19
55
6.32
12261
12262
75.96
166
9
10
12.08
12008
12265
72.35
163
2
1
21.19
8959
2081
123.69
124
6
24
12.17
12264
4534
185.19
164
21.54
76
6.32
12266
1842
56.31
147
4
5
22.02
6683
5398
-13.39
167
19
54
5.39
2067
4534
40.1
131
6
12
21.47
12263
12261
56.31
156
6.08
7
19.85
6689
299
71.57
157
11.05
37
7.21
12265
12008
252.35
163
4
3
19.31
12267
12268
220.36
140
6.08
10
21.95
6525
1206
-85.24
122
6.71
33
10.3
12269
12266
71.57
162
3
2
19.31
12271
12272
122.01
177
17.2
32
2
12270
12273
-62.24
173
17.2
27
5
12274
2081
-28.07
152
14
54
8.06
6689
12267
241.56
152
9
12
19.85
12260
5398
143.13
144
14
43
12.17
8587
6683
5.19
164
21.54
76
6.32
1842
12266
236.31
147
6
9
20.52
4534
2067
220.1
112
6.32
14
23.26
12276
12275
204.44
115
7
16
22.2
12277
12278
67.62
144
4.12
9
15.26
12273
12279
-37.87
165
18.38
43
7.07
12281
12282
129.29
171
12.04
39
3
12266
12269
251.57
155
8.06
13
15.26
12268
12267
40.36
131
7
13
22.36
12279
12275
-15.95
159
21.1
74
8
11998
12284
55.01
146
4
14
9.22
12285
11998
161.57
155
8.06
57
4.12
12272
12271
-57.99
164
12.04
24
8.06
12280
12271
144.78
168
18.38
54
5
2081
3599
216.87
118
12.17
48
14.32
1206
12286
241.39
147
11.05
21
17.03
12267
6689
61.56
152
13
21
17.03
12278
2067
60.52
144
8.06
13
20.52
5398
6683
166.61
141
20.12
64
14.32
12275
12276
24.44
115
8
19
22.09
12278
12277
247.62
158
11
27
9.22
6525
12287
233.13
139
12.04
36
13.6
12283
12280
167.2
162
21.1
69
7.07
12274
3599
-79.99
129
17
63
15
5570
12274
-8.53
145
20.12
72
12.17
12282
12281
-50.71
123
8.06
34
12.04
12286
12276
228.99
139
13
22
22.36
12285
12284
98.75
118
9.49
43
12.21
11202
8587
49.18
130
12.17
23
23.26
9438
6683
38.66
121
14.14
33
22.09
2067
12278
240.52
142
12.17
24
18.6
12286
1206
61.39
149
18.03
44
13.6
12287
6525
53.13
138
19.1
65
14.32
12271
12280
-35.22
142
16.03
50
13.04
12288
12281
157.62
155
16.03
60
8.06
12284
11202
55.71
146
11
19
18.6
6683
9438
218.66
117
14.32
33
23.09
8587
11202
229.18
132
14.14
28
22.47
12276
12286
48.99
139
16
29
21.19
12289
12283
219.29
130
16
34
22.09
12290
12280
205.46
112
15.03
38
22.56
12274
7111
223.36
124
17.26
43
21
7111
12274
43.36
128
20.1
51
20.22
12281
12291
36.25
122
12.04
39
16.03
12287
12289
232.77
140
18.03
33
21.19
12285
12292
52.13
134
13.15
34
16.76
11202
12284
235.71
143
17.03
38
16.76
12280
12290
25.46
112
13.04
33
22.2
12291
12281
216.25
120
18.11
58
18.38
12283
12289
39.29
126
15.03
31
23.19
3599
11612
230.44
135
19.1
39
21.38
12292
9438
51.34
138
17.03
30
22.47
12292
12285
232.13
137
19.1
55
16.03
8409
5570
47.6
133
21.1
42
23.09
12289
12287
52.77
138
21.1
41
21.38
11612
3599
50.44
136
23.09
50
21
5570
8409
227.6
132
20.1
40
23.19
9438
12292
231.34
136
21.1
41
22.36
11612
12290
228.81
134
21.1
41
23.19
12293
12288
221.99
127
21.1
49
22.2
12288
12293
41.99
126
18.11
41
22
12291
8409
48.99
133
19.1
38
22.36
12290
11612
48.81
134
21.1
41
23.19
7111
12293
231.07
137
23.09
43
23.19
12293
7111
51.07
137
23.09
43
23.19
8409
12291
228.99
135
23.09
48
22
11778
12295
180
145
8.6
68
5.39
12296
12297
-74.74
177
9.49
15
2
12297
12295
186.01
175
10.2
6
9
12299
12297
-30.96
114
8.6
43
11.4
12295
12297
6.01
145
12.04
36
11.66
875
12300
175.6
170
20.1
29
7.21
12302
875
150.26
173
5.39
2
18.87
12295
12299
41.63
140
7.07
34
8.06
2335
875
147.99
164
11.4
22
8.6
12301
12304
-11.31
163
20.1
43
8.6
12305
12303
194.04
174
8.54
6
8.06
12307
12306
222.27
148
11.4
49
8.06
2335
12306
-86.19
117
13
51
14.87
12303
12305
14.04
163
9.43
21
8.06
12304
12306
-56.31
139
11.4
29
15.03
12304
12301
168.69
120
21.26
51
23.71
12306
12308
175.6
144
9.43
16
19.31
12308
12306
-4.4
127
21.26
51
21.63
12301
11785
202.93
125
15.3
32
23.35
12310
12311
52.13
169
2.24
2
9.22
12311
12313
108.43
154
7.07
45
4.47
12308
12301
117.65
141
15.23
38
15.3
12315
12314
-37.87
158
11.4
78
4.47
12314
12312
265.24
131
7.07
35
9.22
12312
2949
199.98
137
2.24
4
21.84
4263
12314
21.37
153
21.26
59
11.4
12315
12316
208.44
160
21.26
45
10.44
12314
4263
201.37
117
12.04
29
22.2
3424
10774
203.96
159
9.9
18
11.05
2949
12312
19.98
110
11
27
22.2
10702
12316
59.04
105
2.83
14
11.31
4263
12316
163.3
170
9.06
46
2.24
12316
10702
239.04
123
2.24
10
10.63
12320
12321
-30.96
163
13.34
14
16.97
12322
643
180
142
6.4
33
7.21
12323
10659
162.47
132
5.83
15
16.64
4110
643
146.31
128
6.32
56
6
12320
12324
15.26
173
13
9
10.05
12326
9637
14.04
105
3
21
8.06
4110
709
-26.57
115
6.4
42
8.54
12327
8641
176.42
158
18.97
26
16.12
127
12328
3.01
165
18.97
81
5.1
12325
12324
214.7
125
3
4
30.02
12330
4263
119.05
173
5
7
5.39
12331
12329
-56.31
151
2.24
11
5.39
12332
12333
239.53
166
7.28
8
12.81
145
8394
230.19
173
9.43
11
6.4
12333
12335
14.04
143
12.81
50
10
709
4110
153.43
143
5.1
32
5.83
582
12336
40.6
147
7.28
10
21.95
12337
12331
23.96
141
4.47
23
7
12318
12338
200.22
137
4.47
10
17.26
674
12330
48.01
139
2
6
12.04
4110
12326
195.95
125
12.65
54
12.81
12340
12341
241.39
139
13.34
30
17.49
12336
12343
79.11
146
19.7
47
15.26
12337
12329
-8.75
148
9.85
47
7.21
12345
12346
26.57
123
10.05
39
13.34
12329
12339
243.43
117
5
21
12.04
4110
8089
251.57
131
5.83
26
9.9
12341
12340
61.39
145
17.12
41
14.87
3522
12348
56.31
170
17.46
34
5.39
12339
12345
265.6
176
2
0
24.08
12336
582
220.6
176
22.63
18
5.39
12349
11256
3.58
172
9.22
11
7.07
12350
12351
45
157
16.16
71
6.71
12343
12336
259.11
126
21.93
52
22.36
12343
12352
-46.85
144
21.38
69
13.42
12350
2110
68.2
159
14
58
6.08
12348
3522
236.31
166
18.03
46
6.08
12341
3399
96.71
145
13.45
51
9.9
2363
12337
21.25
126
4.12
11
17.26
8089
12353
135
159
9.85
18
11.18
12353
12352
243.43
127
11.18
53
11.18
145
509
-81.87
144
4.24
34
4.47
12345
12356
-18.43
135
15.65
54
13.6
12357
5556
0
159
13.93
68
5.39
12356
12345
161.57
141
13.93
47
12.08
12352
12336
206.57
166
19.85
57
5.83
11932
12329
34.29
153
19.24
43
13.15
12223
12357
-2.6
147
19.72
62
12.08
12329
11932
214.29
151
13.42
23
16.28
12358
264
-45
135
3
30
4.12
12226
12356
146.77
175
30.41
34
5.39
12080
8760
239.53
150
3
5
17.2
12359
2357
12.53
175
6.32
12
3
9453
2357
36.87
146
3.16
36
3
12360
12361
242.53
180
4.47
0
23.71
12363
12364
152.53
173
26.57
62
4
12354
5503
-26.57
178
9.85
18
1.41
4971
12348
82.41
113
8.06
31
14.21
2397
12354
29.98
170
19.85
19
11.18
8605
12355
95.71
160
6.71
32
4.47
12345
12339
85.6
115
10.3
23
23.71
12087
12346
155.56
147
18.25
48
13.6
12229
2397
16.7
166
17.49
47
5.83
12337
2363
201.25
140
19.24
69
13.45
12341
12228
4.76
136
9.22
49
8.49
12363
8760
8.13
155
3.61
8
11
11837
12365
106.86
149
10.63
12
26.08
10747
11702
241.39
180
23.71
16
1.41
7080
145
201.8
169
20.25
66
4.24
145
7080
21.8
112
3
7
20.62
12364
12363
-27.47
153
19
37
14.32
11956
8605
77.91
132
5
18
11.66
12223
12345
30.47
149
17
59
10.3
12365
11837
-73.14
137
8.06
10
29.15
5503
12085
-66.25
163
12.04
13
16.28
8584
12346
176.31
135
12.04
20
24.17
12235
12366
11.31
152
7.81
23
9.22
2357
8429
120.26
121
3
11
12.65
9263
12363
-65.22
166
14.21
81
3.61
12349
12228
-45
120
7.28
52
8.06
10861
12341
130.6
119
9.22
29
16.28
12341
10861
-49.4
126
12.04
40
15
12368
5503
6.01
149
11.4
32
11.18
12354
2397
209.98
173
11.4
4
18.79
11956
2975
54.78
157
14.32
36
9.49
12115
12369
152.1
108
1.41
4
18.87
12227
12339
62.35
137
18.68
51
16.28
12115
11024
58.57
175
41.15
72
4.12
10747
10867
226.47
166
25.06
62
7.28
12356
12226
-33.23
179
31.91
11
2.83
12238
12246
233.97
108
5
6
39.62
10747
12371
4.76
152
14.42
31
13.42
12355
8605
-84.29
112
7.28
42
10
12106
8605
233.13
113
5.83
34
9.49
10867
10747
46.47
161
24.17
58
9.22
12367
12228
262.87
128
4.24
31
6.4
8429
2357
-59.74
139
3.16
10
11.7
11956
8459
40.1
166
20.81
48
7.07
12372
12370
212.01
163
9.22
77
2.83
8459
11956
220.1
155
24.17
73
10.82
12235
12374
50.19
159
6.32
50
3
5538
11424
235.49
146
16
55
11
8760
12080
59.53
171
19.31
77
3.16
12372
11964
81.87
167
11.05
36
4.24
12108
8459
195.95
163
14.42
28
9.22
12356
12370
-32.2
139
18.25
33
21.93
12376
12108
208.81
145
18.79
55
13.42
12235
12377
-16.7
152
15.3
44
10.3
12100
12367
210.96
166
16.97
75
4.24
12367
12100
30.96
166
14.14
42
5.1
12369
12115
-27.9
126
4.47
12
17.03
2975
8459
-8.13
134
6.4
60
5.39
8584
12375
-59.74
163
13.45
75
4.24
2397
12229
196.7
152
12.73
31
11.4
9263
11424
-50.71
160
8.06
23
7.28
12254
10867
39.99
165
38.83
73
10.82
12379
12242
232.59
143
2
1
41.23
4523
11837
-82.09
159
18.36
19
20.4
4523
11448
36.87
146
15.81
52
11.4
12364
9263
0
135
18.38
65
14.32
7080
12085
154.54
141
20.62
60
15.03
12115
10867
64.06
105
17.03
24
40.46
426
12106
172.87
135
6.4
51
5.83
12080
12085
93.81
113
3.16
11
14.14
12253
12381
119.25
135
18.68
40
20.4
8760
8759
68.75
159
16
52
7.28
11956
12246
227.05
172
38.83
78
5.83
12228
12382
-5.71
123
6.4
39
8.49
7080
12355
212.91
161
16.4
48
7.28
12085
5503
113.75
161
20.52
40
10.44
12108
426
182.49
167
21.84
70
5.39
12085
7080
-25.46
143
9.22
19
16.97
12373
12382
205.35
134
6.32
15
17.26
12251
12368
80.84
144
25.94
55
18.79
12087
12375
-14.04
125
12.04
45
13.89
11424
5538
55.49
130
7.28
20
15.81
12375
12370
246.37
152
11.05
34
9.43
5503
12368
186.01
113
10.44
32
17.89
12382
12377
-4.64
166
17.26
12
20.88
12378
5538
34.7
121
15.03
57
15.23
12379
12250
226.79
175
42.8
58
5.1
10732
12228
113.63
122
7.07
23
15
11696
12111
123.69
124
2
9
9.85
11696
12112
150.95
151
2
6
8.6
12120
12251
74.74
143
5.39
6
30.08
12382
12100
71.57
117
8.49
26
16.97
12251
2397
117.55
152
25.24
72
12.73
11696
12114
104.04
105
2
9
12.04
12382
12373
25.35
161
18.38
59
7.21
12383
12244
235.44
173
2.24
0
52.43
12381
12253
-60.75
159
22.02
44
11.4
7080
12106
232.43
151
14.14
59
8.06
4523
12381
-60.64
139
18.03
68
12.81
12228
10732
-66.37
120
10.05
34
15.3
7806
5538
-23.2
153
13.04
58
7.07
11448
4523
216.87
124
18.03
56
18.03
12384
12244
235.1
175
50.61
66
5.1
12100
12382
251.57
108
8.6
26
18.38
12376
12377
103.5
108
15.03
34
25.63
10861
7080
-45
144
7.07
20
12.08
11828
11696
84.29
175
20
84
2
12108
12376
28.81
142
13
32
15.03
11275
8759
-67.52
160
20.52
30
14.14
12386
426
204.9
138
13
22
23.02
10156
12387
149.04
145
13.04
47
10.2
12087
12370
-65.77
129
16.49
47
17.46
12377
12382
175.36
153
18.38
21
22.36
12368
12251
260.84
159
23.54
42
12.81
12379
12383
123.69
175
20.62
60
2.24
12250
12384
69.83
106
8.6
9
50.61
12255
12385
110.56
151
22.02
59
12.81
12368
12387
-77.74
129
17.89
48
18.6
426
12386
24.9
124
14.14
27
26.02
11696
11828
264.29
175
19
57
2.24
12384
12250
249.83
121
20.62
23
45.28
12386
12377
69.44
135
18.79
47
18.38
8759
10156
147.99
133
7.28
49
7.07
12255
12251
68.55
138
25.63
57
20.4
12251
11448
146.31
135
20.4
53
18.03
10732
10997
12.26
114
15.3
38
22.36
12386
10732
158.84
162
26.02
44
12.08
8759
11275
112.48
145
9.43
13
24.33
10156
11275
99.46
131
17.49
45
18.6
10732
12386
-21.16
147
23.54
43
18.79
12378
12387
96.84
171
7.28
3
18.03
8198
12387
68.2
149
12.17
29
12.81
8198
12378
-24.44
144
9.22
49
7.28
12387
8198
248.2
156
18.03
55
9.22
12388
50
-61.93
177
15.26
28
2
311
22
119.05
178
15.26
7
5.39
7221
12389
74.74
179
4.12
0
18.68
12259
12390
256.61
167
3
2
18.68
12390
12391
236.31
161
4.12
3
21.4
8268
10110
-52.13
173
8.49
19
3.16
33
12392
253.61
164
4
4
13.93
22
12393
140.91
165
15.23
34
7.28
50
12388
118.07
164
8.49
15
9.22
10569
10759
-15.95
146
6.32
60
4.12
10759
9187
243.43
154
4
13
7.81
8623
12388
-34.51
169
15.23
33
5.39
12390
12259
76.61
167
8
7
13.93
12394
12266
75.38
166
2
1
21.84
12397
12396
216.87
139
5.1
9
21.47
12391
12390
56.31
158
5.1
5
20.62
12393
384
164.05
159
19.1
60
8.25
10110
8268
127.87
110
6.32
32
11.05
12392
33
73.61
164
11
23
7.81
12399
12400
-59.93
177
18.03
16
4.12
12401
12402
122.01
179
18.03
32
1
12009
12403
56.31
147
5
7
21.26
10569
9187
-80.54
116
7.28
36
11.18
12266
12394
255.38
166
5
3
18.97
12392
12397
241.56
152
8
10
20.62
9614
384
26.57
103
8.25
21
22.09
12405
12404
199.98
122
5.1
11
21.21
12398
8623
-13.39
161
19.1
60
7.28
12406
4940
45
127
7.07
14
21.95
12407
12009
74.05
165
3
2
18.97
12400
12408
-37.41
170
17.89
41
5.1
12408
12404
-15.95
167
21.02
74
5
12396
12397
36.87
139
5.1
9
21.47
2893
8268
-23.63
149
14.14
53
9.22
12411
12270
129.81
175
12.73
21
3.16
12388
8623
145.49
138
14.14
46
13.15
12403
12009
236.31
139
7.07
13
20.52
12412
11744
69.44
146
4.12
9
13.89
384
9614
206.57
103
8.25
21
22.09
12409
12401
144.78
172
17.89
40
4.12
12402
12401
-57.99
168
12.73
23
7.07
4940
12406
225
121
8.25
18
22.36
12009
12407
254.05
158
9.06
14
13.89
12413
12414
153.43
154
8
63
4
12414
12415
48.81
139
4
19
8.06
12404
12405
19.98
110
5
12
22.2
12397
12392
61.56
152
12
18
17.69
9187
5820
240.52
151
11
17
17.69
12410
12409
164.74
168
21.02
63
5.1
8268
2283
217.57
123
11.05
41
14.04
5820
12405
229.18
140
12
21
21.47
11744
12406
58.67
143
9.06
15
20.52
12270
12411
-50.19
130
8
30
12.17
10569
4996
236.31
137
12.17
33
15.23
11744
12412
249.44
155
12.04
39
8.06
8623
12398
166.61
138
20.59
65
15.3
8268
2893
156.37
119
16.4
56
17.26
12413
12415
94.76
122
8.94
45
10.63
8623
5399
209.05
111
13.15
37
20.22
12401
12409
-35.22
149
16.03
49
11.05
5820
9187
60.52
148
17.03
37
15.23
12416
12411
154.8
159
16.03
56
7.07
12417
9614
50.44
137
13.04
23
22.36
12406
11744
238.67
145
13.04
24
18.03
4996
10569
56.31
141
19.1
60
14.04
12418
12410
218.99
125
14.04
31
22.2
5585
12398
41.99
125
16.12
36
22.09
12405
5820
49.18
136
14.04
27
21.54
12409
12410
-15.26
144
22.47
70
14.04
12415
12417
57.53
143
12.04
23
18.03
12398
5585
221.99
121
15.3
34
23.19
4996
12418
232.77
140
17.03
30
21.54
12411
12420
30.96
112
12.17
40
17.26
9614
12417
230.44
134
16.12
32
22.14
12409
12419
20.85
106
11.05
28
22.2
12410
12418
38.99
125
14.04
31
22.2
12413
12421
46.85
133
12.04
32
16.49
2893
12422
225
125
17.26
42
21.02
12411
12416
-25.2
124
17.49
58
17.12
12422
2893
45
130
21.1
53
20.22
12417
12415
237.53
142
18.11
43
16.49
2283
12423
233.13
138
19.1
39
20.62
12418
4996
52.77
140
20.02
38
20.62
12421
12413
226.85
131
19.1
56
17.26
12421
5585
52.77
137
18.11
34
22.14
12423
12419
227.6
135
20.02
39
22.2
12423
2283
53.13
136
23.19
50
21.02
12424
5399
48.81
134
21.1
41
23.19
12425
12416
220.36
125
20.1
48
22.2
12416
12425
40.36
124
17.12
40
22
5399
12424
228.81
134
21.1
41
23.19
5585
12421
232.77
138
21.1
41
21.38
12419
12423
47.6
132
20.1
40
23.19
12420
12424
50.44
135
19.1
39
21.38
12422
12425
232.43
135
23.19
45
23.19
12424
12420
230.44
134
23.19
50
22
12425
12422
52.43
135
23.19
45
23.19
12299
12427
186.34
153
7.21
51
4.24
12428
12429
-74.74
175
8.54
15
3
12429
12427
188.97
178
10.2
2
9.06
12429
12428
105.26
132
11.18
64
9.22
12427
12429
8.97
148
12.04
35
11.18
12433
12434
37.3
170
14.87
12
12.08
12427
12431
41.63
142
6.08
27
8.25
617
12434
175.6
165
21.38
45
7.81
12437
617
146.98
174
4.47
1
19.42
12433
12436
21.04
164
26.4
71
7.81
12439
12435
197.35
177
8.54
3
8.25
12438
617
145.49
160
12.37
28
8.94
12436
12440
-9.09
161
21.38
54
8.94
12442
12441
222.51
153
11.7
42
8
12441
12442
42.51
133
16
65
13
12435
12439
17.35
166
9.43
17
8
12440
12441
-57.72
137
12.37
32
16
12440
12436
170.91
121
22.02
53
23.71
12443
12441
-4.4
126
22.02
53
22.47
12436
12433
201.04
122
16.28
35
23.77
12443
12436
117.65
138
14.87
38
16.28
12444
12433
165.38
143
15.23
38
15
12446
12447
106.7
159
6.4
28
5.1
12449
12448
-41.63
156
10.44
59
5.1
12448
12450
261.25
133
6.4
28
10
1331
4702
194.62
167
12.53
14
12
12452
12448
25.56
152
23.6
67
12.04
12449
12453
212.01
159
23.6
53
10.77
12448
12452
205.56
125
13.15
31
21.1
12454
12450
19.98
116
10.05
25
21.1
12455
12453
57.53
130
3.16
12
11.31
12457
3998
-30.96
163
13.34
14
16.97
12452
12453
158.2
165
9.06
49
3.16
12453
12455
237.53
130
3.16
12
11.31
2593
12460
182.86
172
10.2
8
10.05
12461
12462
180
135
7.07
39
7.81
9632
12464
174.64
160
18.68
24
16.12
12457
12459
12.8
167
13.42
18
10.05
4711
12462
140.19
122
6.32
50
7
12463
139
0
165
18.68
78
5.1
12466
868
18.43
109
5
30
9.22
470
12461
108.43
135
8.94
63
7.07
12465
12459
218.66
129
5
7
29.15
12467
12458
21.8
176
2.24
0
19.31
12470
812
244.65
162
8.06
10
13.6
12472
12452
116.57
154
5
18
7.07
12473
12471
-60.26
120
3
21
7.07
812
12474
17.35
144
13.6
54
10
12469
12475
38.99
137
8.06
14
21.93
12459
12470
204.62
179
4.47
0
21.93
470
4711
153.43
123
5.83
40
7.62
12477
12473
32.01
141
6.32
41
6.08
12476
1043
23.2
173
5.83
4
9.49
12472
12478
225
177
13.45
45
1
12458
12467
201.8
131
6.32
15
18.11
12481
12482
155.22
131
14.32
65
12
4711
12466
198.43
125
14.56
57
14.21
1043
12483
242.45
140
13.34
28
18.03
12477
12471
-9.46
139
9.43
50
8.06
12471
12478
245.22
103
5
20
14.14
12475
12485
79.51
143
20.12
46
16.64
12487
12488
45
155
14.87
60
7.28
12490
12489
53.13
167
17.46
53
5
4711
6579
254.05
141
7.62
29
9.9
12480
12479
85.43
178
25.02
85
1
12490
12487
-90
102
5.1
19
14.87
12475
12469
218.99
173
23.35
38
5
12483
1043
62.45
146
17.12
39
15.23
12491
12492
10.01
167
9.85
17
8.06
12489
12490
233.13
166
18.38
64
5.1
12485
12475
259.51
129
22.67
52
22.36
12485
10626
-48.58
145
21.59
67
13.42
11686
748
-81.87
158
5.83
53
2.83
12495
5349
3.81
163
13.93
67
4.47
12480
12494
-22.38
133
14.32
50
13.6
12483
12476
96.71
145
13.45
51
9.9
10074
12477
22.83
123
6.08
16
18.11
12494
12480
157.62
137
13.93
49
12.65
6579
12493
135
154
9.49
20
12.08
12493
10626
243.43
129
12.08
58
11.05
12197
12231
-36.87
144
3
34
3.16
9279
12496
36.87
146
3.16
36
3
12497
12495
-2.6
146
21.1
68
12.65
5415
9453
51.34
122
11.7
37
16.49
11995
12496
6.34
177
6.08
6
3
12499
12494
146.77
176
30.89
30
4.47
12080
8579
237.99
148
1
1
18.03
2
12364
156.25
174
26.25
66
3
10626
12475
206.57
162
21.21
71
7.07
11932
12471
37.69
156
21.47
47
12.17
8425
12355
96.34
164
7.62
51
2.83
12471
11932
217.69
153
14.32
23
16.49
12500
12489
82.41
109
8.94
34
14.87
8579
2
184.09
179
11.05
4
3
12478
12501
244.44
157
25.02
75
10.2
12483
6579
131.99
174
10.63
23
3.16
11430
4739
61.39
178
2.24
0
22.83
12502
12481
152.45
150
19.03
45
13.6
12504
12503
216.25
172
8.49
7
10.3
11837
3739
107.93
150
10.63
11
27.17
7940
5503
-30.96
168
9.49
40
3.16
2397
7940
31.61
167
21.21
26
11.05
11973
12505
152.1
153
1
1
18.36
11701
8425
77.91
132
5
18
11.66
12364
2
-23.75
157
19
37
12.53
12229
2397
16.7
161
18.6
61
7.07
11932
12477
62.24
113
14.21
39
20.62
12508
11686
194.04
164
19.72
73
5.83
3739
11837
-72.07
135
8.94
12
30.15
12483
12228
-4.76
131
8.49
44
9.22
11686
12508
14.04
105
1
2
20.4
12496
8429
122.47
123
3
12
11.7
12497
12480
31.43
154
15.26
42
10.2
11973
12509
59.74
177
40.25
59
3
11424
9263
129.29
130
3
10
12.53
8584
12481
174.47
127
12.04
22
25.94
11701
2975
53.13
156
14.32
40
9.22
12507
12246
234.78
108
5
6
40.36
4739
10867
227.86
167
25.06
55
7.07
5503
12085
-66.25
155
10.63
14
18.25
12235
12366
11.31
147
8.49
29
9.49
10861
12483
126.87
115
9.22
27
18.25
4739
12511
4.76
159
13.42
23
12.65
10867
4739
47.86
163
24.17
54
9.06
12355
8425
-83.66
120
7.62
51
8.49
8425
2975
12.53
148
8.49
65
5
12483
10861
-53.13
132
12.04
36
15
12491
12228
-49.4
123
7.07
47
8.06
8459
11701
218.29
153
24.17
76
11.4
12372
12512
216.87
172
8.49
36
2
11701
8459
38.29
166
20
46
7.07
12501
12478
64.44
140
19.65
50
16.49
7940
2397
211.61
167
12.73
9
18.38
12237
5503
8.97
144
12.73
39
11.66
8429
12496
-57.53
141
3.16
10
10.77
5728
11424
233.75
144
14
48
11.05
11973
10867
63.43
104
15.62
22
39.7
12513
10867
40.91
164
39.12
78
11.4
8579
12080
57.99
172
17.46
57
3
12510
8459
193.39
167
13.42
19
9.06
12372
11964
81.87
167
10.05
28
5
12494
12512
-35.13
142
19.03
33
21.54
11701
12246
228.01
171
39.12
74
6.71
12376
12510
210.96
148
17.89
49
12.65
2975
8459
-8.13
141
5.83
55
4.47
9263
11424
-50.71
160
8.06
23
7.28
12367
12228
262.87
128
4.24
31
6.4
4523
11837
-82.09
159
18.36
19
20.4
8584
12514
-61.7
161
13.45
65
5
12253
12381
119.25
135
18.68
40
20.4
12235
12515
54.46
176
5.83
9
2.83
12364
9263
0
138
17.69
63
13.42
9131
769
172.87
142
5.83
46
5
12235
12377
-16.7
152
15.3
44
10.3
12508
12085
152.35
142
20.4
58
15.03
8579
8580
66.37
157
14
50
7.28
12510
9131
182.49
170
21.59
65
4.47
12514
12512
246.37
151
10.05
29
10
12508
12355
210.47
159
16.4
53
7.62
12085
8580
262.41
169
15.03
82
3
2397
12229
196.7
152
14.14
38
10.77
12100
12367
210.96
166
16.97
75
4.24
4523
5541
36.25
145
15.81
58
10.77
11424
5728
53.75
128
7.28
22
15.26
12367
12100
30.96
166
14.14
42
5.1
12502
12514
-14.93
117
12.04
46
14.76
12498
5676
73.81
131
3.61
5
30.08
5728
7806
153.43
122
15.26
59
15.03
12085
12508
-27.65
140
9.22
19
17.69
12381
12253
-60.75
161
22.67
45
10.44
12085
5503
113.75
157
20.52
43
11.7
12228
10856
-11.31
118
6.4
38
9.22
5676
12237
80.84
145
26.83
58
18.38
12508
769
232.43
151
14.14
59
8.06
12379
12518
232.85
98
1.41
1
41.23
2412
10856
204.23
146
5.83
10
17.46
10590
12228
112.38
129
7.28
22
15
10856
12377
-3.09
164
17.46
13
20.88
5503
12237
188.97
119
11.7
37
17
12520
4523
157.62
110
12.04
38
18.36
7806
5728
-26.57
154
13
55
7.07
5676
2397
116.57
150
26.08
71
14.14
11696
12522
127.87
102
2.24
11
11.18
11696
12523
153.43
127
2.24
10
10
12510
12376
30.96
144
13
30
15
12524
9131
204.9
138
13
22
23.02
5541
4523
216.25
120
18.11
58
18.38
12502
12512
-68.2
127
15.52
45
17.46
10856
12100
72.47
122
9.22
27
16.97
2192
11830
-85.24
170
11.4
68
2.24
12377
12524
250.2
147
25.71
70
15
10861
12508
-47.29
149
7.28
18
12.08
12379
12250
226.79
174
41.4
46
6
12516
12520
110.56
152
22.67
62
12.04
12228
10590
-67.62
124
10.2
33
15.3
12517
8580
-65.85
158
20.52
31
15.13
10856
2412
24.23
158
19.1
59
8.6
12521
12525
149.04
150
13
46
9.22
12110
11696
84.56
175
20
57
2.24
9131
12524
24.9
124
14.14
27
26.02
12516
5676
68.55
138
25.63
57
20.4
12237
5676
260.84
159
23.54
42
12.81
12100
10856
252.47
109
8.6
25
19.1
8580
12521
147.99
133
7.28
49
7.07
12377
10856
176.91
152
18.79
23
22.36
11696
12110
264.56
175
20
57
2.24
12237
12525
-77.74
131
17
45
18.03
5676
5541
147.53
137
20.4
51
18.11
12524
12377
70.2
135
18.79
45
18.79
12524
10590
158.84
162
26.02
44
12.08
12528
12244
233.57
175
50.25
64
5.1
12529
12244
236.02
147
4
2
52.2
10590
12526
12.26
114
15.3
38
22.36
8580
12517
114.15
147
9.43
12
24.52
12378
12525
97.13
166
5.39
4
19.03
10590
12524
-21.16
147
23.54
43
18.79
12521
12517
101.77
133
17.49
45
18.03
12250
12528
68.4
104
8.6
9
50.25
5010
12378
-15.26
153
9.22
52
5.39
5010
12525
69.15
151
13.15
30
12.81
12528
12250
248.4
120
19.21
21
45.28
12379
12529
122.28
174
19.21
32
4
12525
5010
249.15
157
19.03
56
9.22
12531
8810
163.3
179
19.65
28
1.41
5530
8810
10.78
101
1
2
21.21
12532
12533
-60.26
177
14.42
29
2
12389
9429
257.2
168
3
1
19.65
9429
12535
235.62
173
2.24
0
20.81
1847
5326
30.07
121
1
2
21.47
3939
306
120.47
177
14.42
8
5.39
817
1450
-15.95
179
19.65
10
2.24
12538
12537
54.16
145
1
1
21.4
5530
817
7.77
177
21.38
52
1.41
1860
9778
-48.81
171
7.81
22
3.16
12259
12261
253.61
164
3
3
14.87
5326
1847
210.07
121
1
2
21.47
12541
12540
216.38
127
3
6
21.95
12539
12542
254.05
165
1
0
20.88
9429
12389
77.2
168
8
6
14.87
12537
12538
234.16
145
1
1
21.4
9778
10119
213.69
110
4.12
33
7
10898
11986
247.38
158
5
12
8.6
12535
9429
55.62
146
3
4
20.62
12533
12532
119.74
160
7.81
17
9.22
306
1450
140.91
161
14.87
36
8.25
12543
12532
-32.01
168
14.87
36
5.39
12544
12538
74.74
165
2
1
20.88
12546
12545
197.65
122
4.12
9
21.21
12547
12548
-59.93
180
19.72
3
2.24
12261
12259
73.61
164
10
19
8.6
12261
12541
241.56
152
8
10
20.62
1860
10119
-85.24
144
10.63
61
7.21
12550
12545
-15.95
170
21.1
74
4
12548
12550
-37.41
175
18.87
34
3.16
12540
12541
36.38
141
4.12
7
20.59
11986
10898
67.38
148
12.17
67
7
1450
817
164.05
153
19.42
62
10.2
12538
12544
254.74
165
5
4
18.03
11879
1847
59.42
150
5
6
21.4
12412
11879
73.3
164
3
2
18.03
12408
12549
144.78
177
18.87
28
2.24
12553
12399
127.57
176
13.45
19
3.16
12554
817
30.96
109
9.22
23
22.2
12552
12543
-10.78
158
19.42
65
8.25
12545
12546
17.65
108
4
9
22.2
12555
5530
46.55
131
9.06
18
21.47
12547
12549
-59.53
169
13.45
22
7.07
12551
12408
167.2
173
21.1
58
3.16
12556
1860
-18.43
145
13.6
59
9.22
12414
12557
63.43
154
4
8
12.21
12541
12261
61.56
152
11
16
18.38
12281
12559
143.13
158
8.25
53
4
12532
12543
147.99
131
13.6
45
14.32
12559
12285
40.6
117
4.12
26
8.25
1847
11879
239.42
144
9.06
16
19.1
11986
12558
240.52
151
10
15
18.38
11879
12412
253.3
158
10.05
18
12.21
12558
12546
229.4
140
11
20
20.59
817
12554
210.96
110
10.2
25
22.09
5530
12555
226.55
125
9.22
19
22.36
12399
12553
-52.43
142
8.25
27
11.18
1860
4173
225
131
12.04
40
14.04
10119
5754
237.72
139
12.17
31
15.65
12557
12414
243.43
149
12.04
49
8.25
12557
12555
60.52
145
10.05
17
19.1
12549
12408
-35.22
152
16.12
49
10.05
12281
12285
94.76
132
10
54
9.22
12560
12553
152.1
160
16.12
53
7.07
12558
11986
60.52
147
16.03
33
15.65
12561
12551
215.54
121
12.04
27
22.2
4173
1860
45
129
18.11
63
15.81
12546
12558
49.4
135
12.04
24
21.02
7565
12543
33.69
114
16.28
44
21.38
12408
12551
-12.8
148
21.19
67
12.17
12543
7565
213.69
112
14.32
39
21.1
5754
10119
57.72
142
18.11
53
14.04
12555
12557
240.52
143
14.14
29
17.49
12563
12554
53.13
135
14.14
26
22.36
12562
12560
171.87
153
21.19
76
10.05
12285
12563
56.31
142
12.04
25
17.49
5754
12561
234.25
141
16.03
28
21.02
82
12552
43.53
127
17.12
38
22.09
12551
12561
35.54
117
12.17
28
23.19
12564
12281
166.76
142
16.55
66
11.18
12553
12560
-27.9
128
16.55
54
16.12
12281
12565
45
131
12.04
34
16.28
12552
82
223.53
123
16.28
36
23.19
12554
12563
233.13
137
17.12
33
21.19
12556
12566
228.01
132
18.11
42
20.1
12563
12285
236.31
140
18.11
45
16.28
4173
12567
233.13
137
18.11
36
20.88
12561
5754
54.25
139
19.1
37
20.88
12566
12556
48.01
131
22.2
53
21.1
12565
12281
225
129
19.1
58
17.46
12567
12562
226.33
131
19.1
38
23.19
11883
12560
220.1
125
19.1
48
21.21
12565
82
54.25
138
18.11
34
21.19
12560
11883
40.1
123
16.12
40
21
12567
4173
53.13
138
22.09
47
20.1
12568
7565
51.34
134
22.2
43
23.19
12562
12567
46.33
131
19.1
38
23.19
7565
12568
231.34
134
22.2
43
23.19
82
12565
234.25
137
22.2
46
21.21
12564
12568
49.18
134
19.1
41
21.21
12566
11883
229.97
135
22.09
42
23.19
12568
12564
229.18
134
22.09
49
21
11883
12566
49.97
135
22.09
42
23.19
12569
12570
-78.69
176
7.28
11
3
12569
12572
221.19
120
10.2
57
10.44
12573
12570
11.89
155
11.4
28
10.44
1496
12575
38.99
167
16.4
19
11.7
12576
12575
175.6
163
21.59
50
8.6
12578
12576
148.24
160
5.1
5
20
12580
12581
194.04
174
8.54
6
8.06
1496
12577
21.04
163
27.02
75
8.6
12579
12576
143.13
158
12.37
29
9.85
12583
12454
227.49
156
12.65
47
7
12577
12582
-9.09
158
21.59
56
9.85
12581
12580
14.04
171
9.85
14
7
12582
12454
-55.62
139
12.37
30
16.03
12582
12577
170.91
121
22.02
53
23.71
12584
12454
-4.24
126
22.02
51
23.02
12577
1496
201.04
122
17.26
37
24.04
12250
1496
163.07
140
15.23
38
15.81
12584
12577
117.65
134
14.56
37
17.26
12586
12587
106.7
152
5.66
26
6.08
12588
12447
-38.66
152
11.18
60
6.08
12447
3236
261.25
127
5.66
24
10.82
12250
12589
-49.76
147
14.56
58
9.49
12590
12447
26.57
152
24.41
65
12.81
12588
12591
213.69
159
24.41
55
10.77
12447
12590
206.57
126
13.15
29
22.02
5286
10633
-24.44
170
8.25
5
16.12
12593
3236
22.25
113
10
24
22.02
12594
12591
57.53
130
3.16
12
11.31
10317
12592
162.47
141
5.39
12
16.12
3075
11142
-32.62
166
12.65
10
17.69
12590
12591
158.2
159
9
54
4.12
12591
12594
237.53
134
4.12
16
10.63
12599
12600
-3.01
168
18.25
72
4.12
2389
12602
185.71
164
10.77
17
10.2
3075
12601
10.3
164
13.42
21
10.2
12604
9141
180
130
7.81
45
8.49
12603
9141
135
126
6.08
45
7
12606
410
23.96
114
6
36
9.22
12590
12597
180
162
3.16
9
6.08
12608
12604
106.7
134
8.94
56
7.81
12610
12611
244.65
161
9.06
13
12.81
12613
836
222.27
178
4.24
1
10.63
12611
12614
20.56
150
12.81
47
8.94
12605
12601
220.03
131
6
9
29.15
12612
12597
24.23
160
4.24
4
18.03
12616
12590
114.44
149
3.61
11
9.22
12606
12603
18.43
175
9.85
8
6.08
12607
12615
-57.99
104
3.16
19
9.22
12609
2168
38.99
136
9.06
17
21.54
12601
12610
204.62
168
5
2
21.54
12608
12603
153.43
115
6.4
42
8.54
12618
11791
153.43
131
15.23
63
13
12619
12607
41.19
146
8.25
50
6.08
12617
813
26.57
168
6.4
8
9.49
12620
12621
47.29
157
14.87
55
7.07
12597
12612
204.23
129
8.25
21
18.03
1257
12620
-86.19
104
6.08
23
14.87
1257
12622
49.09
166
17.89
60
5.1
6787
12603
75.96
121
15.56
57
15.81
813
12623
244.36
142
13.34
25
19.21
11790
12616
47.73
167
14.76
81
3.61
11512
12625
85.6
178
25.02
40
1.41
12619
12615
-4.4
135
10.63
53
9.43
2168
12609
218.99
171
24.08
50
5.1
2168
12626
79.51
145
21.02
49
16.12
12622
1257
229.09
163
17.46
58
6.08
12603
6787
255.96
146
8.54
27
10.63
12623
813
64.36
149
18.11
37
15.65
12355
12629
110.56
111
2
13
8.06
10564
12631
3.58
163
13.93
56
5
12632
12633
13.24
160
10.82
27
8.25
11512
12630
-22.38
135
15.23
54
13.34
12626
2168
259.51
129
22.67
52
22.36
12630
11512
157.62
137
13.93
49
12.65
12612
12634
209.74
120
7
25
14.04
12618
8584
-9.46
171
5
1
25.5
12637
3001
50.91
120
10.77
31
18.03
12638
510
-26.57
154
3
36
2.24
8791
7635
26.57
144
2.24
26
3
12626
3202
-48.58
145
21.59
67
13.42
11512
12497
215.84
108
12.65
33
22.02
12499
12630
144.09
178
31.06
17
5
12623
12617
96.34
145
13.45
47
10.63
12635
12619
23.96
114
7
20
18.03
12640
12641
156.25
174
26.25
66
3
12628
8224
-69.44
111
2
13
8.06
6787
12639
133.03
152
9.49
20
13
12639
3202
243.43
131
13
63
11
12633
12632
193.24
164
8.06
13
10
12500
12622
82.87
115
9.43
35
14.87
2397
3202
48.58
104
8.6
22
22.36
11268
12615
40.82
156
21.93
45
13.04
12615
11268
220.82
160
14.76
19
16.16
12643
12642
108.92
151
12.04
12
27.17
11701
8224
78.69
138
5.83
19
11.66
12502
12618
147.53
151
19.03
44
13.34
11843
12645
59.74
177
40.25
59
3
11790
12501
246.25
159
25.02
66
10
12641
12640
-23.75
160
19.03
35
11.66
7635
8429
124.99
125
3
13
10.77
12623
6787
131.99
169
10
27
4.12
12644
12646
235.92
115
5.83
7
38.95
12642
12643
-71.08
141
9.43
11
30.27
11424
9263
129.29
148
3.16
8
11.66
12648
12647
212.01
168
9.9
13
9.49
12649
12629
182.86
155
19.24
72
8.54
4739
11707
226.47
166
25.06
62
7.28
12497
11512
35.84
158
15.26
35
10
11701
9965
54.78
157
15.3
42
9.22
2397
5302
33.18
165
22.67
33
11
5302
5503
-34.99
164
9.49
40
4.12
8584
12618
170.54
123
12.04
23
26.08
12229
2397
16.7
156
19.85
71
8.6
11707
12513
221.99
159
40.25
78
15
11268
12619
65.77
119
15
41
19.7
11707
4739
46.47
162
23.26
52
9.06
12623
12228
-9.46
126
8.49
43
10
8459
11701
218.29
154
23.26
71
10.82
4739
12650
7.13
161
13.42
21
12.37
8224
9965
12.53
153
7.81
57
4.24
12651
12512
221.19
172
9.22
41
2
12355
8224
-82.87
121
7.62
57
7.81
12513
11707
41.99
165
39.12
75
10.82
11701
8459
38.29
164
20.81
54
7.28
12513
11701
57.53
97
6.4
9
38.95
8429
7635
-55.01
144
3.16
11
9.85
5503
12085
-66.25
151
10
14
19.24
11680
12623
123.69
118
9.06
24
19.24
5728
11424
233.75
144
13
43
11.18
12510
8459
193.39
167
13.42
19
9.06
12501
11790
66.25
145
19.42
44
16.16
12623
11680
-56.31
134
12.17
33
16
12235
12652
14.04
150
9.9
32
9.49
12651
12653
81.87
166
9.06
22
5.83
8394
12654
57.99
175
15.65
24
3.61
12630
12512
-37.87
146
19.03
30
21.54
12632
12228
-53.13
119
7.07
43
9.06
12656
12510
208.81
149
16.12
42
12.37
9965
8459
-15.95
143
5.39
47
4.47
2912
12657
119.25
139
18.03
38
19.24
9263
11424
-50.71
165
8.6
20
6.32
5302
2397
213.18
166
13.45
10
18.38
4523
12643
-80.54
162
19.24
18
19.24
12237
5503
8.97
141
13.45
43
12.21
9131
769
172.87
152
5.39
37
4.24
8584
12514
-61.7
157
12.81
59
5.83
12641
9263
-3.01
140
16.4
58
12.53
12514
12512
246.37
151
9.06
25
10.63
12510
9131
182.49
170
21.59
65
4.47
8394
8395
63.43
154
13
55
7.07
11424
5728
53.75
126
6.32
19
15.81
12649
12355
207.9
158
15.62
51
7.62
12649
12085
150.26
145
20.1
56
14.04
12498
12658
73.3
130
3.61
5
29.15
12655
12228
263.66
129
5.66
38
7.07
12085
8395
262.87
169
14.04
49
3.61
12657
2912
-60.75
159
22.02
44
11.4
12502
12514
-14.93
117
12.04
46
14.76
7806
5372
-86.42
121
15.65
58
15.81
12235
12659
49.4
171
5.83
15
3.61
4523
5759
33.69
143
15.81
60
11.18
12235
10073
-19.29
147
16.49
50
11.7
2397
12229
196.7
149
14.87
43
11.18
12085
12649
-29.74
144
9.06
17
17.69
12649
769
230.19
149
13.15
57
8.06
636
12655
205.02
161
15.56
70
5.66
12655
636
25.02
164
13.45
46
5.39
4523
12657
-62.1
144
18.79
69
12.04
12502
12512
-68.2
127
15.52
45
17.46
7806
5728
-26.57
158
13.04
53
6.08
12658
12237
81.12
146
27.73
58
18.38
12085
5503
113.75
155
19.85
42
12.65
12660
9131
203.2
138
12.08
20
23.02
12510
12656
28.81
144
12.08
28
15
10432
12228
111.25
128
7.28
21
16
12228
12661
-16.7
119
7.07
41
9.43
12516
2591
111.37
151
22.02
63
12.04
12658
2397
115.64
149
26.08
67
14.87
12662
12523
146.31
120
2.24
11
9.9
4523
2591
-25.2
122
18.03
58
18.11
2412
12661
206.57
148
5.83
10
17.72
12661
10073
-3.09
161
17.72
16
21.19
10073
12660
250.2
147
25.71
70
15
5503
12237
188.97
118
12.65
39
17.49
11680
12649
-47.29
149
7.28
18
12.08
9131
12660
23.2
122
13.15
25
26.02
12522
12663
-70.02
170
11.66
83
2.24
10322
12664
149.04
154
13.04
45
8.25
12516
12658
67.83
137
24.7
56
20.4
10000
8395
-65.85
156
19.85
31
16.12
12228
10432
-68.75
128
10.44
32
15.3
12665
12663
-85.6
171
12.37
67
2.24
8395
10322
147.99
140
7.07
48
6.08
12661
636
72.47
131
9.43
27
15.56
12251
12662
84.56
175
20
57
2.24
12237
12658
261.12
160
24.52
42
12.81
12661
2412
26.57
160
19.1
56
8.06
12658
5759
147.53
137
20.4
51
18.11
12662
12251
264.56
172
20.02
66
3.16
12660
10432
158.84
162
26.02
44
12.08
10073
12661
176.91
150
19.24
25
22.83
12519
12666
225.88
175
41.23
36
6.08
5372
12664
97.13
166
5.39
4
19.03
12660
10073
70.2
134
17.89
42
19.24
12237
12664
-78.23
133
17.49
45
18.03
636
12661
252.47
109
8.6
25
19.1
8395
10000
114.15
147
9.43
12
24.52
12667
5372
-15.26
153
9.22
52
5.39
10432
10870
9.87
112
15.3
38
22.83
10432
12660
-21.16
149
23.35
42
17.89
10322
10000
101.77
133
17.49
45
18.03
12667
12664
69.15
151
13.15
30
12.81
12668
12244
232.91
175
50.25
74
5.39
12669
12244
235.18
157
5.1
2
51.4
12664
12667
249.15
157
19.03
56
9.22
12666
12668
68.4
104
8.6
9
50.25
12668
12666
248.4
118
19.85
22
45.97
12519
12669
120.96
171
19.85
42
5.1
34
4616
142.59
177
18.03
18
3.61
8634
12671
235.62
146
2
3
21.4
4616
3134
165.96
172
19.1
57
3.16
12534
8634
256.61
167
2
1
19.65
12670
12674
-36.87
177
18.03
26
2.24
1650
12675
-58.39
176
13.6
31
2
3134
12676
185.44
172
20.62
77
3.16
1619
12674
120.47
175
13.6
12
6.32
12678
12677
214.38
151
2.24
2
21.1
12679
12676
37.87
128
3
6
21.1
12681
12682
76.61
167
1
0
20.62
1255
12670
-13.39
173
19.1
42
3.61
12685
12684
258.11
169
4
3
15.52
12686
12680
53.62
144
2
3
22.02
12671
8634
55.62
173
2.24
0
20.81
12687
9114
-40.6
166
6.71
30
3.16
8634
12534
76.61
177
6.08
1
15.52
12689
12688
193.39
104
2
5
21.21
11027
12124
250.35
161
4
6
11.18
12682
12681
256.61
167
2
1
19.65
9114
9592
225
121
4.12
29
7.28
5963
1255
5.44
172
20.62
77
3.16
12690
12691
-59.93
180
19.72
3
2.24
12693
12688
-13.39
176
20.22
50
2.24
12675
1650
121.61
149
6.71
20
10.2
12680
12686
233.62
144
3
4
21.26
12676
12679
217.87
110
3.16
7
21.95
12691
12693
-37.41
178
19.42
26
2.24
12677
12678
34.38
125
2
4
21.95
12684
12678
240.52
160
6.08
5
20.81
12695
12686
77.2
168
3
1
19.65
12674
12670
143.13
156
14.32
40
9.22
12684
12685
78.11
162
9.06
14
11.18
4420
1650
-29.36
163
14.32
42
6.32
12687
9592
-85.24
136
9.22
49
8.49
12694
12692
142.59
178
19.42
26
2.24
12124
11027
70.35
151
12.17
54
7.28
12689
12545
187.77
175
21.59
71
2.24
12545
12694
166.61
176
20.22
50
2.24
12696
12697
124.7
176
14.21
34
2
12686
12695
257.2
158
6.08
7
17.09
12699
12698
72.47
163
3
3
17.09
12690
12692
-59.53
172
14.21
21
6.08
12698
12679
59.42
140
6.08
10
21.26
12670
1255
166.61
150
19.92
66
11.18
12678
12684
60.52
151
9
13
19.1
12411
12702
135
165
8.06
30
4.12
12559
12415
63.43
154
4
10
10
12701
12689
226.47
137
9
16
21.95
12124
12701
242.45
147
9.06
15
19.1
12702
12703
29.74
106
4.12
29
8
12700
4420
-8.13
155
19.92
69
9.22
12704
5963
46.47
137
9
16
21.95
12705
1255
33.02
118
11.05
27
21.1
12706
12687
-14.93
141
14.32
63
10.2
12698
12699
252.47
163
11
19
10
1650
4420
150.64
126
14.32
49
15.3
12697
12696
-55.3
155
8.06
22
9.22
12679
12698
239.42
150
9
14
18.38
12692
12694
-37.41
157
16.49
46
9.06
12708
12545
213.69
119
11.05
25
22.2
12707
12696
149.53
164
16.49
50
6.08
9592
321
239.04
140
12.17
29
16.12
12415
12559
243.43
144
12.17
63
8
12687
12709
227.12
133
12.04
38
14.14
1255
12705
213.02
113
11.18
27
22.09
12411
12703
94.76
140
11.31
65
8.06
12694
12545
-13.39
150
20.88
71
11.05
5963
12704
226.47
132
11.05
22
21.93
12689
12701
46.47
132
11.05
22
21.93
12701
12124
62.45
145
15.13
32
16.12
12415
12704
61.56
152
11
16
18.38
12709
12687
47.12
131
18.11
62
15.52
12710
12707
171.87
156
20.88
75
9.06
12545
12708
33.69
119
11.05
25
22.2
321
9592
59.04
143
18.11
50
14.14
321
12708
233.13
136
15.13
28
21.93
7947
4420
37.87
118
17.26
46
21.21
12711
12411
166.76
149
15.81
64
9.22
4420
7947
217.87
117
15.3
40
21.02
12704
12415
241.56
144
15.13
30
17.49
12696
12707
-30.47
132
15.81
51
15.13
12703
11477
58.24
139
12.17
27
17.49
11477
12705
53.13
136
15.13
28
21.93
12411
12017
45
131
12.04
37
15.13
2665
12700
45
129
18.11
39
22.09
12708
321
53.13
140
17.03
32
20.25
12712
12710
223.6
131
17.03
35
22.2
12709
12712
235.78
140
18.11
35
20.25
11477
12703
238.24
143
19.1
50
15.13
12706
12713
229.4
134
18.11
40
20.22
12017
12411
225
126
18.25
58
17.46
12700
2665
225
125
17.26
37
23.19
12714
12707
216.38
120
17.12
44
21.21
12705
11477
233.13
137
18.11
36
20.88
12713
12706
49.4
132
22.2
52
21.02
12707
12714
36.38
119
15.13
39
21.02
12710
12712
43.6
127
17.12
36
23.19
12712
12709
55.78
139
22.2
47
20.22
12017
2665
54.25
139
19.1
37
20.88
12711
12715
49.4
130
18.25
41
21.21
12715
7947
51.34
134
22.2
43
23.19
12713
12714
231.34
134
22.2
43
23.19
12715
12711
229.4
132
22.2
52
21.02
2665
12017
234.25
137
22.2
46
21.21
7947
12715
231.34
134
22.2
43
23.19
12714
12713
51.34
134
22.2
43
23.19
230
12716
-74.74
169
6.71
15
5
12716
230
105.26
122
10.44
56
10.63
12041
12716
8.53
158
11.66
25
10.44
12720
12721
38.99
165
17.2
23
11.4
12722
12723
146.31
161
4.12
3
21.4
12723
12721
177.8
159
21.19
50
10
12720
12725
18.43
160
27.02
71
10
12727
4263
227.29
156
12.65
40
8.06
12724
12723
142.59
153
12.17
28
12.08
12729
12726
17.35
171
8.94
10
8.06
12725
12728
-9.09
152
21.19
56
12.08
12728
4263
-57.72
132
12.17
32
17
12730
12720
120.96
121
6
19
15.3
12731
4263
-4.4
126
22.02
53
22.47
12728
12725
170.91
121
22.02
53
23.71
12725
12720
198.43
121
19.42
41
25.08
12732
12720
156.5
137
14.87
35
17.49
12731
12725
117.65
126
15.13
39
19.42
12733
12734
108.43
146
5
27
6.08
12736
12735
-41.99
154
11.4
57
6.08
12735
12737
257.01
114
5
21
12.21
12732
12738
-49.76
138
15.13
60
11.7
12730
12738
-17.74
143
14.87
32
17.03
12739
12735
28.44
151
26.08
70
13.45
12736
12740
215.31
158
26.08
61
11.18
12735
12739
208.44
132
13.34
28
21
10322
12741
162.47
141
5.39
12
16.12
12743
12737
24.44
121
10.05
24
21
12744
12740
61.7
126
4.47
16
12.73
3283
12746
-31.61
166
13.6
11
17.69
12739
12740
153.43
148
10.05
63
6
12740
12744
241.7
152
6
16
9.9
12749
6924
185.71
153
10.82
25
11.7
3283
12748
4.97
159
13.42
24
11.7
12750
8985
180
126
8.6
49
9.22
7014
8985
130.6
123
7.07
47
8.06
12753
12751
26.57
117
7
47
8.54
12755
12756
244.65
166
10.2
12
11.4
12756
12757
18.43
147
11.4
45
8.94
12739
12747
185.71
141
4.24
21
7.28
12760
11804
222.27
170
5
5
10
12761
12750
105.26
132
8.94
50
8.6
12752
12748
222.61
133
7
9
29.68
12759
12747
26.57
154
5
7
18.03
2003
12739
107.1
141
3.61
11
11.05
12762
12739
95.19
159
8.94
50
4.24
12754
12763
38.99
141
10.2
18
20.25
12753
7014
18.43
172
8.94
10
7.07
12748
12755
202.62
172
5.83
2
20.25
12764
12765
26.57
121
15.03
58
15.26
12767
1401
47.29
159
13.93
47
7
1033
12767
-86.19
113
6.32
24
13.93
12768
12758
41.19
138
9.06
57
7.28
7014
12769
-71.57
135
8.94
63
7.07
1033
12770
49.4
164
17.46
71
5.39
12769
12771
26.57
162
7.07
14
9.22
12747
12759
206.57
123
9.06
23
19.03
12772
12764
265.91
176
3
0
25.08
12763
12754
218.99
170
24.84
60
5.39
12770
1033
229.4
160
17.09
67
6.32
12762
12625
246.8
101
3.61
13
15
7453
7014
77.47
128
17.03
59
15.81
12771
12773
245.22
143
13.34
24
19.85
11229
12776
7.13
167
13.93
52
4.24
12355
12778
106.7
152
2.83
9
8.06
12768
12762
-4.76
135
10.63
58
8.94
12780
12197
50.91
117
9.85
28
18.38
12763
10168
79.51
145
21.02
49
16.12
12775
12764
157.62
137
13.93
49
12.65
12764
12775
-22.38
132
15.65
55
14.32
9295
2
-26.57
154
3
36
2.24
8432
7433
14.04
150
1.41
14
3
7014
7453
257.47
150
9.49
25
11.4
12765
8414
-11.31
169
6
2
24.74
12773
12771
65.22
150
19.1
38
15.65
4712
12775
144.09
179
31.62
9
4.24
1988
12783
16.39
159
11.4
30
8.25
12764
12784
215.84
108
12.65
33
22.02
12785
7453
-46.85
171
5
2
17.03
12759
12786
209.74
120
9
33
14.04
12646
12787
57.43
180
9.43
0
33.29
3460
1713
32.01
161
6.4
9
13
10168
12763
259.51
130
23.43
55
21.93
9981
12641
160.2
176
25.96
70
2
12777
8030
-71.57
154
2.83
10
7.07
11708
2540
59.74
177
39.36
41
3.16
12789
11708
-30.47
172
5.39
3
14.42
10168
12788
-50.19
144
21.59
64
14.32
12773
12769
96.01
145
13.45
43
11.4
12635
12768
27.76
118
9
24
19.03
11701
8030
79.38
147
7.62
23
10.82
12791
11731
108.92
154
12.73
12
26.17
12787
12646
237.43
125
7.62
9
38.95
12792
12770
86.42
119
9.43
35
14.21
12793
12765
142.31
152
19.24
40
14.32
7453
12785
133.15
152
9.49
18
14.32
12785
12788
245.22
131
14.32
65
12
2942
11707
227.86
167
25.06
55
7.07
12641
9981
-19.8
164
19.03
33
10
11707
12513
221.99
160
39.36
75
14.42
12625
12794
246.04
161
25.08
54
10.2
7433
8429
127.87
128
3
13
9.85
12783
1988
196.39
156
9.22
22
10.05
11019
9263
131.99
166
3.61
5
10
12762
11144
225
159
15.23
18
17.89
11701
9965
54.78
156
16.28
48
9.06
11731
12791
-71.08
141
9.43
11
30.27
11144
12762
45
159
25.08
49
12.04
2397
12788
52.13
109
10.82
27
21.93
12649
12778
177.14
150
19.24
70
10.44
12513
11701
57.53
97
6.4
9
38.95
12513
11707
41.99
165
39.12
75
10.82
12784
12764
35.84
162
13.6
24
10.2
8459
11701
218.29
154
23.26
71
10.82
11707
2942
47.86
164
23.26
47
9
8414
12765
168.69
115
13.6
26
27.8
12796
12795
228.37
179
9.22
3
2.83
2942
12650
4.76
167
12.65
14
12.17
11701
8459
38.29
164
20.81
54
7.28
12773
7453
131.99
164
9.43
30
5.1
8030
9965
6.34
153
7.21
51
4.24
1713
3460
212.01
160
11.4
25
9.06
769
12355
156.8
124
7.21
58
7.07
12797
2397
15.95
151
21.21
72
10.82
2397
5513
34.7
163
22.8
34
12
8429
7433
-52.13
147
3.16
11
8.94
5513
5503
-38.66
160
9.49
40
5.1
6164
11019
229.76
140
12
44
11.05
11144
12768
66.5
122
15.81
38
21.47
11375
8459
190.78
173
12.65
10
9
12773
11936
-18.43
117
8.49
40
11.66
12798
2912
253.3
100
2.24
12
10.3
12796
12653
81.25
164
7.07
17
6.71
12775
12795
-40.43
149
19.24
27
21.54
8394
12654
57.99
177
14.76
12
4.24
2912
12800
120.26
143
18.38
40
17.26
9965
8459
-15.95
153
5.1
40
3.61
12656
11375
210.96
151
16.12
40
12.17
11680
12773
122.28
116
9.06
23
20.22
5503
12085
-66.25
146
9.43
15
20.22
9263
11019
-48.01
168
8.6
20
5.39
12794
12625
66.04
145
19.42
39
17.89
4523
12791
-80.27
164
20.12
19
17.26
12773
11680
-57.72
141
12.65
32
15
12801
769
165.96
155
5.1
30
4.24
12799
12795
246.37
149
7.07
18
12.04
11394
12802
14.04
142
11.4
43
10.3
8414
12799
-64.98
158
13.45
51
6.71
11375
12801
182.49
172
21.38
58
3.61
12641
9263
-3.01
146
15.26
53
10.82
1988
11936
-59.04
121
7
36
10.05
11019
6164
49.76
118
5.39
18
15.26
8394
8209
61.7
152
12
53
7.07
12800
2912
-59.74
160
22.02
46
10.44
12779
12803
71.57
99
2.24
4
28.23
12649
12355
207.9
158
15.62
51
7.62
5513
2397
214.7
162
15
15
18.03
482
5503
11.89
139
15
50
12.81
12649
12085
150.26
145
20.1
56
14.04
12799
8414
115.02
130
15.52
61
13.6
12085
8209
263.29
170
14.04
38
4.24
6164
7806
150.26
119
15.26
56
16.03
12649
769
230.19
149
14.14
64
8.25
4523
12804
30.96
136
15.52
59
12.53
12655
11936
264.29
136
6.4
39
7.07
12085
12649
-29.74
144
9.06
17
17.69
12793
12795
-68.2
127
15.52
45
17.46
2397
12797
195.95
146
15.62
44
12.53
11394
12659
53.13
175
5.83
8
4.24
4523
12800
-63.43
149
18.87
67
10.63
12807
12801
200.77
142
11.66
18
23.02
11394
10073
-16.7
150
16.49
51
10.77
12798
5336
114.44
154
22.02
65
10.63
11375
12656
30.96
152
11.66
22
14.14
7806
6164
-29.74
160
13.15
50
6.08
12803
482
81.38
148
29.55
61
18.03
12809
12655
200.56
159
16.28
71
6.4
12801
12807
20.77
119
14.14
27
27.17
5336
12804
93.01
126
18.87
62
17.49
10273
11936
111.25
135
7.62
21
15
12085
5503
113.75
151
18.6
39
14.56
12798
12803
67.07
133
24.17
56
21.38
12803
2397
113.96
149
26.63
63
15.62
10073
12807
253.5
150
25.71
65
14.14
12808
12811
149.04
158
13.15
43
7.28
11680
12649
-47.29
156
7.62
16
11.18
11936
12812
-16.7
119
7.07
41
9.43
12655
12809
20.56
162
14.21
51
5.83
8209
12808
147.99
140
7.07
48
6.08
11561
12523
142.13
143
2
7
9.9
12810
8209
-65.1
152
18.6
31
17.12
12812
10073
-1.55
163
17.72
15
20.88
12806
12812
206.57
148
5.83
10
17.72
11561
12814
120.96
121
2
9
10.77
5503
482
191.89
118
14.56
45
18.03
5676
11561
84.56
175
21
84
2
11936
10273
-68.75
128
10.44
32
15.3
5372
12811
97.43
154
3.61
4
20.02
12803
12804
145.71
135
21.38
52
19.03
12807
10273
157.89
165
27.17
41
11.18
482
12803
261.38
160
24.52
39
13.45
11561
12815
104.04
105
2
9
12.04
11561
5676
264.56
172
21.02
84
3
7402
5372
-5.19
163
9.22
51
3.61
12812
12809
69.78
128
9.43
27
16.28
12807
10073
73.5
136
19.24
43
19.72
8209
12810
114.9
147
9.43
12
23.54
12812
12806
26.57
160
19.1
56
8.06
10073
12812
178.45
148
19.72
27
22.83
482
12811
-78.23
136
18.03
47
17.2
10273
12807
-22.11
149
23.35
39
19.24
10273
12817
9.87
112
15.3
38
22.83
7402
12811
70.02
152
13.15
28
13.45
12808
12810
102.26
134
17.49
47
17.2
12809
12812
249.78
110
7.81
22
19.1
210
12818
225.88
175
41.23
36
6.08
12811
7402
250.02
158
20.02
57
9.22
12820
12813
232.22
174
50.25
83
5.83
12821
210
-61.19
177
22.47
73
1.41
12818
12820
67.38
108
7.81
8
50.25
12821
12813
234.58
156
5.1
2
50.61
12820
12818
247.38
119
19.21
21
45.97
12823
12824
119.05
179
17.49
10
3.16
12675
8624
122.01
168
1.41
1
17.49
210
12821
118.81
171
19.21
40
5.1
12673
12825
259.7
170
2
1
20.4
12827
12828
30.07
179
21.1
30
1
12824
12831
144.78
176
17.49
21
3.61
1225
1403
-53.97
175
12.04
36
2
12830
8624
-36.87
175
17.49
34
3.16
12832
12833
7.77
180
21.21
7
1
12831
12834
163.3
167
19.03
61
5.1
12836
12835
258.69
169
3
1
17.46
12675
8624
122.01
171
12.04
16
7.28
12825
12673
79.7
170
5
2
17.46
12838
12695
254.05
179
20.62
29
1.41
6843
12834
21.8
101
5.1
13
21.21
8465
12840
-35.54
154
6.08
40
4.12
12841
12679
56.98
147
3
4
21.4
12555
12839
39.81
130
4
8
21.1
12828
12827
210.07
179
21.1
30
1
12258
12842
250.35
161
4
6
11.18
1678
12830
-10.78
173
19.03
45
3.61
12840
11713
234.46
131
4.12
27
6.71
12838
12695
254.05
165
3
2
18.97
12835
12828
239.42
150
5
6
21.4
1403
1225
126.03
136
6.08
24
10.2
12835
12836
78.69
163
10.05
15
11.18
12843
12841
76.61
149
3.16
5
18.97
12834
6843
201.8
101
5.1
13
21.21
12679
12841
236.98
147
4
6
20.62
12845
12832
-13.39
167
1
0
20.62
12839
12555
219.81
119
5.1
12
21.47
8624
12830
143.13
148
14.04
42
11.18
12848
12849
122.74
176
15
32
2
8465
11713
-80.54
135
8.6
45
8.6
12842
12258
70.35
156
11.05
43
6.71
12846
1225
-26.57
158
14.04
47
7.28
12847
12850
-59.53
174
15
19
5.1
12828
12835
59.42
150
8
12
19.1
12852
12557
74.48
165
4
4
14.87
12841
12843
256.61
167
7
6
14.87
12851
12833
226.55
137
8
15
21.1
12853
12697
135
171
8.6
26
3.16
12842
12851
243.43
148
10.05
16
19.1
12557
12555
60.52
151
7
9
20.62
12702
12854
61.39
152
4
11
9.22
12855
12702
172.87
150
7.62
68
4.12
12830
1678
169.22
147
20.62
69
12.17
12850
12845
-37.41
160
16.76
45
8.06
12849
12848
-57.26
159
8.6
20
9.22
12858
12832
209.74
114
9.06
21
22.2
12557
12852
254.48
160
11.05
25
9.22
1225
12859
211.61
111
10.2
39
15.13
12857
12848
149.53
167
16.76
48
5.1
12845
12832
-13.39
156
20.4
70
9.06
12861
6843
49.4
135
11.05
21
21.47
12856
12846
-8.13
150
20.62
71
11.18
12833
12851
46.55
131
9.06
18
21.47
10660
1678
36.87
123
12.04
28
21.21
1225
12846
153.43
122
15.26
52
16.28
11713
5820
240.26
146
11.05
22
16.4
12555
12557
240.52
146
11.05
19
18.44
12697
12853
-45
112
7.62
39
11.05
12854
12702
241.39
142
12.17
68
8.06
12851
12842
63.43
150
14.04
25
16.4
8465
4966
233.13
134
12.17
37
14.56
12860
12857
169.22
158
20.4
72
8.06
12832
12858
29.74
114
9.06
21
22.2
12854
12861
60.52
146
11.05
19
18.44
1678
10660
216.87
118
12.17
29
22.2
6843
12861
229.4
135
12.04
24
21.02
5820
12858
233.13
140
14.04
25
21.47
4966
8465
53.13
134
18.25
60
15.13
5820
11713
60.26
144
17.12
44
14.56
12862
12853
160.56
150
15.3
58
9.22
12848
12857
-30.47
139
15.3
50
13.15
12863
12846
41.63
123
19.24
49
21.21
12855
12864
55.62
137
12.17
30
16.55
12861
12854
240.52
144
16.12
35
16.55
12846
12863
221.63
122
16.28
41
21
12853
12865
40.6
126
11.05
36
15.03
12858
5820
53.13
137
16.12
31
21.54
12864
10660
55.78
139
16.12
30
21.02
12418
12860
223.53
127
16.12
35
22.2
12419
12857
212.28
116
16.12
43
21.38
4966
12418
234.25
138
17.12
32
21.54
12865
12853
220.6
122
18.25
60
18.03
12866
12856
49.18
131
19.24
41
22.2
12864
12855
235.62
140
18.11
51
15.03
12857
12419
32.28
114
13.15
35
21.02
12859
12867
230.71
132
18.25
39
21.38
12860
12418
43.53
127
16.12
35
22.2
10660
12864
235.78
137
19.24
39
20.88
12856
12866
229.18
131
19.24
41
22.2
12867
12859
50.71
133
22.2
50
21
12418
4966
54.25
137
21.21
43
21.38
12865
12866
53.13
137
18.11
36
20.88
12862
11750
48.01
129
18.25
42
21.1
12867
12419
231.63
134
21.21
43
22.2
11750
12862
228.01
130
21.21
50
21.02
11750
12863
52.77
135
22.2
45
22.2
12866
12865
233.13
136
22.2
47
21.1
12863
11750
232.77
135
22.2
45
22.2
12419
12867
51.63
134
21.21
43
22.2
12868
12869
-78.69
170
5.39
11
5
12871
12869
11.89
163
10.3
17
10.05
12868
12872
228.37
128
10.2
54
10.05
12874
2845
56.31
179
9.43
1
8.6
12875
12876
-2.12
178
9
1
18.03
12874
12875
40.6
165
18.03
25
11.4
12878
12876
144.46
156
5.1
5
21.26
12876
12875
177.88
158
22.47
54
10.82
12882
696
229.76
159
12.65
41
7.07
12883
12881
17.35
174
9.85
9
7.07
12874
12880
18.43
158
27.66
74
10.82
12879
12876
138.81
149
12.17
30
12.65
12880
12884
-9.09
151
22.47
62
12.65
12884
696
-55.62
134
12.17
31
17.03
12886
12874
117.9
137
6.32
16
15.3
12887
696
-2.12
126
22.8
53
23.02
12884
12880
170.91
119
22.8
54
24.6
12880
12874
198.43
120
20.4
43
25.5
12888
12874
154.44
132
15.23
36
19.24
12887
12880
116.57
125
15.13
37
20.4
12889
12890
108.43
120
5.1
32
8.25
12892
12886
160.2
161
14
19
14.21
12893
3870
-48.01
143
11.18
56
8.25
12888
12892
-53.75
134
15.13
53
13.6
12894
12889
59.74
159
13.15
71
5.1
12886
12892
-19.8
138
15.23
33
18.6
12893
12895
237.99
107
13.45
27
27.78
12893
12896
215.75
158
28.3
66
11.66
3870
12895
210.26
130
13.15
27
22.02
12897
12894
24.44
115
9
21
22.02
12898
12896
61.7
138
4.12
13
12.04
3497
12901
-31.61
166
13.6
11
17.69
12903
9296
172.87
157
7.28
64
3.16
12896
12898
241.7
144
7.07
24
10
12895
12896
149.04
143
9.06
50
7.07
12905
12906
182.86
148
12.21
33
11.66
3497
10353
2.6
153
13.89
33
11.66
10800
12907
248.2
164
10.05
13
12.21
12907
12908
21.8
147
12.21
48
8.94
560
1923
175.24
123
10
51
10.82
12909
1923
123.69
124
6
33
9
12912
12910
32.01
123
9
58
8.94
12895
12904
186.34
142
4.24
24
6.32
12914
12092
222.27
155
5.39
13
10.3
12915
560
104.04
128
9.85
50
10
2628
12904
28.81
141
5.39
10
18.97
12911
10353
223.88
134
9
12
30.53
3090
413
35.54
132
10.05
21
20.62
12917
12895
109.65
129
3.16
10
13.15
12918
7046
47.29
159
13.93
47
7
12920
12919
266.63
125
16.4
60
15.65
12916
12895
98.75
163
11.18
53
4.24
10353
10800
200.56
156
5.66
6
20.62
567
12918
-86.19
113
6.32
24
13.93
12912
12909
19.65
168
9.43
19
6
3090
567
247.62
107
6.4
20
17.69
12921
9295
52.59
117
8.94
24
19.24
12923
3103
3.58
167
13.6
48
4.24
12355
12925
104.04
168
4.47
6
8.06
12926
12913
48.37
149
11.18
66
6.32
2278
567
227.29
160
16.16
65
6.32
12919
12928
84.09
179
25.08
8
4.12
12909
12929
-68.2
136
9.85
61
7.81
413
3090
215.54
166
24.84
74
6.4
12904
2628
208.81
130
11.18
28
18
12922
12919
157.62
141
13.6
47
11.7
12930
12931
57.43
177
10.3
1
32.45
12929
12874
32.74
163
7.81
14
9.49
12927
12917
52.43
169
15.65
70
3.16
12919
12922
-22.38
132
15.65
55
14.32
12874
12932
246.8
144
13.34
21
21.21
12935
12934
59.74
178
38.47
26
3.61
6466
12909
78.11
133
17.2
58
14.87
12919
12784
217.87
108
11.7
30
22.2
11896
12936
-12.72
158
6.08
5
26.25
12926
12916
-4.4
128
12.04
59
11.18
263
12938
160.2
176
25.96
70
2
12924
8030
-74.74
169
4.47
7
7.07
413
12939
79.51
146
21.93
52
15.65
12791
12921
-12.99
162
22.09
50
8.94
11428
8030
78.69
146
7.62
25
10
12909
6466
258.11
147
10.77
29
12.04
12931
12930
237.43
125
7.62
9
38.95
6906
12941
221.99
160
38.47
72
13.89
12932
12874
66.8
151
19.1
34
16.64
1988
11948
22.38
155
13.45
42
8.54
2628
12942
210.96
127
11.05
39
14.14
12943
12944
33.69
155
5.83
11
13
12791
11731
108.92
157
13.45
12
25.18
12945
6466
-48.81
158
4.47
5
17.2
2942
6906
226.47
167
24.19
54
7.07
12939
413
259.51
130
23.43
55
21.93
12933
12932
225
177
13.45
5
7.81
12941
11428
57.53
97
6.4
9
38.95
12941
6906
41.99
165
39.12
75
10.82
12938
263
-19.8
170
19.24
25
8.49
2163
7846
135
135
3
15
8.06
12947
11896
139.18
154
19.65
37
14.32
11428
9965
53.13
155
15.3
46
9.06
170
2278
83.29
119
8.6
30
15
12635
12926
30.07
126
11.05
30
18
12932
12929
96.01
142
14.14
47
12.04
11731
12791
-71.08
145
8.6
9
30.41
12939
12946
-50.19
144
21.59
64
14.32
8459
11428
216.38
153
22.36
70
10.82
6906
2942
46.47
164
22.36
46
9
12927
12794
246.8
162
25.08
50
10.44
12948
12925
165.96
144
18.38
61
12.37
12784
12919
37.87
164
13.6
21
10.44
11428
8459
36.38
164
20
52
7.28
2942
12949
7.13
169
12.65
11
12.04
6466
12945
131.19
150
9.49
20
13.93
11948
1988
202.38
158
9.9
22
10
12916
12951
226.22
163
15.65
14
18.87
8030
9965
6.34
160
6.71
40
3.61
12945
12946
245.22
135
13.93
65
11
12936
11896
167.28
115
15
28
29.07
1530
12355
150.26
124
6.71
52
7.07
12951
12916
46.22
159
26.93
50
13.04
12952
12946
51.71
116
11.18
27
21.93
12798
12253
251.57
99
2.24
13
9.43
7846
2163
-45
154
3.16
11
7.21
6383
11019
227.49
138
10
37
11.18
11375
8459
190.78
173
12.65
10
9
12253
12800
121.33
141
18.03
41
17.26
12944
12943
213.69
155
11.66
33
9
12932
6466
135
156
8.54
29
7.28
12953
12653
80.54
160
5.1
13
7.62
12922
12955
-42.71
153
19.65
27
20.25
9965
8459
-15.95
153
5.1
40
3.61
8208
12654
56.31
179
13.04
3
5
1857
12797
75.96
179
13.34
4
3.16
413
12797
226.85
111
11.18
30
20.88
8382
11019
-45
165
8.06
23
5.39
12956
11375
208.81
153
14.42
33
12.04
12952
12326
36.16
165
24.21
36
11
1857
12791
-79.99
163
19.24
20
17.26
12951
12926
68.2
126
16.64
38
21.95
12326
5095
-42.27
157
9.49
31
7.28
12954
12955
241.93
141
5.1
13
13.45
12801
1530
172.87
162
5.1
26
3.61
12932
11936
-22.62
118
7.81
36
11.66
11106
12932
119.74
114
9.06
21
22.2
11375
12801
182.49
172
21.38
58
3.61
12800
12253
-58.67
161
22.02
49
9.49
12936
12954
-69.44
156
12.73
43
7.62
12794
12927
66.8
145
18.44
34
18.87
11019
6383
47.49
116
5.39
19
14.76
5095
11807
-66.25
135
8.54
15
22.2
12938
8382
-8.97
147
14.32
47
10.82
12779
4377
70.91
98
2.24
4
27.31
8208
8017
57.53
148
10
49
7.07
12948
12355
202.38
155
14.87
52
8.06
12932
11106
-60.26
143
13
29
16
12954
12936
110.56
126
15.52
57
15
11409
12802
14.93
136
11.66
48
10.82
6383
7806
147.26
119
14.76
53
16.03
12948
11807
148.24
149
20
53
13.04
11807
8017
263.29
169
13.04
30
5
1988
11936
-59.04
121
7
36
10.05
12948
1530
227.73
148
12.17
54
8.06
12947
12955
-69.78
126
15.52
48
17
12326
12952
216.16
156
16.12
20
18.68
9672
5095
11.89
132
16.12
54
14.87
12798
1878
115.46
155
22.02
70
9.9
1308
12801
199.03
143
10.82
16
23.02
1857
5959
30.96
135
16.49
63
13.04
1857
12800
-62.1
150
18.87
72
9.9
11807
12948
-31.76
142
9.06
17
18.44
11375
12956
28.81
153
10.82
20
14.14
7806
6383
-32.74
161
13.34
47
6.08
12952
12797
196.7
142
15.81
49
13.04
12655
11936
264.29
141
7.21
45
6.4
12798
4377
66.25
131
23.26
55
21.38
12801
1308
19.03
119
12.17
23
27.07
11409
12958
-20.22
145
15.52
49
11.7
11409
12659
57.99
175
4.47
4
5
1878
5959
93.01
126
18.87
62
17.49
12957
12960
151.93
165
13.34
40
5.39
12958
1308
253.5
150
25.71
65
14.14
8017
12957
147.99
140
7.07
48
6.08
4377
9672
81.38
147
30.87
65
18.68
12961
11936
110.22
134
7.62
20
16
11106
12948
-49.4
154
7.62
16
12.08
4377
12952
114.9
150
26.63
59
15.81
11807
5095
113.75
148
18.03
38
15.52
12962
8017
-64.29
150
18.03
32
17.12
12963
12655
194.04
155
15.62
70
7.21
5372
12960
98.13
125
2.24
5
20.02
11936
10709
-21.8
120
6.4
36
9.43
12964
5372
5.19
173
9.22
31
2.24
10709
12958
-1.55
161
18.97
18
20.25
1308
12961
157.89
163
27.07
43
12.08
4377
5959
145.71
135
21.38
52
19.03
12959
10709
206.57
144
4.47
8
18.97
12655
12963
14.04
159
13.6
52
6.4
12658
11417
84.56
175
21
84
2
11417
7557
120.96
121
2
9
10.77
11417
2324
142.13
143
2
7
9.9
11936
12961
-69.78
133
10.77
31
15.3
9672
4377
261.38
161
25.5
42
12.81
11417
12658
264.56
172
21.02
84
3
5095
9672
191.89
117
15.52
48
18.6
8017
12962
115.71
148
9.43
12
22.56
1308
12958
73.5
135
18.36
40
20.25
11417
12967
104.04
105
2
9
12.04
12964
12960
70.02
152
14.14
31
12.81
12961
1308
-22.11
151
23.19
38
18.36
12958
10709
178.45
146
20.25
29
23.32
10709
12963
68.75
127
9.43
28
15.62
12957
12962
102.8
131
17
48
17.2
9672
12960
-78.69
138
18.6
46
17.2
10709
12959
26.57
164
19.1
53
6.71
10720
10709
149.04
142
23.19
70
15.3
12960
12964
250.02
158
20.02
57
9.22
12963
10709
248.75
105
8.6
25
19.1
12969
12968
225.88
178
40.36
14
5.83
12826
12970
259.7
170
2
1
20.4
12972
12973
119.05
177
16.64
15
4.12
1403
310
123.69
169
1.41
0
16.64
12963
12974
58.84
98
6.4
7
49.82
12968
12974
68.4
104
8.6
9
50.25
12975
12969
-60.26
178
22.47
29
2
12973
12978
144.78
170
16.55
32
5.39
12980
12979
258.69
169
3
1
17.46
12970
12826
79.7
170
5
2
17.46
10118
12981
-53.97
172
11.31
36
3
12975
12965
234.58
155
6.08
3
49.82
12974
12968
248.4
118
19.85
22
45.97
12977
310
-34.51
171
16.55
41
4.12
12843
12982
74.74
165
2
1
20.88
1403
310
123.69
169
11.31
17
7.28
12979
12984
239.42
150
5
6
21.4
12978
12985
165.96
163
19.03
66
6.08
12389
12986
252.65
163
4
5
13
771
12987
-23.2
157
6
48
3.16
12988
2062
58.24
163
4.12
3
20.81
12987
12989
240.95
137
4.12
21
7.81
3481
12985
24.23
105
6.08
16
21.21
12969
12975
119.74
169
19.85
39
6.08
12982
12843
254.74
179
4.12
0
18.68
12990
5962
41.63
132
6
12
20.59
12979
12980
78.69
162
8.06
11
13
2116
12977
-10.78
167
19.03
57
5.39
12991
12988
76.61
167
3
2
18.68
12981
10118
126.03
127
6
25
11.18
12691
12993
119.36
177
16.64
29
2
12992
12994
-58.57
179
16.64
4
4.47
12984
12979
59.42
150
7
10
19.85
12995
12996
225
135
7
13
21.1
2062
12988
238.24
149
6
9
19.85
12986
12389
72.65
158
11.05
32
7.81
771
12989
-80.54
123
7.62
38
10.3
12985
3481
204.23
105
6.08
16
21.21
5962
12990
221.63
123
6.08
13
21.47
12997
12998
73.61
150
4.12
8
14.32
310
12977
145.49
146
14
45
11.18
12999
10118
-23.63
157
14
50
7.28
13000
13001
131.99
174
10.63
23
3.16
12988
12991
256.61
160
8.06
11
14.32
12986
12995
242.45
146
8.06
13
19.85
12994
13002
-35.22
167
16.16
36
6.32
13005
13004
205.46
116
7
17
21.21
13006
13007
59.04
150
4
14
8.49
13008
13006
165.96
158
7.07
57
3.16
12993
12691
-60.64
161
10.63
23
9.06
13002
13004
-14.04
160
19.1
67
7.07
13003
12691
149.53
172
16.16
32
4.47
12998
12990
62.45
146
8.06
13
19.85
12996
12995
45
135
7
13
21.1
12998
12997
253.61
159
11.05
28
8.49
12977
2116
169.22
143
20.12
66
13.34
13001
13000
-48.01
124
7.07
31
11.18
10118
8771
217.57
118
11.18
41
15.03
12989
12558
241.39
147
11.05
21
17.03
12995
12986
62.45
148
12.04
22
17.03
13009
13003
169.22
164
19.1
60
6.32
13004
13005
25.46
108
7.07
17
22.2
13008
13007
99.46
114
8.25
40
11.66
13011
3481
50.71
136
12.04
22
21.47
12977
13010
206.57
107
11.18
32
20.1
10118
12999
156.37
119
16.4
56
17.26
12990
12998
242.45
148
12.04
22
17.03
771
13012
234.78
136
12.17
35
14.87
13013
2116
41.82
124
14.14
33
21.21
12558
13005
233.53
139
12.04
22
21.1
13014
13000
156.37
149
15.13
60
9.06
12691
13003
-30.47
142
15.13
50
12.17
13007
13011
61.39
147
11.05
21
17.03
12558
12989
61.39
145
17.12
41
14.87
13012
771
54.78
136
18.25
58
15.03
2116
13013
221.82
119
13.34
31
22.36
3481
13011
230.71
133
14.14
28
21.54
13015
13009
221.99
125
15.13
34
22.2
13000
12564
37.57
118
11.18
41
15.03
13008
13016
56.31
137
12.17
33
15.23
13005
12558
53.53
136
15.13
30
20.62
13017
13003
210.07
113
15.13
40
21.38
13011
13007
241.39
145
16.12
38
15.23
8809
12999
46.64
129
20.22
52
20.1
12999
8809
226.64
127
17.26
43
20.02
13000
13014
-23.63
119
16.4
56
17.26
13003
13017
30.07
111
12.17
32
21.02
13012
13015
235.78
140
17.12
32
20.62
13016
13013
53.13
137
16.12
31
21.54
13009
13015
41.99
125
15.13
34
22.2
13016
13008
236.31
138
19.24
60
15.03
8771
13018
233.53
135
18.25
39
20.62
8389
13010
48.99
133
19.1
38
22.36
13015
13012
55.78
138
20.22
41
20.62
13013
13016
233.13
138
19.1
39
20.62
13018
8771
53.53
136
22.2
50
20.02
13010
8389
228.99
131
20.22
41
23.19
13014
12163
46.55
127
17.26
41
21.1
12163
13014
226.55
129
20.22
49
21.02
13018
13017
230.44
132
20.22
42
22.2
12564
8389
54.69
136
19.24
40
20.62
13017
13018
50.44
132
20.22
42
22.2
8389
12564
234.69
135
22.36
49
21.1
8809
12163
232.77
135
22.2
45
22.2
12163
8809
52.77
133
22.36
45
23.19
13019
13020
-73.3
160
5
16
6
13022
13020
11.31
163
10.3
16
11.05
13019
13023
228.37
122
10.44
53
11.05
13025
13024
57.99
175
11.18
7
7.81
13026
13027
-4.24
176
8
1
19.1
13025
13026
40.82
163
18.87
26
12.37
13029
13025
100.62
169
10.77
20
6.08
13031
13027
144.46
145
5
7
21.93
13027
13026
175.76
156
23.41
59
11.18
13026
13025
220.82
105
11.18
22
28.46
13032
13027
136.85
147
12.17
29
13.6
13033
12243
-10.89
150
23.41
62
13.6
13034
13029
161.57
144
3.16
26
4.24
12243
13036
-57.72
132
12.17
32
17
13034
13025
116.57
135
6.32
15
16.28
13035
13037
-32.74
129
3.16
9
14.87
13038
13036
-2.12
128
23.43
55
22.47
12243
13033
169.11
119
23.43
53
25.5
13033
13025
198.43
117
22.2
46
27.29
13039
13025
151.56
134
15.81
34
20.12
13038
13033
115.56
120
14.04
33
22.2
1713
13034
158.2
159
14
20
14.87
13040
13041
108.43
109
5
30
9.22
12447
13040
61.7
161
13.15
61
5
13043
13042
-50.71
140
11.18
51
9.22
13034
1713
-21.8
140
15.81
34
18.03
13043
13044
240.02
111
14.21
28
28.3
13043
13045
217.23
158
30.02
72
12.21
13042
13044
212.01
131
13.15
26
22.09
13046
12447
25.56
122
9.06
20
22.09
13048
8830
180
165
7.28
63
2.24
10356
13050
-29.98
168
13.6
10
17.03
13051
13045
60.26
139
5.1
15
12.73
13054
13055
185.44
144
13.45
37
13.04
10356
13053
0
150
13.89
32
13.04
13045
13051
240.26
151
9
28
9.43
13044
13045
145.01
134
10.2
55
9
7917
13056
20.56
153
12.04
41
8.54
13057
7917
245.77
161
11.05
17
12.04
13059
12339
139.09
166
2.24
1
17.69
13062
13060
-61.39
129
12.17
62
10.82
13060
13062
118.61
129
6.08
28
10
3926
1623
47.29
160
13
39
7.07
13065
12518
225
159
7.62
18
8.94
13044
1370
191.31
133
5.83
34
7.62
13066
12605
-90
117
8.94
48
10.63
12339
13067
266.82
130
17.69
63
15.23
12611
3926
-86.19
121
6.71
26
13
3293
13068
33.69
129
11.05
25
20.22
13064
1370
30.96
145
7.62
14
17.72
464
13044
104.93
124
3.16
10
14.04
13066
13053
225
135
11
15
30.02
4809
13071
54.78
110
8.6
24
19.72
13072
13061
104.04
123
9.49
47
10.82
13053
13057
198.43
148
6.4
9
20.22
13069
13044
94.09
161
9.85
35
5.83
13073
13074
57.43
174
11.18
2
31.62
3293
12611
247.62
113
7.07
22
16.97
3551
13076
7.13
171
13.6
40
3.61
13077
13078
164.74
165
3
5
8.54
12355
3534
102.09
171
5.39
5
9.06
13080
2337
59.04
178
37.59
25
3.61
12605
13060
23.2
163
10.63
32
6.08
12099
13081
-36.87
144
3
8
12.73
3967
12611
225
157
16.16
71
6.71
13075
13067
154.8
138
13.6
46
12.65
13067
13083
84.09
179
24.08
5
5.1
13067
13075
-25.2
132
15.23
52
14.32
11431
11297
221.99
161
37.59
68
13.42
13068
3293
213.69
164
24.84
78
7.07
13067
13084
219.81
112
12.65
32
22.2
13085
221
45
145
12.17
68
7.62
13086
4809
-10.49
165
22.09
43
8.6
13087
12938
164.36
178
25.71
74
1
13074
13073
237.43
125
7.62
9
38.95
13058
12936
-14.47
148
6.32
7
26.93
13079
7830
-74.74
174
5.39
5
6.08
1370
13064
210.96
131
12.17
30
18
13060
2979
-70.02
129
9.49
51
9.43
11289
7830
78.69
146
7.62
25
10
13082
464
54.46
170
16.55
72
3.16
11297
11289
57.53
97
6.4
9
38.95
2979
13089
32.74
155
9.43
26
9.06
13090
11431
226.47
169
24.7
55
6.08
13089
13092
246.8
144
13.34
21
21.21
13086
3532
108.92
157
13.45
12
25.18
11297
11431
41.99
165
39.12
75
10.82
13085
13069
0
135
12.73
66
9.85
13093
13060
78.69
134
17.2
55
15.23
11289
9965
51.34
153
15.3
51
9
7224
7846
139.4
140
3
15
7.21
13068
13094
81.57
146
22.36
55
15.65
12938
13087
-15.64
174
19.24
18
7.21
8459
11289
214.38
153
21.47
68
10.82
1988
12099
25.2
155
14.21
45
8.54
12947
13058
137.73
156
19.92
35
14.32
11431
13090
46.47
165
21.47
40
9.06
13064
13081
209.74
125
12.04
46
13.6
13095
12944
30.96
155
7.21
15
11.4
13060
13093
258.69
149
11.7
30
12.04
13092
13089
66.8
151
19.1
34
16.64
12950
13081
-3.01
129
10.63
33
15
3532
13086
-71.08
150
9.22
9
29.43
170
3967
83.66
125
9.22
30
15
921
13093
-48.81
158
4.47
5
17.2
11289
8459
34.38
164
19.21
50
7.28
13078
13092
225
175
14.21
11
7.21
13094
13068
261.57
132
24.84
59
21.54
7499
3534
158.2
139
18.03
56
14.32
13082
11502
248.2
163
24.08
37
11.66
13090
13097
7.13
178
12.17
2
12.04
13084
13067
39.81
172
12.04
8
11.66
7830
9965
0
162
6.32
33
3.61
12635
13085
32.28
128
12.04
32
18
1530
12355
150.26
132
6.32
50
6.08
12253
13070
60.95
170
9.49
60
2
13092
2979
96.01
142
14.14
47
12.04
12936
12653
-45
175
7.81
8
5
12936
13058
165.53
113
15
27
29.73
7810
11019
225
135
8
29
11.4
12253
13098
122.47
145
18.38
43
15.3
13096
8459
188.13
179
12.17
1
9.06
13094
12946
-49.9
143
22.56
63
15.23
13069
13099
229.57
165
16.55
12
20
13075
13100
-45
153
19.92
25
21.19
9965
8459
-15.95
165
5
29
2.83
13101
12653
79.7
152
3.16
10
8.54
12099
1988
205.2
157
10.63
25
10
13099
13069
49.57
160
28.79
49
13
13093
921
131.19
144
9.22
21
14.87
13103
12946
53.13
121
13
31
21.54
8382
11019
-45
171
8.6
18
4.47
921
12946
246.8
138
14.87
66
11
13104
13096
207.65
160
13.45
22
12.04
13102
13100
241.93
134
3.16
8
15
1857
13086
-79.7
164
20.12
21
15.3
646
1530
165.96
166
5
19
3.61
13098
12253
-57.53
160
21.4
50
9.49
1857
13105
75.07
178
14.32
30
1.41
13096
646
182.49
175
21.21
47
2.83
12944
13095
210.96
150
12.53
43
9.22
13092
13093
135
150
8.25
30
8.25
13068
13105
230.19
118
13
33
20.88
11019
7810
45
109
4.47
16
14.76
12936
13102
-70.56
155
12.73
39
8.54
8016
7809
52.13
143
8
43
7.07
12938
8382
-8.97
150
13.93
44
10
3423
12798
245.38
176
25.63
65
2
7499
12355
199.44
155
14.14
49
8.06
13099
13085
69.68
129
17.49
37
22.47
3197
13092
117.55
118
9
20
23.19
13103
12326
37.57
165
25
37
11
13092
2585
-30.26
117
7.21
31
12.53
11502
13082
68.2
146
18.44
31
20
12326
5095
-42.27
151
9.22
33
8.25
13102
12936
109.44
128
15.81
56
15
5095
11807
-66.25
128
8.25
16
23.19
7810
7606
147.26
119
14.76
53
16.03
12950
1988
180
162
3.16
8
7.07
13092
3197
-62.45
148
13.89
27
16
7499
11807
146.31
150
20.02
51
13.04
11807
7809
263.66
170
13.04
24
5.83
7499
1530
225
145
12.17
59
8.25
12947
13100
-70.71
128
15.81
47
17
12798
5543
116.57
154
21.4
71
9.9
13106
646
199.03
143
10.82
16
23.02
11263
12802
18.43
138
12.53
52
10.82
1857
13098
-63.43
152
19.42
71
9.9
13096
13104
27.65
152
10.82
20
15.13
1988
2585
-61.39
127
7.07
34
10.05
7606
7810
-32.74
161
13.34
47
6.08
11807
7499
-33.69
147
9
15
18.44
1857
4105
25.02
130
15.52
61
13.6
12326
13103
217.57
159
17.49
21
17.72
12798
3423
65.38
129
22.36
54
21.38
646
13106
19.03
119
12.17
23
27.07
11794
5095
14.04
135
17.49
56
14.87
13103
13105
196.7
140
16.64
52
13.6
1857
5543
-34.51
121
16.55
52
18.03
7809
2405
147.99
140
7.07
48
6.08
2405
13107
154.98
168
13.34
38
4.47
12367
2585
264.29
141
7.21
45
6.4
13109
13106
250.91
147
24.74
63
15.13
3197
7499
-49.4
161
8.06
14
11.18
7003
6004
5.19
173
9.22
31
2.24
11263
13109
-21.8
140
15.81
47
13.93
6004
13107
98.53
126
2.24
5
19.03
9923
2585
109.29
140
8.06
19
16
3423
13103
114.9
148
26.08
57
16.64
3423
11794
83.09
149
30.87
66
17.72
13110
7809
-64.29
147
17.49
32
18.11
11807
5095
113.75
145
17.49
37
16.49
13106
9923
159.44
164
27.07
42
11.18
3423
4105
147.53
137
21.38
54
18.03
2585
13111
-26.57
115
6.4
34
10.3
13112
13113
145.01
119
2.24
10
11.31
13115
12367
194.04
155
15.62
70
7.21
12803
13112
84.81
175
21
58
2.24
13111
13109
-1.51
158
19.31
20
21.54
11794
3423
263.09
161
26.68
48
12.21
13112
12803
264.81
173
21.02
66
3.16
7809
13110
115.71
148
9.43
12
22.56
7003
13107
69.15
152
14.14
34
12.21
2585
9923
-70.71
136
11.18
30
15.3
13106
13109
70.91
132
18.36
41
20.59
13118
13111
208.81
146
4.47
7
19.31
5517
13114
-70.02
170
11.66
83
2.24
9923
13106
-20.56
150
23.35
40
18.36
5095
11794
194.04
119
16.49
48
19.42
12367
13115
14.04
162
13.04
45
5.83
13120
13114
-85.24
170
11.4
68
2.24
13107
7003
249.15
157
19.03
56
9.22
13123
13121
257.2
168
2
1
20.62
13109
13111
178.49
150
20.59
27
22.83
2405
13110
102.8
128
16.55
46
18.03
9923
13117
9.87
112
15.3
38
22.83
11794
13107
-77.01
138
19.42
46
18.03
13111
13115
69.78
131
10.3
29
15.62
13111
13118
28.81
164
19.8
55
6.71
8954
11161
125.54
171
1.41
0
15.81
13125
13126
120.47
176
15.81
16
4.12
13115
13111
249.78
106
8.6
24
19.8
13121
13123
77.2
168
4
2
18.68
13128
13127
258.69
143
2.24
4
18.68
13129
13124
224.12
179
40.31
13
5.83
13127
13131
240.26
151
4
5
20.81
317
12840
-41.63
171
9.43
29
3.16
13126
13133
143.13
165
16.16
43
6.08
13134
13135
76.61
167
2
1
19.65
12836
13137
253.61
164
4
4
13.93
8954
11161
125.54
158
9.43
23
9.22
13132
11161
-32.01
170
16.16
43
4.12
12840
315
195.95
106
4
31
7.28
13138
7576
243.43
140
4.12
18
8.49
13127
13128
78.69
161
7.07
9
13.93
13133
13139
166.61
158
19.24
62
8.25
13140
13141
58.24
149
4
5
21.4
13142
13119
229.9
174
49.09
80
5.83
13145
13143
122.91
180
3.61
0
16.64
13135
13134
256.61
167
4
2
17.72
13144
13146
119.36
177
16.64
29
2
13148
13147
221.63
132
5
10
21.1
13131
13127
60.26
151
5
7
20
13124
13142
66.5
103
8.6
9
49.09
13149
13140
75.96
166
3
2
17.72
13150
13139
28.81
119
8
20
20.22
13151
6843
45
135
7
13
21.1
12840
317
138.37
123
7.28
37
10.2
13152
13129
-60.26
177
21.63
29
3
13137
12836
73.61
159
11.05
28
8.49
2716
13132
-8.53
163
19.24
72
6.08
13145
13154
-37.41
171
17
30
5.39
13157
13156
204.23
103
5.1
13
21.38
13152
13119
233.75
152
7.07
3
49.68
13158
12993
129.29
178
12.04
12
2.24
315
7576
-80.54
116
7.28
36
11.18
13142
13124
246.5
114
19.1
22
45.97
13137
13148
244.44
147
7.07
11
20
13154
13156
-14.04
163
19.03
66
6.08
13141
13140
238.24
149
7
11
19.1
13160
13161
71.57
148
4.12
10
12.53
13155
13144
147.09
176
17
23
3.61
13146
13144
-60.64
168
12.04
21
7.07
13140
13149
255.96
160
9.06
14
12.53
13147
13148
41.63
121
5.1
11
21.95
13162
13163
153.43
154
7
49
4.12
13139
13150
208.81
105
8.25
21
22.2
13163
13164
53.13
144
4
19
7.21
13165
317
-20.56
148
14.32
56
9.22
6843
13151
225
135
8
15
20.59
11161
13132
147.99
136
14.32
49
13.15
13129
13152
119.74
167
19.1
37
7.07
13159
13155
169.22
167
19.03
57
5.39
13156
13157
24.23
105
6.08
16
21.21
13161
13151
62.45
147
9.06
15
19.1
12993
13158
-50.71
130
7
28
11.18
13161
13160
251.57
157
11.05
37
7.21
13148
13137
64.44
145
11.18
21
17.69
7576
13166
242.45
148
11.05
19
17.69
13162
13164
99.46
127
8.94
46
10
317
13167
220.24
119
10.2
36
15.03
13166
13157
232.31
133
11.18
22
21.95
13168
13132
31.43
114
14.14
39
20.22
315
13169
237.72
139
12.17
31
15.65
13144
13155
-32.91
148
15
46
11.18
13170
13158
156.37
157
15
58
7.07
13165
13167
-79.99
121
17.09
59
17.03
13151
13161
242.45
149
13.04
24
16.4
13171
13150
53.53
140
13.04
24
20.59
13132
13168
211.43
113
13.15
37
20.1
13172
2716
41.99
125
15.13
34
22.2
13166
7576
62.45
146
16.12
35
15.65
13164
13171
60.26
146
11.05
22
16.4
13173
13159
221.82
124
14.14
33
21.21
13155
13159
-10.78
143
20.12
66
13.34
13169
315
57.72
139
18.25
53
15.03
13157
13166
52.31
135
14.14
29
20.62
13158
13175
34.7
115
11.18
42
15.13
13150
13171
233.53
136
15.13
30
20.62
2716
13172
221.99
124
14.14
31
22.36
13162
13176
53.13
134
12.17
37
14.56
13155
13174
26.57
107
11.18
32
20.1
13158
13170
-23.63
122
15.81
55
16.28
13171
13164
240.26
144
17.12
44
14.56
13169
13173
234.69
138
16.12
31
20.62
13159
13173
41.82
119
13.34
31
22.36
13165
13177
228.18
129
17.26
42
20.1
13177
13165
48.18
131
21.21
53
20.1
13176
13162
233.13
134
18.25
60
15.13
13176
13172
55.78
140
17.12
32
20.62
13167
13178
233.53
135
18.25
39
20.62
13173
13169
54.69
136
19.24
40
20.62
11334
13168
51.63
134
20.22
41
22.36
13179
13170
225
127
19.24
50
20.1
13178
13174
230.44
132
19.24
40
22.36
13170
13179
45
125
16.28
42
20.02
13178
13167
53.53
136
21.21
47
20.1
13172
13176
235.78
138
20.22
41
20.62
13168
11334
231.63
134
21.21
43
22.2
13175
11334
53.53
135
18.25
39
20.62
13174
13178
50.44
132
19.24
40
22.36
11334
13175
233.53
136
22.2
50
20.02
13177
13179
232.77
135
21.21
42
22.36
13179
13177
52.77
135
22.2
45
22.2
13181
13180
59.53
174
12.08
9
7.81
13182
13183
-2.12
172
9.06
4
18.11
13181
13182
40.82
162
19.72
31
12.17
13185
13181
100.01
171
11.7
19
6.08
13187
13183
142.7
143
4
5
23.35
13183
13182
177.88
153
23.26
59
12.53
13181
13189
15.95
156
29.07
77
12.53
13188
13183
136.74
142
12.04
28
15.81
13191
13185
153.43
154
3
18
4.24
13189
13190
-10.89
144
23.26
60
15.81
13192
13193
-32.74
148
3
6
14.21
13190
13194
-57.72
128
12.04
32
18
13191
13181
114.23
141
6.71
14
17.26
13195
13194
-2.12
128
23.43
55
22.47
13190
13189
169.11
119
23.43
53
25.5
13189
13181
195.95
116
24.33
49
28.84
13196
13181
146.31
132
15.52
32
21.93
13195
13189
115.56
112
15.03
35
24.33
1284
13191
156.25
165
14.14
15
14.21
13198
12890
257.47
147
8.54
66
5.1
13191
1284
-23.75
142
15.52
32
18.03
13199
13197
63.43
163
13.15
52
5.1
13200
12890
-53.13
143
11.4
49
9.22
13203
13201
172.87
173
7
37
1.41
13200
13204
240.26
114
15
27
29.68
843
13206
-29.98
168
13.6
10
17.03
12890
13204
212.62
132
13.15
25
23.19
13200
13207
218.93
159
32.25
73
12.21
13208
13199
27.55
118
9
20
23.19
13209
13207
64.98
147
7.07
19
11.31
843
13211
-4.97
145
13.89
34
14.21
13214
13215
20.56
152
10.63
33
9.22
13207
13209
244.98
150
10.05
32
9.43
13217
13214
245.77
166
12.17
16
10.63
13204
13207
145.01
127
9.49
49
10.05
13217
13211
16.26
177
14.87
4
10.2
13219
11790
136.97
164
2.24
1
18.38
5059
13211
228.24
180
22.67
0
14.87
13221
5960
49.4
161
13.93
41
7.07
13224
13222
103.39
178
7.28
1
14.32
8109
13221
-86.19
113
6.32
24
13.93
13226
13227
56.69
172
12.08
3
30
12978
9632
54.78
105
7.81
21
20.25
11790
13229
267.14
133
18.38
60
15.65
13231
13230
59.04
179
36.72
14
4.24
12978
13232
171.57
172
14
8
13.6
13213
175
32.47
132
12.17
26
20.1
13234
13233
-65.22
125
12.17
53
12.53
4831
13235
221.99
162
36.72
64
13
13204
13216
198.43
127
6.32
41
7.62
13233
13234
114.78
134
6.32
24
11
13237
13238
10.62
174
13.6
29
3.16
5059
13239
-90
120
10.3
52
11.4
13213
8109
250.56
111
7.81
25
16.97
13211
13217
196.26
145
6.4
10
20.1
13241
13216
31.76
141
9.49
19
18.44
13244
13204
107.35
108
3
10
16.12
13227
13226
236.69
127
8.54
10
37.48
5059
13211
228.24
139
12
15
29.68
2171
13229
154.8
138
13.6
46
12.65
13240
8109
225
159
15.23
63
6.32
13232
12978
-8.43
167
22.09
41
7.81
13235
11289
56.73
102
7.07
10
37.48
13223
13222
102.09
121
9.49
40
12.53
13243
13204
97.13
166
10.77
25
6.32
13229
2171
-25.2
129
15.65
53
15.3
1085
13029
164.74
147
3.16
11
8.94
11289
7634
79.38
149
8.54
26
10
13229
13084
221.63
114
12.65
31
22.36
12244
13245
-36.87
125
3.16
11
13.45
13246
13229
264.29
175
6
1
24.19
13235
4831
41.99
166
38.28
71
10.3
13247
7634
-75.96
176
6.32
4
6.08
13090
4831
225
170
23.02
45
6
13239
13233
18.43
161
11.4
36
6.32
175
13213
212.47
163
24.84
72
7.81
13218
13249
-19.54
143
6.32
7
28.18
13232
13251
108.92
157
13.45
12
25.18
13252
13236
50.71
149
14.14
73
7.62
10752
11289
216.38
155
21.47
65
10.3
11289
9965
51.34
152
16.28
57
9.06
12173
13244
56.31
172
16.55
56
3
13216
13241
211.76
130
14.14
34
19.03
4831
13090
45
163
21.47
45
9
12938
13253
-13.5
176
19.24
13
6.71
13233
13254
-70.02
129
9.49
51
9.43
13254
13255
32.74
155
9.43
26
9.06
13255
13092
247.52
144
12.37
18
22.67
13256
13218
133.73
157
20.62
32
15.3
11289
10752
36.38
166
19.21
44
7.07
13251
13232
-71.08
154
9.9
8
28.44
13236
13252
230.71
119
10.77
46
13.04
13093
13233
79.22
135
19.42
60
15.81
5591
13228
68.2
173
8.25
23
2.83
170
13240
83.99
129
9.9
30
15
7634
9965
-6.34
165
6.08
27
3.61
13258
13257
151.19
138
17.46
49
15.3
1530
116
144.46
135
6.08
45
6.08
13084
13229
41.63
177
11.31
2
12.81
13241
13245
209.74
125
13.04
50
13.93
13260
13261
26.57
151
7.21
17
12.17
175
13262
81.57
146
22.36
55
15.65
1988
12244
27.9
153
15.81
54
8.94
671
13245
3.01
129
12.21
39
15
5591
13098
124.29
149
19.7
46
14.32
12173
13259
247.89
166
24.19
29
12.81
13092
13255
67.52
152
20.1
34
16.64
6602
11019
222.27
133
6
22
11.7
13233
13093
259.22
150
11.7
27
12.81
13249
12653
-41.63
169
8.06
21
4.47
13096
10752
185.44
176
12.17
5
9
13249
13218
160.46
108
15
26
31.83
13029
13092
228.58
174
15.81
14
7.21
175
13240
229.9
179
24.21
49
1
13239
13262
166.5
167
3
1
22.8
921
13093
-48.81
132
3
6
19.42
9965
10752
-8.13
172
5
18
2.24
13262
175
261.57
133
25.61
62
21.19
2171
13100
-46.08
157
20.62
23
20.25
13265
12653
78.69
124
1.41
7
9.49
12635
13252
30.96
126
13.04
33
19.03
8382
11019
-45
171
8.6
18
4.47
13092
13254
95.71
141
14.14
44
12.81
13266
13100
240.26
106
1.41
4
15.81
13098
5591
-55.71
164
22.02
48
8.25
13104
13096
207.65
163
12.73
18
12.17
1470
13232
-77.28
163
19.72
24
14.32
646
1530
165.96
166
5
19
3.61
13243
13268
230.39
166
16.55
10
22.02
13096
646
182.49
178
21.1
29
2.24
5072
12196
245.38
178
23.77
20
2.83
11019
6602
42.27
106
4.47
17
14.32
13262
12946
-51.34
144
22.8
61
15.23
13268
13243
50.39
162
30.08
45
13.04
12244
1988
207.9
153
12.21
33
10.05
13269
12946
54.46
125
14.87
35
21.19
1470
13105
72.65
177
16.49
72
1
7808
7615
45
135
6
36
7.07
13249
13266
-70.56
152
12.04
37
9.49
12938
8382
-8.97
154
13.6
40
9.22
13093
921
131.19
144
9.22
21
14.87
921
12946
246.8
138
14.87
66
11
13258
116
193.24
152
13.45
48
8.6
13261
13260
206.57
145
14.76
55
10.3
175
13105
231.71
123
14.87
37
20.62
13092
13093
135
135
8
33
10.2
13266
13249
109.44
128
15.81
56
15
6602
7606
144.46
120
14.32
50
16.03
11267
13092
116.57
117
9
19
24.19
13256
13100
-69.78
129
15.81
49
16.12
13259
12173
67.89
146
18.44
28
22.02
13258
1530
221.99
143
11.18
56
8.25
13268
13252
68.55
130
18.36
37
23.32
11549
7615
263.66
169
12.04
20
6.71
13258
11549
146.31
153
20.1
51
12.04
13098
12196
-39.47
105
8.6
22
21.47
13092
11537
-36.87
110
7.21
28
14.32
13269
12326
38.93
165
25.81
38
11
1524
646
195.42
147
9.22
12
23.02
5895
11549
-65.38
115
8
17
24.19
12326
5895
-47.49
146
9.22
31
10.2
13092
11267
-63.43
154
15
26
15
671
1988
174.29
156
3.16
10
7.28
13096
13104
27.65
159
9.22
12
15.52
5763
1470
144.78
110
8.6
24
19.72
7606
6602
-35.54
166
13.93
43
5.1
12196
5072
65.38
128
21.47
51
21.59
646
1524
15.42
116
11.18
21
27.17
11549
13258
-33.69
147
9
15
18.44
13126
13272
147.09
180
18.87
12
1.41
13270
13273
20.56
139
14.76
58
11.4
1470
3915
23.63
131
16.76
62
14.21
1988
11537
-65.22
131
7.28
29
11.05
13272
3542
165.96
178
20.4
75
1
7615
13271
153.43
146
7.07
52
5.1
1470
5763
-35.22
122
17.46
51
19.03
12326
13269
218.93
159
18.36
22
17.72
13276
3542
11.31
102
1
2
20.22
13271
13277
151.93
173
13.93
28
3.61
13278
13121
256.61
167
1
0
20.62
13277
7224
-87.14
174
19.24
66
2.24
13269
13105
194.04
137
16.64
53
14.21
13279
1524
251.57
147
23.77
56
15.52
11267
13258
-49.4
167
8.6
11
10.3
13275
5895
11.31
131
18.36
58
16.28
13280
7087
33.69
169
1.41
0
20.25
10160
13282
-34.51
178
18.87
55
1
5072
13269
114.9
148
26.08
57
16.64
9747
11537
109.29
145
8.6
19
15
10164
7615
-63.43
145
17
32
18.11
1524
9747
159.44
166
27.17
40
10.3
12236
11537
264.81
142
7.21
39
7.07
5072
3915
147.53
135
21.59
54
19.03
5072
13275
83.09
149
30.87
66
17.72
13270
13279
-19.29
141
17.09
53
13.6
11549
5895
114.62
143
17
38
16.49
13274
10160
-13.39
178
20.4
31
1.41
6573
13277
70.02
153
15.13
35
12.21
7615
10164
116.57
144
8.94
13
22.56
13121
13278
76.61
167
2
1
19.65
1299
12236
214.7
170
2.83
2
13.04
13285
12981
-54.46
176
15.62
35
2
13275
5072
263.09
161
26.68
48
12.21
11138
4377
264.56
172
21.02
84
3
4377
11138
84.56
175
21
84
2
8954
13282
122.91
174
15.62
21
5.1
1524
13279
71.57
135
17.89
38
20.25
13283
13131
237.72
148
2
2
20.81
12826
13283
259.22
143
2.24
3
19.65
9747
1524
-20.56
150
24.33
42
17.89
11537
3094
-21.8
114
7.07
39
10.3
13277
6573
250.02
158
20.02
57
9.22
3542
13276
191.31
102
1
2
20.22
3094
13279
-1.51
161
18.97
17
21.19
11537
9747
-70.71
132
10.77
29
16.28
13287
12236
190.62
154
15
66
7.21
11138
3203
122.47
123
2
8
12.08
11138
13288
141.34
142
2
6
11.31
7087
13280
213.69
124
1
2
21.1
13289
3094
205.46
153
5
7
18.97
13290
13281
54.16
180
20.81
9
1.41
13271
10164
102.8
131
17
48
17.2
5895
13275
191.31
116
16.49
48
20
13279
3094
178.49
146
20.25
28
24.19
11138
13291
105.26
106
2
10
11.05
9747
3220
9.46
111
16.28
39
24.19
12236
13287
10.62
159
13.04
49
6.4
13275
13277
-77.01
140
20
48
17.2
13292
12987
-41.63
171
9.43
29
3.16
13293
13290
76.61
167
2
1
19.65
12980
13295
253.61
164
3
3
14.87
3094
13287
68.75
130
10.3
31
15
13297
13296
221.42
132
3
6
20.81
3094
13289
25.46
163
19.1
48
7.62
13300
13301
122.01
179
18.03
32
1
13283
12826
79.22
162
7.07
8
14.87
13282
10160
145.49
161
15.52
47
7.07
13131
13283
57.72
148
3
4
20
12987
7154
209.74
120
4
29
7
13303
11980
245.56
142
4.12
16
9.22
12981
13285
125.54
158
9.43
23
9.22
13287
3094
248.75
105
8.6
25
19.1
13302
13285
-29.36
166
15.52
49
5.1
13304
13296
8.13
169
21.19
84
4.12
13306
13307
-37.41
174
17.49
26
4.47
13290
13293
256.61
167
5
3
16.76
13310
13309
75.26
166
3
2
16.76
13309
13280
61.39
152
5
6
20.81
13307
13304
-11.31
169
19
64
4.12
10160
13274
166.61
155
19.42
64
9.22
13312
13298
223.21
179
38.18
9
7.21
13314
13315
126.87
176
12.04
18
3.16
13295
12980
73.61
158
10.05
24
9.22
13292
7154
-80.54
142
12.04
69
8.06
13295
13297
244.44
147
7.07
11
20
13308
13300
145.49
177
17.49
28
2.24
13296
13297
41.42
118
4.12
9
21.1
12861
13276
46.55
137
8
15
21.1
11980
13303
65.56
146
11.18
65
7
13301
13300
-57.99
171
12.04
16
7.28
13316
13274
33.02
124
10
24
20.22
13317
13318
74.05
151
4.12
10
11.18
13319
13320
147.99
164
7.28
39
3.16
3108
13302
-8.53
160
19.42
73
7.07
13311
13308
169.22
170
19
52
4.47
13320
13321
45
135
4
26
6.32
13305
13311
188.13
169
21.19
84
4.12
13280
13309
241.39
152
8
11
18.44
13309
13310
255.26
166
9
11
11.18
13287
13322
55.98
95
6.4
7
48.17
1445
13292
-14.93
145
13.93
62
9.22
13298
13322
66.04
102
8.6
10
48.26
13285
13302
150.64
130
13.93
48
14.32
13315
13314
-53.13
143
7.28
25
10.2
13297
13295
64.44
149
10.05
17
17.69
13274
13316
213.02
111
9.22
22
22.36
13276
12861
226.55
137
10
19
20.12
13318
13317
254.05
155
12.17
55
6.32
11980
13323
244.44
149
10.05
17
17.69
13318
12861
62.45
153
9
13
18.44
13323
13305
231.01
136
10.05
19
21.1
13319
13321
100.3
133
9.43
55
8.49
13300
13308
-34.51
150
14.04
44
10.2
13324
13314
153.43
158
14.04
47
7.28
13325
13312
-60.26
175
20.81
29
4
13322
13298
246.04
114
19.1
22
45.28
13292
13326
225
126
12.17
41
15.03
13325
13284
232.5
151
7.07
4
48.17
7154
8613
237.72
138
11.18
27
16.12
13327
13311
218.29
119
12.17
30
21.21
13308
13311
-10.78
148
19.31
63
11.4
13329
13302
35.84
119
16.12
44
20.22
13326
13292
45
129
17.12
59
15.52
13323
11980
64.44
144
15.3
34
16.12
12861
13318
242.45
149
14.04
27
15.81
13305
13323
51.01
132
12.17
25
21.02
13330
13316
53.53
140
14.04
26
20.12
13321
13330
62.35
143
12.17
27
15.81
13302
13329
215.84
114
14.32
38
21.02
13331
13319
168.69
141
14.76
67
10.2
13328
13324
171.47
151
19.31
70
10.2
8613
7154
57.72
139
18.25
53
15.03
13312
13325
119.74
167
19.1
37
7.07
13332
3108
45
128
16.12
34
22.36
13314
13324
-26.57
126
14.76
52
15.3
13311
13327
38.29
114
11.4
27
22.36
13319
13333
51.34
132
11.18
35
14.56
8613
13327
236.31
135
15.3
30
21.02
13316
13330
233.53
137
16.12
33
20.25
3108
13332
225
128
16.12
34
22.36
13330
13321
242.35
143
17.26
46
14.56
13333
13319
231.34
132
18.25
62
15.3
1445
13334
228.01
132
17.12
39
20.22
13334
1445
48.01
130
21.21
50
21.02
13327
8613
56.31
137
18.25
38
19.92
13326
13335
236.31
137
18.25
38
19.92
13333
13332
56.31
137
17.26
36
20.25
13336
13324
221.42
122
18.25
49
20.22
13335
13328
229.18
130
18.25
38
22.36
13324
13336
41.42
121
15.3
41
20
13335
13326
56.31
136
21.38
47
20.22
13337
13329
51.63
134
20.22
41
22.36
13328
13335
49.18
130
18.25
38
22.36
13331
13337
53.97
135
18.25
42
19.42
13332
13333
236.31
138
20.22
44
19.42
13329
13337
231.63
134
21.21
43
22.2
13337
13331
233.97
134
22.36
53
20
13334
13336
234.25
134
21.38
43
22.36
13336
13334
54.25
134
22.36
46
22.2
13340
13338
59.93
171
13.93
14
8.49
13341
13338
188.53
177
9.22
3
11.05
13342
13343
-4.09
164
9.22
7
19.42
13340
13342
42.27
163
21.95
37
11.05
13344
13340
100.01
173
13.6
24
4.12
13346
13343
144.46
134
5.1
9
22.63
13348
13349
50.91
141
18
59
13.15
13343
13342
175.91
150
24.6
61
14.32
13342
13340
222.27
108
14.32
28
28.86
13351
13344
150.26
177
4.47
3
3.61
13347
13343
135
140
12.04
30
15.52
13352
13354
-38.16
169
4.47
3
13.45
13351
13340
115.46
146
8.06
15
17.26
13353
13348
-57.72
128
12.04
32
18
13350
13353
-8.75
145
24.6
66
15.52
13355
13348
0
129
24.21
57
22.47
13353
13350
171.25
120
24.21
55
25.5
13340
13356
-35.31
131
28.86
64
24.33
13356
13340
144.69
129
14.56
29
23.26
13355
13350
115.56
112
15.03
35
24.33
13357
13351
154.36
166
15.3
16
13.45
13356
13357
-55.49
121
15.03
47
17.46
13351
13357
-25.64
139
14.56
29
19.42
13359
13360
258.69
149
8.54
56
5.39
13361
13358
64.98
164
13.15
43
5.39
13362
13360
-55.3
140
11.4
46
10.2
13363
13364
-29.05
167
14.56
11
17.03
13365
13361
26.57
124
8.06
16
23.35
13360
13366
214.22
133
13.15
24
23.35
13362
13366
241.93
118
15.81
27
30.23
13362
13367
220.24
159
34
78
12.81
13368
13367
61.93
144
7.07
20
12.04
13370
13371
25.02
157
10.63
32
8.06
13372
13373
56.69
172
12.08
3
30
13374
13370
249.15
164
13.04
20
10.63
13375
11358
59.04
180
35.85
5
5
13363
1889
-7.43
143
13.89
34
14.87
13378
13082
133.03
134
1
2
19.85
12598
13228
217.41
163
20.81
76
6.4
13379
13380
49.4
163
13
33
7.28
11158
13292
220.91
162
35.85
63
13
13374
1889
14.04
176
15.81
7
9.06
12756
13379
-86.19
121
6.71
26
13
13367
13368
241.93
152
11
35
8.94
13366
13367
141.34
125
10.44
51
11
1889
13384
47.12
177
15.62
2
22.63
13082
12347
264.81
134
19.85
59
16.55
13292
11155
55.89
101
7.07
10
36.77
13373
13372
236.69
129
9.49
11
36.77
3129
2709
7.13
175
13.34
25
3.16
13388
13386
104.04
176
6.32
1
14.32
13232
12831
-4.24
171
22.09
34
6.4
2565
9183
31.76
127
13.04
31
20
13292
11158
40.91
166
37.44
69
10.3
2565
12756
250.56
121
7.81
25
15.56
13385
12347
154.8
142
13.34
44
11.7
11155
7428
79.38
151
9.49
29
9.22
4535
11158
225
170
23.02
45
6
13389
12756
225
155
14.87
71
6.71
13366
13382
196.7
130
7.62
46
8.06
12347
13392
221.63
112
11.7
28
22.56
1889
13374
194.04
138
7.21
14
20
13394
13393
-65.22
125
12.17
53
12.53
12347
13385
-25.2
130
16.55
57
15.13
13393
13394
114.78
134
6.32
24
11
13395
13382
34.99
137
10.2
22
18.44
13366
13243
-86.82
170
16.49
59
3.61
13384
13397
-90
120
10.3
48
12.04
13232
13251
108.92
160
14.21
11
24.19
13384
1889
227.12
138
13
17
30.02
10752
11155
214.38
154
20.59
63
10.3
13377
13249
-21.8
132
6.71
10
28.3
11155
1097
51.34
152
16.28
57
9.06
13243
13366
93.18
164
11.7
26
7.62
13399
13400
169.7
137
3.61
16
8.94
13398
12818
-36.87
110
3.61
13
14.21
11158
4535
45
165
20.59
38
9.06
13389
9183
49.9
101
7.81
18
24.7
13387
13386
102.09
121
9.49
40
12.53
13401
2399
149.86
174
7.62
1
28.3
11155
10752
34.38
164
19.21
50
7.28
13397
13393
21.8
161
12.04
40
6.32
13402
13228
66.04
180
7.62
2
2.24
13251
13232
-71.08
154
9.9
8
28.44
13256
13377
131.19
157
21.02
33
15.13
12173
12881
59.53
175
16.55
25
3.61
1097
7428
173.66
174
3
3
6.08
13382
13252
262.87
113
8.06
29
15
13402
13404
126.87
149
19.31
49
13.34
13382
13395
214.99
133
16.12
41
18.11
527
116
139.4
149
6.08
38
5.1
13406
13405
145.01
135
17.26
45
17.26
170
13389
87.14
133
9.9
28
15.26
6797
10749
216.03
127
4
16
11.7
13393
13254
-72.9
126
9.49
43
11.18
13407
13092
248.2
145
12.37
18
23.43
13391
13252
233.13
124
11.7
48
13.04
13249
12653
-41.63
162
7.62
26
5.39
13254
13407
35.54
153
11.18
35
9
12173
13408
248.5
166
23.19
23
14.14
13385
13100
-47.12
159
21.02
22
20.25
13249
13377
158.2
106
15
27
31.89
13093
13393
80.13
138
20.25
58
16.16
13404
13402
-53.13
163
22.2
60
7.62
8382
10749
-41.63
174
8.6
14
3.61
13395
12818
208.07
122
15.03
54
15.65
13410
13261
23.63
148
7.21
18
12.04
671
12818
6.01
129
13.04
42
15
12632
13398
32.91
154
17.49
59
8.94
12025
13411
207.65
170
11.4
9
12.65
1470
13232
-77.28
164
20.59
25
13.34
9183
13413
81.25
145
22.36
58
15.23
3967
9183
54.46
118
2.24
4
24.84
13411
13415
182.49
180
21.02
2
2
4581
13403
245.56
180
21.93
2
2.24
13092
13407
68.2
153
20.1
32
17.2
13400
13092
230.19
172
17.49
23
6.71
13393
13093
260.13
154
13.6
28
12.81
6797
6004
201.04
166
13.6
77
3.61
13409
13252
34.38
129
15.03
40
18.11
13413
9183
261.25
131
26.25
65
21.84
13416
13093
-46.85
120
4.12
10
20.25
7614
7407
35.54
126
4
27
7.07
13092
13254
95.71
141
14.14
44
12.81
13397
13413
169.11
156
4.12
4
22.8
13249
13417
-71.57
151
12.04
35
10.44
4410
8382
-11.89
164
13.04
27
7.81
13243
13418
231.34
167
16.55
9
22.67
13406
116
190.01
149
13.45
50
9.22
13389
1470
259.99
144
2.24
4
15.52
13256
13100
-69.78
133
16.16
51
15.26
13418
13243
51.34
163
31.02
46
13.04
13417
13249
108.43
131
16.16
55
15
6797
7403
144.46
124
13.93
50
15.03
13419
12946
55.71
126
17.09
39
21.84
13398
12632
212.91
156
13.04
32
10
13406
527
221.99
143
11.18
56
8.25
13404
13403
-35.84
109
8.6
22
21.1
13413
12946
-49.64
146
22.8
60
14.87
5322
13415
195.42
147
9.22
12
23.02
9183
3967
234.46
124
17.09
41
21.59
13093
13416
133.15
146
9.22
19
15.23
2208
7407
263.66
169
12.04
20
6.71
9395
13282
120.47
179
18.87
30
1
13261
13410
203.63
141
15.65
61
11.4
13406
2208
146.31
153
20.1
51
12.04
11131
13092
115.64
116
9
18
25.18
13122
13421
256.61
167
1
0
20.62
13408
12173
68.5
146
18.44
27
22.67
12326
13416
113.2
114
11
42
14.87
13092
13093
135
128
8.06
34
11.18
13411
12025
27.65
159
9.22
12
15.52
13423
13420
122.91
168
1.41
0
18.87
13282
13272
144.78
177
18.87
28
2.24
1448
1470
142.59
108
8.6
23
20.59
13418
13252
69.23
133
17.89
34
23.02
13403
4581
65.56
125
21.1
54
21.38
13092
13425
-39.81
114
6.71
25
14.32
5496
2208
-65.38
108
8.06
17
25.18
7403
6797
-35.54
166
13.93
43
5.1
13272
1907
168.11
175
19.1
78
2
13092
11131
-64.36
156
15.62
25
15
13419
12326
40.24
165
26.63
40
11
13415
5322
15.42
116
11.18
21
27.17
12326
5496
-49.76
143
9.22
29
11.18
2208
13406
-33.69
147
9
15
18.44
13426
1907
15.95
125
3.16
7
20.22
13421
13122
76.61
167
2
1
19.65
12970
13131
236.31
147
2
3
20
671
12632
180
147
3.61
15
7.28
13427
7233
34.38
151
2.24
2
21.1
13424
13420
-34.51
178
18.87
55
1
13429
13428
54.16
171
2.24
1
20
7407
10476
153.43
146
7.07
52
5.1
1470
6637
18.43
124
15.52
60
14.87
13431
12970
259.22
143
2.24
3
19.65
13432
7433
-87.14
173
17.26
36
3.61
1470
1448
-37.41
125
15.81
46
18.11
10476
13432
154.98
177
13.93
19
2.83
11129
13433
17.35
134
15.65
62
12.73
13434
13435
-53.13
175
13.45
36
2
13436
5322
250.91
146
22.8
55
15.52
12632
13425
-65.22
131
7.28
29
11.05
11131
13406
-49.4
167
8.6
11
10.3
13423
13420
122.91
171
13.45
16
7.28
2116
13424
-11.31
175
19.1
52
2.24
13438
13437
217.41
128
2
4
20.25
13419
3967
193.39
138
18.03
55
14.87
5322
9566
159.44
166
27.17
40
10.3
12326
13419
220.24
157
20.12
26
17.46
4581
6637
148.67
138
21.38
52
18.11
13439
7407
-61.56
141
16.16
34
18.11
4581
13419
114.15
146
26.93
57
18.03
13441
925
215.54
171
1.41
0
15.81
9566
13425
109.29
145
8.6
19
15
13428
13429
234.16
171
2.24
1
20
1907
13426
195.95
106
2
5
21.38
11655
5496
14.04
131
20.12
63
17.03
13131
12970
56.31
147
2
3
20
12673
13442
257.47
168
3
2
15.52
4581
11655
83.09
149
31.78
69
17.46
6358
13432
70.02
153
15.13
35
12.21
13443
13429
79.22
170
2
1
19.42
7233
13427
214.38
143
3.16
5
20.59
13445
13437
11.31
174
19.92
74
2.24
925
13425
264.81
146
8.06
46
6.4
11297
4600
-33.69
167
8.54
37
3.16
7407
13439
118.44
146
8.94
14
20.62
11129
13436
-21.8
141
16.76
51
13.6
13432
6358
250.02
158
20.02
57
9.22
13448
13449
-35.22
179
18.03
9
2.83
12970
13431
79.22
170
6
4
15.52
2208
5496
114.62
137
16.16
37
18.44
13449
13445
-11.31
175
19.1
52
2.24
11655
4581
263.09
161
26.68
48
12.21
13452
5072
264.56
172
20.02
66
3.16
9566
5322
-20.56
153
24.19
41
17
5322
13436
70.91
133
17
38
20.25
5072
13452
84.56
175
21
84
2
4792
7998
248.96
145
4.12
12
10.82
4600
13456
215.54
126
4
27
7.07
13425
9566
-70.71
136
11.18
30
15.3
13457
13436
-1.51
158
19.31
20
21.54
13425
13457
-26.57
115
6.4
34
10.3
10476
13439
104.04
130
16.55
51
16.4
13440
925
214.7
159
3.61
6
12.53
13435
13434
126.87
148
8.54
30
9.06
13437
13438
37.41
101
2.24
5
21.1
13452
13459
122.47
123
2
8
12.08
13452
13460
141.34
142
2
6
11.31
13450
13461
143.13
177
18.03
26
2.24
13420
13424
145.49
154
15.13
49
9.06
13463
13457
205.46
161
4.24
4
19.31
13454
13457
150.26
144
24.19
71
15.3
13429
13443
259.22
170
7
5
14.56
13436
13457
178.49
146
20.25
28
24.19
13465
925
183.58
150
14.42
63
8.06
13467
13468
126.87
179
12.81
10
2.24
13469
13464
77.47
168
4
3
14.56
13442
13438
241.39
152
6
8
20
5496
11655
194.04
117
18.44
53
20.62
13452
13470
105.26
106
2
10
11.05
11655
13432
-77.01
143
20.62
50
16.4
13462
13434
-27.9
160
15.13
46
7.28
13442
12673
77.47
155
9.22
21
10.82
13466
13461
-57.99
174
12.81
13
6.32
13464
13427
62.45
153
7
9
20
13446
13451
191.31
174
19.92
74
2.24
13451
13450
169.22
176
19.1
34
2.83
925
13465
3.58
155
12.53
48
7.07
11297
13456
-79.7
134
10.82
64
8.6
13457
13465
67.62
129
10.3
33
14.42
13457
13463
25.46
165
18.44
41
7.28
13472
13473
135
159
7.62
45
4
13474
13475
72.9
149
4.12
11
10.3
7998
4792
68.96
150
12.17
60
7.07
13424
2116
168.69
149
20.25
73
11.05
13473
13477
38.66
111
3.16
29
6.08
12563
13426
48.18
132
9.06
19
20.59
13457
13471
40.6
153
18.38
76
8.6
13464
13469
257.47
162
9.06
16
10.3
13478
2116
34.99
120
10.05
24
21.38
13438
13442
61.39
145
8.06
14
19.1
13468
13467
-53.13
151
7.62
24
9.22
13427
13464
242.45
147
9.06
15
19.1
13479
13446
228.18
132
8.06
16
21.1
13424
13476
200.22
104
9.06
25
20.1
13461
13450
-36.87
156
14.32
40
9.22
7998
13479
244.44
142
9.22
17
19.1
553
11297
-11.31
146
15.23
72
9.06
13475
13474
252.9
154
12.17
63
6.08
13472
13477
100.3
146
9.9
61
6.4
13480
13467
150.64
163
14.32
42
6.32
13481
13471
222.36
180
38.21
2
7.81
13434
13462
152.1
129
15.23
50
15.3
13458
13482
51.01
175
3.61
0
50.45
13426
12563
228.18
133
10.05
21
20.12
13475
12563
62.45
147
9.06
15
19.1
2116
13478
214.99
120
11.05
26
21.21
12858
13451
217.87
117
10.2
26
20.4
13450
13451
-10.78
151
18.97
62
10.44
13456
13484
241.19
142
12.17
29
15.26
11297
13485
229.4
130
11.18
37
14.32
13446
13479
48.18
127
10.2
22
21.02
13479
7998
64.44
147
15.13
32
15.26
13483
13480
171.47
154
18.97
68
9.22
13465
13486
53.62
99
7.07
8
46.67
13487
13472
165.07
145
13.93
62
9.22
12563
13475
242.45
149
15.03
30
15.26
13485
11297
49.4
130
17.26
60
15.3
13471
13486
63.97
100
8.6
10
47.2
13451
12858
37.87
112
10.44
27
21.38
13477
1211
61.19
142
12.17
29
15.26
13467
13480
-29.36
130
13.93
48
14.32
13488
13462
39.81
124
17.12
45
20.1
1211
13478
54.69
141
15.03
28
20.12
13484
13456
61.19
142
17.26
49
14.32
13484
12858
234.69
138
15.13
29
21.02
13482
13489
-53.13
172
2.83
1
17.2
13462
13488
219.81
119
15.3
39
21
13472
13491
47.29
127
11.18
39
14.14
13492
13476
46.47
130
17.12
38
21.21
13486
13471
243.97
107
17.69
21
46.01
13482
13481
-60.26
173
20
29
5
1211
13477
241.19
142
18.25
53
14.14
13491
13472
227.29
128
17.26
62
15.52
13482
13458
231.01
148
9.06
6
46.67
13478
1211
234.69
138
17.12
34
20.25
12419
13480
219.47
120
17.26
48
20.22
13476
13492
226.47
130
17.12
38
21.21
12858
13484
54.69
135
17.26
35
21.19
13493
13483
229.4
130
17.26
38
21.38
13480
12419
39.47
118
14.32
39
20
13485
13493
234.69
135
17.26
35
21.19
553
13494
229.64
130
17.26
41
20.22
13494
553
49.64
129
20.4
49
21
13491
13492
57.38
138
18.25
37
20.25
13483
13493
49.4
130
17.26
38
21.38
13493
13485
54.69
137
21.21
46
20.22
13481
13482
119.74
163
17.69
36
9.06
13487
13495
52.7
133
17.26
40
19.42
13495
13488
53.13
135
21.21
45
21.21
13492
13491
237.38
140
21.21
45
19.42
13495
13487
232.7
132
21.38
52
20
13488
13495
233.13
132
20.4
42
22.36
13494
12419
234.25
137
21.21
43
21.38
12419
13494
54.25
134
21.38
43
22.36
13497
13498
-48.81
143
5.1
25
7.28
13500
13501
-11.89
176
15.13
14
4.47
13504
13502
61.19
170
15.81
21
7.81
13500
13502
188.13
170
9.49
8
12
13506
13504
102.53
178
15.52
12
3
13505
13501
-2.05
160
9.49
9
19.42
13504
13505
41.01
160
22.83
41
12
13509
13510
-4.4
154
5.39
16
8.54
13508
13501
142.7
121
5.39
11
24.08
13511
13510
52.59
143
18
56
13.04
13501
13505
177.95
151
25.94
66
13.93
13505
13504
221.01
110
13.93
26
28.86
12574
13504
114.44
149
7.21
11
18.44
13509
13501
131.63
137
12.04
28
17.46
13513
13511
-57.72
128
12.04
32
18
13514
13511
0
131
24.84
57
22.47
13512
13513
-10.49
142
25.94
66
17.46
13513
13512
169.51
120
24.84
54
26.4
13515
13504
141.63
130
14.32
27
24.17
13504
13515
-38.37
128
28.86
60
26.31
13517
12574
152.53
171
15.81
11
12.81
13514
13512
114.62
108
15.13
33
26.31
13515
13517
-55.49
117
15.13
47
18.44
12574
13517
-27.47
141
14.32
28
19.42
13518
13519
247.38
180
10.77
3
2.24
13522
13523
254.74
151
8.25
43
5.83
13524
13521
64.98
165
12.17
34
5.83
4503
13526
-27.41
170
13.6
8
17.2
13519
13527
56.69
170
13
4
29.21
13528
13523
-55.3
135
12.17
49
11.4
13529
5809
57.53
180
34.13
4
5
11022
55
220.91
163
34.13
54
12.37
2605
13530
221.42
166
21.63
72
5.83
13532
13524
28.44
126
8.06
16
23.54
13523
13533
214.22
134
12.17
21
23.54
11536
13534
63.43
147
8.06
21
12.04
13536
13537
23.63
159
11.31
30
8.06
13528
13533
241.93
118
15.81
27
30.23
1901
13538
47.12
166
12.53
23
7.62
13528
13534
220.24
159
34
78
12.81
55
11021
55.89
101
7.07
10
36.77
13540
13541
-50.91
177
20.52
84
1.41
13543
13536
246.8
162
13.04
21
11.31
337
1901
-86.19
124
8.06
32
12.53
13527
13519
236.69
129
9.49
11
36.77
4503
821
-9.87
137
14.42
37
16.28
55
11022
40.91
166
37.44
69
10.3
13545
13531
-2.12
173
22.09
28
5.83
13541
13546
26.57
162
1.41
4
5.39
13540
13547
265.03
136
20.62
60
16.55
13543
821
11.77
173
14.87
11
10
11021
7238
79.38
151
9.49
29
9.22
4535
11022
223.45
170
22.2
43
6
13534
11536
243.43
154
13
42
8.54
13534
13549
-90
129
12.81
63
11.18
13385
13547
152.1
144
13.15
42
11.7
821
5270
48.12
174
17.2
4
21.93
1476
337
247.62
126
9.43
30
15
1476
13551
29.74
125
13.04
32
20.02
13547
13392
223.36
114
11.7
28
22.8
13389
337
216.87
148
13.93
66
8.06
10752
11021
212.28
153
19.72
61
10.3
13553
12666
-53.13
175
14.87
81
1.41
13556
13554
104.74
169
4.47
3
15.3
13547
13385
-27.9
128
16.55
54
16.12
13545
1904
110.92
162
14.21
11
23.35
11021
1097
49.4
151
16.28
61
9.22
11022
4535
43.45
164
19.72
37
9.06
821
13543
191.77
136
7.21
14
20.02
13541
13249
-23.43
131
6.71
10
28.84
13533
13549
206.57
135
9.49
56
8.06
13530
13558
246.04
175
3.16
2
6.71
11021
10752
32.28
163
18.44
48
7.28
13401
13546
148.5
172
7.62
2
28.84
13533
3466
-87.14
171
18.44
59
3.61
13560
13393
-69.44
125
12.37
45
14.32
13393
13560
110.56
138
6.71
20
13
13389
13551
51.34
110
9.43
21
24.19
5270
13561
-90
124
10.82
48
12.04
1904
13545
-69.08
153
10.63
10
27.46
12666
13553
126.87
161
14.42
73
5
5270
821
228.12
139
14
18
30.02
13558
13562
129.81
152
19.31
55
11.4
13553
13563
174.29
122
5
29
8.6
3466
13533
92.86
163
11.7
21
9.49
4237
13541
128.93
157
21.47
31
16.12
527
116
139.4
158
6.32
35
4.12
7681
13564
139.64
133
17.12
40
19.24
7006
10749
212.47
123
2
8
12.08
13555
13554
101.31
114
9.22
36
14.32
170
13389
87.14
129
10.63
31
15.81
13565
13559
57.09
176
17
23
3.61
13562
13558
-50.19
164
21.63
66
6.71
13561
13393
18.43
157
12.04
45
6.71
13385
13566
-48.12
160
21.47
21
20.25
13249
12653
-41.63
162
7.62
26
5.39
8382
10749
-41.63
179
9.22
3
2.83
13549
13568
263.29
114
8.06
27
15.81
13541
4237
-51.07
153
32.7
73
15.81
13565
13569
249.62
168
23.19
19
15.62
13549
12887
213.69
131
17.12
42
19.24
13570
13411
205.46
177
10.3
2
13
13572
13545
-76.43
165
20.59
28
11.4
13573
13092
248.84
141
12.65
18
24.84
7006
13567
201.04
169
13.04
66
2.83
13557
13568
235.3
126
11.7
46
13.15
13393
13254
-72.9
120
9.22
41
12.08
12443
12887
86.63
120
16.64
58
17
13254
13573
38.16
153
12.08
38
9
7406
13574
23.2
114
2
15
7.07
13575
12666
11.89
133
13.89
45
14.42
2278
13551
56.89
129
3.16
5
25.61
13093
13393
80.13
139
21.1
61
15.81
12491
13398
35.22
156
19.72
70
8.6
13249
13576
-72.47
150
12.04
32
11.4
4410
8382
-11.89
169
13
21
7.21
7681
116
186.71
149
12.81
47
9.22
9395
13282
120.47
175
17.2
30
3
13563
13092
229.9
171
19.72
31
6.32
4237
13566
-69.78
133
16.16
51
15.26
13551
13413
80.91
144
21.47
57
15.23
12970
13578
238.57
149
1
1
20.25
13092
13573
68.84
154
20.1
30
17.8
13423
13577
126.25
172
1.41
0
17.2
13393
13093
260.13
154
13.6
28
12.81
13576
13249
107.53
130
16.16
52
15.81
7006
11845
143.75
123
13.93
46
16.12
13121
13122
75.96
166
1
0
19.65
12443
13568
34.99
129
17.03
43
19.24
7681
527
218.66
140
10.2
52
8.25
13389
13572
260.54
153
3.16
5
15.52
13562
13403
-33.69
111
8.6
23
20.25
3466
13579
233.97
173
17
5
24.08
13580
13413
128.66
115
20.62
47
25.32
13092
13254
95.71
141
14.14
44
12.81
13282
13272
144.78
172
17.89
40
4.12
13416
13093
-46.85
107
4.47
11
21.1
13582
13415
193.57
149
8.49
11
23.02
13584
13583
215.22
126
1
2
20.25
13123
12970
256.61
167
2
1
19.65
11273
13574
263.66
169
11.05
16
7.62
13561
13413
171.25
145
4.47
6
22.8
7681
11273
146.31
155
20.22
51
11.05
13579
3466
53.97
164
32.89
45
13.15
13585
13580
59.74
133
19.92
45
20.62
13272
1907
168.11
169
19
78
4
13411
13570
25.46
161
8.49
10
15.52
13398
12491
215.22
156
13.89
35
10
13586
13587
56.98
166
3.16
2
20.81
1234
13572
142.59
108
8.6
23
20.59
13403
4885
64.54
122
20.25
53
21.38
13569
13565
69.62
150
17.26
21
24.08
10568
13092
114.78
115
9
18
26.17
13589
13583
8.53
177
19.42
53
1.41
13591
1907
20.85
123
5.1
12
20.22
13551
2278
236.89
130
19.92
46
21.38
13581
13577
-34.51
173
17.89
55
3
2072
7233
39.81
144
4.12
6
20.25
13578
12970
58.57
149
1
1
20.25
11845
7006
-36.25
171
15.65
39
4.12
13592
13410
200.56
136
16.55
65
12.73
13415
13582
13.57
115
10.2
19
27.17
13589
13593
168.69
169
2
1
18.44
11434
13435
-50.71
175
12.73
39
2
13413
13580
-51.34
144
22.8
61
15.23
13093
13416
133.15
140
9.06
21
16.16
13092
13093
135
115
8.54
36
13.15
13423
13577
126.25
172
12.73
17
6.32
12193
13416
111.8
117
12.04
45
15.23
13579
13568
70.46
133
19.24
35
24.41
12673
12979
258.11
150
3.16
5
16.76
11273
13092
96.58
162
25.5
76
8.54
11273
7681
-33.69
147
9
15
18.44
13574
10903
159.44
152
7.07
55
4.12
13092
10568
-65.22
160
16.97
24
14
13092
2792
-45
117
6.32
21
15.23
12970
13123
76.61
167
5
3
16.76
13595
13586
78.69
169
2
1
18.44
13597
7635
-86.99
173
16.28
36
3.61
9970
13581
-11.31
169
19
64
4.12
13584
13590
211.43
177
20.81
76
1.41
13585
12193
41.5
162
27.78
46
12.04
13572
4013
18.43
124
15.52
60
14.87
13587
13586
236.98
162
4.12
3
20
12513
13138
-29.05
159
8.06
46
4.12
13572
1234
-37.41
125
15.81
46
18.11
12193
5288
-51.84
135
9.06
29
13.15
13575
12491
180
147
3.61
15
7.28
13600
13599
250.35
142
3.16
8
12.53
13601
13582
250.2
145
21.84
55
15.52
1907
13591
200.85
111
4
10
21.38
7233
2072
219.81
142
5.1
9
19.72
10568
7681
-49.4
168
10
14
8.94
13590
13594
190.78
179
19.42
10
2
13138
13603
225
135
4
21
7.62
13594
13604
165.96
179
18.44
12
2.24
13606
13607
122.74
180
14.42
6
2.24
12979
13584
243.43
154
5
6
20.25
13582
13602
160.46
167
27.17
43
8.94
4885
4013
148.67
138
21.38
52
18.11
10995
13608
20.56
136
16.55
65
12.73
13605
13609
-59.53
177
14.42
8
5.39
13585
2278
190.78
137
17.2
53
14.87
13610
13574
-60.52
138
15.81
35
18.11
12491
2792
-66.8
130
7.28
27
12.04
11995
13597
69.15
152
15.13
38
11.66
4885
13585
114.9
147
26.93
60
17.2
13611
13612
76.76
167
4
3
13.6
13435
11434
129.29
137
8.06
33
10.05
13586
13595
258.69
169
7
5
13.6
13602
2792
111.8
149
10
21
14
13597
11995
249.15
157
19.03
56
9.22
12979
12673
78.11
155
8.25
16
12.53
12193
13585
221.5
157
21.02
28
17.46
13574
13610
119.48
141
8.54
15
20.62
4885
13613
82.87
148
30.87
69
17.46
13577
13581
145.49
150
15.03
49
10.05
13615
13616
131.19
167
8.6
41
3
13602
13582
-19.54
154
23.19
40
16.12
11812
13598
215.54
153
2.24
3
15.26
12193
13613
244.65
117
17.8
50
20.62
13582
13601
70.2
131
16.12
37
20.25
13613
4885
262.87
160
26.68
51
11.66
13619
13620
264.29
172
20.02
84
3
13612
2072
62.45
153
7
9
20
13621
13622
70.02
146
4.12
15
8.6
13614
11434
-22.38
162
15.03
49
6.32
10995
13601
-21.8
138
17.09
52
14.56
11273
5288
115.56
134
15.81
38
18.44
13598
2792
265.24
146
8.06
40
7.07
13620
13619
84.29
175
20
84
2
12513
13603
-80.54
129
10.3
54
9.9
13624
13621
180
150
5.83
71
3.16
13599
13600
70.35
151
11.18
47
7.62
10903
13610
104.04
130
16.55
51
16.4
2792
13602
-68.2
139
11.18
29
15.13
13584
12979
63.43
140
8.25
16
19.1
13619
13626
141.34
142
2
6
11.31
13625
13590
229.9
126
8.25
18
21.1
10406
13601
-1.51
158
19.31
20
21.54
13607
13606
-57.26
159
8.6
20
9.22
10406
2745
116.57
144
11.18
71
7.07
13609
13604
-34.51
162
14.56
39
7.28
13617
10406
150.26
143
23.19
67
15.13
13612
13611
256.76
162
10.05
22
8.6
13619
13628
122.47
123
2
8
12.08
13601
10406
178.49
146
20.25
28
24.19
13629
10406
205.46
161
4.24
4
19.31
13618
13598
211.61
149
4.47
11
11.7
13627
13606
150.64
167
14.56
38
5.39
13613
13597
-77.01
143
20.62
50
16.4
13631
13581
22.83
109
12.04
34
20.4
13619
11279
109.98
110
2
9
11.18
5288
13613
194.04
117
18.44
53
20.62
13599
13625
243.43
140
8.25
16
19.1
13632
13598
176.42
150
13.42
56
8.06
12292
13591
49.64
140
10
19
19.72
13615
13624
100.3
150
10.63
69
5.83
2072
13612
242.45
153
10
15
17.69
13622
13621
250.02
150
11.18
70
6
13633
13594
214.38
112
9.22
23
21.38
13604
13594
-14.04
154
18.44
63
9.22
13635
9970
38.66
124
12.04
27
21.38
10406
13632
66.37
130
11.18
39
13.42
13598
13632
-3.58
157
11.7
41
7.07
13581
13631
202.83
108
10.05
28
20.1
10406
13629
25.46
165
18.44
41
7.28
11434
5201
209.74
115
10.05
37
15.13
13590
13625
49.9
128
9.22
20
20.59
13622
12292
64.44
149
10.05
17
17.69
11434
13614
157.62
128
16.12
56
15.3
13634
13627
171.47
159
18.44
65
7.28
10406
13636
40.6
155
17.46
70
8.06
13603
13637
241.19
141
11.18
26
15.81
13591
12292
229.64
135
12.04
25
19.7
13625
13599
63.43
145
13.15
28
15.81
9970
13635
218.66
124
12.04
27
21.38
12513
13638
231.34
132
12.17
39
14.32
13594
13633
34.38
112
9.22
23
21.38
13639
13615
161.57
145
13.6
59
9.22
13606
13627
-29.36
134
13.6
47
13.34
13637
13633
235.18
137
13.15
26
20.59
13624
13640
58.57
139
11.18
30
14.76
12292
13622
244.44
148
16.12
36
14.76
13638
12513
51.34
132
17.26
58
15.13
13615
530
47.49
128
11.18
43
13.04
13637
13603
61.19
142
17.26
49
14.32
13630
13641
50.33
167
4.47
1
48.92
13640
13635
56.31
140
16.12
32
19.7
346
13614
43.26
124
18.25
48
20.1
13614
346
223.26
122
15.3
40
20.02
13639
530
103.24
122
15.81
55
16.28
13627
13634
-8.53
135
20
66
15.52
13640
13624
238.57
142
17.12
54
13.04
12151
13634
226.55
126
15.3
35
21.38
13643
13631
49.18
133
18.11
38
21.38
13633
13637
55.18
134
15.3
32
20.62
13627
13642
36.87
114
13.34
39
19.03
13638
12151
237.38
138
17.26
34
20.62
13635
13640
236.31
140
18.11
37
18.97
13632
13644
52.88
98
7.07
8
45.97
13644
13632
232.88
171
46.07
82
8.06
13631
13643
229.18
130
18.25
38
22.36
5201
13645
232.31
133
17.26
38
20.62
13634
12151
46.55
122
15.52
36
22.36
530
13643
55.18
139
17.12
36
18.97
13645
5201
52.31
135
21.21
49
20.02
12151
13638
57.38
137
20.4
43
20.62
13639
13646
49.9
127
17.46
44
20.1
13646
13639
229.9
132
20.22
52
19.03
13641
13647
-49.09
150
3.16
5
17.2
13643
530
235.18
135
21.38
49
20.1
13645
13642
233.13
132
20.4
42
22.36
13646
346
54.25
134
21.38
43
22.36
13644
13636
242.88
106
17.69
22
44.69
346
13646
234.25
137
21.21
43
21.38
13642
13645
53.13
135
20.22
42
21.38
13641
13649
-60.26
169
19.85
39
6.08
13641
13630
230.33
147
9.06
6
45.97
13649
13641
119.74
163
17.69
36
9.06
13650
13651
-83.66
160
8.94
77
3.16
13654
13653
-36.03
175
5.83
3
7.81
13653
13651
-56.31
124
5
27
9.06
13654
13651
-45
172
13.6
11
10.82
13654
13656
145.01
175
8.06
10
4.24
13657
13655
-14.74
173
16.12
30
4.24
13660
13658
62.35
173
17.09
17
7.07
13655
13661
-36.03
174
8.06
2
19.21
13661
13662
-20.56
171
5.1
13
3.61
13664
13660
101.89
178
16.49
11
3
13657
13658
188.13
165
9.85
12
12.04
13660
13666
41.01
159
23.71
45
12.04
13666
13655
-2.05
154
9.85
12
19.65
13668
13669
10.89
151
9.22
13
19.03
13497
13662
0
150
5.83
20
8.54
13670
13662
52.13
146
18.03
52
13
13661
13655
143.97
114
5.83
12
25.5
13671
13660
112.62
153
7.81
10
19.42
13666
13660
221.01
108
15.23
29
29.61
13655
13666
177.95
148
25.55
64
15.23
13497
13655
131.82
137
12.04
26
18.68
13667
13670
0
131
24.84
59
21.95
13673
13670
-59.93
125
12.04
33
18.03
13672
13673
-10.49
139
25.55
63
18.68
13673
13672
169.51
120
24.84
54
26.4
12388
13674
247.38
180
10.77
3
2.24
13676
13660
139.97
129
15.3
27
26
13678
13671
150.75
174
15.23
6
13.6
13660
13676
-40.03
129
29.61
58
27.29
13672
13676
261.57
147
26.4
70
15.3
13678
13667
75.96
136
19.72
64
15.3
13674
13679
55.12
168
13
5
27.66
13671
13678
-29.25
140
15.3
30
19.72
2548
13681
220.76
165
32.45
51
11.18
13684
13682
223.26
167
21.63
65
5.39
13681
10892
56.31
102
8.49
13
35.38
4704
2784
-27.41
169
14.56
10
16.4
13686
13687
222.71
180
23.35
1
12.04
13689
13690
63.43
171
13.6
26
5
13692
13691
259.7
156
8.25
42
5
13688
13693
40.43
178
23.35
5
12.21
13679
13674
235.12
127
9.49
12
35.38
1685
13694
49.4
166
11.18
19
8.06
13681
2548
40.76
165
36.06
69
10.3
13696
13697
23.63
159
9.9
23
9
13698
13683
0
175
22.09
21
5.39
563
1685
-85.91
128
7.21
30
11.18
13693
13691
-52.43
138
12.17
47
11.18
13699
13541
-54.16
171
21.21
69
3.61
13701
13689
28.44
127
7.07
13
23.77
13703
13696
249.15
164
14.04
24
9.9
2749
2548
223.45
171
21.4
33
6.08
10892
7047
79.38
151
9.49
29
9.22
13705
13688
63.43
147
8.06
21
12.04
13691
13702
215.13
143
13.6
20
23.77
13541
13706
39.81
164
3.61
13
4.47
13699
13707
267.61
142
22.2
64
15.23
13693
13702
242.02
115
16.4
26
33.02
13702
13693
62.02
105
13.45
21
35.47
4704
821
-14.04
133
14.42
35
18.44
13709
13707
150.64
147
13.04
43
10.44
10752
10892
210.07
153
18.87
59
10.3
13703
821
6.84
169
15.81
18
10.2
13707
13711
221.82
116
10.44
24
23.09
13698
1687
110.92
165
15
10
22.36
10892
1097
47.29
148
16.28
65
9.49
2548
2749
43.45
166
18.87
30
9.22
13389
563
213.69
151
13.42
67
7.21
13695
563
250.56
127
10.82
36
14.42
13707
13709
-29.36
128
15.23
53
15.13
13688
13705
243.43
150
14.04
50
9.22
13695
13551
26.57
121
14.04
34
21.21
13688
13712
-85.91
137
13.45
65
10.3
821
13714
50.01
173
18.87
6
21.93
10892
10752
30.07
163
17.69
46
7.28
13716
12666
-55.3
173
14.87
61
2.24
13541
13249
-23.43
117
7.81
13
30
13558
13562
129.81
154
19.7
56
10.44
13717
13706
147.17
164
7.28
4
30
13719
13718
105.52
151
2.83
4
16.28
1687
13698
-69.08
156
11.31
10
26.48
821
13703
186.84
131
7.21
14
21.21
527
116
139.4
166
6.71
30
3.16
13720
13541
127.87
161
22.47
30
15.13
13389
13551
51.34
108
10.82
24
24.6
6809
13721
135
132
17.03
36
21.21
13557
13702
73.3
114
7.81
44
10.3
13562
13558
-50.19
164
21.63
66
6.71
13702
3466
-87.27
171
19.42
59
3.61
12887
13712
34.29
139
12.37
25
19.24
13709
13723
-50.19
163
22.47
21
18.97
12666
13716
124.7
161
13.6
56
5.39
170
13389
87.14
133
11.31
34
15
13716
13563
180
112
5.39
32
9.43
13249
12653
-41.63
155
7.28
29
6.32
3466
13702
92.73
163
11.7
19
10.44
13726
13725
-69.44
125
12.37
45
14.32
13714
821
230.01
141
16
20
30.02
13714
13561
-90
132
10.63
41
12.04
13725
13726
110.56
134
7.62
24
13.04
1686
13698
-75.47
165
19.72
31
10.44
13541
13720
-52.13
152
32.7
70
16.64
2747
13728
248.2
167
21.21
16
17.8
7199
13567
197.1
173
12.08
43
2.24
2747
13559
60.95
175
17.46
27
3.61
9395
13282
120.47
175
17.2
30
3
13555
13718
100.62
120
9.49
35
14.32
13423
13577
126.25
172
1.41
0
17.2
13123
13729
259.22
170
2
1
19.42
13561
13725
21.8
154
12.04
45
7.62
13712
13568
260.54
121
7.81
25
15.81
13712
12887
214.29
134
18.25
43
19.24
4410
7601
-14.74
170
13.04
18
7.21
13249
13731
-73.3
149
12.04
30
12.37
6809
116
183.37
149
12.21
43
9.22
13720
13723
-71.57
131
16.16
55
15
13282
13733
147.09
171
17.46
43
4.12
13734
13092
247.25
144
12.37
17
24.84
13735
13551
59.04
138
5.1
7
25.61
13562
13403
-33.69
124
7.62
20
18.6
13557
13568
235.3
126
11.7
46
13.15
7199
5332
143.75
127
13.6
46
15.13
6809
527
214.99
137
10.2
55
8.54
13731
13249
106.7
129
16.16
49
16.64
13737
13738
59.04
150
4
5
20
13739
12666
14.74
137
15.26
50
13.6
13725
13254
-74.05
125
9.49
40
12.08
1732
13736
191.69
158
7.21
6
23.09
8625
13740
-48.01
170
11.4
41
3
13128
13741
258.11
142
2.24
4
17.72
13729
13123
79.22
156
4.12
5
17.72
13733
1907
165.26
163
19.03
75
6
12349
13724
35.84
155
20.59
67
9.43
13254
13734
36.25
151
12.08
36
10
13732
13577
-32.01
172
17.46
57
3
13389
1686
261.03
160
5.1
6
14.56
12161
7441
41.63
143
5.1
8
20.25
6466
13725
80.91
141
21.95
59
16.16
13563
13092
229.9
169
20.59
40
6.08
3278
1907
25.46
125
6.08
14
20.4
11865
13737
78.69
169
3
1
17.46
11140
7005
263.99
169
10.05
12
9.49
13423
13577
126.25
165
11.4
22
8.25
13411
13742
23.2
170
7.21
4
15.81
6809
11140
146.31
158
20.4
50
10.05
13403
13730
63.43
118
18.6
50
21.59
13092
13734
67.25
152
20.1
30
18.6
3466
9690
234.78
169
17.46
8
24.76
13551
13413
80.91
141
21.95
59
16.16
13744
13568
36.87
131
18.03
45
19.24
1000
1686
140.53
118
7.62
20
19.72
13746
13747
118.07
177
15.26
28
2
13741
13584
242.35
139
4.12
7
20.81
13725
6466
260.91
155
14.56
26
13.6
13745
13748
-59.53
179
15.26
3
4.47
13749
13138
-20.56
160
7
51
3.16
12836
7798
248.2
159
4
6
12.53
13736
1732
11.69
113
10.2
20
27.29
13092
13254
95.71
138
13.45
41
13.6
5332
7199
-36.25
171
15.65
39
4.12
13751
13413
127.3
116
20.4
46
25.32
13728
2747
68.2
149
17.26
21
24.76
13738
13737
239.04
161
5.1
5
18.6
10873
13092
113.96
114
9
17
27.17
13138
13752
233.13
130
4.12
23
8.06
9690
3466
54.78
164
33.84
46
13.15
6466
13561
120.07
167
21.93
83
5
10138
13732
-8.53
169
19.03
67
4.12
2995
13751
57.99
134
20.62
46
20.4
13551
13735
239.04
135
20.62
45
20.62
7005
13750
153.43
154
7
49
4.12
13724
12349
215.84
158
15.26
35
10
11864
13753
75.96
166
3
3
13.6
13741
13128
78.11
155
8.25
16
12.53
13561
13413
171.25
135
5
8
23.09
13754
2357
-86.99
171
14.32
24
5.39
10868
10244
66.37
118
14.21
49
16.76
11140
6809
-33.69
147
9
15
18.44
13755
12138
127.87
178
9.22
11
2.24
7441
12161
221.63
142
6.08
11
19.72
13737
11865
258.69
169
7
5
13.6
1907
3278
205.46
116
6
14
21.38
13740
8625
131.99
132
7
30
10.2
11140
13092
96.34
160
24.6
64
9.43
13092
10873
-66.04
164
18.44
23
13
6466
5085
-81.87
141
13.45
66
9.43
9690
13568
71.03
134
19.24
34
25
1686
1000
-39.47
126
15.52
44
18.11
1686
13757
14.93
121
14.56
57
14.87
13758
13759
66.04
143
4.12
21
7.07
13761
13760
226.74
128
6.08
13
20.25
13092
13756
-49.4
122
6.08
18
16.16
13762
13758
161.57
140
5.39
57
4.12
6466
9985
133.15
140
9.06
21
16.16
13584
13741
62.35
143
6.08
11
19.21
13748
13764
-32.91
167
14.87
30
6.71
13413
13751
-52.7
145
23.09
60
15.23
13766
1732
250.2
144
20.88
51
15.81
13763
9985
111.8
117
12.04
45
15.23
13747
13746
-61.93
168
9.22
14
8.25
10873
6809
-49.4
172
10.63
10
8.06
7798
12836
68.2
154
11.05
38
8.06
1732
13767
160.46
169
27.29
40
8.06
13749
13752
-79.7
121
8.54
47
10
13753
12161
63.43
154
7
9
18.6
2995
13763
40.43
163
28.3
45
12.04
13730
13757
150.52
138
21.59
54
18.11
13577
13732
147.99
144
14.04
47
11.18
13765
13746
150.64
171
14.87
34
4.47
12359
13754
69.15
153
16.12
42
11.18
13768
8625
-23.63
153
14.04
52
8.25
13754
12359
249.15
157
19.03
56
9.22
10325
7005
-59.42
132
15.3
36
19.1
13739
12349
180
147
3.61
15
7.28
13763
5085
-53.75
133
9.06
28
14.14
13769
13760
10.78
160
21.1
77
7.62
13764
13769
-14.74
159
17.12
59
7.28
13753
11864
255.96
161
11.05
30
7.07
13730
2995
116.57
147
26.42
57
17.49
2995
13735
194.04
135
17.49
56
14.87
7798
13761
246.5
143
8.25
15
19.21
7005
10325
120.58
148
8.94
15
18.68
13767
13756
111.8
153
10.63
21
13
10244
10868
246.37
115
13.45
45
17.09
11943
865
30.96
178
3.61
0
13.89
12138
13755
-52.13
107
5.39
27
11.18
12349
13756
-68.2
128
7.28
26
13.04
13767
1732
-19.54
154
23.19
40
16.12
2995
13730
-63.43
108
18.25
33
31.26
13762
13759
100.3
119
6.32
34
9.85
1732
13766
70.2
131
16.12
37
20.25
11418
13730
262.65
160
26.68
56
11.18
13774
13773
95.71
96
3
8
20.02
13763
2995
220.43
155
21.93
30
18.25
13760
13761
46.74
114
7.62
18
21.47
4885
13773
87.14
178
20
87
1
11140
5085
116.57
128
15.3
38
19.42
13750
10325
105.52
128
16.16
55
15.62
13770
13765
168.69
162
17.12
52
6.71
12020
3278
52.7
138
11.05
22
19.72
10868
13766
-21.8
138
17.09
52
14.56
5840
13732
27.76
114
13.04
36
20.22
12161
13753
243.43
149
11.05
20
16.28
11943
13756
265.6
150
8.94
40
7.07
13763
11418
245.77
120
18.6
51
20.62
865
11943
210.96
148
2.24
4
15.65
13756
13767
-68.2
143
11.66
29
14.14
13769
13005
31.43
106
7.28
20
20.4
13772
13776
152.35
145
23.19
70
14.14
8625
13777
212.74
112
10.2
36
16.03
13776
13766
0
157
19.7
21
21.54
13778
10138
40.36
126
13.04
29
21.38
13776
1334
114.44
146
11.66
69
7.07
13766
13776
180
148
20.25
27
23.71
13759
12020
63.43
149
11.05
20
16.28
13752
13779
241.39
147
11.05
21
17.03
13761
7798
66.5
143
12.37
26
17.03
13732
5840
207.76
108
11.18
30
21.02
13773
7073
118.61
119
1
4
12.08
13773
13780
135
135
1
3
12.04
13781
13755
158.2
150
13.15
54
8.25
11418
13754
-77.01
145
21.26
52
15.62
13746
13765
-29.36
142
13.15
45
11.4
13782
13776
207.65
163
4.24
3
19.7
8625
13768
156.37
124
16.64
59
16.12
13773
13783
106.7
107
1
5
10.2
11418
10325
-41.19
125
20.62
60
19.42
13749
13784
230.91
131
11.18
32
15.81
11403
11943
206.57
154
5
11
11.4
13785
11943
169.38
147
13
52
8.94
13779
13005
233.97
130
12.37
26
21.47
3278
12020
232.7
139
13.04
27
18.79
10138
13778
220.36
126
13.04
29
21.38
13776
13785
66.37
132
12.08
43
13
13762
12291
59.53
140
11.18
32
13.42
13776
13782
27.65
168
18.44
35
7.07
13755
13787
45
125
11.18
45
13
11943
13785
-10.62
155
11.4
39
7.81
13779
13752
61.39
142
17.26
42
15.81
12020
13759
243.43
150
16.03
36
13.42
13784
13749
50.91
131
17.26
54
16.03
13765
13770
-11.31
137
18.87
62
14.56
13789
13770
226.64
125
14.32
35
20.4
13776
13786
40.6
155
17.46
70
8.06
13781
13787
103.24
126
16.16
58
15.56
13005
13779
53.97
132
14.32
31
20.62
13788
13781
176.99
145
18.87
71
11.4
12291
13778
56.31
143
16.03
31
18.79
4189
13768
45
127
19.24
47
21.02
12291
13762
239.53
140
17.26
59
13
13768
4189
225
128
16.12
39
20.1
13784
13789
237.38
138
17.26
34
20.62
13770
13789
46.64
121
14.56
35
21.38
13790
5840
50.71
132
18.25
39
21.38
13778
12291
236.31
137
18.25
38
19.92
13777
13791
233.97
134
17.26
39
19.65
5840
13790
230.71
132
19.24
42
21.21
13781
13792
51.71
129
17.46
45
19.1
13787
13790
55.18
136
17.26
37
19.92
13789
13784
57.38
139
20.22
42
19.65
13792
13781
231.71
131
20.4
54
19.03
13791
13777
53.97
133
20.4
48
20.1
202
13793
48.09
175
5
0
47.42
13791
13788
233.13
135
20.22
42
21.38
13790
13787
235.18
138
21.21
49
19.1
13788
13791
53.13
132
20.4
42
22.36
13792
4189
53.13
135
21.21
45
21.21
4189
13792
233.13
132
20.4
42
22.36
13785
13794
49.54
100
7.81
10
44.05
13794
13785
229.54
170
43.91
79
8.06
13793
13795
-51.34
129
2
4
18.03
13786
13797
38.66
159
43.91
76
16.4
13793
13797
-60.26
172
19.21
29
6
13793
202
228.09
144
11.05
8
44.05
13797
13793
119.74
158
16.4
34
11.05
13798
13799
-84.29
160
8.94
62
3.61
13803
13801
-32.47
159
5.1
12
8.49
13801
13799
-56.31
113
5.1
27
10.05
13803
13799
-43.26
170
13.04
13
10.82
13803
13805
141.34
172
8.06
14
5
13806
13807
73.3
164
2
1
18.97
13809
13804
-14.74
169
16.03
38
5
13808
13810
63.43
172
18.97
24
6.4
13650
13811
-20.56
160
5
24
4.24
13813
13808
101.89
179
17.46
11
2
13804
13650
-37.69
173
8.06
3
19.85
13815
13816
13.5
149
8.49
13
19
13809
13810
187.77
164
9.85
12
13.04
13808
13817
41.19
158
24.6
45
13.04
13675
13818
72.9
163
4
6
9.85
13817
13804
-2.05
154
9.85
12
19.65
13820
13811
0
150
5.83
20
8.54
2460
13811
52.13
146
18.03
52
13
13650
13804
142.31
112
5.83
11
26.25
13821
13808
111.8
157
8.49
9
19.42
13814
2460
0
131
24.84
57
22.47
13822
2460
-57.72
127
13.04
35
18.03
13817
13808
221.19
114
16.76
31
29.43
13820
13804
130.36
135
13.04
28
19.42
10754
7556
219.61
165
31.62
49
11.18
13804
13817
177.95
145
27.46
70
16.76
13675
13825
56.31
164
13.6
8
26.91
13827
13821
151.7
177
16.55
4
13.04
13804
13823
213.11
112
19.42
41
27.29
13828
13808
137.39
130
15.13
25
26.93
13822
13823
171.57
122
24.84
56
25.5
13808
13828
-42.61
128
29.43
55
28.28
7556
10753
54.46
100
7.07
11
33.97
13823
13828
261.87
147
25.5
63
15.81
13831
13829
225
169
21.63
56
5.1
13827
13814
79.22
135
19.42
60
15.81
13821
13827
-28.3
145
15.13
27
19.42
13825
13675
236.31
130
10.44
13
33.97
7556
10754
39.61
166
34.41
63
9.85
13832
13830
2.12
177
22.09
13
5.1
1257
4166
49.4
169
10.3
13
8.6
13834
13835
-25.71
172
13.6
7
16.64
13836
10754
221.82
171
20.62
32
6.08
7917
1257
-85.91
134
7.81
33
10.3
10753
6845
79.38
153
10.44
34
8.49
2140
13839
28.07
164
9.9
20
8.06
13840
1764
-57.72
172
21.26
65
3.61
13842
13843
223.88
179
24.04
2
12.04
13845
13846
66.04
174
13.6
14
6.4
13847
1383
260.54
155
7.28
29
6.4
13844
13848
40.6
176
24.04
8
13.04
13849
2140
249.15
164
14.04
24
9.9
10301
10753
210.07
154
18.03
54
9.85
1764
13850
35.54
160
3.61
13
5.39
13840
13851
265.43
144
22.47
62
15.23
13852
13851
150.64
147
13.04
43
10.44
10753
4973
47.29
148
16.28
65
9.49
10754
13836
41.82
166
18.03
29
9.22
12878
13845
28.44
128
6.08
11
24.04
13832
1687
111.5
165
15
10
21.38
13851
13711
223.45
117
10.44
23
23.41
13848
1383
-57.26
134
11.18
42
12.17
13854
13844
64.8
149
9.06
23
12.04
1383
13031
216.53
144
13.6
19
24.04
10753
10301
30.07
163
17.69
46
7.28
13834
13855
-19.18
128
14.42
36
19.42
13389
7917
206.57
146
12.53
66
7.81
13851
13852
-29.36
128
15.23
53
15.13
13849
13855
4.76
162
15.23
26
10.77
13857
13856
185.44
125
20.59
60
19.42
13838
7917
249.44
129
11.66
42
13.42
13031
13848
62.1
108
14.14
21
36.88
13848
13031
242.1
120
16.64
25
33.6
13859
13858
133.15
158
19.7
63
8.54
13838
13860
25.46
120
14.04
36
20.4
1764
13861
-25.82
119
8.6
13
31.24
1687
13832
-68.5
157
11.31
10
25.5
13717
13850
145.01
155
6.08
4
31.24
527
116
139.4
174
7.21
22
2.24
13862
13863
176.91
172
11.05
3
26.17
13844
13854
244.8
155
16
57
8.06
13862
12666
-60.26
171
14.21
48
3.16
13858
13859
-46.85
163
20.59
69
6.71
13855
13866
50.91
170
20.59
9
21.26
13720
1764
126.87
162
23.02
29
15.13
13844
13712
-90
135
14.14
59
11.66
13123
13729
259.22
170
1
0
20.4
7883
13867
131.01
135
17.03
33
22.2
13852
13868
-50.19
165
23.02
20
18.03
13855
13849
184.76
129
7.21
16
20.4
1403
13282
124.51
175
15.62
20
4.12
13389
13860
53.13
113
11.66
27
23.26
7725
13423
-54.46
176
15.62
35
2
13871
13869
106.39
133
2.24
5
16.28
13861
2905
-41.63
148
6.08
25
7.62
13872
13832
-74.36
166
19.72
36
8.54
170
13389
87.14
133
11.31
34
15
7406
13567
192.99
174
11.7
39
2.24
1764
13720
-53.13
153
34.44
74
16.4
13031
13873
-87.51
171
19.42
39
5
13729
13123
79.22
156
4.12
5
17.72
13875
13712
35.54
139
13.34
29
18.11
13031
13712
210.96
137
11.4
66
8.6
12666
13862
119.74
156
13.6
56
6.71
12673
13741
258.69
151
3.16
5
17.72
2747
13878
248.75
168
20.22
13
19.42
12413
13879
79.22
180
17.26
3
4.12
13862
13563
185.19
122
6.71
37
9.43
13737
13738
59.04
164
4.12
3
19.42
13282
10160
145.49
163
16.76
55
6
13741
13880
241.19
138
4.12
8
20
8800
13435
-41.63
173
10.82
48
2
13720
13868
-70.56
135
16.55
61
13.45
13873
13031
92.49
165
12.65
17
11.4
13882
13737
81.47
172
3
1
17.26
7883
116
176.63
151
11.18
37
9.22
13866
13855
230.91
138
17.03
21
30.89
13861
13881
-75.96
146
12.04
32
12.65
13866
13561
-86.63
132
11.4
42
12.81
13725
13883
111.25
141
8.06
21
14
2747
13874
59.93
179
17
6
5
13883
13725
-68.75
129
13.6
44
15.23
13858
13865
-29.05
128
7.62
20
17.03
10318
7725
-27.9
170
16.76
48
4.12
12836
12390
252.65
163
3
3
13.93
13423
7725
125.54
160
10.82
28
8.06
13884
7441
45
135
6
12
20.25
10160
5210
168.69
161
20.22
78
7
7883
527
206.57
131
8.25
47
8.54
7406
5536
143.75
131
13.34
45
14.14
13881
13861
104.04
130
16.55
51
16.4
13886
13138
-14.04
151
7.28
61
4.12
13887
5210
26.57
117
7
18
20.22
13889
13736
189.78
157
7.21
7
23.02
13138
13890
239.04
135
4.12
18
9.22
13891
12271
124.99
179
10
8
2.24
13870
13869
100.62
114
9.22
33
15.23
13741
12673
78.69
161
7.07
9
13.93
13761
13892
225
124
5.1
12
20.25
13893
13894
74.05
165
3
4
11.7
13895
13896
-36.87
172
14.76
22
5.83
13712
13875
215.54
135
19.24
48
18.44
4166
13860
61.7
143
6.08
8
25
13712
13898
261.03
117
8.6
26
17.2
13738
13737
239.04
150
6
9
18.44
13561
13725
21.8
151
12.81
51
8.06
3632
6224
190.78
132
19.72
60
17.03
13888
13899
23.2
170
7.21
4
15.81
13880
13741
61.19
140
5.1
9
19.21
11004
6796
263.99
168
9.06
10
10.44
13389
13872
261.47
163
6.08
7
14.56
13737
13882
261.47
166
9.06
11
11.7
7883
11004
144.46
162
20.88
48
9.06
13900
12932
247.25
142
11.4
15
25.61
6224
13872
140.53
118
7.62
20
19.72
13901
13902
146.31
147
5
42
4.12
12853
13903
-59.04
175
10
7
7.62
10160
13885
188.53
99
6
17
20.22
13877
13898
234.46
127
12.65
46
14.14
13902
13904
63.43
140
4.12
24
6.4
895
12666
20.22
139
17
56
13.6
13897
13903
146.31
175
14.76
22
3.61
13736
13889
9.78
114
8.25
16
27.17
13905
13892
11.31
165
20.12
79
5.39
13896
13905
-11.89
165
17.03
56
5.39
13435
8800
138.37
123
7.28
37
10.2
5536
7406
-36.25
174
16.12
35
3.16
2199
13724
39.81
157
22.36
71
9.43
7441
13884
225
135
7
14
19.72
13725
2979
-75.07
118
9.22
35
13.93
12390
12836
72.65
152
10.2
32
9.22
13563
12932
231.34
168
22.36
51
6
13873
13908
234.46
173
17
4
26.25
5210
13887
206.57
117
7
18
20.22
2979
13900
36.25
148
13.93
47
10.2
6796
12323
159.44
160
7
51
3.16
13909
13725
81.25
143
22.83
59
16.16
13886
13890
-80.54
114
8.25
40
11.66
13878
2747
68.75
149
16.28
19
26.25
13910
13898
36.87
133
19.1
49
18.44
13911
8033
-83.66
168
12.65
24
6.32
3410
12932
113.2
120
9.06
16
27.17
12390
13761
243.43
146
7.07
12
19.21
13894
13884
64.44
149
9.06
15
18.44
12932
13900
67.25
152
20.1
30
18.6
13860
4492
80.13
143
21.47
64
14.56
13894
13893
254.05
159
10.05
35
6.4
13892
13761
45
114
5.39
13
21.1
12271
13891
-55.01
125
5
23
10.2
11004
7883
-35.54
151
9.06
13
18.44
12932
2979
95.71
138
13.45
41
13.6
13908
13873
54.46
163
34.79
46
14.14
13725
13909
261.25
157
15.52
27
13.6
7725
10318
152.1
141
15.3
52
12.17
13907
13897
168.69
166
17.03
47
5.83
13912
8800
-17.35
152
15.3
65
8.06
13860
4166
241.7
137
22.8
50
20.4
13913
13914
59.04
134
22.8
50
21.21
13914
4492
130.36
123
21.21
50
23.35
13901
13904
99.46
134
7.21
36
8.94
13872
6224
-39.47
130
15.3
43
17.12
13724
2199
219.81
158
17
39
10
13909
13561
118.81
166
21.93
73
5.66
13906
13907
191.31
165
20.12
79
5.39
2138
13917
67.62
121
16.4
54
17.46
13915
4166
135
124
15.3
60
14.56
13918
13889
249.44
142
19.92
51
15.81
13889
13919
162.12
169
27.17
42
8.06
12932
3410
-66.8
165
19.21
23
13
11004
12932
96.34
159
23.71
59
10
3410
7883
-49.4
172
10.63
10
8.06
5417
13911
70.71
154
15.13
41
10.3
3632
13915
150.52
140
21.38
53
17.12
13911
5417
250.71
155
18.11
58
9.22
13908
13898
71.57
135
20.12
34
25
13909
4695
-82.41
140
13.45
60
10
13561
4492
175.76
131
5.66
10
23.77
12932
13920
-51.34
129
6
16
16.16
13921
6796
-58.24
130
15.13
37
19.1
13922
13891
158.2
154
12.04
45
7.62
13903
13897
-33.69
142
12.04
41
11.4
13884
13894
244.44
155
12
19
15.56
13761
12390
63.43
137
10.44
22
18.44
13909
13916
133.15
134
9
22
17.09
6796
13921
121.76
143
8.54
16
18.68
13923
13887
52.31
143
12
21
19.72
3632
13913
116.57
147
26.42
57
17.49
13890
13924
241.39
141
10.2
20
18.44
7060
13916
110.56
121
12.17
43
15.23
13913
7060
40.43
162
29.15
49
12.17
4492
13914
-49.64
145
23.77
63
15.23
13913
4166
191.31
133
17.49
56
15.56
13925
10318
31.43
114
14.14
39
20.22
13919
13920
111.8
153
10.63
21
13
13919
13889
-17.88
158
23.09
38
14.42
8800
13927
218.16
117
10.2
34
16.03
895
2199
180
147
3.61
15
7.28
13904
13923
64.54
149
10.05
19
15.56
13924
13906
234.46
128
10.44
23
21.1
7060
4695
-53.75
127
9
28
15.13
13889
13918
69.44
126
14.42
34
20.81
13913
3632
-63.43
111
18.11
34
30.27
13917
2138
247.62
119
14.21
47
17.09
13928
3632
262.41
162
25.5
53
10.3
13931
13930
96.01
97
3
9
19.03
13932
13885
43.45
130
15.03
34
20.22
13886
8095
236.31
137
12.17
33
15.23
11806
13933
30.96
178
3.61
0
13.89
2199
13920
-68.2
128
7.28
26
13.04
10318
13925
211.43
112
12.17
34
20.02
13934
13730
-86.99
94
2
6
19.03
13927
8800
38.16
122
16.12
55
16.76
12323
13921
105.52
127
17.09
58
16.28
7060
13913
220.43
154
22.85
34
18.11
11004
4695
117.65
126
15.13
39
19.42
13891
13935
39.29
118
10.2
43
13.04
13897
13907
-11.31
140
18.36
61
13.6
2138
13918
-22.83
137
17.09
55
14.32
13901
13937
59.53
141
12.17
36
13
13920
13919
-68.2
143
11.66
29
14.14
13939
13907
225
123
13.34
33
20.4
13887
13923
232.31
139
15.03
31
19.31
11806
13920
265.6
152
9.85
46
6.4
13926
13938
150.26
146
23.09
68
14.14
13924
13890
61.39
145
16.12
38
15.23
7060
13928
246.8
121
18.6
50
20.88
13930
13940
138.37
139
2
7
10.63
13938
13918
0
158
20.62
22
20.62
13918
13938
180
145
20.81
29
24.19
13933
11806
210.96
148
2.24
4
15.65
13891
13922
-21.8
119
14.21
53
15.52
13885
13932
223.45
126
14.14
32
21.38
13923
13904
244.54
148
16.12
41
13
13936
13922
173.99
145
18.36
68
11.4
13906
13924
54.46
132
13.34
30
19.7
8095
13886
56.31
134
17.46
52
16.03
13920
13938
-30.96
111
6.4
32
11.18
13930
8156
120.96
121
2
9
10.77
13928
13911
-78.69
141
20.62
53
16.28
13941
13938
205.46
161
2.83
2
20.62
13930
13942
108.43
109
2
12
9.06
4695
13928
196.7
119
19.42
55
20.62
13937
13901
239.53
141
18.25
63
13.04
13907
13939
45
118
13.6
34
21.38
13937
13932
55.18
139
16.12
33
19.31
1742
11806
165.96
144
13
52
9.85
11257
11806
206.57
148
5.83
16
11.18
8095
13939
236.31
140
16.12
32
19.7
13944
13912
46.64
128
19.24
49
20.02
13912
13944
226.64
130
16.12
40
19.1
13938
1742
64.98
129
11.18
42
13
13938
13941
25.46
168
17.8
33
7.07
11806
1742
-14.04
156
11.18
36
7.81
13946
13925
50.44
135
19.1
39
21.38
13922
13947
48.58
124
15.52
42
19.1
13927
13948
235.18
132
17.46
38
20.88
13947
13922
228.58
127
19.42
54
19.1
13932
13937
235.18
140
19.1
42
18.44
13939
8095
56.31
134
18.44
39
20.88
13938
13945
38.16
154
16.55
67
8.06
13935
13946
55.71
137
18.25
43
18.44
13948
13936
232.31
130
18.44
41
21.38
13925
13946
230.44
132
19.24
40
22.36
13948
13927
55.18
138
21.21
49
19.1
13946
13935
235.71
135
20.4
49
19.1
13936
13948
52.31
131
19.42
44
21.21
13947
13944
53.13
132
20.4
42
22.36
13944
13947
233.13
135
21.21
45
21.21
13943
13949
45.81
167
5.83
1
44.55
13950
1742
227.82
170
42.19
77
8.06
1742
13950
47.82
99
7.81
10
42.8
13945
13951
36.61
159
42.19
74
16.4
13949
13952
-42.71
104
3.61
11
17.2
13949
13943
225.81
142
10.05
8
42.8
13949
13951
-59.04
164
17.69
38
8.06
13951
13949
120.96
159
16.4
36
10.05
13954
13955
164.05
165
5
8
9.85
13957
13958
-84.81
159
8.94
50
4.24
13956
13960
-32.47
148
5
16
9.22
13960
13958
-59.04
110
5.1
25
11.05
13956
13958
-45
168
13.04
14
11.66
13958
13956
135
145
6.08
10
19.42
13964
13962
72.9
163
4
6
9.85
13967
13965
253.3
179
19.65
28
1.41
13956
13969
141.34
158
7.28
24
6.71
13972
13970
8.13
177
10.2
2
11.05
13961
13959
12.53
179
4.12
1
5.1
13966
13972
64.44
170
19.65
30
7.21
13970
13968
-16.7
164
17
46
6.71
13973
13966
98.53
177
19.42
53
1.41
3470
13974
-20.56
149
5.1
32
5
13976
13977
12.99
158
8.6
9
19.03
13968
3470
-37.69
159
7.28
7
21.21
6240
13979
218.42
166
30
43
11.05
13964
13980
54.64
162
13.6
9
25.46
13970
13972
188.13
160
10.3
17
12.17
13966
13981
42.4
158
25.5
51
12.17
13983
13974
53.62
147
19.03
53
13
13982
13974
0
150
5.83
20
8.54
13979
11554
54.46
105
7.81
13
33.3
13981
13968
-1.97
149
10.3
14
20.88
13984
13966
109.09
155
8.49
10
20.22
3470
13968
142.31
112
5.83
11
26.25
13975
13983
0
131
24.84
57
22.47
2404
13986
226.64
171
21.63
46
5
13985
13983
-57.72
123
13
35
19.03
13980
13964
234.64
127
9.49
13
33.3
13979
6240
38.42
164
34.41
67
10.3
13981
13966
222.4
113
18.03
34
29.27
13982
13968
130.36
131
13
29
20.4
13989
13966
133.83
131
15.03
24
27.51
13968
13981
178.03
144
28.02
68
18.03
13985
13988
171.57
122
24.84
56
25.5
13968
13988
214.82
114
20.4
43
27.29
13966
13989
-46.17
126
29.27
53
29.43
10703
13975
77.74
135
20.25
57
17.09
13988
13989
260.22
145
25.5
59
17.09
13836
6240
220.1
173
19.1
21
6.32
13984
10703
-31.61
145
15.03
25
20.25
12333
13735
49.4
169
10.3
13
8.6
11554
6624
78.69
151
9.49
33
8.49
13991
12333
-85.91
134
7.81
33
10.3
10301
11554
205.35
151
17.2
54
10.3
13993
13994
-24.9
175
14.87
4
16.12
13996
2926
23.63
167
10
16
8.06
2335
13542
-58.24
171
21.26
43
5.1
7441
13998
10.78
165
2.24
1
19.24
5210
13999
-8.53
127
1.41
3
19.42
6240
13836
40.1
166
17.2
27
9.22
11554
4973
42.51
144
15.3
66
9.85
13126
13999
145.49
178
18.87
55
1
14000
1687
114.3
163
14.87
12
20.4
14001
13851
154.8
151
14.04
46
9.49
13542
1467
45
147
5.1
33
5.1
14002
13996
248.2
159
14
31
10
2335
13851
265.76
145
24.7
63
16.16
13851
4454
221.82
114
9.49
21
23.41
11554
10301
25.35
163
16.28
41
7.28
1109
14003
225
177
25.5
6
12.81
5393
13858
135
163
19.24
63
6.32
14006
14005
259.22
170
1
0
20.4
3463
14007
63.43
172
12.65
13
7.81
13851
14001
-25.2
133
16.16
56
14.14
1368
13991
204.44
142
11.18
64
7.81
5210
10160
-11.31
178
20.22
78
1
14004
14009
41.76
174
25.5
13
12.53
14010
14008
257.01
152
7.28
26
7.81
13998
7441
190.78
146
1.41
2
20.22
13995
13991
249.44
135
12.08
45
12.08
14011
3463
30.26
130
6.08
11
24.35
14013
14014
78.69
169
2
1
18.44
13858
5393
-45
165
20.59
75
5.83
1687
14000
-65.7
160
11.31
9
23.77
14002
13855
2.29
161
16.16
28
11.18
14015
14004
62.1
146
9.06
23
12.81
13993
13855
-22.62
128
13.89
32
20.81
7725
8954
-52.43
176
14.87
37
2
8462
13126
124.51
173
14.87
23
5.1
14005
14006
79.22
151
3.16
4
18.68
13542
13861
-26.57
109
8.49
14
31.89
14017
1467
145.01
146
6
6
31.89
4267
14016
185.19
123
21.47
59
20.81
14008
14012
216.53
145
12.65
17
24.35
13741
14018
239.93
132
3.16
6
20
12673
13741
258.69
143
2.24
4
18.68
14009
14008
-59.04
131
12.17
43
13.34
14019
13542
124.59
165
23.43
26
14.14
13995
14020
20.85
111
14
36
21.84
14001
13868
-52.25
168
23.43
17
17.09
8413
14021
127.57
135
17.12
30
24.19
14012
14009
62.78
108
14.14
21
37.54
14009
14012
242.78
122
17.49
26
33.6
14022
14023
80.54
171
3
1
15.3
14024
14000
-70.02
168
18.87
38
6.32
14027
14025
-59.04
172
14.21
30
4
14023
14028
60.26
162
5.1
4
19.42
14027
169
175.36
166
11.18
6
26.48
11711
13435
-37.87
167
9.85
52
3
13861
2905
-41.63
139
6
27
8.54
14029
14030
-34.51
178
15.26
10
4.24
14033
14032
223.03
115
3.16
8
19.42
7614
13567
188.75
179
11.18
8
2
12836
12390
252.65
163
3
3
13.93
13126
10160
147.99
159
16.28
57
7
14004
14015
242.1
153
17
62
9
14037
14038
122.47
179
10.82
5
2.24
13855
13866
50.91
169
21.47
11
20.62
170
1368
90
135
11.31
33
14.42
1368
14020
49.9
116
12.08
29
22.47
13542
14019
-55.41
152
33.54
70
17.2
13855
14002
182.29
123
8.06
18
21.84
14004
14035
-90
135
14.14
55
12.21
14018
13741
59.93
132
3.16
6
20
14040
14041
222.51
144
15.3
66
9.85
14030
14042
-14.74
169
16.03
38
5
14042
14032
11.31
168
19.7
74
4.47
13435
14044
209.74
106
4.12
29
8
8954
7725
127.57
152
9.85
31
9.06
13741
12673
78.69
161
7.07
9
13.93
13138
7722
241.39
138
4.12
16
9.9
14031
14045
146.31
178
15.26
11
2.83
14034
7725
-25.2
166
16.28
53
5.1
12281
13894
77.91
168
4
4
10.44
14019
13868
-69.44
136
16.55
65
12.73
14036
14045
-60.64
176
10.82
6
7.62
14047
7441
46.64
145
7.07
12
19.42
2747
185
249.27
168
20.22
12
20.25
14048
14049
140.19
162
5.39
31
3.16
10160
5210
168.69
158
20.4
78
8
8413
116
173.29
147
11.18
38
9.9
14025
14039
25.02
144
12.53
48
9.85
13861
14046
-76.61
146
12.04
30
13.6
13858
13865
-29.05
143
7.07
15
15.56
14049
14051
60.26
137
4.12
29
5.83
13869
13555
-79.99
173
16.76
73
2.24
10660
5210
30.96
121
9
22
20.22
14023
14022
260.54
171
8
7
10.44
14028
14023
240.26
159
7.07
8
17.8
8413
117
206.57
133
7.28
40
8.25
7614
5536
141.34
133
13.15
43
14.14
14012
13873
-90
169
20.4
45
5.66
14025
14027
120.96
152
13.89
51
8.54
14046
13861
103.39
129
16.55
48
17.2
14054
13736
185.91
168
6.32
3
23.02
14032
14033
43.03
107
4.47
12
19.72
14039
14035
36.03
138
15.3
33
19.03
13435
11711
142.13
113
8.06
41
11.18
12390
12836
72.65
151
9.22
27
9.9
13907
14031
168.11
172
16.03
33
4.24
12390
14033
244.44
147
7.07
11
20
13877
14012
71.57
112
7.81
36
12.21
14027
13563
190.3
121
8.54
47
10
10160
14050
191.31
102
7
19
20.22
14038
14037
-57.53
145
5.39
19
9.22
14043
13907
190.78
167
19.7
63
5
4498
2901
193.39
136
18.87
58
15.56
7722
13138
61.39
142
11.18
61
8
13873
14012
90
162
12.65
18
12.65
2747
14053
57.72
176
17
12
5.66
13894
12281
257.91
158
11.18
46
5.83
13866
13855
230.91
141
18
22
29.53
7441
14047
226.64
137
9
18
19.24
14056
6601
263.99
168
9.06
10
10.44
2901
14024
138.58
131
7.07
16
18.87
13894
14047
63.43
154
8
11
17.8
14048
14051
99.46
140
7.81
39
8.06
8413
14056
144.46
162
20.88
48
9.06
13736
14054
5.91
112
7.28
14
27.29
13866
14055
-90
128
11.4
39
14.21
5210
10660
210.96
121
8
19
20.4
14057
14020
60.95
144
8.06
11
24.84
13393
13883
110.22
146
8.6
20
14
1368
14024
264.56
168
8.06
7
13.34
5536
7614
-38.66
175
16.64
32
3.16
13883
13393
-69.78
128
13.6
42
16.16
14058
11711
-14.04
148
15.81
69
9.06
14045
14031
-33.69
147
12
39
10.44
7725
14034
154.8
137
15.81
56
13.15
14059
14037
154.98
155
12
41
7.62
14025
11947
201.8
144
9.43
21
15
14035
14039
216.03
135
20.22
47
19.42
6601
10630
159.44
160
7
51
3.16
14035
14060
261.47
122
7.81
22
17.49
13047
8230
-83.66
165
10.77
20
8.25
14033
12390
64.44
144
10.2
19
18.38
13555
13869
100.01
113
9.22
31
16.16
11947
14025
21.8
140
17
52
13.89
13900
12932
247.25
142
11.4
15
25.61
14055
13393
20.56
150
14.21
56
8.6
13877
14060
239.04
131
12.65
46
13.34
185
2747
69.27
148
15.3
16
27.8
13166
14043
233.13
132
10.2
22
19.72
7722
13166
243.43
141
9.22
18
18.38
13873
14061
235.95
175
17
3
27.8
10584
12932
112.48
119
9.06
16
28.16
14056
8413
-35.54
151
9.06
13
18.44
12078
12813
39.81
156
23.26
76
10
13563
12932
231.34
167
23.26
60
6.08
14047
13894
243.43
150
13.04
26
15
14024
2901
-41.42
131
15.13
41
17.12
14063
14060
37.3
134
20.1
49
19.42
13393
12929
-75.07
118
9.22
35
13.93
14051
14062
63.43
144
11.18
26
15
14054
14064
162.12
171
27.29
38
7.21
14062
10660
53.97
140
13.04
26
19.24
14066
14054
247.38
142
18.68
45
16.16
13047
14067
250.71
155
18.11
58
9.22
14031
13907
-11.89
142
17.89
64
12.37
14069
13393
81.25
141
23.32
60
17.09
11711
14070
222.71
123
11.18
38
15.03
14020
14057
240.95
137
23.77
50
21.38
12929
13900
38.66
150
13.93
44
10.05
14067
13047
70.71
154
16.12
46
9.85
12932
13900
67.25
152
19.1
28
19.21
14061
13873
55.95
166
36.06
42
13.34
7298
14057
137.49
130
15.13
60
13.34
10584
8413
-49.4
176
11.31
6
7.21
4498
7298
152.45
140
21.59
55
17.12
12932
12929
96.01
135
12.81
42
13.6
14072
13907
221.42
112
11.7
30
21.38
14071
14073
59.04
135
23.77
53
21.1
14044
8275
236.31
137
11.18
29
15.65
14074
14048
171.25
139
13.04
68
9.22
14020
14075
80.13
141
21.95
65
15.52
14077
14034
33.69
117
15.13
42
20.22
12932
10584
-67.52
168
20.81
22
12
10881
14078
68.75
124
17.2
55
17.46
13393
14069
261.25
157
15.52
27
13.6
14073
14075
128.99
124
21.1
48
23.35
12813
12078
219.81
158
17
39
10
14056
12932
96.12
158
22.83
51
11.31
14079
6601
-55.62
125
15
40
19.1
14068
14059
173.99
148
17.89
67
10.44
14070
11711
42.71
123
16.28
56
16.49
14048
14080
56.31
137
12.17
42
12.37
14081
14050
45
132
15.03
33
20.4
6601
14079
124.38
145
8.54
17
16.76
14061
14060
70.56
134
20.12
33
26.4
14043
13166
53.13
124
11.7
27
21.02
14037
14059
-25.02
123
13.04
49
14.56
13166
7722
63.43
143
15.3
36
15.65
14034
14077
213.69
115
13.15
36
20.02
14069
14055
120.96
166
21.21
61
5.83
12932
2994
-54.78
135
6.08
14
17.09
4498
14071
117.41
145
25.94
58
17.49
14069
4495
-82.87
136
12.81
52
11.31
14064
14054
-17.88
158
23.09
38
14.42
14064
2994
111.8
157
11.31
21
12
14071
14057
190.78
132
17.49
53
16.28
14062
14051
243.43
147
17.12
49
12.37
10660
14062
233.97
141
15.03
31
18.38
13907
14072
41.42
118
12.37
32
20.22
14054
14066
67.38
124
14.42
33
21.63
8275
14044
56.31
137
17.26
52
15.03
14055
14075
175.6
117
5.83
12
24.04
14071
14084
42.71
164
29.15
47
11.05
14085
4498
262.15
161
25.5
58
9.85
14069
14082
135
135
10
26
15.81
14071
4498
-62.59
112
18.11
35
29.27
14086
11146
96.34
97
3
9
18.03
10630
14079
107.35
125
16.76
62
15.56
14080
14048
236.31
137
17.26
65
13.15
11947
12078
180
127
5
29
8.06
14084
14082
108.43
114
11.05
41
15.23
14050
14081
225
128
15.13
34
21.38
14087
3632
-86.99
120
2.24
6
18.03
8275
14072
236.31
135
15.3
30
21.02
14084
4495
-53.13
127
10
29
16.12
14078
10881
248.75
122
15
48
17.09
14075
14073
-51.01
146
24.04
62
15.23
12078
2994
-69.44
141
8.06
25
12.04
14056
4495
118.81
119
15
40
20.4
11538
14088
33.69
161
5
7
13.42
14083
14089
152.35
148
23.09
71
13.15
2994
14064
-68.2
147
12.21
30
13.15
14080
14081
57.99
142
17.12
35
18.38
14084
14071
222.71
153
23.41
36
18.11
10881
14066
-21.8
138
17.09
52
14.56
12290
14059
225
122
17.46
51
19.1
11538
2994
265.24
149
8.94
46
6.4
14066
14089
181.47
148
21.63
29
23.71
14058
14091
228.18
128
16.28
39
20.22
14059
12290
45
120
14.56
41
19.03
14089
14066
1.47
157
21.02
23
21.54
14091
14058
48.18
130
20.22
51
20.02
14084
14085
250.02
124
20
53
20.88
14085
13047
-78.69
143
21.26
56
15.56
2994
14089
-34.99
107
6.4
30
12.08
14072
8275
56.31
137
18.25
38
19.92
11146
14093
124.99
152
2.24
5
10.3
11146
3798
138.01
165
2.24
3
11.31
14092
14068
231.01
132
18.25
42
20.22
14070
14092
235.18
136
17.26
37
19.92
14088
11538
213.69
143
3.16
7
15.65
11146
14094
108.43
135
2.24
11
8.06
14074
8381
54.46
135
17.26
41
18.44
8381
14077
53.13
135
20.22
42
21.38
14081
14080
237.99
140
20.22
45
18.44
14085
14079
-41.19
123
20.88
60
20.4
14068
14092
51.01
128
17.46
40
21.38
14092
14070
55.18
134
20.4
46
20.22
8381
14074
234.46
134
20.4
51
19.03
14077
8381
233.13
135
20.22
42
21.38
14095
11538
166.76
150
13.6
50
8.94
11120
11538
206.57
148
5.83
16
11.18
14089
14095
61.93
128
12.08
44
13.6
14089
14097
27.65
174
18.03
18
6.08
14091
12290
234.69
134
20.4
43
21.38
12290
14091
54.69
134
20.4
43
21.38
11538
14095
-13.24
157
11.18
31
8.49
14089
14098
33.69
152
17
69
8.6
14096
14099
42.51
164
5.83
2
43.28
14100
14095
223.99
168
39.66
79
8.6
14100
14096
212.15
169
40.31
77
8.49
3664
11120
221.53
166
3.61
1
43.28
3664
14102
-54.46
175
9.22
5
8.06
14098
14103
35.54
160
39.66
67
15.26
14102
3664
125.54
169
16.28
69
3.61
14099
14096
222.51
138
11.05
10
41.34
14099
14103
-57.72
165
16.28
32
8
14103
14099
122.28
154
15.26
37
11.05
14104
14105
160.35
130
5.83
21
12.04
14107
14108
-81.25
163
8.94
30
5.39
14110
14109
90
159
5.39
21
5.39
14108
14107
98.75
157
13.04
76
5.39
14106
14111
-28.61
121
5.83
27
10.82
14113
12123
74.05
165
5
8
9.85
14106
14108
-43.36
166
12.53
14
13.04
14114
4027
217.18
165
27.8
37
12
14108
14106
136.64
145
7.07
12
19.42
14113
14116
54.64
161
14.56
11
24.76
14118
14119
182.12
179
16.03
2
11
14121
14122
75.96
121
1.41
3
19.92
4027
10461
52.43
98
7.07
12
32.65
14106
14118
140.71
149
7.07
24
8.94
14125
14115
192.53
171
5.39
12
4
14126
14117
7.77
173
11.4
7
11
14120
14127
-79.22
146
1.41
2
20.22
14129
14130
12.53
163
8.06
6
20.1
14121
14126
65.38
170
20.62
31
7.21
14124
14131
-14.04
145
5.39
39
5
4027
14114
37.18
165
32.8
61
9.85
14117
14123
-19.29
158
16.03
44
8.94
13201
8966
229.9
174
21.63
35
4.12
14116
14113
234.64
128
10.44
14
32.65
14123
14124
-37.69
151
7.07
9
21.93
14133
14131
55.01
149
18.03
46
13.15
13961
14131
8.75
151
6.4
22
8.25
14117
14126
187.77
155
10.82
20
13.34
14135
14121
108.43
158
9.22
9
20.22
14121
14134
41.19
156
26.4
54
13.34
4329
14114
218.29
172
19.1
28
6.08
14128
14133
1.97
134
25.5
58
21.63
14134
14123
-1.97
145
10.82
17
21.19
14124
14123
142.31
104
6.4
13
27.02
10461
6195
78.69
152
10.44
38
7.81
14137
14133
-56.31
124
13
36
18.03
8274
10461
205.35
153
16.4
49
9.85
14138
14121
133.88
131
16.03
25
28.46
12675
12973
122.91
177
18.6
32
2
14134
14121
221.19
116
18.68
35
29.15
14140
812
-81.25
140
9.22
44
8.6
13961
14123
128.99
129
13
28
21.38
14028
56
35.84
160
3.61
3
18.87
12973
52
145.49
175
18.36
55
2
14141
319
16.7
134
2.24
4
19.42
5210
52
-2.86
106
3.16
9
19.42
11844
14142
258.69
169
1
0
19.42
14143
14128
77.74
138
19.72
55
16.16
14137
14139
171.87
124
25.5
56
25.5
14114
4329
38.29
166
16.4
25
9.22
14139
14123
35.31
110
18.68
37
29.02
10461
4973
39.81
142
15.3
68
10.3
14121
14138
-46.12
128
29.15
51
29.27
14139
14138
262.15
147
25.5
60
16.16
14135
14143
-31.61
145
16.03
27
19.72
14123
14139
215.31
115
21.38
43
28.28
14144
1687
115.02
163
14.87
13
19.42
14145
2312
-60.26
169
21.26
51
5.39
13999
13126
-34.51
175
18.36
55
2
14148
14149
23.63
169
8.6
11
9.22
10461
8274
25.35
166
15.62
33
7.07
14150
14151
81.47
172
2
0
18.25
14001
14152
152.1
153
14
43
9.49
12979
14153
240.95
125
2.24
5
19.42
14142
11844
78.69
143
2.24
4
18.68
5211
14154
139.09
167
19.24
75
4.47
14152
4454
223.45
116
9.49
21
23.77
2312
14155
45
157
5.39
30
4.12
5210
13999
-8.53
175
20.02
81
2
56
14028
215.84
153
2.24
2
20.25
12980
12979
258.69
143
2.24
4
18.68
14145
14152
263.66
144
24.19
61
16.16
319
14141
196.7
126
3.16
7
19.24
14156
14148
248.2
163
15.03
32
8.6
13285
1403
-47.73
175
13.45
42
2
14159
14157
145.49
180
3.61
0
15.81
14160
14153
32.91
172
19.85
77
2.83
12675
13126
126.25
169
13.45
26
6.08
13865
14154
153.43
101
5
14
19.85
14152
14001
-27.9
131
16.16
54
15.13
14159
14161
-14.74
173
16.12
30
4.24
14161
14160
11.89
173
18.03
56
2.83
14163
14140
194.04
134
10.3
54
9.22
14151
14150
261.47
172
6
3
14.32
13164
14164
79.99
170
3
2
14.32
14166
14167
120.26
180
11.66
3
2.24
14153
12979
60.95
106
2.83
7
20
1687
14144
-64.98
164
12.04
9
21.84
14169
14158
-33.69
173
2.24
1
15.81
14170
12390
253.61
164
3
3
14.87
14147
14140
248.2
132
13.42
54
12.37
14171
12981
-29.05
164
9.22
60
3
14164
14028
62.35
153
6
8
18.6
14165
14169
-60.64
179
11.66
2
6.71
12979
12980
78.69
160
6.08
8
14.87
14001
13868
-52.25
168
23.43
17
17.09
105
14155
144.64
137
7.07
8
33.24
14108
14172
225
177
26.91
7
11.4
2312
4247
-29.54
106
8.49
14
33.24
14019
2312
123.69
164
23.43
26
15.13
12855
14173
75.96
166
4
6
8.54
4600
7722
243.43
140
4.12
14
10.63
14174
13008
135
166
5.83
26
3.16
12981
14044
215.54
112
4.12
28
8.06
549
14175
125.54
136
17.26
28
25.18
13126
13999
145.49
153
16.12
55
9
14177
14178
66.04
172
11.4
11
8.6
13761
14043
212.91
172
19.85
77
2.83
14162
14158
168.11
176
16.12
21
3.61
1403
13285
132.27
145
9.22
35
9.06
14156
13855
0
157
15.23
28
12.53
13008
14180
51.34
128
4.12
40
5.1
14182
14183
106.7
160
5
16
6
14184
14144
-68.2
170
18.87
48
4.47
14185
14177
29.98
130
6.08
10
26.57
14043
14162
188.53
170
18.03
53
4.24
14188
13855
-24.62
122
14.42
33
22.47
14130
14189
40.76
173
26.91
16
12.08
14176
13285
-25.2
162
16.12
55
6.08
14164
13164
259.99
170
9
10
8.54
14190
14179
257.91
152
7.28
23
8.6
12390
13761
243.43
144
6.08
10
20
4247
2905
-37.87
134
7.07
38
8.25
14147
14191
17.65
112
15.03
38
22.47
14187
13855
-57.72
120
21.02
56
21.93
14193
14141
46.55
144
8.06
13
20.25
14194
14130
66.04
151
11.05
28
11.4
12390
14170
73.61
152
9.22
24
10.63
14167
14166
-59.74
152
5.83
17
9.22
14028
14164
242.35
160
8.06
9
16.4
14195
13999
16.7
107
9
25
20.22
14019
13868
-69.44
136
16.55
65
12.73
2312
14019
-56.31
154
34.48
71
16.4
14179
14186
215.54
141
11.4
15
26.57
14168
14163
90
139
12.04
36
13.6
12981
14171
150.95
116
8.6
49
10.2
14196
5210
33.02
129
10.05
24
19.24
14027
14181
-60.64
168
13.45
29
6
14154
13865
-26.57
146
7.07
15
14.87
7722
4600
63.43
144
11.18
56
8.06
549
116
169.99
149
10.77
34
9.9
14173
12855
255.96
156
11.18
64
5.1
14027
5060
173.83
159
11.4
8
26.93
4247
14046
-75.96
142
11.4
31
13.6
14174
14180
100.3
146
8.49
48
6.4
14189
14179
-59.04
126
12.04
43
14.32
14163
14191
49.9
114
13.42
32
23.09
14169
14158
-33.69
156
12.17
35
8.54
14186
14189
61.5
107
14.14
20
38.29
549
117
201.8
128
7.28
42
8.54
14198
14166
151.93
162
12.17
35
6.71
2949
14199
247.93
171
18.44
8
21.95
13855
14156
180
117
8.94
20
22.47
14189
14186
241.5
121
17.49
25
34.41
7808
1533
141.34
133
13.15
43
14.14
1951
4638
185.91
177
6.08
0
23.09
14173
14193
65.56
156
9
13
16.4
13999
14195
196.7
107
9
25
20.22
14046
4247
104.04
130
16.55
51
16.4
14130
14194
246.04
157
18
66
8
13855
13866
50.91
166
21.93
15
20.81
12760
14040
79.38
114
10.82
39
15.62
13761
12390
63.43
141
9.22
18
18.38
14040
14035
3.01
178
11.05
3
8
14141
14193
226.55
143
10.05
18
19.24
13166
14043
233.13
131
9.22
20
20.25
14130
14035
-90
135
14.14
51
12.81
11976
529
190.78
137
17.2
53
14.87
14181
12760
25.02
140
14.32
58
10.82
5210
14196
213.02
124
9
21
20.4
14201
14171
-14.04
148
15.81
69
9.06
7722
13166
243.43
141
9.22
18
18.38
13285
14176
154.8
137
15.81
56
13.15
14158
14162
-11.89
148
17.09
61
10.44
529
14184
138.58
131
7.07
16
18.87
14181
14027
119.36
154
14.42
49
8.54
4638
1951
5.91
112
7.28
14
27.29
10744
6382
263.66
166
7.07
8
11.4
14186
14203
-87.8
172
21.38
33
5.83
14204
14162
217.41
111
10.44
28
20.22
13869
13555
-79.99
171
14.87
43
3.61
549
10744
146.31
166
21.19
48
7.07
1533
7808
-38.66
177
17.2
24
2.24
12760
14035
37.69
139
16.28
34
19.03
14027
14197
195.26
126
8.54
47
9.43
14193
14173
245.56
152
14.04
29
13.6
14207
14174
167.01
139
12.53
64
9.22
12722
14186
77.91
119
9.22
39
12.81
6382
11030
165.96
166
7
49
2.24
2949
14053
61.19
180
17
2
5.83
14163
14184
264.56
168
8.06
7
13.34
14209
8426
-83.29
163
9.85
20
8.25
14180
14206
64.65
145
11.18
28
13.6
14202
14198
173.99
154
17.09
63
8.54
14208
14191
60.95
144
8.06
11
24.84
14203
14186
92.2
164
12.65
14
14.32
14043
13166
53.13
127
10.44
24
20.59
14171
14210
225
124
10.2
33
15.3
14044
8376
239.04
139
11.18
26
16.64
14166
14198
-28.07
124
12.53
45
14.56
14206
14196
55.18
142
14.04
27
19.24
13866
13855
230.91
141
19
24
29.07
14174
14212
52.43
133
11.18
42
12.17
13166
7722
63.43
141
13.34
30
16.64
14162
14204
37.41
111
10.44
28
20.22
14181
11681
204.23
141
8.94
20
16.03
10744
549
-33.69
153
9.06
13
17.69
14199
2949
67.93
146
14.32
15
29.21
13866
14211
-90
128
11.4
36
15
14215
14176
37.87
122
17.12
46
20.22
14210
14171
45
125
17.26
59
16.49
14214
12623
112.48
119
9.06
16
28.16
14035
12760
217.69
136
22.2
52
19.65
14184
529
-41.42
139
15
40
15.13
14209
14218
249.78
154
17.12
57
9.22
14219
13883
109.29
150
9.22
19
14
1951
14220
163.81
173
27.29
35
6.4
11681
14181
24.23
140
18.79
57
14.42
14035
14216
262.23
123
9.22
24
18.87
14218
14209
69.78
153
15.13
45
9.85
13883
14219
-70.71
127
13.6
39
17.09
14203
229
235.62
174
17
3
29.21
14221
1951
245.56
139
16.76
43
16.16
14222
14195
48.01
131
16.12
36
20.4
14176
14215
217.87
120
13.15
35
20.02
14206
14180
244.65
145
17.26
55
12.17
14223
12623
247.25
141
10.44
14
26.4
11976
14217
154.44
144
21.38
56
15.13
12722
14216
237.99
130
12.65
42
14.56
8376
14044
59.04
140
17.26
47
15.3
14212
14174
232.43
132
16.28
65
13.34
8376
14204
236.89
134
13.34
27
20.59
14197
12623
232.7
168
24.17
62
6.08
14217
14208
132.71
133
15
55
13.34
14224
12813
43.36
158
24.17
75
9.43
13555
13869
100.01
107
9.06
30
17.09
14211
14219
20.56
148
15
61
9.22
14196
14206
235.18
139
16.12
33
19.31
14191
14208
240.95
137
24.74
52
21.21
4741
6382
-52.59
124
15.03
43
18.11
6382
4741
127.41
142
8.25
18
15.81
229
14203
55.62
166
36.06
39
14.56
12623
14214
-67.52
168
20.81
22
12
14225
14226
61.7
138
24.74
55
20.1
14227
14198
225
118
16.76
51
19.1
14195
14222
228.01
132
17.12
39
20.22
10744
12623
96.12
157
21.95
47
12.04
12623
3184
96.01
135
12.81
42
13.6
14219
3184
-75.96
111
9.06
32
15.81
14229
14230
68.75
128
17.49
58
16.28
14220
1951
-16.19
162
23.02
35
12.81
12623
14223
67.25
152
19.1
28
19.21
14228
14219
81.57
142
24.19
61
17.09
14198
14227
45
120
14.56
45
18
11976
14225
117.41
143
25.5
56
18.36
3184
14223
38.66
148
15.81
55
10.44
12813
14224
223.36
159
18.79
43
10
14212
14222
57.99
138
17.26
36
19.31
14191
14231
82.23
143
21.95
70
14.32
229
14216
70.56
137
19.7
31
25.61
14233
14202
231.34
129
17.46
42
20.22
14220
10861
111.8
157
11.31
21
12
14226
14231
130.36
125
20.1
48
22.2
1951
14221
65.56
117
12.81
31
21.63
14204
8376
56.89
134
17.46
39
19.92
12623
10861
-54.78
135
6.08
14
17.09
14219
14228
261.57
158
16.49
27
13.6
14225
14208
188.13
128
18.36
55
17.69
14228
4292
-83.29
136
12.81
48
12.04
4216
11976
263.88
160
24.74
59
9.85
14201
4576
229.64
130
17.26
41
20.22
14209
11030
-17.35
121
14.87
54
15.81
14210
14233
235.18
136
17.26
37
19.92
14228
14211
119.74
163
21.93
63
7.21
4576
14201
49.64
131
19.24
46
20.02
14225
11976
-62.59
115
17.03
33
28.16
14235
11828
96.71
116
3.16
10
16.03
14236
4498
-86.63
120
2.24
6
16.03
14207
14237
53.13
133
16.28
40
18.44
14202
14233
51.34
124
16.76
40
21.38
14225
14238
41.5
160
29.53
55
12.37
14222
14212
237.99
140
20.22
45
18.44
11681
14224
180
127
5
29
8.06
14237
14215
53.53
135
20.22
45
20.22
14237
14207
233.13
135
20.22
53
18
10744
4292
120.07
117
15.03
41
20.4
3641
14240
152.35
150
23.02
71
12.17
14230
14229
248.75
122
15
48
17.09
14228
14234
136.85
132
10.05
26
17.09
14233
14210
55.18
134
20.4
46
20.22
14211
14231
177.88
122
7.21
14
24.04
10861
14220
-68.2
151
12.81
31
12.17
14224
10861
-69.44
141
8.06
25
12.04
14238
4292
-53.13
122
10.05
30
17.12
14238
14234
110.56
125
12.37
45
14.32
14215
14237
233.53
135
19.24
42
20.4
14229
14221
-24.23
136
17.09
50
15.52
14239
1300
33.69
161
5
7
13.42
14221
14240
181.47
148
21.63
29
23.71
14238
14225
221.5
154
23.77
38
17.03
4576
14227
234.69
134
20.4
43
21.38
14231
14226
-49.64
148
24.04
65
14.32
11828
14241
138.01
165
2.24
3
11.31
14240
14221
1.47
154
21.47
25
21.93
14227
4576
54.69
137
20.22
43
20.4
14239
10861
265.24
152
9.85
54
5.83
4216
14209
-75.96
144
22.02
61
14.87
10861
14240
-38.66
111
5.83
26
12.08
11828
14243
122.47
150
2.24
5
11.18
14238
4216
247.75
121
20
51
21.84
11828
14244
108.43
135
2.24
11
8.06
1300
14239
213.69
138
4.12
10
15.23
4216
4741
-39.47
125
21.84
61
20.4
14245
14239
160.56
148
13.34
46
9.85
14240
14246
26.57
173
18.03
18
7.07
14240
14245
60.26
126
12.08
47
13.34
2342
14239
203.2
132
6.32
23
12
14239
14245
-19.44
161
12
30
7.81
14240
10869
33.69
154
16.12
63
8.06
896
13052
41.53
150
6.32
4
41.4
12595
14245
220.76
168
36.4
70
8.06
12595
896
209.2
169
38.29
79
7.81
13705
2342
218.85
166
5
1
41.4
13705
14247
-54.46
176
7.81
3
9.43
10869
14248
32.15
160
36.4
60
14.76
13052
896
221.53
137
12.04
12
38.95
14247
13705
125.54
164
16.4
72
5
13052
14248
-57.72
160
16.4
38
9.06
14248
13052
122.28
151
14.76
37
12.04
14251
14249
74.05
165
6
10
8.94
14252
14253
160.35
122
6.4
25
12.73
14255
14256
-82.41
162
8.94
23
7.28
14258
14257
90
154
4.47
15
7.28
2146
14260
215.91
167
26.25
31
12.04
14256
14255
97.59
159
12.53
52
5.66
14262
14254
-39.29
141
2
5
12.73
14254
14261
-30.26
112
6.4
27
13.04
14251
8097
52.82
159
14.56
13
23.43
10304
14251
217.23
168
31.24
82
7.07
14254
14256
-45
166
13.89
16
12.53
14260
2146
35.91
166
31.24
54
9.49
8097
14251
232.82
127
10.44
15
31.4
14256
14254
135
144
7.07
12
20.25
14265
14266
77.74
150
3.16
4
20.88
14262
14268
184.09
177
16.12
4
12
14270
14271
12.99
164
8.06
6
19.1
4329
2146
214.38
172
17.69
24
6.08
14274
14263
191.31
165
6.71
25
4.12
14264
14275
-79.7
172
3.16
1
19.24
14254
14262
140.71
133
7.07
28
10.77
195
8097
227.73
172
7.21
7
7.81
14277
48
56.31
173
2.24
0
19.42
14273
218
-14.04
140
6.71
54
5.39
10304
5969
78.69
152
10.44
38
7.81
14278
14267
9.87
170
11.7
9
12
1619
14280
124.51
177
17.8
34
2
14265
14278
66.25
169
23.54
47
6.32
8274
10304
202.83
156
14.87
41
9.49
13442
14281
239.53
105
1.41
4
19.42
14283
783
37.87
162
3.61
3
19.42
14279
8280
-53.75
179
17.8
36
1
14280
318
145.49
173
17.89
55
3
14141
784
19.29
124
4.12
10
19.24
14267
14276
-21.8
152
16.12
46
10.77
14282
11710
78.11
124
1.41
3
18.68
1907
318
-2.86
106
3.16
9
19.42
14276
14273
-37.69
135
7.07
12
23.43
14284
14281
34.51
176
19.21
79
1.41
14277
14286
258.69
179
17.26
7
3.16
14288
14289
-11.89
179
16.28
6
3.16
14291
14265
107.82
165
10.82
8
19.24
14293
218
55.01
149
18.03
46
13.15
14289
14284
8.97
176
17.46
35
2.24
2146
4329
34.38
167
14.87
21
9.22
12506
13442
255.96
166
2
1
18.68
14295
8296
-80.54
141
9.22
49
7.81
10304
8583
39.81
142
15.3
68
10.3
14292
218
8.75
151
6.4
22
8.25
13999
14279
-32.01
175
17.89
57
2
14269
14293
1.97
136
24.76
56
20.81
14281
13442
59.53
105
1.41
4
19.42
7725
8462
-47.73
175
13.45
42
2
14267
14278
189.87
155
12.21
22
13.34
14299
14298
118.18
169
15.62
10
16.76
14265
14297
42.51
157
27.31
55
13.34
10304
8274
22.83
164
15.62
38
7.28
783
14283
217.87
142
4.12
7
19.72
14299
14300
-25.2
99
3.61
11
18.6
1907
13999
-11.31
172
20.02
78
3
8280
14279
126.25
169
13.45
26
6.08
14301
14164
82.87
155
3.16
5
13.34
14303
13762
119.36
179
5.83
0
12.53
14296
14293
-54.78
121
13.04
38
18.03
14273
14276
142.31
104
6.4
13
27.02
784
14141
199.29
128
3.16
7
19.42
14277
14286
258.69
177
7.07
1
13.34
14290
14304
168.11
179
16.28
6
3.16
12389
12390
254.48
147
3.16
6
16.16
14305
14152
154.8
155
14
44
8.54
14285
14294
212.91
175
19.21
59
2.24
14307
14265
132.8
130
16.03
24
29.41
14297
14276
-1.91
144
12.21
19
21.54
14152
4454
223.45
113
8.54
19
24.17
13442
12506
75.96
155
5.1
7
16.16
14294
14290
188.53
176
17.46
26
3.16
2128
2312
-61.39
168
21.26
47
6.32
14309
14269
78.69
136
20.25
52
17.89
14310
13477
130.6
176
7.07
14
2.24
14311
14312
28.07
179
8.06
1
8.94
14171
4398
-21.8
165
9.06
49
3.16
14313
14154
156.04
112
4.24
12
18.6
14314
14315
74.74
165
4
7
7.62
14164
14283
63.43
162
7.07
7
18.03
2312
14316
45
154
6.32
33
5.1
14291
14309
-30.65
146
16.03
26
20.25
12987
7722
245.22
142
4.12
13
11.4
14292
14276
128.99
125
13.04
28
22.36
13477
14180
53.13
130
4.12
53
4
14297
14265
222.51
115
19.92
36
30.15
2128
14152
263.88
146
25.06
62
16.16
14296
14317
171.87
126
24.76
55
24.6
4398
4619
221.19
132
4
20
8.54
12390
14285
244.54
144
5.1
9
19.42
14317
14307
260.54
144
24.6
53
17.89
14265
14307
-47.2
128
30.15
52
30.41
14318
14311
250.71
161
16
40
8.06
14152
14305
-25.2
133
16.16
56
14.14
13624
14302
-61.7
164
7.07
14
8.25
14298
14299
-61.82
160
12.04
11
20.88
8462
7725
132.27
139
9.06
36
10.05
14276
14297
178.09
142
30
70
19.92
14164
14301
262.87
167
9.06
16
7.62
14163
14295
189.46
132
9.43
50
9.22
14276
14317
216.87
117
22.36
45
28.28
14279
13999
147.99
152
15.03
51
9.06
12390
12389
74.48
152
9.22
22
11.4
14305
13868
-53.13
171
24.76
15
16.16
14303
14304
-36.25
163
12.65
30
7.62
14319
7725
-23.63
161
15.03
56
6.08
14321
14302
149.04
168
12.65
28
5.83
14147
14295
246.8
131
13.42
57
12.17
14322
14141
49.64
140
10
19
19.72
105
14316
142.52
127
7.28
9
33.97
14310
14180
105.26
155
9.22
52
5
14320
2312
122.83
167
24.76
24
14.14
14315
14314
254.74
160
11.05
74
4
14283
14164
243.43
154
10
15
16.28
9617
14324
122.83
140
17.72
26
26.17
14171
4619
-79.7
123
10.77
59
10.63
14325
14299
-66.04
171
18.03
57
3.61
2312
14323
-30.96
105
9.9
16
33.97
7722
12987
65.22
144
10.2
44
8.54
14326
14294
232.13
119
7.62
19
20.25
14285
12390
64.54
132
7.62
17
19.1
14327
13999
22.83
109
12.04
34
20.4
14328
1907
38.29
129
11
26
19.42
14323
2905
-33.69
131
7.28
42
8.25
14329
14320
154.98
114
12.04
43
16.16
14304
14290
-11.89
154
15.52
51
8.94
14315
14322
64.54
149
9.06
17
16.28
14182
14331
101.31
155
5
20
6.08
14332
14290
215.22
107
9.49
26
20.22
14154
14313
-23.96
157
7
12
13.6
14318
10770
-4.57
154
16.16
34
12.81
7722
14326
244.44
142
9.22
17
19.1
2312
14320
-57.17
154
34.99
70
16.4
9617
116
163.61
153
10.2
28
9.9
13999
14327
202.83
107
9.06
25
20.02
14168
14163
90
132
12.04
36
15
14334
14172
225
176
29.07
10
12.21
14336
14318
154.54
139
21.84
64
16
14323
14329
-75.96
138
10.82
29
14.56
14141
14322
229.64
140
11
21
19.24
14338
10770
-26.57
120
14.42
32
23.32
9617
117
191.31
124
5.39
31
8.54
14330
14321
170.54
156
15.52
57
7.62
14339
14340
28.3
133
4.12
6
26.93
7725
10730
208.07
113
10.05
35
16.12
14340
14342
64.65
170
11.4
11
10
8016
5727
141.34
137
13.04
42
13.15
14343
14310
162.9
143
11.7
58
8.25
10770
14344
65.56
125
23.32
60
22.09
14329
14323
104.04
130
16.55
51
16.4
14294
14326
52.13
124
9.49
24
19.24
1907
14328
218.29
124
12.04
29
20.22
7725
14319
156.37
129
17
62
15.03
14345
14335
62.1
147
10.05
27
12.21
14346
11363
247.93
172
17.46
6
22.83
14302
14321
-30.96
130
11.7
41
13.6
6869
6683
190.78
141
15.62
46
13.6
14027
14181
-60.64
165
14.14
38
6.08
14163
14336
50.19
114
13.42
34
21.84
14335
14347
40.76
172
29.07
24
10.44
14332
14330
190.78
156
20.81
74
8.94
14180
14348
60.95
146
11.05
28
13.04
14349
2234
257.91
142
6.71
24
10
14322
14315
244.54
151
14.04
32
13.04
4619
14350
239.04
138
10.2
23
17.2
14027
5060
173.83
154
11.7
10
27.2
2234
14341
216.87
143
11.4
15
26.93
14310
14352
53.13
128
11.4
48
12.04
14326
7722
64.44
142
13.34
28
17.2
14171
14353
227.12
127
11.18
35
15.3
10770
14318
175.43
112
8.94
20
23.26
6683
14325
138.58
139
7
14
18.03
4638
6198
1.97
114
5.39
10
27.29
2414
6165
263.66
165
6.08
7
12.37
14354
14355
76.76
118
10.63
36
15.62
14348
14328
55.18
142
14.04
27
19.24
9617
2414
144.46
169
21.93
45
6.08
10770
14357
51.77
167
24.17
17
19.42
14341
14347
62.18
110
14.87
21
38.29
14335
14345
242.1
153
19
74
9.22
14355
14358
0
169
10.2
12
9.22
14181
14354
21.8
141
14.76
62
10.63
6165
10622
165.96
166
7
49
2.24
14359
2562
-82.87
158
8.06
19
9.22
14350
14332
237.53
135
13.34
29
19.24
14347
2234
-59.04
126
12.04
43
14.32
14343
14352
104.04
122
13.6
50
15
14347
14341
242.18
122
17.49
25
35
14353
14171
47.12
127
16.28
54
16.12
14348
14180
240.95
145
17.12
56
12.04
14335
14358
-90
138
14.87
51
12.81
14360
14319
41.63
125
17.12
44
20.02
14350
4619
59.04
140
17.26
47
15.3
14163
14325
264.81
170
10.05
8
12.37
14181
14027
119.36
146
13.42
46
10.44
14363
14321
220.6
116
15.52
50
18.25
14319
14360
221.63
128
15.03
38
19.03
14341
14364
-90
170
21.38
33
7.21
14366
14327
46.47
134
17.03
37
20.22
14361
14336
63.43
148
10.05
13
23.43
14321
14363
40.6
114
13.6
43
18.03
14027
14351
199.98
127
10.44
56
10
14354
14358
36.47
140
17.46
36
19
14346
14365
59.04
179
16.12
2
7.21
14359
12141
248.75
152
16.12
56
9.22
12013
14330
228.18
124
15.52
37
21.38
2414
9617
-35.54
151
9.06
13
18.44
14328
14348
235.18
142
17.03
35
18.03
13718
14367
-80.54
169
13.93
31
5.39
12141
14359
68.75
152
15.13
50
9.49
14325
6683
-41.42
143
15.03
40
14.14
6198
14369
163.81
173
27.29
35
6.4
11363
14346
67.93
145
13.34
14
30
14371
14341
77.91
119
9.22
39
12.81
14332
14350
57.53
133
15.52
36
19.31
14364
14341
90
168
13.34
12
14.32
14373
6198
245.56
138
15.81
40
16.55
10262
12483
112.48
119
9.06
16
28.16
6869
14368
156.5
146
21.38
58
14.14
14181
14375
208.81
143
9.85
21
16.12
14327
14366
226.47
130
17.12
38
21.21
14352
14366
56.89
141
17.12
37
18.03
14357
10770
231.77
140
21.02
27
29.55
14376
14354
87.4
137
21.26
65
16.16
14374
12206
7.13
122
9.85
37
13.89
14353
12013
237.99
138
17.26
36
19.31
14330
12013
48.18
124
15.52
37
21.38
14368
14361
132.71
137
15.03
56
12.37
14364
14370
235.62
176
16.12
2
30
14343
14377
53.62
130
16.49
44
18.25
10730
14378
231.34
131
16.28
39
19.42
14375
14181
28.81
145
18.79
55
13.42
6165
12742
130.91
145
8.25
19
13.93
14358
14354
216.47
135
22.2
50
20.62
12742
6165
-49.09
120
15.3
47
18.11
14378
10730
51.34
133
19.24
48
19.03
14357
4266
-87.27
132
12.81
37
15.81
14377
14343
233.62
133
20.4
56
18.03
14358
14379
262.23
123
9.22
24
18.87
14369
6198
-16.19
162
23.02
35
12.81
14336
14361
243.43
139
26.93
57
21.1
14351
12483
232.7
166
26
79
6.71
14381
12483
246.57
139
9.49
13
26.4
14371
14379
237.99
135
13.34
44
13.34
14366
14352
236.89
139
20.22
47
18.25
14351
2408
247.38
105
10
22
25.46
12013
14353
57.99
137
20.4
46
19.42
12483
10262
-67.52
171
22.47
22
10
6869
6396
119.25
143
25.08
60
17.49
13060
13883
107.65
153
9.9
17
15
14377
14360
51.95
134
20.22
43
21.21
14370
14364
55.62
166
37.34
42
13.34
2414
12483
96.12
154
20.25
42
13.6
13883
13060
-72.35
129
13.93
37
18.03
6198
14373
65.56
117
12.81
31
21.63
14378
14363
234.69
134
20.4
43
21.38
6396
12114
61.7
137
26.93
61
21
14369
3197
112.83
162
12.04
22
10
14367
13718
99.46
106
9.06
28
18.03
4266
13060
20.56
146
15.81
65
9.9
14359
10622
-14.04
127
14.21
54
13.93
14360
14377
231.95
133
19.24
41
21.38
14383
6869
263.42
159
23.77
64
9.49
6396
14361
185.44
127
17.49
52
17.69
14363
14378
54.69
134
20.4
43
21.38
12483
14384
99.46
135
12.21
41
13.04
14370
14379
69.62
136
19.7
30
27.02
14362
2408
225
161
18.79
39
10.05
12483
14381
66.57
148
18.25
29
20
12483
3197
-57.72
149
6.71
11
17.09
6396
6869
-60.75
116
17.03
35
26.17
14386
14385
96.71
116
3.16
10
16.03
14387
11976
-86.42
94
2
7
16.03
6930
13060
81.57
142
24.19
61
17.09
13060
14384
-79.38
107
9.06
32
16.16
6930
14382
-83.66
132
12.21
42
13.6
14384
14381
36.87
149
16.16
53
10.44
14389
14336
-58.57
114
15.13
42
20.4
12114
14388
130.36
131
21
51
20.4
13060
6930
261.57
161
16.28
24
13.04
14380
14390
154.54
153
23.02
74
11.18
14382
12742
258.69
136
20.25
67
15.3
3197
14369
-67.17
152
12.81
33
11.18
6930
4266
119.74
163
21.93
63
7.21
6396
14392
42.71
162
29.53
52
12.17
14375
2408
185.71
127
5.83
35
8.06
12206
14393
249.78
126
15.81
49
17.09
14373
14390
182.94
150
21.63
28
23.26
2408
3197
-69.44
141
8.06
25
12.04
14393
14373
-21.8
138
17.09
52
14.56
14385
14394
138.01
139
2
6
12.04
14392
14382
-54.78
120
10.05
28
18.11
14383
14359
-75.38
145
22.02
65
14.21
6930
14391
136.85
132
10.05
26
17.09
14390
14373
2.94
156
21.47
24
21.54
14392
6396
222.71
155
24.7
39
17.03
11261
14395
33.69
155
5.83
11
13
14392
14391
110.56
121
12.17
43
15.23
11261
3197
265.24
152
9.85
54
5.83
14385
14397
127.87
128
2
8
10.3
3197
14390
-38.66
111
5.83
26
12.08
4266
14388
180
124
7.21
14
23.77
14385
14398
110.56
111
2
13
8.06
14388
12114
-49.64
145
23.77
63
15.23
14392
14383
248.63
124
20.81
52
21.84
14383
12742
-39.47
125
21.84
61
20.4
14395
11261
213.69
138
4.12
10
15.23
3662
11261
157.62
149
13.15
43
9.85
14390
14400
24.44
174
17.49
16
7.07
14390
3662
58.39
124
12.08
49
13.15
14399
11261
203.2
130
7.28
27
12.04
14390
14401
30.96
153
15.26
60
8.06
11261
3662
-22.38
163
12.04
27
7.81
1120
14402
37.87
144
7.28
6
39.96
14403
3662
217.18
168
34.06
66
8.06
14403
1120
205.2
169
36.4
75
7.81
14404
14399
215.84
148
5.39
4
39.96
14404
14405
-52.43
178
7.81
2
8.6
14401
14406
29.74
160
34.06
54
14.32
14402
1120
217.87
138
12.17
12
37.58
14405
14404
127.57
162
14.42
59
5.39
14402
14406
-58.57
156
14.42
37
10.05
14406
14402
121.43
147
14.32
40
12.17
14407
14408
74.48
142
15.23
54
11.7
14410
731
74.05
165
7
13
8.06
4639
14412
213.23
169
24.04
23
12.17
14410
7912
51.84
158
14.56
13
22.8
10143
14410
215.75
167
30.48
80
7.07
14408
14414
-55.3
152
15.65
74
7.81
14415
14416
-86.42
158
8.94
24
8.54
14418
14417
85.24
149
4.47
15
8.54
14412
4639
33.23
165
30.48
57
9.85
14419
12533
-57.09
168
1.41
0
18.87
14416
14415
93.58
158
13.42
54
6.4
7912
14410
231.84
126
10.44
16
30.81
14420
14413
122.47
146
13
72
7.81
14414
14408
124.7
167
14.87
68
3.61
14419
12533
-57.09
179
19.42
32
1
14422
14423
34.51
179
18.6
34
1
14425
14426
55.62
180
3.61
0
19.42
14428
4639
214.38
175
17.03
15
6.32
14414
14416
-43.36
160
13
20
13.42
7929
14419
124.51
175
17.03
34
3
12973
12533
-51.84
178
17.03
38
1
14430
14425
81.03
172
2
1
17.26
10091
7912
225
169
7.21
11
7.21
14433
14432
259.22
170
2
1
19.42
14434
14435
39.81
152
5.39
7
18.87
14436
14437
4.76
171
12.37
9
12.04
14432
14424
231.34
178
18.6
51
1
10143
5744
77.91
152
10.44
44
7.21
14419
9983
145.49
167
17.09
55
5
8274
10143
197.53
153
14.14
41
9.85
14416
14414
136.64
137
7
13
20.25
14141
14440
23.2
135
5.39
11
19.42
1907
9983
2.86
115
5.39
15
18.44
14424
14441
212.91
177
18.6
32
2
14426
14425
235.62
168
5.39
3
17.8
13999
12973
-29.36
172
17.09
60
3
13622
14442
79.38
170
4
3
12.37
7725
12675
-45
170
12.21
45
3
4639
14428
34.38
170
14.14
15
9.49
14444
14445
14.53
172
7.62
3
20.4
12685
14446
254.48
138
2.24
5
17.09
14432
14433
79.22
148
5.39
9
17.09
14425
14430
261.03
172
7
5
12.37
14448
14449
126.87
172
7.07
18
3.16
10143
8583
33.69
136
14.32
67
10.82
648
14451
75.38
147
3.16
4
21.19
12533
12973
128.16
164
12.21
30
7.07
14435
14434
219.81
152
5.39
7
18.87
14450
14452
-80.13
172
3.16
1
20.22
14453
14454
71.57
144
3.16
15
7.21
1907
13999
-11.31
166
20.02
78
5
14456
14439
191.31
158
7.21
37
4.47
14446
14424
243.43
132
5.39
12
19.21
14457
14453
153.43
120
3.61
49
4.12
14295
12611
-79.7
146
8.49
48
6.4
14460
5188
-25.2
129
2.24
5
17.49
14421
14462
184.09
175
17.26
9
11.05
10143
8274
17.53
164
14.42
33
7.28
14462
14451
202.38
178
12.08
3
6.32
14171
9114
-16.7
164
9
54
3.16
14440
14141
203.2
135
5.39
11
19.42
14464
7722
246.8
143
4.12
11
12.21
14460
14298
119.05
170
15.62
10
15.81
14447
14465
-61.7
164
7.07
14
8.25
14442
14434
62.35
153
7
10
17.8
14466
14467
-36.25
167
13
27
6.71
9114
4619
225
135
4
18
8.94
14455
14469
-14.04
133
7.21
57
6.32
14414
14421
137.73
122
7.28
29
12.65
14468
14465
149.04
172
13
22
5
14442
13622
259.38
164
10.05
23
7.21
14313
14459
158.75
126
3.61
9
17.49
14446
12685
74.48
151
8.25
19
12.21
648
14463
64.36
169
23.77
45
6.32
14305
14152
154.8
159
14.04
41
7.62
14463
14461
10.3
166
12.08
15
11.05
14152
86
221.82
109
7.62
17
24.17
12675
7725
135
135
9
39
10.05
397
648
109.03
162
11.4
10
20.22
14472
14441
228.58
121
6.32
15
20.25
14448
14457
106.7
160
10
73
3.61
14474
14469
53.13
150
17.12
40
13.34
14457
14454
95.19
122
4.47
23
9.49
14470
14455
-37.69
127
7.28
14
24.21
14424
14446
63.43
135
6.32
14
18.44
14467
14475
-11.89
157
15.3
48
8.06
14461
14470
-23.2
147
17.26
48
12.65
12973
13999
150.64
147
15.03
54
10.05
14477
2312
-62.45
167
21.26
43
7.28
7722
14464
66.8
146
10.2
40
8.94
14475
14441
8.97
157
18.87
75
7.62
14473
14469
12.99
148
7.07
27
8.25
4619
9114
45
125
11.18
61
10.44
70
7725
-20.56
156
15.03
61
7.07
14443
14474
3.95
138
24.76
57
20
2312
14316
45
151
7.28
45
5
14434
14442
242.35
159
10.05
14
14.87
14298
14460
-60.95
165
11.31
8
20.25
14322
14141
49.64
146
10.05
17
18.87
14477
14152
264.09
147
25.94
62
16.16
14152
14305
-25.2
133
16.16
56
14.14
14305
14481
-53.43
172
25.46
15
13.93
14476
14468
170.54
160
15.3
53
6.71
7722
14472
245.56
142
8.25
16
18.44
14479
14474
-53.13
123
14.04
43
17.12
14307
648
129.81
134
15.03
20
30.68
648
14483
40.03
156
27.73
57
13.6
14484
14443
78.69
135
19.42
49
18.36
12332
14295
184.76
136
9.22
49
8.49
14454
14322
66.8
152
10.05
19
14.87
14318
14486
247.17
161
16.03
43
7.62
14461
14463
190.3
149
12.04
27
13.6
14470
14473
-52.31
166
27.8
82
7.07
13476
13999
25.35
111
13.04
36
20.4
397
14484
-33.18
151
15.03
22
19.42
14459
5338
123.69
98
2.24
7
17.89
14441
14472
48.58
116
7.62
19
20.59
14487
1907
40.1
131
12
28
19.42
14488
14448
158.96
144
11.4
54
8.25
14482
2312
122.01
168
25.46
23
14.14
8274
14489
121.22
141
18.03
24
27.17
105
14316
142.52
127
7.28
9
33.97
14332
14476
188.53
157
18.87
68
8.06
14465
14468
-30.96
134
11.4
40
12.65
14485
14295
250.35
133
14.76
65
12.04
14490
14482
154.98
125
11.66
43
13.93
14483
14470
-1.91
137
12.04
21
22.85
2312
14323
-30.96
105
9.9
16
33.97
14491
14307
260.84
145
24.6
51
18.36
14479
14491
171.87
126
24.76
55
24.6
13999
13476
205.35
110
10.05
28
20.02
648
14307
-50.19
128
30.02
48
31.4
14473
14470
127.69
124
14.04
30
23.19
14323
2905
-33.69
131
7.28
42
8.25
14483
648
220.03
116
20.62
38
30.02
14141
14322
229.64
140
12
24
18.79
14298
12332
50.71
178
5
1
9.22
7725
14492
212.74
118
10.05
36
15.03
14459
14313
-21.25
167
7.07
7
12.53
14457
14493
59.53
145
11.05
30
12.53
14472
7722
65.56
142
12.37
27
16.4
14448
14494
48.01
122
10.44
48
12
4619
8613
241.19
140
10.2
23
16.4
8274
116
160.56
155
10.05
25
9.9
7725
70
159.44
127
16.64
61
15.13
2312
14482
-57.99
153
34.99
67
17.2
14322
14454
246.8
150
15.13
38
12.53
1907
14487
220.1
126
13.04
31
20.22
8274
117
185.71
123
4.47
26
8.54
14323
14490
-76.61
138
10.82
28
15.52
14470
14491
217.23
120
23.19
45
28.28
14491
14470
37.23
114
20.62
39
30.02
14171
14495
230.91
131
11.18
32
15.81
14480
12332
86.99
132
11.31
36
14.21
8016
14496
143.75
140
13.04
44
12.17
8613
14332
235.71
132
12.37
26
20.59
14490
14323
103.39
129
16.55
48
17.2
14498
14331
102.53
137
3.61
20
7.07
7067
2299
190.78
146
14.14
39
12.53
14488
14494
104.93
126
13.93
56
13.45
14356
14499
36.87
172
8.49
10
6.71
14468
14476
-9.46
133
17.8
64
14.56
14318
14501
-6.84
150
15.23
32
14.21
14503
14318
152.35
140
22.56
65
16.03
14493
14487
56.89
140
15.13
31
18.79
14493
14457
239.53
143
17.12
59
12
14504
407
247.38
173
15.52
5
23.71
14500
14488
176.82
139
17.8
68
12.65
8613
4619
61.19
137
15.52
42
15.81
14495
14171
50.91
135
17.12
54
15.03
14505
14476
226.74
121
14.56
38
20.22
4638
2154
0
117
4.47
8
27.29
14506
14501
-27.47
121
15.26
32
24.19
2299
5338
136.74
145
7.07
13
18.03
12332
14503
50.19
112
14.76
37
22.56
10446
14507
263.29
162
5.1
7
12.37
14501
14344
66.5
127
24.19
61
22.09
13488
70
41.63
125
17.12
44
20.02
14332
8613
55.71
130
14.56
32
20.62
14508
12241
225.97
176
29.83
10
12.21
14510
14511
29.98
135
4.12
6
27.31
13862
14497
-60.64
162
13.45
37
7.07
8274
10446
146.31
171
21.93
45
5.1
14513
8779
-82.41
143
5.66
17
11.18
11166
14507
-7.13
173
1
1
7.07
70
13488
221.63
125
15.13
38
20.02
14514
13476
49.4
134
18.11
40
20.22
14515
14509
63.43
149
11.05
28
12.21
14511
2843
64.65
177
10.77
3
10.3
14476
14505
46.74
121
14.56
38
20.22
14487
14493
236.89
141
18.11
40
17.72
14501
14318
173.16
110
8.94
20
23.71
13862
5060
172.3
153
11.7
11
27.51
14205
8167
171.38
175
18.03
6
15.52
14495
14505
236.89
132
15.52
34
20.62
14494
14514
55.71
140
17.12
39
17.72
14488
11750
50.53
126
15.52
44
18.11
14513
14519
246.37
149
15.13
60
9.06
12332
5338
264.81
170
11.05
10
11.4
14509
14521
39.81
170
29.83
29
11.18
1714
14499
80.54
126
12.73
43
15
14516
14512
215.91
148
10.77
12
27.31
13476
14514
229.4
133
17.12
38
20.4
11750
14488
230.53
128
18.44
53
18.03
14522
14516
258.69
151
6.32
17
10.3
14497
1714
17.35
134
15.65
62
12.73
14492
14523
231.01
135
17.12
39
19.42
14519
14513
66.37
149
14.14
53
9.22
10446
8274
-33.69
153
9.06
13
17.69
14501
14524
51.77
166
25.08
19
18.87
2154
14525
167.28
176
27.29
24
5
14499
14526
0
170
11.18
14
8.25
5338
2299
-43.26
145
15.13
38
14.14
14509
14515
243.43
157
20.02
77
8.25
14523
14492
51.01
133
20.22
48
20.02
14505
14495
56.89
135
19.42
45
19.42
14520
14503
64.23
150
11.05
14
23.43
14514
14494
235.71
138
20.22
49
18.11
14497
13862
119.36
142
13
44
11.4
7067
4408
156.5
146
21.38
58
14.14
14523
14500
233.97
133
19.42
45
20.22
407
14504
67.38
143
11.4
13
30.81
12501
2154
243.43
133
13.93
38
16.55
14512
14521
60.95
109
14.87
21
39.05
14509
14526
267.14
135
14.87
47
14.21
11750
13488
54.69
137
20.22
43
20.4
14512
14528
-90
173
22.2
23
7.62
195
12341
112.48
119
9.06
16
28.16
14500
14523
53.97
132
18.44
42
20.4
14521
14512
240.95
120
17.49
25
35.81
13862
14517
199.98
126
11.4
61
10.63
14521
14516
-59.04
121
12
42
15.3
13488
11750
234.69
137
20.22
43
20.4
4408
14520
132.71
141
15.13
57
11.4
1714
14526
39.29
139
18.25
39
19
14507
5333
135
143
8.06
22
13
5333
14507
-45
121
15.52
51
17.12
14497
11262
213.02
147
9.85
18
16.49
14525
2154
-12.72
165
23.02
32
11.31
13554
13223
-80.54
167
13
27
6.32
14532
14512
75.96
121
9.9
36
14.21
14533
1714
84.81
136
22.02
67
16.76
14530
13910
0
114
9.85
34
15.81
14528
14512
90
163
13.6
14
16.49
14528
9342
235.3
179
16.64
1
30.81
7067
14534
119.25
143
25.08
60
17.49
11262
14497
33.02
147
19.7
55
13
14503
14520
244.23
140
27.89
58
21.1
2154
12501
63.43
109
11.31
29
21.63
14524
14501
231.77
140
22.02
29
29.15
12341
195
-67.52
172
23.32
22
9
14513
11166
-10.62
131
14.21
56
13
14526
1714
219.29
137
24.19
56
19.92
14525
10568
112.83
165
12.81
22
9
11262
14537
-6.34
160
16.49
65
6.32
14517
12341
233.97
166
26.93
80
6.71
9091
7067
263.16
159
23.77
70
9.22
10446
12341
96.12
150
20
42
15
14526
14536
262.87
128
9.9
23
19.72
14534
14520
185.44
127
17.49
52
17.69
14539
12341
246.57
137
8.54
12
27.2
14517
14538
248.2
110
10.63
23
25.46
14532
14536
239.53
133
13.6
43
14.56
9342
14528
55.3
166
37.34
39
14.56
14533
14536
37.3
133
22.09
54
19.92
14534
14540
61.7
138
27.89
64
21.02
14524
14535
-87.4
135
13.45
37
15.81
14534
7067
-60.75
120
17
36
25.18
14542
14541
97.59
98
3
11
15.03
1536
4987
-86.42
121
2.24
7
15.03
9342
14536
69.62
137
20.62
32
26.4
12341
10568
-59.04
148
6.71
11
18.03
12341
14543
100.01
135
12.21
45
12.21
14531
14545
154.54
153
23.02
74
11.18
12909
14546
106.93
152
9.9
16
16
13284
14538
225
159
19.7
45
10
14544
11243
-86.99
129
12.21
39
15
14546
12909
-73.07
128
13.93
35
18.97
14535
12909
20.56
146
15.81
65
9.9
12341
14539
66.57
147
17.26
27
20.62
10568
14525
-67.17
152
12.81
33
11.18
11243
5333
261.47
135
20
66
15.52
13554
12909
251.57
153
18.25
71
9
14544
12909
81.57
142
24.19
61
17.09
12501
14545
182.94
150
21.63
28
23.26
14540
14547
133.45
137
21.02
52
18.25
14543
13223
70.56
151
17.26
70
9
14548
14503
-55.49
117
14.14
43
18.25
14543
14539
39.09
149
18.03
60
10.77
9091
14513
-75.38
145
22.02
65
14.21
12909
14544
261.57
162
17.26
26
12.21
14534
6825
41.5
160
29.53
55
12.37
13910
2736
247.17
126
15.26
46
17.09
14541
14549
138.01
165
2.24
3
11.31
11262
14538
180
121
5.83
35
8.6
2736
12501
-21.8
138
17.09
52
14.56
14545
12501
2.94
156
21.47
24
21.54
14538
10568
-70.56
145
8.6
24
12.04
14544
14535
119.74
161
21.26
59
8.06
14541
14551
127.87
155
2.24
5
9.43
6825
14534
221.5
153
24.7
41
17
10568
14545
-38.66
111
5.83
26
12.08
6825
11243
-57.09
112
10.2
29
19.03
3515
10568
265.24
152
9.85
54
5.83
3515
14552
33.69
155
5.83
11
13
14541
14553
113.2
140
2.24
13
6.08
14544
14550
138.81
128
10.2
28
17.09
6825
14550
110.56
125
12.37
45
14.32
6825
9091
248.63
126
20.25
51
20.88
9091
5333
-39.47
124
20.88
59
20.22
14535
14547
182.05
122
8.06
16
24.74
14547
14540
-46.55
148
24.74
68
14.32
14552
3515
213.69
135
5.1
14
14.87
14545
14554
24.44
177
17
8
7.28
14545
14556
56.31
122
12.08
51
13.04
14556
3515
154.8
151
13.04
40
9.85
2550
3515
199.65
126
7.28
29
12.17
14545
14555
28.07
152
14.42
57
8.06
3515
14556
-25.2
165
12.17
24
7.81
1332
10983
34.78
141
7.28
6
38.47
14557
14556
210.96
168
31.83
60
8.06
14557
1332
198.92
168
34.99
69
7.81
14558
2550
212.97
150
6.71
5
38.47
14555
12479
25.28
162
31.83
46
13.93
14558
13840
-52.43
173
7.07
5
9.43
10983
1332
214.78
130
13.04
15
37
10983
12479
-56.31
152
14.76
38
11.05
13840
14558
127.57
156
14.76
64
6.71
12479
10983
123.69
145
13.93
38
13.04
14250
11916
75.07
166
7
11
8.94
14560
7148
211.83
171
22.67
17
12.37
14561
14562
74.48
143
16.16
59
11.4
14250
7712
49.76
155
15.52
18
21.1
9971
14250
212.62
167
29
77
7.07
6933
1003
143.13
180
18.6
8
1.41
14565
50
-55.49
170
1.41
0
18.03
7148
14560
31.83
166
29
50
9.49
1003
6933
-36.87
180
18.6
8
1.41
7712
14250
229.76
124
10.44
17
29.68
14567
14568
233.13
177
18.03
26
2.24
746
778
59.04
164
4.12
3
19.42
11570
14567
258.69
169
2
1
18.44
14569
746
80.54
171
3
1
15.3
14571
14572
85.24
142
3.61
13
9.49
14573
14257
-86.63
157
8.94
21
9.49
50
14565
124.51
172
16.28
34
4
14562
14575
-59.04
148
15.65
62
9.43
14280
7929
-51.84
176
16.28
38
2
2552
14560
212.28
175
16.4
13
6.32
14577
11885
41.63
151
6.32
9
18.87
14565
1003
143.75
162
16.76
63
6.08
14579
14580
123.69
179
8.6
7
2.24
14567
11570
78.69
135
3.61
8
18.03
14581
514
78.69
169
4
3
11.4
12259
12986
255.26
139
2.24
4
18.03
14214
7712
227.73
168
8.06
14
7.21
778
746
239.04
168
6.32
4
17.2
6012
12398
25.46
134
6.32
13
19.42
14257
14573
93.37
157
13.42
48
7.07
9971
5527
77.91
152
10.44
44
7.21
13998
1003
8.53
107
7.07
20
19.42
9617
9971
197.53
156
13.45
35
9.49
12986
14568
242.24
119
3.61
9
20
7725
1619
-38.66
173
11.66
51
2
746
14569
260.54
171
7
5
11.4
14583
14584
-36.25
171
13.42
22
5.83
14586
14587
143.13
125
3.16
39
4.12
14587
298
75.96
148
3.16
16
5.83
13133
14280
-29.36
168
16.76
60
4
14578
14588
-63.43
172
8.6
10
7.28
14582
14574
118.3
141
13
60
9.43
7929
14280
128.16
160
11.66
31
8.06
14585
14588
146.31
173
13.42
19
5
14589
7722
249.44
146
4.12
9
13.89
14575
14562
120.96
164
14.87
52
5.39
14171
47
-11.31
157
9.22
64
4.12
14560
2552
32.28
171
13.45
13
9.49
11885
14577
221.63
151
6.32
9
18.87
14592
14591
228.81
118
5.39
14
19.42
47
4619
228.37
139
3
11
10
14584
14593
-11.89
165
15.03
39
6.4
14595
14437
0
162
12.65
18
12.65
9971
66
33.69
136
14.32
67
10.82
1003
13998
188.53
108
6.08
17
19.24
514
14577
64.54
155
7
10
17.2
12986
12259
75.26
150
7.28
15
13.89
514
14581
258.69
169
10
19
5.83
12398
6012
205.46
124
7.07
16
20.22
14593
14591
8.97
160
18.36
72
6.71
14580
14579
-56.31
106
3.16
16
10.44
14568
12986
62.24
131
5.39
12
18.44
9971
9617
17.53
164
14.42
33
7.28
14575
14257
-43.36
160
13
20
13.42
14586
298
100.3
138
5
24
8.25
1619
7725
141.34
129
9.22
45
10.05
14598
14298
120.96
169
14.87
11
14.87
8346
2538
-84.81
141
8.49
50
7.07
14594
14585
167.47
164
15.03
46
5.83
7722
14589
69.44
149
10.2
32
10
14600
14459
161.57
117
2.83
8
17.89
4619
47
48.37
129
11.18
59
10.2
14257
14575
136.64
129
7.07
15
21.1
14591
14592
48.81
113
6.71
18
19.72
7722
14592
244.54
139
7.28
15
18.44
14280
13133
150.64
144
15.13
55
11.05
1586
14603
14.53
179
7.28
0
20.62
14597
14594
191.31
162
18.36
62
6.4
14577
514
244.54
155
11
19
14.14
70
7725
-20.56
152
15.13
62
8.06
14605
14579
155.22
151
11.05
49
7.28
14607
86
221.99
109
7.62
16
25.5
14305
14607
150.64
160
13.15
37
7.62
14588
14585
-33.69
142
11.05
36
11.7
14604
6012
52.7
143
11
20
18.87
298
14604
63.43
154
10
18
14.14
14610
14608
-80.91
178
5.1
0
20.22
14609
14611
76.5
156
5.1
5
21.19
14298
14598
-59.04
170
12.04
7
17.46
14613
14601
196.7
157
7.81
43
4.47
14305
14481
-53.43
172
25.46
15
13.93
13476
13133
27.76
118
13
36
19.24
14614
14615
-63.43
168
22.02
42
7.28
14617
13998
40.36
131
14
31
20.22
14615
14316
49.4
156
7.28
49
4
14592
7722
64.54
140
11.4
26
16.4
14579
14618
45
119
10.44
49
12.04
14607
14305
-29.36
133
15.81
56
14.04
14612
14619
-14.04
127
7.81
60
7.28
14586
14620
59.04
139
11.18
39
11.7
4619
8613
241.19
140
10.2
23
16.4
14459
14621
125.54
153
2.24
3
15.26
14614
14607
264.09
148
26.83
65
15.81
14623
14611
202.38
174
12.53
12
6.08
14590
14623
183.95
171
17.46
13
12.17
7725
76
215.54
120
10.05
35
15
8613
14597
236.31
132
11.4
25
19.72
153
14609
109.03
162
11.4
10
20.22
6012
14604
232.7
143
14
29
17.46
13133
13476
207.76
113
11.05
30
20.02
14625
8346
174.81
130
7.07
39
8.49
14490
14482
154.98
125
11.66
43
13.93
14585
14594
-12.53
135
16.64
60
13.6
14575
14590
137.73
108
8.06
31
14.56
10301
14628
119.74
143
18.38
23
28.16
14604
298
243.43
150
16.03
43
11.7
14482
14615
120.7
166
25.46
26
14.04
14605
14618
104.93
130
14.32
59
12.73
76
7725
35.54
119
16.12
56
17.09
14609
14622
65.22
169
25.71
55
6.08
13508
14619
54.46
152
17.12
37
13.6
14171
328
233.13
133
11.18
33
14.87
105
14316
142.52
120
7.62
11
34.71
14631
14486
249.78
160
16
46
7.62
14459
14600
-18.43
178
7.28
1
11.7
14626
14605
173.66
141
16.64
63
11.7
13998
14617
220.36
131
13
29
20.4
14632
14594
226.74
120
13.6
35
20.4
14622
14624
9.87
162
12.53
19
12.17
14602
13508
3.95
138
24.76
57
20
14630
121
-33.69
124
7.62
43
9.22
14630
14316
131.5
165
34.67
82
9.22
14627
14612
-36.03
115
8.06
17
25
14625
14485
113.2
119
11.05
44
13.93
14620
14586
239.04
139
16.28
63
12.04
14629
14619
17.1
147
7.81
31
8.25
10301
116
157.62
158
10
22
9.9
14484
14602
77.01
135
20.25
49
19.24
14298
14625
51.34
173
5.83
6
7.07
8613
4619
61.19
140
15.3
41
14.87
10301
117
180
124
3.61
20
8.54
14624
14627
-25.46
142
17.46
48
14.56
14634
14609
129.81
134
15.03
20
30.68
153
14484
-34.7
150
15.03
22
20.25
14620
14617
56.89
144
16.03
33
17.46
14597
8613
56.31
130
13.6
32
19.7
14630
14490
-75.96
138
10.82
29
14.56
14615
14482
-59.3
154
34.67
68
16.4
328
14171
53.13
133
16.28
53
15
14633
13508
-53.13
123
14.04
43
17.12
8208
5958
143.75
144
13
43
11.18
14490
14630
104.04
130
16.55
51
16.4
7278
18
190.78
153
12.81
30
11.7
14594
14632
46.74
120
13.6
35
20.4
5130
14625
90
139
12.04
38
12.81
14609
14635
40.03
155
28.64
61
13.93
14627
14629
-52.31
164
27.2
77
7.81
14636
70
43.36
128
18.11
46
20.02
14637
14634
258.69
142
23.71
50
19.24
14624
14622
189.87
148
13.45
30
13.93
328
14632
236.89
136
15.3
32
19.7
70
14636
223.36
127
16.12
40
20.02
4638
14638
-1.97
122
3.61
6
27.29
14633
14637
173.88
128
24.76
56
23.71
14605
14639
50.91
126
15.52
47
17.03
18
14621
136.74
153
7.28
11
17.2
14609
14634
-50.19
130
31
51
30.59
11200
13476
50.71
135
18.11
39
20.4
14617
14620
236.89
141
18.11
40
17.72
14639
14605
230.91
126
18.68
57
18.11
14498
14640
104.04
105
3
21
8.06
12184
14641
247.38
171
13.34
4
25.94
14618
11200
56.31
136
16.28
39
17.72
14629
14627
127.69
124
14.04
30
23.19
14635
14627
-1.85
137
13.45
23
23.26
14635
14609
220.03
115
21.84
40
31
14642
14643
262.87
155
3.16
5
13.34
14644
8949
-81.87
125
4.47
17
12.17
14645
14631
149.42
142
22.2
59
16
14631
14646
-10.89
148
16.16
34
15.56
10301
14642
148.24
175
22.36
39
3.16
76
14647
232.7
133
16.28
37
19.65
14649
14648
34.7
166
9.22
18
7.28
14632
328
56.89
135
18.44
42
19.65
13476
11200
230.71
135
18.11
39
20.4
14647
14626
233.97
132
18.44
42
20.4
11200
14618
236.31
138
20.22
52
17.03
14625
14645
46.74
114
15.23
38
22.2
14627
14637
218.66
122
23.19
44
28.16
14647
76
52.7
132
20.4
49
20.02
14637
14627
38.66
113
21.84
40
31.02
14626
14647
53.97
129
18.68
43
21.38
14506
14646
-30.96
116
14.42
29
26.42
14644
5621
244.98
147
14.14
58
9.06
14639
14636
54.69
137
20.22
43
20.4
14651
13124
-62.1
160
13.45
35
8.06
14650
14646
-60.52
117
22.02
50
25.63
5621
14644
64.98
147
14.14
58
9.06
14636
14639
234.69
134
20.4
43
21.38
14625
14621
267.4
169
13.15
15
9.49
14510
14654
27.41
152
3.61
3
27.31
14646
14631
169.11
106
8.94
19
25.55
14642
10301
-31.76
155
9.06
13
16.97
14638
14657
169.05
178
27.29
15
4.47
14621
18
-43.26
152
15.52
37
12.17
14659
12379
225.97
176
31.24
12
10.82
7278
14658
160.82
151
21.38
61
12.17
14651
5060
170.79
147
12.08
13
28.23
14662
14660
63.43
154
12
29
10.82
14205
14663
173.09
171
19.03
12
14.87
13124
14665
20.56
136
16.55
65
12.73
14641
12184
67.38
141
10.44
12
31.62
13259
14638
240.95
127
12.08
35
16.55
14653
14645
64.98
147
13.15
18
23.35
14665
14648
77.47
123
12.73
42
15.81
14654
14667
65.77
178
10.77
2
11.18
14643
5755
142.43
150
8.06
23
10.3
14656
3299
112.48
119
9.06
16
28.16
14658
14653
132.71
148
15.52
61
9.49
5755
14643
-37.57
121
16.16
59
16.12
14657
14638
-10.95
167
23.02
30
10.63
13124
14651
117.9
141
13
41
12.37
14668
14655
215.91
148
10.77
12
27.31
14646
14670
51.77
163
25.63
23
19.24
14648
14671
-3.01
166
10.2
15
9.49
14660
1773
39.99
170
31.24
29
11.18
14671
14660
90
109
9.49
26
20.12
14672
14668
258.69
147
5.39
15
11.18
7278
7858
123.11
143
24.35
61
17
14655
14673
268.09
171
22.2
24
8.94
13458
14651
75.96
118
10.63
51
12.08
13124
14676
214.99
149
9.85
17
16.76
13259
14669
211.43
151
20.59
72
10.63
14644
10768
-7.13
141
13.04
53
10.3
14660
14671
-90
135
15.56
47
14.87
14665
14671
36.47
139
18.44
39
19.03
14655
1773
61.61
107
15.56
21
40.46
14677
14665
85.03
136
22.02
64
17.09
14675
14063
0
114
9.85
34
15.81
14657
3410
113.96
166
12.81
23
8
12527
7278
262.23
157
21.84
75
9.06
3299
14656
-67.52
173
24.19
22
8
14645
14653
244.98
143
28.64
59
20.1
1773
14655
241.61
123
18.36
25
35.81
14676
13124
34.99
148
20.62
57
13
7858
14653
185.71
124
17
53
17.69
14673
14655
88.09
166
13.34
11
17.46
14642
3299
96.12
146
18.44
38
16.64
14678
14655
76.76
122
9.9
34
14.87
14679
14680
-80.54
161
10.3
21
9.22
14676
14681
-3.18
160
16.76
68
6.32
1773
14668
-60.64
125
12.04
40
15.3
7858
7278
-56.89
127
18.03
40
22.2
1060
14682
98.13
117
3.16
12
13.04
14683
7067
-85.91
121
2.24
8
13.04
11398
14661
68.96
103
7.21
14
27.2
14657
14669
2.49
104
10.2
25
22.85
684
14673
55.3
166
37.34
39
14.56
14671
14665
216.47
136
24.33
56
20.25
14675
14686
-65.77
115
17
46
21.54
14670
14646
231.77
142
22
28
28.23
14677
14685
37.3
133
23.09
57
20.25
7858
14687
60.02
138
28.64
65
21.1
14661
11398
248.96
111
10.63
22
26.17
684
14685
69.62
137
20.62
32
26.4
14678
14685
237.09
135
13.34
41
14.56
14688
3299
246.57
137
8.54
12
27.2
14671
14685
260.54
126
9.9
23
20.25
3299
3410
-60.26
154
7.21
10
18.03
3410
14657
-66.04
153
12.81
35
10.2
9636
5755
261.47
131
18.44
59
16.16
13259
14684
182.94
152
21.1
26
22.85
13458
11398
226.55
160
20.62
46
10
3299
14689
100.62
132
11.66
45
12.21
14690
9636
-87.14
124
11.66
35
16.64
5755
12527
140.53
109
13.04
34
21.84
14670
12493
-90
135
12.73
34
15.81
14682
14691
138.01
165
2.24
3
11.31
14684
13259
2.94
156
21.47
24
21.54
3299
14688
66.57
146
16.28
25
21.26
14686
13259
-21.8
139
18.03
56
14.32
14692
14693
106.93
152
9.9
16
16
11398
3410
-70.56
145
8.6
24
12.04
14676
11398
180
121
5.83
35
8.6
7858
14694
40.43
161
30.02
54
12.37
14682
14695
127.87
155
2.24
5
9.43
12493
14692
20.56
146
15.81
65
9.9
14687
14696
133.45
139
21.1
53
17.26
3410
14684
-38.66
111
5.83
26
12.08
14690
14692
83.88
144
25.55
63
17.09
14679
14692
247.62
149
18.25
73
10.05
14698
14645
-53.13
124
15.03
46
17.26
14693
14692
-73.07
131
15.23
39
18.38
14694
7858
220.43
151
25.63
43
18.03
4919
3410
265.24
152
9.85
54
5.83
14682
14699
119.74
147
2.24
11
6.32
14692
14689
-77.47
109
10.05
31
18.03
14692
14690
263.88
162
18.44
28
12.21
14689
14688
41.19
151
18.03
57
10.44
14694
9636
-58.57
111
10.2
28
20.02
4919
14700
30.96
152
5.83
12
12.65
14690
12493
120.58
160
20.62
49
9.49
12527
5755
-39.47
124
20.88
59
20.22
14690
14701
140.91
130
10.2
29
16.16
14694
12527
249.44
129
21.1
52
20.88
14694
14701
111.8
126
12.37
48
13.42
12493
14698
184.09
180
27.07
0
15.03
14684
14702
22.25
178
16.55
6
7.28
14704
14697
175.6
125
12.81
61
12.08
14700
4919
210.96
133
5.1
15
14.56
14704
4919
149.53
154
13.04
35
9.85
12493
14696
184.24
113
9.49
20
25
14696
14687
-46.55
150
25
70
13.42
14684
14703
25.02
154
12.81
48
7.62
3162
4919
195.95
122
7.28
29
12.37
4919
14704
-30.47
164
12.37
23
8.6
1543
14705
30.26
137
7.28
7
36.77
14706
14704
206.57
169
29.21
49
7.62
14706
1543
192.88
167
33.54
67
8.6
14703
889
22.62
165
29.21
35
13.34
14707
3162
209.58
143
7.62
7
36.77
14707
14709
-50.19
169
6.4
7
9.43
14705
1543
210.26
125
13.04
17
35.9
14705
889
-53.13
148
13.93
42
11.05
14709
14707
129.81
151
13.93
63
7.62
889
14705
126.87
140
13.34
41
13.04
14711
1192
75.07
166
8
14
8.06
14713
6945
210.38
173
21.4
11
12.65
1664
14714
10.78
173
3.16
1
18.25
14711
7528
48.65
154
15.52
19
20.59
9796
14711
210.96
166
28.28
75
7.07
1879
14716
-8.53
145
2.24
3
18.44
1231
528
-32.01
103
1.41
4
18.6
14717
311
-55.49
125
1
2
18.87
14719
11162
78.11
169
1
0
18.44
6945
14713
30.38
166
28.28
48
9.49
14714
1664
190.78
165
2.24
1
19.24
14716
1879
171.47
127
1.41
3
19.42
528
1231
147.99
148
1
1
18.03
7528
14711
228.65
122
10.44
17
29.15
11433
14719
258.69
169
1
0
19.42
14720
14721
83.66
174
3
1
15.13
14721
1001
59.04
171
5.39
2
18.03
14723
14724
75.26
144
16.16
55
11.7
311
14717
124.51
170
15.56
34
5
12824
50
-49.76
176
15.56
40
2
14727
14728
118.61
180
10.3
2
2.24
14729
14730
-36.25
175
13.89
16
5
14719
11433
78.69
135
3.61
8
18.03
12261
14732
244.65
121
3.61
9
19.42
14733
14734
81.25
172
3
2
10.2
11027
12261
255.26
139
2.24
4
18.03
14726
14735
-64.98
176
10.3
6
6.32
14731
14735
146.31
177
13.89
11
4.24
14736
14737
135
154
3.16
26
3.16
14738
1664
43.36
150
7.28
11
18.87
2552
14713
207.76
180
14.76
1
6.71
14737
14739
71.57
148
4.12
37
3.61
14721
14720
263.66
174
8
4
10.2
14730
14740
-12.53
168
15
40
5
14717
1231
146.31
161
16.49
65
6.08
6670
14742
225
99
5
14
19.72
1001
14721
239.04
165
7.28
6
16.4
11161
7929
-34.99
172
11.18
55
2
14740
14742
8.97
166
17.46
62
5
4398
7576
252.65
145
3.16
7
14.32
6012
1879
27.65
132
8.25
18
19.24
57
1231
8.53
107
7.07
20
19.42
52
12824
-29.36
165
16.49
60
5
14732
12261
64.65
118
5
13
19.21
50
12824
130.24
157
11.18
33
8.06
9617
9796
191.89
157
12.21
30
9.49
9796
5527
75.96
150
10.44
57
6.32
55
9778
-6.34
154
8.54
69
4.12
14728
14727
-61.39
138
3.16
11
10.44
12261
11027
75.26
156
6.08
10
14.32
10427
7528
225
162
8.94
26
6.32
9778
4791
235.01
146
4
14
9.22
14734
14733
261.25
167
11.05
47
3.61
14741
14731
167.47
168
15
40
5
14734
14738
64.54
155
8
12
16.4
14736
14739
101.31
147
5.66
29
6.32
1664
14738
223.36
148
8.25
14
18.36
14742
6670
45
99
5
14
19.72
14713
2552
27.76
173
12.21
9
9.49
1231
57
188.53
108
6.08
17
19.24
14743
14741
188.97
166
17.46
62
5
14724
14723
255.26
180
8.25
0
11.4
7929
11161
145.01
125
8.54
43
10.2
14746
14747
85.6
131
2.83
10
11.4
1879
6012
207.65
126
7.07
16
20.4
7576
4398
72.65
152
10.2
32
9.22
7576
6670
242.35
143
6.08
11
19.21
9796
66
26.57
131
12.37
60
10.82
14748
14745
-86.99
157
8.94
18
11.4
14749
14727
151.7
157
11.05
43
6.32
14735
14731
-33.69
152
11.05
32
9.85
4791
9778
55.01
135
11.18
61
9.06
14724
14751
-62.24
146
17
52
12.08
9796
9617
11.89
166
13.42
27
7.28
14738
14734
244.54
155
12
22
13.45
14753
14752
123.11
171
14.87
10
13
14600
14459
161.57
162
2
2
17.09
12824
52
150.64
140
15.3
55
12.04
70
11161
-17.35
152
15.3
65
8.06
14739
14604
65.77
151
11.05
23
13.45
14756
14744
9.46
127
4.47
9
22
14745
14748
93.01
159
14.32
42
7.81
14604
6012
52.7
143
12
23
18.36
12910
14437
-4.76
157
12.65
21
13.42
81
14759
139.4
109
5.83
36
9.22
6670
7576
62.35
136
10.44
24
17.8
69
14736
170.54
129
12.04
63
10.44
8613
14743
235.01
129
10.44
24
19.72
14731
14741
-12.53
140
14.76
53
12.08
4791
8613
240.26
139
10.2
22
17.8
14757
14750
111.8
132
11.7
46
12.08
14736
72
57.26
136
10.2
37
11.7
14607
86
221.99
106
6.71
14
25.94
92
14607
153.43
163
13.15
36
6.71
14749
69
104.93
134
14.76
63
12.04
78
52
32.28
123
15
41
19.24
14751
14724
117.76
161
16.28
41
8.25
14626
14749
173.29
145
14.76
59
9.85
14632
14741
225
117
12.65
36
19.24
555
57
43.45
130
14.04
32
20.4
11161
76
218.16
117
10.2
34
16.03
109
14761
130.03
179
21.26
2
11.4
14604
14739
245.77
149
16.12
45
11.7
92
14762
-53.43
175
26.91
12
12.08
55
77
234.16
134
11.18
29
16.55
14752
14753
-56.89
169
11.31
8
16.55
6012
14604
232.7
139
14.04
30
18.38
52
78
212.28
118
12.04
32
20
14751
14745
-45
155
11.7
20
14.32
76
11161
38.16
122
16.12
55
16.76
14743
8613
55.01
127
12.65
31
19.7
72
14736
237.26
137
16.28
66
12.17
14459
14763
132.51
178
2.83
0
13.45
8613
4791
60.26
139
14.32
35
16.55
103
96
153.43
130
9.85
38
12.08
14741
14632
45
111
12.08
33
20.4
14607
92
-26.57
139
15.52
58
12.04
14614
112
-64.36
165
21.26
38
9.22
112
104
48.81
152
9.22
60
5.1
57
555
223.45
134
15
34
19.24
14745
14751
135
126
6.08
13
21.1
10752
14765
118.39
144
18.79
22
29.15
14614
14607
264.09
149
27.73
69
15.52
77
55
54.16
135
17.26
50
16.03
72
555
56.89
140
16.12
34
18.38
96
112
120.7
169
26.91
25
12.04
14766
14759
170.54
132
6.4
31
9.22
105
104
141.58
108
7.21
11
35.47
77
14632
235.71
134
14.32
31
19.7
14769
13496
232.7
176
13.04
4
13.45
14767
121
-32.01
115
7.21
45
9.22
10752
116
154.8
161
10.05
19
9.9
14749
14770
49.09
125
15.52
49
17
14770
14749
229.09
126
17.46
55
17.12
10752
117
174.29
118
3.61
20
8.94
150
14772
77.01
158
6.08
6
21.19
112
14767
-32.35
99
10.63
17
35.47
14767
103
-81.47
131
9.43
26
15.81
14773
14774
247.62
158
15
51
7.28
6184
70
46.55
131
19.1
46
20
84
14764
191.31
156
8.6
56
4.24
3830
14776
191.31
157
12.21
28
10.44
14766
14485
111.8
122
12.17
46
14.32
69
14777
55.01
135
16.28
41
17.46
70
6184
226.55
130
16.12
38
20.22
14752
14766
51.34
168
6.71
12
6.4
103
14767
98.53
126
15.65
48
17.03
112
96
-59.3
154
35.51
70
17.03
555
72
236.89
141
19.1
43
17.46
14778
14626
232.7
130
17.46
41
20.4
14777
78
52.31
137
19.1
43
19.24
153
150
108.43
164
12.21
9
20.22
14632
77
55.71
133
17.46
40
19.65
14775
14769
-12.53
132
8.6
61
7.28
76
14778
233.97
134
17.26
39
19.65
14777
69
235.01
137
20.22
55
17
5130
14766
90
135
11.31
38
12.81
119
6423
-1.97
122
3.61
6
27.29
14626
14778
52.7
130
17.46
41
20.4
13496
14769
52.7
150
17.12
36
14.56
14776
14763
141.71
163
8.54
9
16.28
14782
14772
203.96
174
13.89
14
6.08
78
14777
232.31
137
19.1
43
19.24
14744
14782
183.95
165
18.03
22
12.65
14778
76
53.97
133
19.42
45
20.22
12974
13496
3.81
141
24.76
55
19.21
14786
12974
79.51
135
19.42
45
19.42
153
14786
-33.69
154
16.12
21
19.42
14787
137
-81.25
99
4
17
13.15
14744
14788
-75.96
147
16.28
72
9.43
150
14781
66.04
170
26.68
56
6.08
10116
14789
262.87
155
3.16
5
13.34
14770
6184
55.18
137
20.22
46
19.24
14785
150
129.09
137
16.12
20
31.62
6184
14770
235.18
134
19.42
43
20.4
14790
628
246.04
177
11.7
1
27.73
14780
14769
15.95
146
7.81
28
9.22
10752
10116
148.24
175
22.36
39
3.16
14788
14775
-36.03
112
9.43
20
25.24
14781
14783
7.13
157
13.89
25
12.65
14784
13496
-51.34
121
14.14
45
17.12
14640
13298
264.29
161
8.25
50
3.61
14787
10497
243.43
145
13.15
57
9.06
5060
14791
-10.44
180
35.51
7
3.16
14783
14788
-25.46
136
18.03
50
16.49
4511
14773
146.31
144
21.02
56
15
10497
14787
63.43
146
14.14
63
9
14637
14785
260.84
143
22.83
46
19.42
14773
14792
-11.31
143
15.65
36
16.28
14766
4511
46.85
116
16.16
44
21.02
14788
14780
-52.31
164
27.2
77
7.81
6423
14794
170.84
180
27.29
4
4.12
150
194
37.57
152
29.55
64
15.65
14796
14795
34.7
166
10.63
25
6.08
14784
14637
174.09
131
24.76
55
22.83
150
14785
-50.91
131
31.02
48
31.4
14763
14776
-38.29
156
16.49
36
11.4
10116
10752
-31.76
161
9.22
10
16.28
3830
14797
163.07
152
20.4
57
11.4
14766
14763
265.03
167
14.14
18
9.85
14783
14781
187.13
143
14.14
33
15.65
14799
14786
190.01
180
11.18
0
6.08
8362
14792
-32.62
118
13.89
27
26.42
14780
14788
127.69
120
14.14
30
24.19
14791
13298
-66.04
156
12.04
29
10.05
194
150
217.57
115
21.59
39
31.02
14789
14801
148.39
156
8.06
22
8.6
194
14788
0
135
14.14
25
23.26
14800
14792
-60.52
117
23.02
52
26
14792
14773
168.69
103
9.85
22
25.24
628
14790
66.04
138
9.49
11
33.02
13728
6423
237.99
119
10.3
32
16.55
14794
6423
-9.16
171
23
22
9.43
10116
14801
208.07
126
16.12
59
15.26
14797
4767
132.71
147
16.49
66
9.85
14788
14637
218.93
122
24.19
44
29.15
4767
4511
66.57
149
14.14
19
21.93
14798
12060
112.48
126
9.22
16
27.17
14791
5060
169.56
143
13.42
16
29.07
14807
14808
29.05
146
2.24
2
29.07
14637
14788
38.93
116
21.59
38
31
14796
13298
246.37
118
14.21
49
16.76
14810
14795
78.69
130
14.21
43
15.81
3830
8262
125.54
143
24.04
65
16.12
13728
14805
211.43
154
18.87
63
9.43
14799
14811
63.43
149
12.04
32
11.66
14787
11165
-3.58
148
12.53
50
8.6
14813
14812
225.94
175
32.02
14
11.66
14802
14814
25.2
177
12.53
6
6.32
14816
14815
171.63
166
19.1
16
16.55
13298
14791
113.96
137
13
41
13.6
14787
12816
106.7
107
9
25
20.22
14794
14214
115.2
167
12.81
25
7
13298
14819
216.87
154
8.94
13
17.46
14795
4062
-5.71
164
11.18
18
9.85
14792
14814
49.84
163
26
24
18.79
12060
14798
-67.52
174
25.06
22
7
4511
4767
246.57
144
29.83
63
20.02
8262
4767
182.86
123
16.12
50
17.69
14820
14809
216.25
151
9.85
9
29.07
14817
14791
72.9
115
10.63
46
13.42
14809
14821
268.09
171
22.2
24
8.94
4062
14811
90
114
9.85
26
20.12
14823
14810
85.03
138
22.8
67
16.76
14818
14824
-6.71
110
8.94
30
16.4
8262
3830
-54.46
129
18.03
44
20.22
14826
14825
98.75
118
3.16
13
12.04
9666
3830
-85.6
121
2.24
9
12.04
10116
12060
96.34
142
16.97
37
17.49
14794
14805
0
103
9.22
23
22.85
14810
4062
36.87
139
20.4
42
20.1
14819
14828
-3.18
154
17.46
72
8.25
14819
13298
36.87
149
21.54
59
13
14829
14818
112.25
176
15.65
8
8.25
14811
14830
38.88
168
32.02
38
11
14811
4062
-90
141
15.62
45
14.14
14214
14794
-64.8
154
12.81
37
9.22
14832
14820
255.07
139
4.47
13
12.53
14818
14829
-67.75
119
17.12
44
21.54
14803
14821
55.98
168
37.7
34
13.93
4020
14806
69.68
110
7.81
15
27.2
14821
14809
88.09
166
13.34
11
17.46
14803
14406
68.2
136
20.62
32
27.2
14827
14801
261.47
127
16.97
53
17
13728
7004
182.94
152
21.1
26
22.85
8262
14834
60.02
137
29.83
67
22.2
14809
14830
60.42
111
15.62
21
39.82
14833
14809
76.76
127
9.22
31
14.14
12060
14214
-61.39
159
7.81
9
18.03
14823
14406
36.03
131
23.09
55
21.19
4062
14810
216.87
136
25.32
56
21.19
14801
12816
140.53
112
12.53
33
20.88
14806
4020
249.68
111
10.63
21
26.91
14835
14836
-80.54
158
9.43
20
10.2
14837
14838
150.26
177
11.18
7
5
14830
14809
240.42
120
17.49
24
37.2
14833
14406
240.95
138
13.34
39
13.93
14837
12060
245.1
129
6.71
11
27.2
14814
14792
229.84
140
23
31
28.46
14825
14840
138.01
165
2.24
3
11.31
7004
13728
2.94
156
21.47
24
21.54
4062
14406
260.91
131
9.22
19
20.59
14817
4020
228.01
160
21.54
48
10
10157
14827
-84.29
121
12.08
36
17.49
12060
14841
101.31
126
12.08
49
12.81
14829
13728
-21.8
139
18.03
56
14.32
14825
8652
131.19
158
2.24
5
8.6
14830
14820
-59.04
121
13
45
15.52
14214
7004
-38.66
120
5.39
24
11.18
4020
14214
-70.56
145
8.6
24
12.04
14825
14844
123.69
151
2.24
11
5.39
14819
4020
180
121
5.83
35
8.6
8262
3714
40.43
161
30.02
54
12.37
5324
14214
265.24
154
10.77
63
5.39
12060
14837
65.1
144
15.3
26
20.62
3714
8262
220.43
151
25.63
43
18.03
14814
14839
-90
135
12.73
32
16.64
14834
9017
135
143
22.2
59
15.52
12816
14801
-39.47
124
20.88
59
20.22
3714
14827
-58.57
109
9.22
25
20.1
10157
14845
81.87
144
25.06
61
17.09
5324
14846
30.96
152
5.83
12
12.65
14847
4511
-53.75
127
15
51
15.52
14839
14845
20.56
144
16.64
69
10.63
14845
10157
261.87
160
18.44
30
12.81
14845
14848
106.26
156
10.63
16
16
3714
12816
249.44
129
21.1
52
20.88
14841
14836
71.57
150
18.44
71
10
14841
14837
39.09
148
18.97
65
11.18
14835
14845
248.75
150
18.25
68
10
10157
14839
118.61
156
20
50
10.77
14850
7004
202.25
180
7.62
0
16.16
14848
14845
-73.74
130
15.23
37
19.31
10157
14849
143.13
131
9.22
26
15.65
3857
14843
175.6
128
12.04
59
11.18
3714
14849
116.57
131
12.37
51
12.08
3857
5324
147.09
152
13.04
35
10.77
14846
5324
210.96
131
6.08
18
14.32
14839
14847
184.09
178
27.17
4
15
7004
4119
21.8
154
12.04
45
7.62
9017
14834
-45
152
24.04
69
12.08
14851
5324
192.09
117
8.25
34
13
14839
9017
186.34
119
10.77
23
24.04
5324
3857
-32.91
170
13
17
7.81
10069
3857
198.43
169
26.42
41
7.62
1749
3219
24.68
129
8.25
10
36.14
10069
1749
186.52
169
31.62
56
7.81
4119
88
18.43
169
26.42
22
13.04
14852
14851
205.94
129
9.22
11
36.14
14852
12032
-47.73
159
6.71
15
8.94
3219
1749
204.68
124
13.15
18
35.23
3219
88
-51.84
138
12.17
42
12.04
12032
14852
132.27
142
12.17
54
9.22
88
3219
128.16
133
13.04
46
13.15