101.62
-32.67
100
101.73
-32
100
189.36
57.45
18.43
195
40
7.84
102.04
-3.42
100
198.86
55.72
31.44
101.84
-23.96
100
188.1
42.86
5.49
152.87
40.98
47.84
194.12
51.76
33.33
197.37
47.72
27.65
196.92
48.46
12.72
100.56
0.04
100
197.22
56.4
30.2
190.52
66.61
23.75
132.62
93.62
55.29
194.98
41.34
52.55
128.15
44.44
17.65
139.7
50.61
8.09
101.65
-2.08
100
131.34
69.38
31.02
128.86
60.74
62.62
194.88
71.29
15.84
199.05
52.32
38.79
130.03
56.5
38.09
131.85
82.92
83.82
191.41
49.48
19.02
130.66
91.62
44
132.42
92.42
82.75
132.36
96.1
84.76
131.81
81.68
61.68
128.3
42.77
26.33
128.32
66.52
64.18
194.98
74.03
18.93
137.18
59.01
26.4
196.91
44.44
21.18
66.75
96.44
68.01
130.35
52.24
39.41
131.19
35.71
10.98
1.35
43.26
37.16
129.8
57.97
46.94
128.58
66.94
58.35
65.8
93.46
60
194.65
64.51
18.15
189.83
54.24
11.57
190.85
47.99
15.27
67.03
96.6
63.43
143.69
58.8
18.31
188.55
55.97
21.54
198.32
43.48
23.57
8.7
73.2
86
128.66
47.19
52.35
6.96
77.66
75.49
127.27
35.87
25.44
134.18
4.31
100
133.86
5.69
100
133.4
43.15
11.44
135.23
57.73
27.8
147.88
47.3
9.4
1.39
38.85
36.94
138.85
43.25
10.23
152.59
-55.1
100
141.18
62.64
15.11
128.77
66.18
71.76
135.85
0
100
127.36
38.05
32.48
127.8
42.08
49.33
128.28
44.61
55.46
128.19
45.42
66.35
129.15
63.96
71.66
133.74
6.27
100
146.19
57.87
16.73
145.76
57.48
17.41
128.07
44.29
68.2
2.63
91.32
82.38
127.07
35.09
28.56
65.28
95.73
74.38
128.52
43.24
43.76
128.1
44.9
76.08
135.91
1.88
100
127.83
42.34
55.41
128.04
44.08
69.22
133.64
51.54
20.15
128.04
44.14
72.51
127.62
35.45
25.92
134.18
53.22
21.48
128.1
44.64
78.53
136.02
0.06
100
129.38
43.39
32.23
127.16
36.57
33.47
128
41.55
46
160.45
-80.51
100
133.62
52.34
21.66
102.14
-16.08
100
135.61
54.22
23.31
158.74
-74.12
100
102.19
-12.55
100
142.87
6.72
51.71
159.36
-76.82
100
100
0
100
138.95
-13.33
100
127.79
37.07
28.96
127.62
40.6
51.88
128.26
45.89
81.38
136.2
0.03
100
128.06
44.36
81.9
127.78
42.13
62.6
129.01
42.57
33.82
149.88
-42.55
100
100
0
100
100.1
-74.71
100
100.39
-69.41
100
127.85
42.78
70.88
160.37
-79.69
100
127.91
43.43
75.33
102.01
-19.81
100
127.65
41.18
56.08
11.22
3.18
100
127.8
42.28
64.54
128.18
39.94
36.45
100.18
0.02
100
100.92
-45.69
100
128.25
40.3
36.57
101.11
-55.18
100
127.87
43.02
73.33
127.48
39.47
47.23
134.95
3.53
100
135.67
0.05
100
127.89
43.24
76.37
127.71
40.68
52.21
102.17
-12.34
100
100.06
-87.43
100
136.03
0.1
100
100.08
-74.15
100
154.63
-60.24
100
150.07
-48.89
100
135.69
0
100
100.84
-69.64
100
127.54
39.95
49.68
101.35
-2.45
100
127.65
40.69
52.78
156.21
-67.06
100
149.78
-42.13
100
101.27
-48.06
100
100.51
0.04
100
127.81
42.22
65.78
127.81
42.31
66.66
139.91
-15.92
100
160.31
-80.08
100
135.46
0.08
100
135.89
0.02
100
19.98
11.63
100
24.25
15.29
100
100.22
-82.48
100
136.27
0.03
100
161.88
-85.1
100
154.25
-62.35
100
103.61
-28.94
100
102.85
-2.75
100
100.44
0.05
100
100.52
-82.75
100
146.23
-36.47
100
141.57
-19.02
100
151.88
-50.42
100
100.01
0.04
100
141.01
-19.65
100
159.16
-76.21
100
17
8.39
80.39
126.85
6.89
35.29
150.38
-50.08
100
137.69
-8.98
100
25.36
16.47
100
135.87
0.29
100
157.19
-69.51
100
100.03
0.1
100
17.27
8.41
84.65
22.86
14.11
100
154.09
-58.32
100
135.75
0.05
100
137.26
9.11
100
153.27
-48.24
100
100.04
0.13
100
147.95
-41.35
100
155.7
-66.58
100
11.89
4.08
100
147.3
-39.23
100
141.07
-20.11
100
149.53
-41.18
100
135.88
0.04
100
100.8
-53.87
100
101.48
-42.49
100
100.28
-89.69
100
139.21
-14
100
155.29
-62.53
100
145.21
-33.37
100
23.96
15.22
100
158.5
-73.99
100
9.83
2.81
100
101.17
-2.77
100
100.35
-61.71
100
136.21
-3.92
100
135.43
0.71
100
136.16
-3.86
100
100.01
0.02
100
17.22
8.7
90.11
135.62
-2.05
100
16.76
12.08
100
135.27
1.18
100
155.13
-61.82
100
157.75
-72.4
100
143.02
-26.53
100
100.02
0.05
100
17.31
8.03
77.29
133.33
8.82
100
156.06
-65.72
100
101.59
-34.95
100
139.26
-14.17
100
17.23
8.69
90.32
101.93
-21.99
100
100.86
-68.39
100
24.4
-55.29
100
134.71
4.51
100
24.01
15.36
100
136.11
0.03
100
158.22
-74.15
100
100.29
0.51
100
131.29
92.52
28.82
115.63
42.1
59.54
22.82
14.32
100
156.67
-69.65
100
101.4
-32.94
100
101.24
-52.52
100
142.45
-24.61
100
152.81
-55.23
100
151.53
-51.19
100
151.65
-49.41
100
136.33
0.05
100
101.91
-24.12
100
141.99
-23.19
100
101.01
-41.48
100
132.45
3.67
66.76
136.59
-4.86
100
100.2
-64.12
100
158.07
-73.14
100
152.13
-54.98
100
143.95
-29.55
100
151.13
-51.55
100
101.92
-17.47
100
100.32
-90.01
100
156.65
-69.45
100
100.01
0.03
100
142.98
-26.43
100
103.06
-10.07
100
101.9
-24.59
100
102.31
-6.51
100
101.8
-28.32
100
141.63
-21.65
100
135.85
0.06
100
101.55
-3.58
100
101.07
-59.99
100
105.56
16.67
100
142.39
-24.49
100
102.04
-17.94
100
138.84
-12.75
100
101.49
-41.56
100
100.49
-84.01
100
147.66
-41.28
100
105.79
15
100
101.78
-28.96
100
101.61
-36.55
100
136.32
0.05
100
142.56
-24.79
100
113.43
33.4
66.54
101.51
-41.35
100
101.68
-33.66
100
140.86
-19.45
100
137.25
-5.72
100
100.8
-45.39
100
136.1
0
100
135.57
3.69
69.15
101.85
-25.97
100
136.13
0
100
159.52
-77.11
100
141.04
-20.05
100
101.99
-21
100
140.22
-17.33
100
100.13
-92.75
100
100.02
0.05
100
100.66
0.02
100
100.36
0.06
100
100.29
-56
100
101.74
-31.21
100
139.13
-13.71
100
140.87
-19.28
100
101.87
-26.03
100
100.01
0.03
100
101.82
0.04
100
136.34
0.01
100
141.52
-21.66
100
20.77
12.36
100
100.39
1.18
100
101.21
-53.9
100
18.7
10.89
100
136.07
0.03
100
141.68
-21.54
100
100.51
-73.84
100
100.16
-74.71
100
17.42
7.62
67.52
136.71
-5.1
100
135.61
1.11
100
100.01
0.03
100
142.96
-25.92
100
135.49
0.54
100
17.32
8.18
82.09
17.29
8.05
76.21
136.38
-4.3
100
103.79
-53.11
100
130.92
8.63
100
100.01
0.04
100
100.83
-64.72
100
100
0
100
100.15
0.03
100
100.01
0.03
100
100
0
100
101.63
-29.82
100
100.75
-66.44
100
100.01
0.03
100
100.04
-94.48
100
100.04
-85.16
100
100.68
-76.9
100
101.44
-44.71
100
101.78
-29.85
100
198.28
44.83
22.75
196.24
53.79
24.71
102.32
-5.73
100
193.9
56.34
27.84
102.09
-15.35
100
198.21
49.23
12.75
197.49
48
28.84
130.14
49.67
50.87
128.86
64.25
52
130.37
60.5
16.59
0.6
46.43
47.58
132.41
90.9
62.04
69.32
89.9
39.46
130.3
57.75
36.67
143.45
54.48
7.58
190.78
59.2
23.63
126.52
61.09
33.59
100.51
0.02
100
132.41
93.22
84.84
194.72
69.64
15.97
198.55
58.29
33.12
132.27
88.33
85.94
187.72
43.42
44.71
130.58
60.82
38.04
128.61
73.12
54.27
132.39
94.97
89.71
128.48
45.23
26.01
199.88
50.79
42
100
0
100
193.4
48.46
19.15
129.04
63.98
57
130.96
65.95
45.49
132.41
90.42
66.14
67.22
96.41
62.5
193.64
77.64
17.93
130.25
33.61
11.67
195.51
46.15
20.39
7.5
73.92
90.42
130.91
77.31
68.16
132.14
93.11
71.18
130.05
50.98
39.84
7.06
78.55
70.39
134.89
58.17
28.99
141.67
45.83
9.41
185.09
50
9.93
127.41
36.24
25.46
0.86
45.12
35.23
189.62
47.7
13.46
128.71
48.58
54.31
188.24
56.47
20.6
131.56
39.13
12.49
141.65
59.41
20.42
193.63
50.12
19.79
129.04
67.37
70.25
145.32
46.35
9.77
127.91
42.52
48.72
136.61
44.22
11.25
122.24
6.12
100
133.91
57.61
30.04
127.51
38.84
33.06
129.33
64.43
70.96
128.19
44.79
66.74
123.91
6.58
100
3.55
86.38
84.65
1.31
40.3
37.86
128.17
45.31
66.95
1.19
96.32
73.14
128.17
44.34
56.78
136.76
60.08
17.9
127.03
35.34
28.97
128.18
45.08
75.9
144.13
57.92
17.05
127.86
42.73
54.94
143.62
56.46
18.13
128.12
44.68
71.27
134.9
2.75
100
128.25
42.66
46.82
135.85
0.1
100
128.1
44.71
78.34
128.01
44.02
70.03
127.34
35.29
27.44
127.24
37.13
34.7
131.31
45.79
22.16
135.27
0
100
142.52
20.89
29.41
128.15
44.99
80.71
132.54
51.74
24.39
127.63
40.88
52.57
128.62
41.61
35.54
128.13
44.91
81.43
131.79
48.15
23.61
127.88
41.37
49.36
133.88
54.61
25.85
127.47
36.61
30.88
127.86
42.88
70.83
127.77
42.22
64.69
135.99
0.07
100
152.22
-54.67
100
128.45
41.44
37.68
127.68
41.36
57.03
100.98
0.02
100
127.92
43.51
76.19
101.92
-22.75
100
127.88
43.06
73.58
102.16
-14.9
100
100
0
100
136.09
0
100
127.9
43.33
77.07
127.52
39.8
49.32
127.79
42.4
66.48
127.89
39.59
39.29
127.95
39.93
39.9
127.71
41.06
55.38
100.05
-66.35
100
127.58
40.38
52.05
127.83
42.46
67.44
138.82
-12.94
100
127.67
40.94
55.77
127.84
42.54
68.46
135.16
0
100
102.01
-19.35
100
132.81
8.24
100
100.21
0.02
100
100.65
-68.63
100
140.83
13.84
96.31
100.06
-88.73
100
161.58
-84.04
100
100.87
-68.42
100
101.03
-44.12
100
101.21
-2.22
100
100.08
-76.52
100
101.23
-51.6
100
136.13
0.08
100
140.13
-17.25
100
102.24
-9.75
100
160.09
-79.35
100
138.3
13.45
22.35
100.26
0.04
100
153.67
-49.98
100
156.93
-69.61
100
151.18
-52.35
100
101.39
-44.27
100
22.32
15.69
100
100
-83.14
100
141.96
-23.14
100
147.39
-40.49
100
151.6
-48.99
100
135.93
0.02
100
136.34
0.05
100
161.72
-84.3
100
103.9
-22.12
100
100.36
0.04
100
20.28
11.9
100
10.12
2.64
100
100.03
0.08
100
157.45
-71.37
100
156.28
-66.21
100
135.85
0.23
100
25.46
16.61
100
151.43
-48.33
100
161.52
-83.99
100
100
0
100
109.89
-63.92
100
100.67
-2.08
100
162.71
-87.73
100
137.35
9.38
100
127.94
6.63
34.51
135.65
0.05
100
141.7
-18.27
100
135.92
0.24
100
101.44
-44.07
100
23.12
14.48
100
139.49
-14.66
100
16.96
8.98
83.37
154.78
-60.89
100
10.33
2.88
100
24.34
15.41
100
100.54
-87.79
100
139.37
-14.62
100
145.82
-35.49
100
153.12
-54.67
100
152.74
-53.86
100
100
0
100
136.28
-4.21
100
146.09
-35.51
100
137.07
-6.9
100
100.89
-2.11
100
160.55
-80.9
100
135.28
1.45
100
150.09
-49.13
100
17.24
8.59
87.46
100.01
0.04
100
135.55
0.65
100
100.94
-50.28
100
129.45
8.47
100
157.75
-71.44
100
16.15
17.56
100
135.09
0.04
100
140.47
-18.17
100
100.14
-54.8
100
154.46
-62.82
100
136.1
0.06
100
24.46
15.77
100
144.37
-30.63
100
100.54
1.22
100
131.4
92.75
27.06
115.79
42.34
57.61
145.83
-34.58
100
125.48
7.39
100
153.11
-52.21
100
142.01
-23.22
100
101.74
-29.1
100
11.03
3.32
100
150.85
-46.17
100
23.38
14.74
100
154.46
-60.08
100
156.41
-66.64
100
136.35
0.04
100
101.3
-49.85
100
17.2
8.93
94.05
135.01
0.03
100
136.32
-3.89
100
156.38
-68.77
100
102.09
-15.05
100
156.91
-70.16
100
101.95
-15.94
100
100
0.01
100
157.36
-71.36
100
132.07
3.46
70.2
9.13
2.19
94.83
102.01
-21.13
100
141.2
-20.63
100
157.03
-69.94
100
141.83
-22.67
100
106.01
18.04
100
156.52
-66.73
100
102.38
-3.37
100
17.27
8.37
83.34
142.66
-25.35
100
155.42
-65.67
100
101.94
-23.04
100
101.61
-27.93
100
135.86
0
100
157.33
-71.04
100
152.49
-52.33
100
138.12
-10.37
100
153.07
-54.9
100
101.16
0.53
100
100.39
-88.24
100
139.77
-15.98
100
100.34
-66.85
100
139.62
-15.16
100
17.17
8.97
95.07
142.89
-26.11
100
136.37
0.1
100
107.45
20.78
100
102.03
-18.57
100
101.16
-38.8
100
101.96
-21.92
100
26.22
-58.71
100
101.75
-31.41
100
141.13
-20.31
100
114.2
-31.9
100
102.15
0.05
100
145.7
-35.07
100
136.17
0.06
100
140.57
-18.34
100
136.19
0
100
100.16
0.05
100
101.9
-24.08
100
100.52
-81.37
100
100.02
0.05
100
152.51
-54.78
100
136.4
-2.9
100
138.99
-13.21
100
101.72
-32.41
100
101.08
-60.1
100
140.55
-18.44
100
100.34
0.02
100
101.65
-35.46
100
150.74
-50.83
100
101.63
-36.21
100
101.97
-21.43
100
145.1
-32.94
100
139.7
-15.59
100
136.39
0.03
100
138.66
-12.04
100
100.52
0.04
100
101.98
-20.92
100
159.67
-77.35
100
138.33
-11.08
100
100.01
0.03
100
102.12
-14.93
100
136.18
0.02
100
100.96
-43.84
100
135.75
0.65
100
100
-90.59
100
100.04
0.13
100
21.25
12.82
100
19.37
11.8
100
141.23
-20.44
100
101.85
-26.72
100
100.56
-73.09
100
100.23
-74.83
100
138.48
-11.59
100
100.02
0.05
100
100.23
-54.55
100
17.54
8.06
70.35
136.37
-3.9
100
135
0.43
100
139.25
-13.63
100
130.53
7.88
100
135.57
0.44
100
17.27
8.49
87.3
101.33
-48.74
100
100.24
-68.17
100
100.01
0.03
100
17.38
8.67
81.97
101.06
-57.71
100
100.34
0.49
100
100.01
0.03
100
100.06
0.03
100
102.46
-20.24
100
101.76
-26.26
100
100.17
-87.06
100
100.01
0.02
100
100.03
-96.55
100
100.03
-88.91
100
100.72
-74.28
100
198.89
46.78
29.48
1.1
44.63
47.45
132.5
94.17
47.06
129.4
67.6
41.88
197.05
55.87
25.06
130.17
58.99
15.6
131.56
69.35
32.97
102.22
-10.98
100
135.12
76.79
21.96
140.19
49.19
7.48
194.76
55.9
27.92
190.24
51.22
16.08
132.37
88.92
54.25
0.28
47.52
46.33
189.19
51.35
14.51
132.52
95.63
80.78
128.9
47.96
23.28
195.83
65.23
17.25
129.18
60
49.86
132.23
87.84
89.65
130.23
61.1
41.22
132.38
94.11
82.51
191.4
58.06
24.31
189.93
66.19
18.17
131.33
79.52
32.55
132.15
95.9
63.43
100.37
0.06
100
200
51.01
41.96
197.45
59.51
31.85
131.98
83.62
63.35
6.48
75.16
90.78
193.73
72.27
16.67
129.2
31.4
11.86
194.9
47.76
21.35
6.14
79.57
72.8
131.99
93.68
68.24
127.39
36.3
24.93
100.92
0.84
100
67.24
97.13
68.24
195.24
46.94
19.22
0
58.9
28.63
186.99
50
10.72
129.35
48.38
41.61
129.18
68.39
68.28
133.25
57.46
31.23
130.47
36.88
13.33
187.49
48.9
11.84
128.08
43.22
47.6
128.57
47.04
55.08
199.12
49.93
31.24
128.32
45.44
65.02
127.62
39.17
32.71
3.99
82.97
86.17
188
60.62
18.92
129.37
65.18
69.23
134.88
44.93
12.3
143.08
46.27
10.51
138.92
57.28
23.45
0.92
95.97
72.16
137.99
49.46
18.24
127.15
35.93
29.69
132.31
54.46
32.6
127.99
43.31
54.02
128.28
45.32
69.69
128.14
45.01
67.27
128.18
45.14
75.58
105.62
2.75
100
128.08
44.07
58.32
0.33
46.78
34.31
115.21
5.1
100
133.76
59.01
21.25
141.34
56.05
17.92
128.12
44.93
77.85
140.81
56.29
19.25
127.25
37.55
35.68
128.06
42.17
49.54
127.3
35.6
29.02
128.04
44.15
70.57
128.1
44.77
79.76
129.59
40.91
23.78
127.67
41.08
53.2
128.17
45.29
80.68
117.23
5.96
100
121.53
6.67
100
127.89
43.03
70.51
130.25
43.98
25.77
127.32
36.61
32.87
131.31
48.65
27.29
127.81
41.42
52.32
128.14
40.66
39.29
127.69
41.48
57.56
132.17
51.34
28.74
127.79
42.34
66.37
127.89
43.14
73.46
127.94
43.68
76.7
127.91
43.31
77.48
128.03
40.49
41.22
127.54
40.05
51.02
127.81
42.57
68.27
127.65
39.3
42.21
101.72
-8.63
100
153.39
-56.26
100
127.75
39.69
43.06
135.95
0
100
127.83
42.46
68.69
100
0
100
127.61
40.71
53.93
127.73
41.38
58.05
102.14
-13.02
100
127.86
42.68
69.78
135.52
0
100
101.9
-24.77
100
127.67
41.1
58.45
151.98
-50.34
100
122.35
7.19
100
100.07
-63.03
100
100.78
-54.12
100
100.24
0.03
100
102.01
-20.14
100
100.91
-66.69
100
100.15
-90.33
100
101.09
0.03
100
100.12
-78.51
100
101.23
-41.42
100
100.78
-66.67
100
151.72
-53.39
100
149.96
-43.81
100
136.08
0
100
105.09
7.34
41.51
20.29
15.1
100
100.14
0.04
100
101.4
-45.47
100
102.32
-6.53
100
101.51
-40.26
100
100.61
0
100
140.52
-18.17
100
101.92
-23.66
100
147.48
-37.88
100
136.4
0.05
100
153.07
-54.9
100
135.98
0.02
100
100.02
0.05
100
149.41
-46.89
100
162.17
-86.08
100
20.65
12.27
100
146.68
-38.39
100
135.82
0.28
100
161.46
-83.73
100
159.65
-78.3
100
25.42
16.99
100
148.92
-41.57
100
143.76
34.89
19.82
100
0
100
153.46
-56.08
100
100.83
-3.07
100
135.35
0
100
136.83
6.48
100
162.93
-88.14
100
101.36
-46.88
100
153.76
-57.06
100
100.1
-50.52
100
24.33
16.04
100
100
0
100
158.01
-73.43
100
153.99
-58.04
100
101.53
-39.22
100
139.63
-15.39
100
136.53
-5.08
100
136.02
0.16
100
9.15
2.07
100
135.28
1.83
100
23.3
14.84
100
100.75
0.03
100
157.66
-71.13
100
100.01
0.02
100
153.86
-57.65
100
108.94
-67.06
100
129.21
8.34
100
16.89
9.53
87.53
162.67
-87.64
100
138.29
-10.71
100
153.73
-57.1
100
135.69
0.52
100
144.25
-29.43
100
136.07
0.06
100
135.73
2.98
79.02
153.45
-55.88
100
163.23
-89.43
100
24.9
16.07
100
100.54
1.19
100
129.95
88.41
27.06
115.47
40.65
58.73
150.42
-47.94
100
158.34
-73.46
100
101.09
-46.12
100
123.3
7.48
100
18.68
12.89
100
136.43
-4.81
100
136.37
0
100
17.21
8.76
90.31
136.03
-2.87
100
144.71
-31.76
100
153.46
-56.77
100
135.22
0.04
100
149.53
-47.38
100
23.84
15.2
100
101.36
-47.27
100
100.01
0.02
100
101.96
-14.35
100
100.1
-52.75
100
161.51
-84.02
100
9.53
2.37
100
101.89
-22.99
100
155.84
-66.97
100
140.84
-19.36
100
133.15
3.38
63.84
154.06
-58.84
100
130.07
4.78
94.72
139.89
-16.26
100
143.65
-28.18
100
154.94
-64.12
100
160.16
-79.8
100
102.26
-8.3
100
102.32
-4.65
100
102.11
-16.17
100
139.8
-16.02
100
140.88
-19.54
100
153.63
-60.27
100
103.14
9.41
100
135.77
0.13
100
101.94
-22.7
100
136.41
0
100
154.01
-61.32
100
100.55
0.34
100
17.33
9.25
97.65
143.8
-28.1
100
138.11
-10.2
100
135.07
0.03
100
156.03
-66.94
100
136.27
0.06
100
154.11
-56.41
100
100.04
0.04
100
102.05
-18.03
100
142.22
-23.92
100
136.24
0.03
100
101.89
-24.99
100
100.45
-86.41
100
157.25
-69.69
100
100.2
-62.94
100
152.01
-50.49
100
153.08
-54.57
100
101.72
-25.69
100
100.48
-61.52
100
100.01
0.04
100
138.91
-12.89
100
9.95
2.61
100
153.86
-57.54
100
141.53
-21.63
100
143.93
-29.33
100
137.36
-7.77
100
102.14
-14.49
100
157.02
-70.36
100
100.14
0.04
100
135.31
1.62
100
136.43
0.04
100
102.02
-18.78
100
101.75
-30.57
100
140.15
-17.16
100
100.99
0.03
100
13.82
-17.79
100
100.61
-79.33
100
137.07
-6.9
100
100.09
0.05
100
17.19
8.79
89.21
101.28
-37.25
100
136.91
-6.32
100
102.09
-16.17
100
157.69
-70.9
100
17.32
9.29
100
102.07
-16.89
100
132.03
7.84
100
136.24
0.02
100
101.7
-31.73
100
101.8
-28.57
100
100.98
-63.53
100
143.69
-28.53
100
137.61
-8.61
100
138.53
-11.6
100
139.86
-16.17
100
100.01
0.04
100
139.45
-14.61
100
16.61
4.76
42.1
159.06
-75.46
100
100.58
-72.42
100
100.77
2.32
100
135.03
0.66
100
152.28
-54.46
100
20.27
12.35
100
149.17
-45.93
100
129.28
8.07
100
21.39
12.96
100
100.01
0.02
100
100.31
-73.19
100
145.49
41.8
37.53
102.26
-9.52
100
101.13
-41.77
100
136.24
-2.99
100
17.66
8.22
73.21
135.83
-2.82
100
137.14
-6.62
100
100
-92.94
100
101.98
-20.94
100
100.01
0.03
100
17.33
8.87
92.36
100.3
-69.89
100
135.67
0.73
100
100.29
-55.65
100
101.29
-49.62
100
17.55
9.12
86.85
101.44
-43.93
100
106.36
-32.9
100
100.72
1.21
100
100.01
0.03
100
100.01
0.04
100
101.9
-20.15
100
100.2
-89.8
100
100.01
0.03
100
100.06
-97.06
100
100.03
-91.27
100
100.79
-71.42
100
197.43
84.77
27.35
130.66
61.6
28.39
1.17
72.28
22.35
129.5
50.33
14.9
199.58
57.94
41.96
140.87
51.92
7.42
1.69
52.53
30.98
129.26
50.23
21.41
129.95
58.29
36.67
132.45
91.82
65.18
198.29
86.68
23.98
100
0
100
194.72
65.23
16.35
131.97
85.05
48.1
191.94
49.45
17.84
132.19
87.01
83.04
0.49
47.24
49.71
132.17
93.96
74.04
195.52
58.21
26.27
132.15
92.67
62.04
6.71
76.58
72.1
5.87
78.75
75.13
129.12
31.58
12.42
130.43
67.39
36.08
189.82
61.1
22.68
132.27
87.22
63.4
193.05
72.27
16.67
127.56
37.05
24.61
131.4
72.77
21.96
199.86
50.33
39.93
131.71
85.32
71.24
129.49
71.65
65.91
131.76
94.59
58.04
100.16
0
100
193.48
48.26
19.5
195.98
61.62
29.8
192.14
72.05
16.62
192.83
52.21
16.41
128.2
43.85
46.47
128.44
46.27
63.12
147.33
52
9.8
3.33
83.57
84.47
129.93
36.22
13.98
100
0
100
127.79
39.78
32.31
128.9
46.61
44.01
129.61
68.07
67.15
189.84
50.64
14.1
131.85
53.2
33.19
128.58
48.06
56.12
1.01
95.02
71.59
128.41
46.13
67.87
132.76
44.53
13.86
128.16
43.94
52.79
0.15
50.44
29.54
140.11
46.06
11.49
127.22
36.5
30.37
146.83
59.52
16.47
128.25
45.34
75.07
128.17
45.47
67.76
136.69
57.18
26.62
143.44
63.73
38.27
128.06
43.92
59.18
130.93
50.22
35.52
128.17
45.05
77.23
128.27
45.88
78.49
127.36
38.04
36.54
195.32
57.56
26.23
127.2
35.79
30.45
137.84
54.89
19.08
128.28
46.13
79.64
127.7
41.31
53.16
128.03
44.13
70.76
131.37
50.52
25.84
137.32
56.12
21.16
127.91
41.84
52.26
127.9
43.15
69.99
128.48
38
25.84
127.75
41.78
57.97
127.25
36.94
34.79
127.91
43.27
72.94
129.08
41
28.29
127.93
43.6
76.98
127.76
41.45
54.97
127.81
42.52
67.76
130.18
45.76
30.63
127.86
40.23
42.73
127.91
43.37
77.64
130.52
46.9
31.91
127.57
40.25
52.52
127.83
42.69
69.66
127.76
40.07
44.78
127.82
42.46
69.36
127.57
39.38
44.91
127.65
40.9
55.65
127.84
42.61
70.71
127.62
39.6
45.95
127.74
41.6
60.55
127.69
41.38
60.84
100
0
100
101.7
-29.41
100
135.95
0
100
101.78
-29.75
100
153.34
-56.99
100
100.92
-65.95
100
100.13
-52.16
100
100.96
0.03
100
100.44
0
100
100.18
-90.88
100
100.44
-51.5
100
101.99
-20.36
100
105.78
9.22
39.57
151.63
-49.06
100
100.17
-80.31
100
100.73
0.05
100
100.07
0.03
100
135.97
0.07
100
101.33
-38.2
100
100.52
-80.39
100
100.72
-65.69
100
102.38
-4.74
100
101.62
-36.07
100
101.52
-39.88
100
100.02
0.06
100
138.45
-11.32
100
152.58
-52.87
100
136.46
0.06
100
135.99
0.04
100
135.79
0.49
100
25.36
16.63
100
152.81
-53.73
100
120.36
2.54
82.48
145.88
-35.69
100
150.83
-48.8
100
100.36
0.48
100
101.8
-8.63
100
20.97
12.45
100
150.5
-49.96
100
144.26
-30.55
100
101.57
-38.43
100
101.28
-50.83
100
136.73
6.67
100
100.26
-59.71
100
102.05
6.14
100
150.72
-45.49
100
154.12
-58.33
100
136.88
-6.18
100
24.55
16.25
100
149.02
-44.51
100
162.59
-87.25
100
101.13
-49.67
100
101.05
-59.22
100
135.38
1.73
100
100.03
0.08
100
156.99
-70.2
100
100.56
0.03
100
136.16
0.27
100
161.92
-85.36
100
123.64
5.96
35.95
126.29
7.71
100
100.13
-44.9
100
136.09
0.05
100
23.46
15.36
100
140.93
23.89
17.65
101.44
-39.22
100
135.81
0.5
100
25.23
16.4
100
100.36
0.71
100
112.83
32.04
66.86
114.99
38.78
61.18
153.01
-54.26
100
153.36
-57.1
100
163.53
-89.99
100
136.36
0.06
100
119.33
7.06
100
135.05
0.79
100
142.3
-22.97
100
154.03
-58.39
100
158.12
-73.96
100
100.02
0.05
100
155.64
-63.89
100
17.1
9.85
94.65
137.16
-6.7
100
102.03
-13.36
100
101.41
-44.65
100
24.26
15.62
100
158.94
-75.51
100
20.11
12.24
100
101.29
-40.69
100
137.52
-7.06
100
13.13
-14.78
100
152.18
-53.45
100
119.51
5.39
100
158.99
-75.59
100
147.14
-39.37
100
155.89
-67.17
100
135.38
0.04
100
163.71
-90.86
100
102.07
-15.64
100
100.1
-53.65
100
102.21
-7.67
100
136.44
0.08
100
160.88
-82.01
100
17.11
9.26
95.7
163.6
-90.6
100
134.95
0.04
100
135.82
0
100
102.15
-12.19
100
138.79
-12.64
100
139.71
-15.66
100
139.88
-16.2
100
154.01
-58.99
100
153.57
-59.79
100
155.51
-63.42
100
101.96
-22.66
100
153.14
17.71
39.22
102.43
0.02
100
100.24
0.35
100
148.67
-44.65
100
100.01
0.03
100
153.87
-58.73
100
152.81
-57.55
100
136.29
0.08
100
143.08
-26.55
100
136.31
0
100
136.71
-5.5
100
161.88
-85.37
100
102.03
-19.4
100
100.02
0.05
100
102.15
-13.79
100
141.76
-22.27
100
142.65
-25
100
154.6
-62.62
100
136
-2.92
100
139.11
-13.7
100
137.16
-7.02
100
136.46
0.04
100
155.48
-63.37
100
100.49
-84.74
100
100.04
0.06
100
8.63
4.31
100
142.28
-23.97
100
151.92
-54.87
100
135.09
0.53
100
100.02
0.05
100
128.52
7.18
100
100.61
-59.31
100
102.32
-6.81
100
135.68
-2.05
100
136.27
0.02
100
153.9
-57.63
100
18.1
10.02
100
139.85
-16.11
100
101.79
-28.6
100
101.91
-20.35
100
102.14
-14.3
100
102.21
-11.62
100
135.2
0.05
100
154.4
-59.71
100
139.9
-16.34
100
148.87
-44.82
100
100.67
-76.76
100
100.13
-63.49
100
141.48
-20.79
100
100.13
0.03
100
102.16
-12.83
100
136.97
-6.5
100
137.61
-8.65
100
157.98
-72.38
100
101.87
-26.16
100
100
0.01
100
155.11
-61.06
100
127.31
7.97
100
156.39
-68.44
100
142.79
-25.75
100
101.4
-34.93
100
135.2
0.8
100
137.68
-8.52
100
152.91
-53.86
100
101.97
-21.59
100
100.62
-71.41
100
11
-5.22
100
101.14
-57.14
100
136.05
-3.34
100
100.01
0.04
100
101.1
3.31
100
20.61
14.07
100
159.38
-76.41
100
21.87
13.37
100
17.11
9.18
96.27
100.41
-71.47
100
18.16
10.1
100
16.91
-31.14
100
100.07
-60.9
100
138.3
-11.02
100
100.39
-73.73
100
158.79
-74.76
100
136.07
-2.11
100
17.84
8.5
74.86
139.45
12.61
41.76
135.14
0.02
100
135.07
0.34
100
102.27
-5.07
100
100
0.01
100
17.54
5.08
46.51
100.46
-68.86
100
147.55
-40.78
100
101.3
-39
100
102.08
-16.68
100
151.35
-51.87
100
17.52
9.33
96.16
101.48
-41.82
100
135.75
0.87
100
100.47
-81.08
100
17.79
9.62
90.02
100.09
-60.56
100
101.53
-40.28
100
104.64
-47.73
100
100.01
0.02
100
100.01
0.04
100
101.87
-15
100
100.02
0.05
100
100.09
-94.12
100
100.13
-96.54
100
100.03
-93.55
100
100.87
-68.93
100
128.99
45.41
13.53
199.41
83.69
39.92
132.54
93.65
49.41
5.45
67.28
25.84
144.73
61.22
7.69
129.04
47.62
20
0.8
45.31
48.76
132.62
92.75
61.31
4.47
80.7
71.92
194.39
68.34
17.34
132.38
94.1
77.52
132.35
89.21
85.02
132.3
95.13
44.31
0
63.4
28.01
4.7
83.44
63.45
199.92
85.15
27.29
199.62
52.11
40.2
0.65
46.49
50.27
128.99
31.88
13.53
129.51
69.65
64.61
127.54
37.23
24.05
3.91
49.46
54.31
192.85
71.66
16.14
131.36
80.98
64.62
132.01
84.11
63.05
129.65
65.26
37.25
128.65
47.42
61.16
128.31
44.6
45.18
131.12
78.37
67.55
199.73
50.3
39.35
5.14
75.43
90.2
143.25
62.05
22.64
141.15
69.65
15.5
194.02
48.52
19.87
127.85
40.56
31.63
191.23
47.37
14.9
129.6
35
14.97
144.44
51.85
10.59
129.81
70.1
65.21
0.94
94.47
70.13
2.02
56.54
41.96
128.57
47.34
65.93
128.31
44.88
51.58
128.71
45.91
45.05
186.31
53.79
12.06
128.36
45.82
56.64
127.23
37.03
30.98
131.41
41.6
15.22
130.66
49.6
35.65
137.21
46.81
12.8
128.31
45.62
74.21
140.38
63.46
20.39
128.18
45.31
67.73
125.69
52.35
25.04
128.26
45.76
77.03
128.2
45.25
76.4
128.02
43.88
60.18
127.4
38.54
36.97
128.32
46.26
78.21
127.73
41.54
53.03
134.15
56.83
29.66
4.6
48.07
70.98
129.9
46.9
38.29
127.18
36.24
32.02
127.94
43.38
68.99
128.05
44.23
70.93
134.84
54.89
20.14
140.26
55.74
23.92
127.88
36.96
27.76
127.8
41.63
54.64
133.83
56.76
23.6
127.75
41.93
57.93
127.94
43.44
72.21
130.4
47.77
30.12
127.26
37.33
36.32
127.93
43.65
76.96
127.92
43.39
77.44
128.28
39.04
30.22
127.81
42.58
68.96
127.59
40.58
53.58
127.72
41.48
57.16
127.73
40.11
46.33
129.24
43.47
34.06
129.36
43.68
34.95
127.8
42.52
69.78
127.85
42.82
70.69
127.64
41.02
57.01
127.82
42.63
71.34
127.55
39.58
47.25
127.71
40.27
47.98
127.57
39.71
48.62
127.76
41.86
62.63
127.75
41.75
62.83
100.78
-2.01
100
135.46
0
100
101.57
-41.57
100
100.96
0.03
100
100.93
-65.83
100
105.92
9.12
39.22
100.25
-89.72
100
100.74
0
100
100.07
-53.5
100
101
-2.4
100
101.99
-20.92
100
152.8
-55.81
100
100.52
-50.72
100
100.05
0.03
100
100.26
-81.02
100
100.01
0.04
100
135.88
0.04
100
101.52
-35.97
100
101.72
-32.09
100
150.65
-45.49
100
137.11
-6.92
100
102.42
0
100
101.57
-36.39
100
136.5
0.03
100
135.78
0.3
100
18.08
28.65
100
136.04
0.04
100
100.34
0.43
100
153.64
-56.97
100
101.25
-51.39
100
21.32
12.79
100
154.31
-59.26
100
136.27
1.57
100
131.5
4.13
85.49
144.02
-29.9
100
24.65
16.63
100
153.46
-56.08
100
135.45
1.73
100
101.53
-35.63
100
100.02
0.07
100
112.02
29.76
69.41
101.27
-51.37
100
141.85
-22.73
100
100.13
-60.78
100
125.43
6.61
100
100.45
0.02
100
136.05
0.08
100
148.21
-41.11
100
151.62
-49.05
100
101.45
-35.16
100
136.24
0.17
100
107.7
-66.15
100
101.29
3.6
100
113.65
36.27
68.55
25.54
16.63
100
135.94
0.51
100
23.68
15.5
100
136.35
0
100
134.15
4.22
100
148.99
-45.36
100
100.11
-46.27
100
102.09
-36.25
100
100.02
0.07
100
118.95
7.84
100
102.05
-13.16
100
162.84
-88.15
100
153.52
-56.17
100
101.48
-42.46
100
154.61
-60.31
100
148.08
-41.1
100
24.65
15.92
100
140.31
-16.24
100
154.03
-58.78
100
163.3
-89.63
100
152.29
-52.39
100
159.52
-77.6
100
21.06
12.94
100
145.04
-32.72
100
136.47
0.13
100
17.34
10.26
97.39
155.53
-66.2
100
136.52
-4.39
100
102.19
-9.63
100
146.8
49.56
15.64
101.48
-35.15
100
160.67
-81.4
100
129.31
7.18
100
100.01
0.03
100
102.09
-9.04
100
157.89
-73.14
100
154.77
-61.96
100
163.29
-89.04
100
135.53
0.05
100
101.93
-23.18
100
101.95
-7.38
100
137.21
-7.35
100
138.38
-11.3
100
136.27
0.07
100
152.18
-54.08
100
100.15
0.42
100
136.33
0.04
100
100.08
-54.76
100
139.07
20.85
79.78
151.75
-54.18
100
151.44
-53.27
100
100.01
0.04
100
153.92
-59.05
100
136.47
0
100
102.12
-14.44
100
135.8
-2.28
100
138.62
-12.01
100
157.29
-69.77
100
100.91
0.02
100
135.23
0.06
100
102.04
-9.59
100
140.93
-19.68
100
17.49
9.66
100
136.2
-3.59
100
135.92
0
100
134.99
0.03
100
100.01
0.04
100
100.01
0.04
100
153.19
-58.38
100
160.36
-80.16
100
136.39
0.11
100
16.47
-29.51
100
140.67
-18.7
100
164.38
-93.05
100
135.16
0
100
135.32
1.83
100
163.85
-91.39
100
100.52
-83.07
100
147.95
-42.38
100
102.3
-7.58
100
101.85
-26.62
100
154.11
-60.06
100
141.69
-21.87
100
102.28
-8.29
100
102.37
0.04
100
139.93
-16.47
100
100.84
-55.8
100
141.65
-21.89
100
161.92
-85.51
100
145.12
9.05
41.45
156.92
-68.47
100
138.67
-12.25
100
138.35
-11.03
100
135.95
-3.12
100
129.27
7.77
100
154.74
-60.78
100
158.95
-76.47
100
100.71
-74.86
100
135.44
0.43
100
102
-16.76
100
154.78
-61.34
100
158.56
-74.9
100
136.63
-5.38
100
102.25
-9.66
100
100.03
0.09
100
151.47
-53.5
100
18.94
10.77
100
100.01
0.03
100
100.68
-69.68
100
135.29
0.04
100
154.79
-59.65
100
102.03
-18.67
100
140.38
-17.86
100
100.02
0.05
100
137.09
-6.15
100
13.23
-15.28
100
21.6
13.42
100
101.72
5.15
100
102.11
-15.95
100
100.09
-64.24
100
100.56
-68.39
100
22.25
13.69
100
101.56
-31.71
100
101.39
-46.71
100
159.86
-77.78
100
139.74
-14.26
100
135.42
0.15
100
158.5
-74.29
100
155.85
-66.76
100
18.02
9.04
78.84
100
0.01
100
155.86
-64.44
100
135.05
0.06
100
135.26
0.29
100
153.91
-57.65
100
135.36
0.04
100
153.89
-57.47
100
100.63
-65.71
100
18.99
10.81
100
14.15
-19.43
100
17.51
9.53
100
100.09
-72.94
100
100.13
-62.65
100
101.66
-34.57
100
102.01
-2.3
100
136.98
-6.6
100
17.95
9.84
100
19.64
-42.23
100
135.79
0.84
100
159.97
-78.68
100
102.16
-13.51
100
101.45
-35.68
100
101.85
-61.75
100
100.42
-81.18
100
18.14
10.09
93.3
145.76
-35.11
100
17.63
5.79
52.35
100.03
0.09
100
150.62
-49.78
100
100.01
0.03
100
100.07
-63.87
100
101.6
-36.97
100
104.36
-53.96
100
101.76
-10.61
100
100.01
0.04
100
100.03
-95.29
100
100.17
-95.32
100
100.02
-94.94
100
100.92
-66.37
100
196.67
52.5
10.46
127.67
39.62
20.78
144.07
59.73
7.3
132.24
91.36
47.65
123.09
62.65
65.1
6.72
63.89
27.06
0.56
58.61
54.64
132.49
91.24
65.33
195.32
63.9
17.11
132.48
94.1
76.47
132.09
86.65
84.18
130.15
72.54
58.78
131.64
82.93
43.66
127.75
37.77
22.84
128.57
31.43
13.73
128.83
49.04
59
128.44
45.44
43.26
199.29
66.93
26.82
131.4
80.81
61.57
1.09
86.58
27.43
0.58
58.02
52.16
0.7
51.88
55.69
141.89
73.85
14.72
199.88
97.48
67.06
132.49
91.82
62.3
131.06
77.26
67.12
127.87
40.84
31.24
129.55
73.11
34.51
138.27
45.68
31.76
128.77
48.92
63.57
199.48
49.85
37.82
140.11
69.13
17.23
130.14
76.15
61.49
1.11
92.93
70.75
128.52
46.14
49.91
128.69
33.86
15.49
193.49
50.57
17.06
140.26
60.34
24.34
144.64
55.36
10.98
198.97
49.32
33.79
127.3
37.51
30.84
128.49
45.19
46.43
130.38
38.99
15.94
128.35
45.86
57.55
145.5
53.75
11.91
128.37
45.87
73.4
128.39
46.23
75.43
135
46.77
14
128.16
45.42
67.89
129.74
46.66
37.87
128.28
45.52
75.37
128.28
45.66
76.75
127.79
41.86
52.68
127.51
39.01
37.38
128
43.77
67.89
134.38
31.98
43.53
111.23
23.16
55.88
128.02
43.86
61.24
127.24
36.64
32.89
128.04
44.27
70.86
132.16
53.4
33.05
127.97
43.73
71.28
127.81
42.15
57.51
129.08
44.52
41.12
131.75
49.94
21.84
127.59
36.66
29.56
127.28
37.81
37.66
134.2
19.24
64.22
127.75
41.62
56.45
131.28
51.29
26.15
127.95
43.65
76.74
127.93
43.47
77.07
130.06
46.9
34.8
127.66
41.02
54.56
127.77
37.81
32.42
127.85
42.69
69.81
127.82
42.61
69.98
127.72
41.61
59.08
127.85
42.88
71.65
127.65
41.2
58.04
127.69
40.33
49.56
127.84
42.74
71.62
128.59
42.17
37.37
128.61
42
37.6
127.57
39.98
49.23
127.7
40.68
50.81
127.56
39.95
50.84
127.78
42.08
64.39
127.79
42.08
64.46
101.6
-8.24
100
135.25
0
100
100.94
0.02
100
100.96
-64.87
100
103.51
4.21
49.67
101.23
0.08
100
100.3
-88.63
100
101.01
0
100
100.08
-55.82
100
101.95
-21.67
100
100.03
0.08
100
100.03
0.04
100
100.38
-80.5
100
100.31
-51.67
100
135.75
0
100
135.69
0.39
100
152.41
-55.02
100
101.8
-28.56
100
101.6
-33.63
100
135.8
-2.55
100
136.53
0.03
100
8.97
45.74
94.2
102.33
0
100
101.83
-27.97
100
100.77
0.84
100
100.65
-67.06
100
151.11
-47.13
100
136.05
0.05
100
101.11
-57.43
100
136.14
0.29
100
24.49
17.39
100
135.47
1.72
100
154.25
-59.55
100
100.02
0.07
100
110.98
25.74
79.74
21.63
12.99
100
101.08
-57.65
100
133.71
5.87
100
100.36
0.03
100
143.02
-26.57
100
155.18
-62.51
100
101.16
-38.82
100
153.33
-56.86
100
101.82
5.12
100
116.91
39.96
63.14
25.75
16.93
100
126.25
7.14
100
136.31
0
100
136.32
0.35
100
140.82
-19.39
100
100.07
-61.87
100
100
0
100
150.07
-44.51
100
136.06
0.57
100
101.57
-26.27
100
107.4
-65.05
100
102.08
-12.75
100
152.37
-51.83
100
23.86
15.54
100
101.95
-28.96
100
101.54
-40.13
100
24.93
16.22
100
100.12
-47.92
100
154.19
-58.64
100
136.47
0
100
144.9
-32.1
100
138.26
-9.58
100
153.59
-56.86
100
102.25
-9.01
100
100.01
0.04
100
154.25
-59.97
100
155.26
-65.21
100
159.88
-78.92
100
121.37
6.09
100
21.8
13.57
100
160.49
-80.93
100
136.37
0
100
154.38
-59.22
100
101.93
-23.21
100
136.35
0.04
100
136.47
0.06
100
163.14
-89.02
100
101.39
-4.02
100
137.17
-7.23
100
135.93
-3.06
100
100.14
0.42
100
101.67
-4.43
100
101.6
-31.03
100
148.08
-42.62
100
17.11
11.52
100
100.01
0.03
100
144.68
-29.49
100
136.16
-2.97
100
157.84
-72.06
100
102.18
-9.88
100
150.43
-50.1
100
135.66
0.05
100
135.31
0
100
150
-48.74
100
135.19
0.04
100
154.79
-62.3
100
101.85
-6.26
100
139.22
-14.09
100
100.11
-56.46
100
136.44
0
100
135.18
0.01
100
100.01
0.04
100
154.51
-59.87
100
163.7
-90.75
100
100.02
0.06
100
153.78
-59.1
100
100.07
0.02
100
137.65
-8.67
100
135.3
0.02
100
149.09
-44.59
100
139.26
-14.04
100
157.55
-72.21
100
135.66
1.51
100
135.91
4.07
96.47
102.34
-4.28
100
151.47
-53.08
100
185.73
54.07
13.93
162.54
-86.83
100
128.37
8.27
100
100.54
-81.76
100
18.04
10.13
100
135.1
0.06
100
101.88
-25.52
100
135.54
0.58
100
149.1
12.24
41.37
102.05
-3.19
100
139.35
-14.12
100
134.99
0.04
100
151.83
-53.73
100
100.82
0.04
100
101.04
-51.32
100
136.21
-3.92
100
160.89
-82.35
100
100.76
-73.25
100
137.19
-6.92
100
100.61
1.84
100
158.75
-74.76
100
102.27
-5.25
100
147.75
-41.75
100
100.74
-67.47
100
155.66
-64.1
100
141.37
-20.82
100
137.11
71.94
38.7
164.7
-94.07
100
100.02
0.06
100
102.13
-12.31
100
154.66
-61.39
100
161.78
-84.72
100
164.03
-91.96
100
19.77
-43.56
100
138.46
-11.56
100
100.01
0.03
100
154.04
-60.23
100
102.17
-12.08
100
22.2
14.12
100
86.24
40.71
100
140.17
-17.22
100
136.68
-4.5
100
100.69
-65.48
100
161.26
-83.58
100
139.44
-14.68
100
22.54
13.94
100
19.57
11.31
100
102.22
-11.12
100
149.71
-47.84
100
157.71
-72.35
100
153.99
-57.52
100
135.31
0.04
100
158.08
-72.4
100
135.51
0.14
100
149.24
-43.35
100
160.37
-79.13
100
100.01
0.03
100
18.12
9.22
80.65
101.69
-27.86
100
100.1
-67.08
100
154.6
-60.26
100
100.82
-61.1
100
135.46
0.32
100
135.54
0.02
100
101.81
-27.78
100
17.17
-32.63
100
154.69
-60.22
100
100.24
-67.33
100
137.93
-9.03
100
154.79
-63.5
100
18.6
10.4
100
100.02
0.06
100
158.87
-75.7
100
101.54
0.04
100
135.15
0.07
100
135.79
0.81
100
100
-74.51
100
100.07
-66.84
100
19.58
11.32
100
100.02
0.05
100
156.27
-66.69
100
155.07
-61.94
100
136.17
-3.83
100
102.21
-11.03
100
18.22
10.31
100
18.6
10.52
95.42
101.6
-32.03
100
16.79
-31.26
100
100.58
-77.39
100
21.97
-50.66
100
161.15
-82.58
100
144.09
-29.74
100
102.93
-61.14
100
100.07
-68.16
100
17.55
6.44
58.08
101.68
-33.8
100
149.76
-47.28
100
101.54
-6.78
100
100.01
0.03
100
100.11
-94.9
100
100.24
-93.83
100
100.05
-95.62
100
100.97
-64.52
100
0.81
52.03
24.12
190.95
60
9.15
131.63
83.16
38.43
130.32
69.71
53.94
195.31
65.63
17.93
132.3
92.94
69.41
132.46
93.2
59.61
7.1
64.69
28.87
128.94
50.69
56.47
132.22
87.72
79.02
127.68
37.5
21.96
128.58
46.95
41.29
132.95
87.91
63.27
134.4
53.3
11.59
131.35
79.37
61.96
191.68
74.84
15.59
129.02
50.74
61.57
128.05
41.75
29.96
131.74
81.03
63.77
131.31
78.36
67.06
135.38
92.31
25.49
128.71
47.6
48.06
0.98
93.07
66.47
198.21
70.86
25.43
130.56
80.4
59.02
139.04
68.89
18.04
128.82
34.66
16.41
129.01
66.11
36.69
199.79
67.77
44.15
140.74
52.38
12.35
135.4
20.43
63.33
194.95
51.52
19.41
127.44
38.05
30.8
130.75
86.82
50.59
128.43
46.11
73.77
138
60.03
25.93
128.41
46.18
72.23
129.4
36.73
16.8
128.55
47.9
57.87
128.59
47.13
75.01
128.37
44.51
48.22
127.83
42.32
51.87
128.39
45.83
74.24
143.27
59.16
13.49
128.05
44.2
66.54
132.94
46.45
14.92
128.23
45.52
67.6
127.49
39.35
37.41
129.07
44.56
40
127.21
36.92
33.86
128.03
44.13
70.02
128.02
43.86
61.54
128.07
44.45
70.58
127.85
42.5
56.98
127.4
36.5
31.3
127.93
43.58
76.36
127.98
43.91
76.13
128.53
42.92
43.74
130.46
48.39
37.02
130.04
47.36
24.04
127.31
38.06
38.61
127.74
41.7
58.25
127.65
41.03
55.24
129.24
45.45
28.66
127.83
42.68
69.85
127.48
37.45
34.11
127.83
42.72
70.55
129.61
45.81
39.12
127.84
42.83
71.71
127.7
41.54
58.76
127.84
42.85
72.12
127.73
41.81
60.94
127.56
40.16
51.07
127.71
40.75
52.39
128.1
40.73
40.16
128.04
41.15
41.17
127.82
42.29
65.79
127.6
40.49
52.95
127.81
42.25
65.87
127.67
40.92
53.54
101.8
-36.57
100
100.95
-2.15
100
100.97
-64.06
100
102.5
0
100
100.38
-86.73
100
101.8
0
100
100.05
0.14
100
100.03
0.04
100
101.92
-24.63
100
100.1
-59.33
100
100.5
-78.84
100
134.03
7.03
97.8
100.37
-51.06
100
101.88
-25.69
100
136.55
0.07
100
135.07
0.03
100
101.62
-33.2
100
101.09
-3.53
100
138.14
15.8
77.55
102.26
-3.59
100
101.05
-60
100
106.93
18.43
100
101.77
-29.38
100
151.92
-53.85
100
136.07
0.03
100
20.15
24.06
100
135.58
1.6
100
100.03
0.08
100
136.21
0.24
100
151.8
-49.69
100
136.36
-2.81
100
102.68
-61.08
100
157.54
-70.85
100
100.23
0.02
100
21.9
13.27
100
100.89
2.66
100
154.67
-61.39
100
25.92
17.11
100
136.04
0.03
100
100
0
100
101.13
-41.23
100
141.83
-22.65
100
102.13
-12.95
100
156.03
-65.78
100
136.38
0.29
100
136.17
0.59
100
152.81
-55.59
100
101.56
-38.66
100
100.09
-64.14
100
148.32
-41.52
100
106.64
-63.92
100
139.83
-16.1
100
101.74
-22.75
100
25.1
16.34
100
24.06
15.46
100
136.43
0.03
100
102.07
-22.58
100
153.2
-54.95
100
144.78
-31.7
100
100.01
0.04
100
102.28
-7.55
100
125.37
4.24
92.42
100.11
-48.91
100
119.9
6.11
100
155.03
-61.72
100
136.37
0
100
160.03
-79.62
100
152.64
-57.39
100
136.47
0
100
136.19
-2.53
100
136.39
0
100
22.4
14.34
100
159.59
-78.18
100
100.01
0.02
100
101.93
-23.33
100
154.01
-59.48
100
100.17
0.52
100
154.03
-59.08
100
100.86
-2.16
100
136.08
-3.52
100
134.78
1.07
100
158.14
-72.75
100
102.2
-6.97
100
101.09
-2.04
100
135.47
0.03
100
136.49
0
100
154.97
-61.68
100
149.4
-46.87
100
100.01
0.02
100
135.33
0.05
100
101.78
-25.13
100
100.01
0.03
100
101.46
-4.19
100
137.8
-9.33
100
135.34
0.03
100
148.49
-44.02
100
152.68
-53.07
100
17.71
9.88
100
135.49
0.05
100
135.81
0.04
100
151.65
-52.51
100
136.17
-2.1
100
102.18
0.04
100
153.5
-58.64
100
100.01
0.03
100
100.14
-58.38
100
135.74
1.7
100
154.34
-61.09
100
138.18
-10.42
100
153.63
-56.63
100
136.74
-5.36
100
135.24
0.03
100
135.78
0.35
100
149.72
-47.67
100
163.46
-90.08
100
101.9
-24.45
100
100.55
-80.87
100
139.89
-16.14
100
150.26
-48.73
100
100.83
0.03
100
147.11
-39.56
100
139.96
25.63
78.95
100.01
0.03
100
135.95
-3
100
164.75
-94.14
100
100.72
-69.26
100
18.68
10.68
100
157.8
-73
100
101.22
-46.56
100
101.63
0.01
100
100.81
-70.82
100
161.48
-84.25
100
100.03
0.09
100
156.13
-65.88
100
136.46
-4.03
100
192.52
53.85
20.39
134.97
0.03
100
22.67
14.53
100
156.39
-66.8
100
191.37
55.96
13.82
100.87
-60.56
100
161.57
-84.09
100
102.14
-10.42
100
153.82
-59.27
100
102.31
-7.03
100
139.32
-14.2
100
22.67
14.09
100
136.31
-2.9
100
100.01
0.04
100
140.96
-19.44
100
147.44
-40.78
100
153.31
-54.15
100
100.02
0.05
100
151.64
-53.29
100
102.32
-6.81
100
135.59
0.29
100
138.47
-11.53
100
18.26
9.22
82.63
164.66
-93.95
100
163.91
-91.67
100
153.49
-58.88
100
160.13
-79.42
100
160.77
-80.32
100
150.76
-48.24
100
100
0
100
160.33
-80.8
100
20.12
11.81
100
101.07
-55.2
100
100.33
-66.14
100
162.93
-88.4
100
138.13
-10.35
100
135.61
0.22
100
101.99
-20.84
100
135.36
0.06
100
101.81
-23.98
100
149.17
-46.25
100
22.67
-54.76
100
135.72
0.04
100
156.77
-69.33
100
100.01
0.04
100
100.13
-67.45
100
155.34
-62.52
100
19.16
10.92
100
155.1
-61.66
100
159.48
-77.2
100
135.88
0.81
100
100.97
0.03
100
155.62
-64.01
100
154.11
-61.36
100
19.12
11.08
97.09
136.77
-4.92
100
135.22
0.05
100
19.83
-43.64
100
100.07
-74.9
100
100.06
-70.45
100
102.26
-8.97
100
159.09
-76.55
100
100.17
-70.56
100
20.16
11.8
100
101.74
-27.71
100
135.02
0.04
100
100.76
-70.85
100
18.96
10.99
100
156.04
-66.86
100
156.3
-66.3
100
100.01
0.03
100
101.2
-3.88
100
19.13
-41.73
100
142.4
-24.31
100
100.07
-70.72
100
24.14
-56.82
100
101.73
-31.41
100
162.36
-86.5
100
100.29
-92.22
100
100.18
-94.51
100
17.47
7
63.74
148.75
-44.18
100
100.99
-62.75
100
100.14
-94.88
100
191.96
58.04
8.78
4.73
36.21
38.12
132.06
89.15
44.58
129.22
51.91
48.93
132.49
91.77
61.96
128.96
48.48
38.82
127.78
38.89
21.18
132.5
91.48
66.76
132
85.29
78.63
197.83
55.6
36.21
133.74
52.04
11.3
7.31
65.46
30.11
130.97
73.76
60.78
129.06
51.14
56.92
132.03
90.21
48.08
128.25
43.58
29.33
129
49.44
46.27
192.5
77.08
17.11
199.41
95.89
66.8
129.99
68.56
60.78
131.26
77.86
66.24
132.31
88.71
60.08
132.2
87.38
26.93
137.57
68.16
18.74
128.48
33.98
16.16
195.02
79.77
23.41
127.55
38.17
30.27
129.14
68.18
37.39
128.58
47.3
71.78
138.31
52.24
13.14
196.43
67.86
21.96
128.5
46.78
71.19
128.58
47.23
73.16
127.91
42.77
50.73
128.24
44.86
65.02
129.02
36.31
17.57
128.45
46.33
72.97
134.54
20.78
65.1
127.55
39.78
37.31
128.24
45.18
58.62
134.82
56.99
28.87
128.25
45.55
67.42
113.74
21.48
33.46
128.24
44.28
49.34
131.28
42.05
16.08
128.14
44.74
68.57
127.93
43
56.22
127.28
37.37
34.5
128.12
44.59
70.2
128.02
43.91
62.09
128.48
42.9
42.83
127.97
43.71
75.57
128.01
44.17
75.46
127.36
38.51
39.5
127.32
36.58
32.55
127.68
41.34
55.52
128.54
43.63
26.65
128.1
41.83
46.13
127.84
42.74
69.54
129.29
44.98
41.66
127.74
41.81
59.94
130.37
52.28
29.17
127.85
42.77
70.99
127.34
37.49
35.88
127.84
42.8
71.45
127.73
41.68
59.26
127.85
42.87
72.48
128.94
44.31
43.1
127.76
41.97
62.51
127.59
40.44
52.71
127.75
39.99
42.82
127.71
41.09
54.93
127.72
40.62
44.49
127.8
42.28
66.81
127.82
42.31
66.93
127.64
40.93
54.74
127.71
41.23
56.19
104.38
5.14
68.63
102.42
2.34
90.67
100.99
-2.32
100
100.94
-64.46
100
100.07
0.22
100
100.45
-85.05
100
102.31
-2.88
100
100.03
0.04
100
132.63
11.86
97.55
101.83
-28.1
100
100.08
-61.64
100
100.6
-76.79
100
101.05
0
100
100.13
-53.73
100
136.57
0.09
100
101.92
-23.63
100
135.2
0.03
100
100.84
-67.84
100
101.67
-32.64
100
138.57
16.83
69.31
101.96
-18.04
100
101.83
-27.45
100
100.13
0.39
100
15.48
33.33
100
135.62
1.27
100
136.12
0.02
100
136.27
1.37
100
151
-51.3
100
100.36
0.02
100
100.72
2.09
100
135.95
0.07
100
25.61
18.37
100
100.67
0.96
100
156.34
-66.47
100
152.66
-52.97
100
22.22
13.56
100
155.42
-63.53
100
102.18
-12.63
100
158.04
-72.66
100
108
5.8
56.02
136.24
0.4
100
155.06
-63.2
100
136.46
0.41
100
101.18
-38.82
100
101.6
-37.33
100
136.39
0
100
140.97
-19.84
100
25.32
16.65
100
156.64
-68.18
100
105.94
-65.02
100
100.01
0.02
100
151.97
-53.37
100
24.07
15.76
100
154.77
-61.57
100
100.1
-65.22
100
101.81
-18.71
100
143.98
-29.21
100
102.16
-14.12
100
102.29
-6.23
100
134.83
0.47
100
136.34
0.13
100
138.98
-13.28
100
134.77
4.39
100
116.77
5.75
100
159.28
-77.4
100
136.25
0.5
100
154.2
-58.68
100
154.38
-62.34
100
100.01
0.02
100
101.92
-23.65
100
155.79
-64.47
100
100.11
-50.91
100
100.16
0.49
100
135.38
1.16
100
136.49
0.07
100
157.77
-71.79
100
22.98
14.8
100
158.85
-76.07
100
102.04
-4.68
100
135.63
0
100
100.64
0.03
100
135.02
0.06
100
135.03
1.1
100
100.01
0.03
100
153.7
-58.93
100
148.41
-43.75
100
100.01
0.03
100
100.68
0.03
100
135.47
0.05
100
135.53
0.02
100
154.39
-61
100
135.64
0.02
100
101.18
-3.03
100
136.44
-4.75
100
157.39
-70.2
100
119.08
8.63
100
146.99
-39.26
100
101.78
0.03
100
101.92
-20.53
100
155.66
-64.06
100
135.77
0.71
100
135.69
3.04
100
135.4
0.05
100
135.96
0.04
100
137.19
-6.93
100
153.73
-56.98
100
18.63
11.18
100
100.01
0.04
100
152.81
-56.86
100
100.16
-60.23
100
147.87
-41.83
100
136
-2.03
100
136.23
-3.01
100
153.72
-59.57
100
153.38
-55.65
100
101.89
-24.49
100
100.2
0.03
100
100.64
-79.41
100
135.76
-2.38
100
100.81
-66.7
100
100.04
0.12
100
100.01
0.03
100
100.26
0.02
100
100.87
-67.19
100
161.31
-83.73
100
101.41
-41.51
100
190.5
51.75
18.63
163.76
-91.03
100
23.16
14.83
100
141.31
31.68
73.91
135.44
0.03
100
101.04
-55.21
100
19.18
11.12
100
22.75
14.22
100
156.87
-68.68
100
138.38
-11.11
100
102.41
-2.88
100
135.56
0.03
100
100.33
0.71
100
154.1
-60.15
100
134.97
0.06
100
100
0
100
157.63
-72.5
100
101.91
-7.09
100
152.35
-55.05
100
100.02
0.05
100
165.32
-95.81
100
135.64
0.09
100
100.48
-63.02
100
146.2
-36.7
100
18.28
9.66
84.17
140.65
-18.28
100
102.39
-2.95
100
101.28
-47.89
100
100.01
0.04
100
102.14
-14.4
100
147.53
-41.12
100
160.87
-81.02
100
160.56
-81.3
100
154.22
-59.12
100
135.77
0.28
100
157.58
-70.91
100
193.2
54.4
13.03
138.38
-11.31
100
135.89
0.05
100
20.65
12.24
100
101.93
-20.21
100
153.69
-56.36
100
19.81
11.5
100
152.78
-56.95
100
135.39
0.04
100
159.28
-77.59
100
163.91
-91.67
100
155.92
-64.52
100
164.31
-92.87
100
151.51
-53.05
100
136.56
-5.1
100
148.17
-43.06
100
135.83
0.36
100
100.2
-70.42
100
100.07
-70.53
100
161.26
-83.18
100
163.92
-91.49
100
156.65
-68.88
100
100.5
0.02
100
19.69
11.83
100
25.24
-63.19
100
100.02
0.05
100
156.03
-65.29
100
102.3
-7.33
100
100.87
0.03
100
100.04
-78.49
100
153.27
-58.71
100
160.55
-80.74
100
100.08
-73.55
100
135.32
0.04
100
101.88
-23.28
100
156.39
-67.15
100
136.01
-2.27
100
100.37
-89.51
100
20.72
12.33
100
158.87
-76.04
100
100.21
-93.17
100
100.81
-68.1
100
135.11
0.03
100
22.13
-52.24
100
19.65
11.54
100
101.02
-61.25
100
157.49
-70.57
100
155.5
-64.95
100
100.25
-92.84
100
101.8
-28.35
100
100.1
-72.92
100
141.05
-19.87
100
21.2
-50.88
100
25.75
-59.56
100
163.47
-90.02
100
17.35
7.57
69.35
147.02
-38.74
100
194.67
52
9.8
193.83
57.41
10.59
129.59
54.15
40.2
128.88
49.59
34.65
128.04
39.94
19.22
132.18
88.74
45.29
195.5
50.92
38.35
132.37
93.14
54.31
132
85.29
73.33
133.63
51.43
11.15
128.95
49.9
43
129.07
52.8
49.02
128.43
44.12
26.67
133.37
93.64
56.05
130.41
68.32
60.34
140.97
76.79
15.21
10.48
67.14
27.45
132.2
92.37
46.27
5.26
44.23
33.99
130.95
74.42
59.02
131.94
83.46
62.7
128.72
48.34
69.67
128.27
33.92
16.76
137.74
70.46
18.59
127.72
38.77
29.67
131.49
89.21
26.9
129
50.21
71.14
128.38
45.66
63.36
128.12
43.49
49.65
128.52
47.09
70.12
119.31
32.53
26.04
128.59
59.77
40.62
197.06
86.31
23.87
128.51
46.87
71.64
128.67
35.88
18.14
127.72
40.4
36.85
128.36
45.45
67.05
128.31
45.8
67.04
128.33
45.95
59.06
128.01
43.52
55.14
128.37
35.64
18.89
128.16
44
50.77
127.3
37.66
34.85
132.37
53.23
31.81
128.15
44.76
69.78
128
44.04
74.51
128.04
43.97
62.75
128.03
44.35
74.54
128.09
41.89
45.24
127.42
38.84
40.09
127.72
41.51
55.52
127.21
36.75
33.83
127.84
42.86
68.93
127.91
43.82
30.13
127.87
42.95
71.18
127.85
42.83
71.31
127.88
41.28
48.47
127.75
41.8
59.4
127.75
41.94
61.19
127.31
37.7
37.48
128.32
40.39
46.93
127.85
42.92
72.61
132.48
65.92
27.1
127.76
42.09
63.92
127.63
40.6
53.89
128.25
41.95
46.27
127.79
42.22
67.44
127.8
42.27
67.82
128.03
41.44
44.89
127.66
41.15
56.22
127.77
41.57
57.42
127.6
40.13
48.32
127.71
41.41
58.66
101.05
-2.6
100
100.99
-63.99
100
100.05
-71.29
100
100.07
0.2
100
100.49
-83.89
100
100.75
-55.85
100
101.9
-8.26
100
100.1
0.03
100
101.59
-37.65
100
100.71
-74.19
100
100.08
-64.12
100
101.28
-58.4
100
108.64
12.35
31.76
100.75
-71.37
100
136.6
0.1
100
101.91
-24.09
100
135.35
0
100
100.09
-55.42
100
101.78
-28.14
100
135.4
2.7
100
138.99
19.53
70.27
136.12
0.39
100
136.1
0.03
100
112.94
-45.29
100
100.14
0.07
100
135.42
0.39
100
25.99
17.57
100
102.14
-13.95
100
149.89
-48.1
100
155.72
-64.88
100
22.47
13.89
100
196.98
57.91
42.16
136.33
0.26
100
136.19
0
100
101.62
-36.16
100
153.05
-54.44
100
136.6
0.8
100
158.6
-74.49
100
155.29
-63.14
100
25.46
17.09
100
100.01
0.02
100
101.23
-38.75
100
104.48
3.83
53.91
155.05
-63.67
100
131.13
7.55
100
144.44
-30.59
100
136.41
0
100
105.37
-63.32
100
140.45
-18.08
100
102.31
-6.12
100
137.4
-8.02
100
24.09
15.83
100
156.87
-69.41
100
136.32
0.26
100
153.33
-57.65
100
102.22
-11.76
100
100.01
0.04
100
158.07
-73.69
100
146.25
-35.14
100
101.9
-17.02
100
100.07
-68.88
100
151.1
-51.14
100
151.94
-54.63
100
136.47
0
100
101.91
-23.91
100
137.92
-9.78
100
100.24
0.71
100
135.76
0
100
100.01
0.04
100
101.89
-3.02
100
100.55
0.02
100
135.14
0.06
100
135.38
0.87
100
157.3
-70.39
100
156.48
-66.94
100
155.3
-62.72
100
23.38
15.13
100
100.01
0.03
100
135.67
1.9
100
157.98
-73.49
100
100.1
-53.16
100
135.78
0.07
100
147.9
-42.1
100
135.63
0.06
100
135.62
0.05
100
158.08
-72.75
100
100.81
-2.07
100
135.73
-2.3
100
100.36
0.02
100
101.23
0.02
100
135.94
0.56
100
153.09
-57.39
100
135.59
0
100
145.66
-34.98
100
130.44
41.24
95.9
154.29
-60.9
100
136.53
-4.58
100
102.06
-15.48
100
136.08
0.05
100
156.42
-66.95
100
100.01
0.04
100
151.72
-53.64
100
154.27
-58.98
100
146.69
-38.12
100
102.03
-18.84
100
100.24
-62.08
100
12.23
29.52
91.57
100.02
0.03
100
135.52
0.03
100
100.92
-63.19
100
135.78
-2.65
100
100.64
-78.51
100
135.32
0.18
100
152.68
-52.94
100
100.03
0.08
100
152.58
-56.3
100
100.01
0.04
100
100.02
0.05
100
100.96
-64.41
100
189.72
51.71
16.88
161.35
-83.88
100
23.67
14.99
100
100.01
0.03
100
101.16
-51.98
100
101.59
-35.99
100
22.56
14.34
100
135.7
0.03
100
100.7
-59.19
100
100
0
100
137.36
-7.45
100
135.72
0.03
100
102.22
0.01
100
100.01
0.04
100
156.96
-69.44
100
143.07
40.66
72.51
135.72
0.26
100
19.77
11.64
100
100.01
0.02
100
18.5
9.83
86.13
101.55
-3.5
100
150.26
-48.81
100
101.52
-38.96
100
102.29
-7.98
100
164.24
-92.49
100
137.8
-9.3
100
102.22
0.03
100
135.94
0.22
100
161.08
-82.01
100
159.79
-79.22
100
140.58
-17.98
100
155.2
-62.6
100
136.04
0.03
100
154.52
-61.76
100
100.28
-69.5
100
101
-97.01
100
148.15
-43.01
100
20.31
11.92
100
138.54
-11.76
100
156.08
-65.81
100
144.8
-32.22
100
102.05
-15.83
100
100.01
0.03
100
136
1.29
100
161.24
-83.14
100
21.1
12.63
100
101.14
-52.55
100
159.67
-78.48
100
135.42
0.07
100
100.54
0.04
100
164.38
-92.16
100
151.86
-54.28
100
159.33
-76.78
100
158.08
-73.9
100
20.21
12.14
100
100.41
-88.28
100
147.41
-40.64
100
100.25
0.04
100
163.66
-90.88
100
157.71
-71.18
100
100.08
-74.26
100
135.71
-2.25
100
163.78
-91.31
100
100.37
-88.85
100
154.52
-59.53
100
101.04
-60.46
100
157.12
-70.49
100
150.66
-50.52
100
102.35
-5.7
100
164.59
-93.62
100
161.91
-85.36
100
100.37
-89.83
100
100.07
-80.47
100
100.07
-77.55
100
102.01
-18.51
100
27.23
-68.05
100
152.35
-55.79
100
135.41
0.03
100
101.18
-54.9
100
156.65
-67.88
100
21.24
12.82
100
135.21
0.03
100
135.26
0.55
100
161.38
-83.49
100
158.5
-74.98
100
156.67
-68.53
100
101.84
-26.58
100
100.15
-75.45
100
20.28
12.23
100
24.22
-58.67
100
158.57
-74.28
100
139.52
-14.89
100
153.95
-60.62
100
23.24
-59.63
100
26.67
-59.11
100
164.39
-92.92
100
17.26
8.11
74.76
145.6
-34.23
100
142.22
60
5.88
129.11
48
29.41
4.97
51.32
29.61
128.14
39.81
18.17
132.2
92.23
40.39
128.79
48.78
38.59
128.32
43.26
25.13
134.33
53.13
10.95
132.1
85.75
68.82
132.38
80.99
51.57
132.48
93.24
56.08
4.06
38.26
45.1
130.83
70
57.52
5.07
55.51
34.38
139.4
75.13
15.29
131.15
75.57
59.93
132.36
94.16
49.28
128.8
49.19
68.08
9.91
67.57
29.02
132.02
83.8
64.27
128
33.6
16.34
127.77
39.52
29.37
6.44
42.8
33.14
123.53
41.57
23.27
128.48
46.61
61.42
129
50.35
69.31
128.26
44.28
48.56
128.66
47.9
68.5
128.6
47.52
70.25
127.89
41.04
36.46
129.92
87.43
27.3
128.49
46.46
65.28
128.54
64.15
39.45
127.02
33.98
20.08
128.23
44.3
54.07
198.73
91.59
23.98
128.32
45.84
66.69
128.36
46.31
59.31
127.39
38.15
34.95
115.46
21.24
37.84
128.21
44.97
69.19
128.05
44.34
73.27
128.09
43.91
51.76
128.06
44.52
73.5
130.73
45.17
36.93
128.04
44.09
63.01
127.75
41.74
55.31
127.44
39.17
40.62
127.92
43.12
68.29
127.15
37.22
35.61
127.86
41.35
47.54
127.9
43.07
70.45
127.75
41.9
59.35
118.89
34.11
47.96
127.86
42.96
71.4
127.86
43.02
72.55
127.25
38.08
39.62
127.76
42.02
62.43
127.73
41.07
50.66
0.53
47.62
24.71
129.81
28.59
63.03
127.61
40.71
55.05
127.77
42.17
64.91
127.79
42.29
67.85
127.79
42.28
68.45
129.29
31.89
63.53
127.69
41.3
57.45
128.49
43.47
46.97
127.85
42.11
59.9
127.59
40.02
51.94
127.8
41.86
60.88
101.16
-3
100
100.96
-63.87
100
100.06
-67.54
100
100.57
-81.39
100
102.17
-13.36
100
100.17
0.03
100
100.3
-57.19
100
101.63
-38.04
100
100.76
-72.35
100
100.26
-55.39
100
105.75
9.18
37.32
100.08
-66.88
100
136.47
0.34
100
135.47
0.03
100
101.88
-25.25
100
126.96
40
45.1
100.64
-59.24
100
135.23
2.85
100
100.1
-57.35
100
101.96
-22.89
100
105
4.91
52.3
135.05
5.4
100
140.67
27.3
65
144.71
-32.06
100
136.13
0.2
100
100.29
0.04
100
25.98
17.65
100
100.46
-65.29
100
102.09
-15.4
100
132.05
3.31
72.5
153.07
-54.75
100
135.93
0
100
101.63
-35.84
100
154.89
-62.26
100
136.48
0.58
100
22.71
14.2
100
100.01
0.04
100
137.98
5.77
40.78
25.63
16.89
100
136.68
0.81
100
148.58
-44.15
100
136.34
0
100
136.41
0
100
154.2
-58.91
100
143.87
-28.66
100
101.41
-35.15
100
153.76
-57.09
100
102.29
-6.26
100
138.73
-12.44
100
118.07
5.1
100
158.99
-75.91
100
100.39
-46.27
100
155.04
-62.44
100
136.34
0
100
100.02
0.05
100
104.75
-63.01
100
152.21
-52.95
100
24
16.2
100
156.22
-68.04
100
152.78
-55.1
100
127.63
7.5
100
154.5
-62.28
100
151.36
-52.91
100
139.11
-13.73
100
101.96
-9.75
100
101.87
-25.25
100
100.01
0.02
100
146.27
-35.1
100
157.78
-71.63
100
135.88
0.03
100
100.19
0.58
100
100.82
-50.69
100
101.75
0.1
100
102.05
-12.41
100
156.26
-67.85
100
100.07
-70.65
100
147.28
-37.29
100
100.01
0.04
100
100.52
0.04
100
135.24
0.03
100
135.61
0.8
100
135.93
0
100
150.63
-49.68
100
158.29
-73.48
100
135.77
0.06
100
23.69
15.73
100
136.12
0.37
100
147.35
-40.32
100
136.5
-5.06
100
135.77
0.09
100
100.68
0.03
100
157.34
-70.08
100
156.68
-69.53
100
100.54
0.05
100
134.93
0.42
100
135.81
1.57
100
135.76
0
100
156.75
-67.94
100
100.13
0.03
100
100.08
-55.5
100
138.7
79.65
89.28
144.38
-30.85
100
152.31
-55.18
100
136
-2.51
100
132.55
6.73
66.96
102.19
-10.67
100
153.73
-59.44
100
100.01
0.03
100
136.2
0.03
100
102.22
-10.76
100
144.87
-32.37
100
150.47
-49.91
100
100.93
-63.33
100
157.31
-70.24
100
100.01
0.03
100
100
0
100
155.2
-62.46
100
132.02
5.4
100
100.38
-62.98
100
100
0
100
100.69
-77.31
100
135.79
0.03
100
8.03
38.86
88.45
153.51
-56.23
100
100.01
0.02
100
100.01
0.03
100
150.66
-50.47
100
135.37
0.2
100
24.01
15.28
100
101.35
-45.85
100
187.89
53.08
15.32
101
-62.94
100
161.36
-83.96
100
100.94
-53.56
100
100.01
0.02
100
22.56
14.09
100
101.74
-30.28
100
100
0
100
135.95
0.03
100
136.92
-5.66
100
135.91
0.04
100
101.3
0.03
100
135.73
0.19
100
18.5
9.97
86.92
156.58
-68.51
100
101.84
-26.82
100
102.39
-2.16
100
100
0.01
100
101.36
-2.28
100
148.18
-42.49
100
144.44
47.88
70.08
20.35
12.22
100
100.45
-67.11
100
136.07
0.24
100
101.32
0.03
100
161.31
-83.27
100
100.01
0.02
100
156.18
-66.13
100
136.19
0.04
100
140.42
-17.4
100
20.9
12.39
100
100.29
0.05
100
102.18
-93.33
100
100.43
-86.44
100
136.06
1.62
100
156.29
-66.46
100
149.3
-46.57
100
100.33
-89.8
100
101.05
-60.41
100
102.17
-11.32
100
139.45
-14.82
100
21.54
13.02
100
101.24
-43.59
100
20.76
12.6
100
165.99
-97.92
100
135.17
0.04
100
155.41
-63.83
100
100.44
-86.57
100
100.07
0.03
100
158.86
-75.73
100
100.16
-76.16
100
156.73
-69.79
100
150.37
-49.75
100
146.71
-38.35
100
162.75
-87.79
100
143.48
-27.98
100
102.35
-4.67
100
163.58
-90.66
100
102.29
-92.94
100
135.08
0.03
100
163.29
-89.8
100
156.68
-66.31
100
161.02
-82.41
100
157.41
-71.4
100
102.15
-13.68
100
100.06
-83.22
100
100.07
-80.89
100
155.6
-63.47
100
149.88
-48.2
100
164.75
-94.17
100
151.6
-53.42
100
135.48
0.04
100
161.87
-85.36
100
21.78
13.21
100
135.31
0.03
100
101.89
-24.65
100
28.24
-68.73
100
135.4
0.58
100
157.9
-73.19
100
156.85
-69.04
100
100.27
-75.92
100
156.43
-68.18
100
161.97
-85.49
100
20.89
12.8
100
138.13
-10.24
100
26.02
-62.92
100
159.5
-77.4
100
152.23
-55.47
100
26.8
-55.71
100
164.91
-94.6
100
25.12
-66.84
100
144.04
-29.25
100
17.22
8.42
80.02
127.87
39.34
17.94
112.1
24.66
28.63
128.17
42.37
22.79
4.59
53.62
31.76
132.29
93.72
43.73
128.42
41.38
11.37
132.18
86.21
68.24
132.4
91.61
60.78
128.97
50.6
65.88
120.17
30.26
19.12
131.12
74.66
57.88
4.71
52.07
41
193.58
58.73
35.64
131.69
87.3
44.47
128.65
47.92
59.86
130.77
62.13
66.27
127.71
39.49
28.3
132.05
84.89
61.13
123.24
28.87
18.56
128.4
45.22
46.87
10
67.5
31.37
128.74
48.62
67.55
128.71
48.21
68.84
128.63
47.61
63.36
127.93
41.54
35.45
140.76
45.82
42.22
128.37
45.19
52.52
113.49
18.4
41.4
129.05
84.2
28.76
128.29
59.88
41.51
128.34
46.24
65.91
127.41
38.49
35.38
128.3
46.17
59.61
128.2
44.84
71.96
133.69
94.29
24.58
128.29
45.29
68.46
128.16
44.84
72.35
128.07
44.05
52.66
127.8
42.01
54.88
127.94
43.39
67.37
127.54
39.68
41.01
128.03
44.12
63.13
129.44
45.23
36.65
127.22
38.09
38.69
127.93
43.32
69.75
127.79
42.18
59.09
127.75
41.03
49.82
127.88
43.03
71.33
127.88
43.07
72.38
127.24
38.66
42.2
127.79
42.17
63.42
127.78
41.52
55.31
127.7
41.09
52.87
127.79
42.39
68.07
127.78
42.29
65.82
129.91
27.01
69.61
127.8
42.39
68.73
127.78
41.58
58.07
127.7
41.76
51.58
129.91
26.67
76.47
127.86
42.17
62.31
127.66
40.43
55.29
127.85
42.41
62.95
101.38
-3.4
100
100.95
-64.31
100
100.13
-65.88
100
100.61
-79.82
100
102
-19.13
100
100.5
0.02
100
101.22
-51.7
100
100.81
-70.6
100
100.88
-56.55
100
100.15
-59.65
100
100.07
-69.79
100
136.47
0.39
100
135.25
4.31
100
135.64
0
100
101.89
-24.75
100
127.32
41.12
44.18
100.11
-60
100
135.02
5.67
100
100.79
-57.77
100
143.84
-29.07
100
102.03
-18.73
100
25.99
17.39
100
140.95
29.76
72.47
101.42
-43.75
100
100.04
0.13
100
136.18
0.39
100
102.09
-15.56
100
101.7
-29.8
100
140.39
-18.43
100
100.16
-66.75
100
135.82
0
100
139.88
-16.32
100
100.02
0.05
100
101.63
-36.51
100
100.48
-64.05
100
152.68
-53.33
100
136.45
0.96
100
25.63
16.93
100
154.27
-60.78
100
22.81
14.51
100
136.34
0
100
100.1
-66.47
100
136.74
0.82
100
154.87
-59.22
100
143.58
-27.79
100
102.31
-7.36
100
136.27
0.2
100
100.01
0.04
100
135.33
0.03
100
136
0
100
154.61
-60.41
100
147.08
-39.5
100
101.48
-33.99
100
154.58
-62.98
100
103.92
-59.39
100
100.01
0.03
100
137.47
-7.84
100
23.96
16.59
100
146.99
-39.08
100
135.95
0
100
101.86
-26.21
100
157.18
-70.04
100
100.39
-46.27
100
154.43
-59.86
100
100.23
0.68
100
159.83
-78.69
100
101.85
0.89
100
152.85
-54.88
100
154.77
-61.57
100
155.18
-63.12
100
101.7
-6.18
100
100.01
0.03
100
136.04
0.04
100
136.22
0.25
100
154.64
-61.18
100
100.5
0.05
100
135
0.43
100
135.72
1.03
100
153.52
-59.47
100
138.5
-11.65
100
158.05
-72.81
100
100.34
-65.18
100
102.14
-6.99
100
135.91
0.03
100
100.41
0.05
100
135.91
0.02
100
135.8
0.52
100
146.75
-38.44
100
100.26
0.06
100
100.07
-73.49
100
154.99
-64.09
100
24.05
15.82
100
148.12
-39.34
100
155.17
-64.94
100
157.78
-71.79
100
149.9
-47.73
100
136.28
3.24
100
100.04
0.03
100
134.97
0.01
100
135.26
0.04
100
143.25
-27.16
100
100.1
-58.31
100
157.64
-71.22
100
151.02
-51.41
100
100.82
-66.63
100
102.29
-8.89
100
102.31
-5.3
100
142.37
-24.35
100
100
0
100
100.01
0.02
100
132.18
7.11
50.39
136.34
0.04
100
100.01
0.04
100
148.93
-45.11
100
152.89
-56.9
100
100.68
-77.18
100
157.92
-72.61
100
156.23
-66.08
100
100.55
-62.31
100
101.19
-47.03
100
100.01
0.03
100
136.05
0.04
100
100.01
0.02
100
101.48
-38.43
100
24.33
15.53
100
100.01
0.03
100
185.71
56.66
13.89
101.02
-61.33
100
154.69
-60.45
100
161.37
-83.94
100
22.28
14.04
100
148.15
-42.75
100
135.36
0.06
100
101.88
-24.53
100
136.19
0.03
100
135.79
0.22
100
135.97
-2.23
100
136.1
0.05
100
100.44
0.05
100
18.41
10
87.29
101.34
0.03
100
102.11
-15.13
100
100.63
-63.66
100
100.01
0.02
100
155.43
-65.38
100
100.01
0.02
100
136.2
0.31
100
101.03
0
100
145.77
-34.99
100
100.1
0.03
100
100.44
0.02
100
100.46
-85.54
100
161.62
-83.64
100
21.09
12.64
100
136.34
0.05
100
193.01
59.97
77.16
101.07
-60.52
100
157.8
-71.63
100
21.31
12.77
100
100.41
-86.78
100
140.32
-16.75
100
136.15
2.58
100
100.51
-83.43
100
156.05
-66.11
100
21.33
12.94
100
102.2
-7.41
100
165.27
-95.56
100
140.17
-17.19
100
101.43
-36.41
100
21.96
13.36
100
100.02
0.02
100
102.3
-4.09
100
0
-100
100
100.3
-76.35
100
146.28
-37.06
100
156.12
-67.86
100
155.49
-62.46
100
148.94
-45.38
100
157.88
-73.04
100
102.23
-8.55
100
135.19
0.04
100
163.51
-90.44
100
100.09
-86.32
100
100.14
-83.18
100
162.88
-88.39
100
162.75
-88.17
100
161.57
-84.31
100
165.58
-95.23
100
142.12
-23.57
100
157.04
-66.54
100
135.56
0.03
100
151
-51.57
100
157.12
-70.46
100
101.93
-22.99
100
162.69
-87.71
100
22.25
13.62
100
156.7
-67.52
100
135.4
0.04
100
164.69
-94
100
100.44
-74.92
100
148.75
-44.64
100
135.54
0.54
100
157.02
-70.5
100
161.16
-83.29
100
28.27
-65.65
100
21.45
13.41
100
156.48
-68.36
100
155.49
-65.6
100
137.03
-6.47
100
162.31
-86.62
100
27.1
-63.93
100
160.07
-79.41
100
150.1
-48.74
100
142.72
-24.85
100
164.97
-94.79
100
17.14
8.82
85.12
17.59
5.11
49.59
26.94
-72.48
100
128.68
44.19
16.86
129.28
48.6
20.98
104.53
4.82
44.71
132.46
88.16
59.61
132.46
93.42
44.71
129.76
55.91
57.41
4.49
54.47
31.68
132.6
92.33
57.55
131.11
89.33
29.41
128.89
49.49
57.84
130.09
58.11
61.79
131.22
72.68
53.59
127.78
40.43
27.65
128.5
46.37
45.52
131.2
79
46.88
105.62
8.14
67.45
132.13
87.05
58.28
4.31
57.71
42.19
142.86
59.18
38.43
128.9
49.76
61.86
128.77
48.96
67.61
128.92
50.6
65.1
128.16
42.43
34.97
128.48
46.28
51.14
8.49
68.49
35.78
137.41
43.7
52.94
128.42
46.49
65.37
128.29
45.32
70.58
127.31
39.16
36.51
128.22
59.69
41.99
71.39
85.54
29.44
128.35
45.59
67.67
128.3
45.37
71.17
128.18
44.69
60
127.99
43.8
66.21
127.83
42.22
54.24
131.07
76.91
29.41
127.56
40
41.43
128.03
44.11
53.62
128.08
44.25
63.26
127.96
43.65
68.81
127.16
37.96
42.35
127.86
42.49
58.6
128.81
42.71
39.41
127.87
43.14
71.08
127.89
43.18
71.96
127.72
40.92
51.82
127.18
39.24
44.64
128.45
43.92
53.18
127.79
42.25
64.3
127.82
42.48
68.1
127.67
41.17
55.09
127.79
42.28
66.6
127.81
42.52
69
127.72
41.67
58.96
129.34
30.32
67.49
127.43
41.38
56.86
127.92
42.6
64.41
131.23
18.11
100
127.87
42.61
64.72
131.96
43.41
71.37
101.71
-5.49
100
100.94
-65.88
100
100.63
-78.78
100
100.09
-66.67
100
101.02
0.01
100
100.86
-68.85
100
137.37
54.25
94.61
189.38
59.24
61.57
135.19
4.94
100
100.07
-72.38
100
100.13
-56.27
100
135.76
0.07
100
101.95
-22.43
100
133.11
3.42
68.86
134.76
10.82
100
100.13
-65.1
100
25.82
17.33
100
127.92
44.97
44.47
102.09
-16.27
100
103.2
-2.75
100
102.16
-15.1
100
101
-54.45
100
139.19
-13.73
100
142.95
41.41
85
135.82
1.18
100
101.5
-40.98
100
135.03
0
100
100.01
0.03
100
140.78
-19.22
100
150.24
-47.06
100
101.62
-36.51
100
100.13
-65.92
100
136.26
1.72
100
25.57
16.96
100
136.14
0
100
100.39
-69.85
100
152.14
-51.42
100
143.95
-28.98
100
136.81
1.1
100
102.26
-9.08
100
22.9
14.68
100
136.21
0.39
100
153.83
-59.8
100
100.02
0.06
100
136.08
0
100
135.45
0.02
100
100.1
-61.21
100
154.98
-59.29
100
158.89
-75.29
100
152.07
-55.12
100
100.01
0.04
100
153.57
-58.04
100
141.49
-20.63
100
136.08
0.03
100
156.58
-68.5
100
101.92
-23.04
100
154.79
-61.01
100
100.17
0.52
100
101.82
0.54
100
101.48
-34.73
100
103.86
-57.48
100
23.73
16.71
100
100.02
0.05
100
136.16
0
100
136.31
0.3
100
145.35
-34.01
100
157.28
-70.65
100
101.74
-4.34
100
100.65
-45.49
100
136.02
0.02
100
100.53
0.06
100
135.08
0.3
100
135.75
1.27
100
100.3
0.01
100
153.07
-55.9
100
136.04
0.03
100
154.68
-61.44
100
159.92
-78.98
100
154.8
-61.45
100
136.03
0.35
100
146.27
-36.95
100
100.13
0.04
100
153.94
-59.48
100
154.73
-62.22
100
102.02
-3.48
100
100.11
-73.19
100
136.59
-5.32
100
24.34
16.2
100
152.14
-55.24
100
153.64
-60.21
100
100.05
-77.23
100
100.01
0.03
100
136.65
5.25
100
158.05
-72.9
100
135.37
0.04
100
153.39
-59.27
100
142.15
-23.63
100
133.61
7.48
58.39
147.99
-41.81
100
135.13
0.03
100
100.08
-61.61
100
100.92
-63.53
100
149.54
-46.92
100
102.31
-8.1
100
157.69
-71.73
100
141.31
-20.85
100
100
0.01
100
100.01
0.03
100
100
0
100
101.4
-40.3
100
102.01
0.04
100
147.34
-40.21
100
136.46
0.03
100
154.58
-61.37
100
152.15
-54.61
100
100.65
-76.86
100
101.51
-34.61
100
24.57
15.71
100
100.02
0.06
100
143.78
54.73
14.85
100.78
-59.83
100
136.26
0.03
100
100.01
0.03
100
156.69
-67.9
100
157.86
-72.62
100
101.05
-60.31
100
22.04
13.97
100
161.47
-84.23
100
100.01
0.02
100
155.72
-64.26
100
145.37
-34.01
100
100.88
-58
100
102.04
-18.56
100
135.78
0.2
100
135.38
0.18
100
100.14
0.02
100
136.28
0.04
100
136.05
-2.08
100
18.54
10.04
88.1
136.37
0.03
100
102.33
-5.87
100
100.01
0.04
100
100.02
0.02
100
100.48
-84
100
101.02
-60.24
100
153.81
-60.45
100
100.01
0.02
100
136.27
0.07
100
100.45
-84.82
100
143.36
-27.42
100
100.46
0
100
100.03
0.05
100
161.69
-84.12
100
100.58
-80.39
100
136.44
0.05
100
21.76
13.17
100
158.87
-75.35
100
21.4
13.08
100
8.61
34.35
89.61
136.29
3.06
100
155.46
-64.61
100
140.23
-16.91
100
21.81
13.57
100
101.84
-4.17
100
100.01
0.04
100
101.34
-39.71
100
22.29
13.71
100
102.28
-3.36
100
100.43
-75.54
100
145.63
-34.96
100
101.97
-4.82
100
154.93
-64.2
100
0
-100
100
147.44
-40.62
100
100.14
-88.28
100
100.28
-83.28
100
157.16
-68.12
100
157.14
-70.36
100
135.35
0.05
100
163.17
-89.4
100
101.96
-21.62
100
161.83
-85.1
100
135.65
0.02
100
162.07
-86.12
100
149.85
-47.91
100
100.66
-71.27
100
148.59
-43.66
100
135.48
0.03
100
22.67
14
100
165.49
-96.39
100
163.68
-90.38
100
140.98
-19.81
100
155.69
-64.51
100
158.12
-72.45
100
155.16
-63.6
100
164.25
-92.68
100
155.95
-67.25
100
135.7
0.73
100
164.15
-92.31
100
22.03
13.9
100
147.38
-40.35
100
136.26
-3.75
100
159.83
-79.28
100
155.53
-65.74
100
27.73
-60.48
100
154.1
-61.48
100
162.3
-86.66
100
160.24
-80.13
100
147.92
-41.81
100
27.47
-61.95
100
141.29
-20.09
100
17.07
9.13
90.24
164.57
-93.61
100
17.66
5.96
56.39
28.2
-73.92
100
129.72
55.81
50.59
132.31
92.86
38.43
195.86
44.91
31.61
193.78
55.4
33.27
129.17
51.44
52.36
132.4
93.02
46.8
129.35
52.99
52.55
132.47
91.51
53.14
128.81
48.21
43.92
5.58
56.88
31.34
120.63
31.31
33.19
129.97
58.82
46.67
67.84
95.29
33.33
128.94
50.11
59.66
128.9
49.88
64.94
131.86
83.85
56.47
129.06
51.29
61.87
190.75
55.5
27.32
131.36
80.81
47.52
128.77
48.17
49.46
128.2
43.31
34.18
3.97
61.36
45.13
196.13
50.21
38.2
8.9
69.31
36.21
128.41
46.12
69.15
128.53
47.25
64.8
126.28
39.49
40.1
128.42
46.19
69.67
128.41
46.07
66.86
188.67
59.14
22.88
128.09
44.24
64.96
128.16
61
42.38
127.89
42.71
53.52
141.67
32.67
29.41
128.2
44.84
60.18
70.49
84.84
30.77
127.52
40.58
42.46
128.04
44.11
67.65
128.1
44.37
63.22
127.9
42.85
57.77
128.05
44.35
54.38
129.74
57.74
36.96
127.93
43.36
71.47
127.91
43.32
70.76
118.86
31.58
59.61
128.12
40.9
42.3
128.39
44.06
53.12
127.69
41.2
53.36
127.81
42.5
67.9
127.81
42.37
65.07
127.82
42.56
69.02
127.79
42.34
67.17
127.7
41.89
60.3
127.7
41.35
57.31
128.88
33.4
65.56
127.97
42.74
66.44
127.83
42.1
66.24
131.37
18.04
100
101.94
-8.26
100
100.88
-67.53
100
100.65
-78.97
100
100.06
-68.63
100
102.07
0.01
100
100.93
-65.86
100
133.8
11.14
100
100.07
-77.95
100
135.87
0.04
100
101.99
-20.54
100
134.18
12.57
100
25.66
16.94
100
100.12
-56.03
100
101.72
-31.52
100
108.21
2.9
100
133.16
3.75
73.25
102.11
-16.81
100
132.22
80.68
51.04
145.73
57.8
88.04
136.36
11.85
100
100.02
0.06
100
101.18
-50.55
100
140.09
-16.77
100
120.23
7.69
45.88
101.57
-38.07
100
101.59
-37.84
100
136.05
0
100
25.38
17.29
100
136.45
1.14
100
150.13
-45.39
100
100.05
-64.55
100
136.08
0
100
143.65
-28.04
100
135.78
0.08
100
100.02
0.06
100
102.12
-10.8
100
135.13
0.17
100
136.86
1.47
100
100.17
-86.27
100
135.53
0.03
100
152.25
-52.19
100
100.01
0.02
100
23.29
15.29
100
152.88
-57.16
100
150.17
-49.2
100
146.1
-35.38
100
136.14
0.07
100
155
-63.64
100
154.27
-58.55
100
102.06
-18.43
100
102.03
0.91
100
100.2
0.59
100
136.29
0.49
100
100.09
-58.77
100
136.21
0.02
100
100.02
0.06
100
135.9
0.96
100
155.73
-65.98
100
136.15
0.05
100
103.61
-56.72
100
155.37
-63.1
100
156.86
-68.39
100
23.52
17.63
100
101.55
-33.67
100
100.28
0.05
100
136.15
0.03
100
100.51
0.06
100
153.29
-56.71
100
101.01
-3.08
100
136.23
0.17
100
100.08
0.03
100
145.96
-35.95
100
152.88
-55.7
100
100.92
-43.53
100
119.3
8.16
49.67
154.25
-60.39
100
143.6
-28.33
100
24.33
16.42
100
151.99
-53.69
100
103.2
-60.94
100
159.56
-78.15
100
101.54
0.02
100
100.08
-75.76
100
154.78
-61.85
100
152.37
-56.24
100
135.46
0.04
100
100.01
0.03
100
153.83
-59.76
100
136.01
-3.36
100
136.69
4.97
100
157.88
-72.58
100
141.37
-21.08
100
150.39
-49.88
100
100.06
-80.53
100
100.85
-65.29
100
100.01
0.02
100
151.52
-53.53
100
101.59
-33.63
100
102.28
-8.38
100
151.41
-48.63
100
146.37
-36.84
100
100.09
-64.7
100
147.93
-41.96
100
140.28
-17.42
100
135.28
0.02
100
100.01
0.04
100
100.01
0.02
100
157.22
-70.55
100
101.05
0.01
100
145.65
-34.84
100
101.59
-29.56
100
24.66
16.22
100
136.59
0.04
100
100.71
-76
100
100.01
0.02
100
100
0.01
100
154.73
-62.02
100
139.82
53.63
16.49
150.74
-50.36
100
100.01
0.03
100
21.03
15.25
100
101.08
-51.64
100
136.45
0.03
100
100.97
-55.72
100
101
-60.52
100
161.57
-84.57
100
156.76
-68.35
100
157.24
-70.9
100
100.52
-83.35
100
100.01
0.03
100
101.05
-60
100
135.8
0.31
100
100.01
0.04
100
102.16
-12.79
100
156.77
-68.01
100
101.69
0.44
100
18.44
10.02
88.55
136.43
0.04
100
135.57
0.01
100
142.51
-24.79
100
136.51
0.04
100
100.02
0.05
100
100.52
-83.27
100
135.43
0.19
100
100.66
-76.67
100
136.39
0.03
100
100.01
0.03
100
151.73
-54.13
100
140.83
-19.27
100
100.12
0
100
100.02
0.05
100
161.78
-83.75
100
136.55
0.04
100
21.95
13.33
100
159.44
-77.28
100
136.21
1.37
100
21.82
13.2
100
154.61
-62.15
100
22.25
14.28
100
141.05
-16.67
100
101.24
-2
100
100.01
0.04
100
101.64
-28.52
100
22.6
13.94
100
102.26
-3.04
100
147.84
-41.57
100
100.61
-72.86
100
101.38
-2.41
100
145.29
-33.9
100
100.17
-89.67
100
153.84
-60.8
100
100.46
-81.05
100
145.62
-34.8
100
101.99
-21.15
100
0
-100
100
135.48
0.03
100
163.26
-89.67
100
135.7
0.02
100
100.85
-66.2
100
156.26
-68.18
100
162.61
-87.61
100
148.84
-44.69
100
162.75
-87.84
100
135.56
0.03
100
23.06
14.36
100
161.57
-84.58
100
148.66
-43.62
100
166.81
-97.12
100
164.4
-93.02
100
156.18
-66.37
100
154.76
-63.54
100
135.77
0.15
100
22.35
15.02
100
139.52
-15.02
100
163.57
-90.63
100
135.82
-2.05
100
159.79
-78.1
100
156.48
-67.78
100
165.26
-95.72
100
146.23
-36.67
100
153.98
-61.09
100
158.27
-74.52
100
152.03
-55.08
100
17.9
4.43
45.52
159.82
-79
100
161.95
-85.62
100
145.66
-34.5
100
139.7
-14.83
100
27.22
-57.5
100
16.99
9.51
94.97
163.8
-91.29
100
17.57
6.69
63.26
28.69
-72.06
100
129.26
51.58
45.92
128.97
49.94
39.63
132.2
92.63
46.14
132.28
90.55
49.8
117.28
30.86
31.76
0.37
48.12
44.35
128.98
50.03
54.8
192.62
55.32
30.72
128.98
50.13
57.04
128.96
50
47.84
4.97
60.01
31.1
129.21
52.56
61.18
64.11
88.51
30.72
3.03
37.36
51.7
126.59
43.82
34.9
131.82
83.67
55.57
131.29
80.75
47.35
128.54
47.05
67.75
134.41
61.29
36.47
4.36
61.65
46.01
115.05
24.84
60.78
128.53
47.11
68.21
9.65
69.69
36.23
128.52
47.13
64.31
6.25
43.45
33.55
128.26
44.95
63.68
128.5
46.78
66.08
128.5
45.09
49.08
116.27
27.41
61.05
128.11
60.38
43.05
128.33
45.55
60.04
128.21
44.78
66.4
71.29
85.01
31.64
191.88
62.91
22.35
128.21
44.24
55.21
6.87
47.71
30.81
128.17
44.54
63.17
127.98
43.74
55.24
127.95
43.59
70.86
127.95
43.58
70.23
130.53
51.4
41.96
141.08
60.75
22.41
127.84
42.17
58.32
127.84
42.74
67.7
128.12
40
45.1
127.82
42.43
65.63
127.71
41.32
55.04
127.92
43.05
69.06
139.62
57.69
25.49
127.76
42.17
61.1
127.82
42.5
67.57
127.76
41.29
59.38
132.25
61.32
67.53
127.78
41.38
68.24
128.31
37.23
63.73
127.85
39.87
61.96
102.11
-15.83
100
100.83
-70.33
100
100.67
-77.79
100
100.06
-72.22
100
102.38
-3.27
100
101
-63.12
100
132.92
14.59
100
100.08
-83.58
100
25.36
17.06
100
136.01
0.13
100
102.06
-17.63
100
130
8.82
44.44
133.32
3.87
75.49
100.04
0.11
100
100.15
-58.59
100
140.16
-16.95
100
133.76
93.33
55.11
138.31
26.29
96.23
101.62
-35.44
100
123.67
8.1
52.06
135.72
0
100
101.37
-45.29
100
24.68
20.72
100
136.63
0.1
100
101.65
-34.89
100
135.88
0
100
100.02
0.07
100
150.46
-50.2
100
135.23
0.04
100
102.1
-11.49
100
150.98
-46.27
100
135.65
0.03
100
100.01
0.03
100
136.9
1.53
100
100.11
-65.88
100
145.4
-33.14
100
148.74
-44.7
100
136.29
0.04
100
154.22
-61.28
100
100.2
-89.52
100
136.31
0.58
100
14.49
33.43
100
102.06
-18.77
100
102.27
1.68
100
152.08
-51.74
100
110.37
31.11
100
136.34
0.05
100
151.3
-52.45
100
100.01
0.03
100
136.23
0.04
100
153.45
-59.06
100
136.01
0.84
100
153.93
-57.59
100
100.36
0.04
100
136.23
0.03
100
104.03
-56.35
100
100.4
0.05
100
22.66
19.29
100
144.84
-32.55
100
156.23
-66.1
100
101.76
-25.96
100
136.42
0
100
100.03
0.03
100
145.43
-34.24
100
100.86
0.05
100
101.73
-63.64
100
156.8
-68.32
100
152.27
-54.24
100
24.59
16.64
100
154.51
-60
100
153.45
-58.2
100
108.71
-28.67
100
135.5
0.03
100
100.01
0.02
100
149.22
-45.37
100
150.89
-51.67
100
122.87
8.82
51.67
100.02
0.05
100
103.36
3.17
66.06
101.78
-27.05
100
100.7
0.06
100
100.07
-79.09
100
140.53
-18.32
100
141.67
-22.09
100
141.67
35.61
100
100.25
-73.92
100
159.03
-76.55
100
157.27
-70.9
100
134.83
0.51
100
154.43
-61.17
100
102.25
-9.8
100
100.08
-84.58
100
152.47
-55.85
100
148.52
-43.99
100
100.02
0.05
100
100.01
0.03
100
138.86
-12.71
100
149.63
-47.67
100
146.02
-35.97
100
101.67
-25.25
100
100.01
0.03
100
100.1
-68.22
100
152.07
-50.89
100
24.91
15.73
100
145.44
-34.04
100
101.3
-44.58
100
135.41
0.05
100
143.81
-28.98
100
100
0.01
100
100.55
-82
100
100.3
0.02
100
101.15
-57.19
100
100.65
-76.27
100
136.71
0.05
100
136.02
52.57
18.84
156.36
-68.27
100
100.01
0.02
100
21.2
13.43
100
100.02
0.05
100
153.95
-59.82
100
101.11
-60.39
100
161.39
-84.04
100
136.6
0.02
100
101.18
-50.52
100
149.63
-46.99
100
100.01
0.03
100
100.63
-79.28
100
135.77
0.4
100
156.61
-68.1
100
100.35
0.47
100
101.7
-33.33
100
18.33
10.09
88.3
156.17
-67.74
100
100.74
-73.82
100
102.3
-7.06
100
136.59
0.03
100
136.02
0.03
100
100.01
0.04
100
157.6
-70.94
100
136.65
0.03
100
139.73
-15.73
100
136.5
0.09
100
135.53
0.16
100
100.01
0.04
100
149.42
-46.94
100
136.62
0.03
100
100.02
0.06
100
161.48
-83.59
100
21.97
13.5
100
138.45
-11.48
100
100.01
0.02
100
159.69
-78.21
100
137.25
10.2
100
153.2
-58.01
100
22.62
14.65
100
22.26
13.55
100
141.92
36.1
84.24
100.71
0.06
100
100.01
0.02
100
101.76
-23.43
100
102.27
-2.52
100
22.83
14.22
100
100.86
0.03
100
100.79
-68.84
100
150.03
-48.24
100
100.26
-88.91
100
145.22
-33.55
100
100.63
-76.79
100
102.02
-20.27
100
152.4
-56.31
100
143.78
-28.94
100
101.03
-60.45
100
135.75
0.02
100
135.63
0.02
100
0
-100
100
148.01
-42.1
100
135.62
0.05
100
162.96
-88.76
100
23.43
14.68
100
163.79
-91.2
100
155.45
-65.69
100
160.75
-82.08
100
162.94
-88.63
100
146.48
-36.73
100
153.45
-59.5
100
135.97
0.73
100
135.27
0.1
100
23.11
14.83
100
0
-100
100
156.17
-66.61
100
101.18
-96.47
100
162.85
-88.44
100
161.31
-83.02
100
137.96
-9.86
100
149.77
-48.05
100
152.3
-55.85
100
144.89
-32.4
100
100.79
-97.59
100
159.02
-75.78
100
156.54
-69.21
100
159.04
-76.67
100
138.84
-11.59
100
17.86
5.06
51.63
143.47
-27.33
100
17.26
9.73
100
161.17
-83.29
100
162.78
-88.21
100
17.83
4.78
48.45
17.41
7.52
70.34
28.4
-67.02
100
117.38
34.31
43.43
132.26
94.62
36.47
132.43
93.77
50.39
132.33
92.6
47.71
129.23
50.83
42.85
129
50.59
49.74
0.92
42.58
47.58
65.66
92.56
35.59
131.74
81.04
54.2
5.19
64.29
30.33
192.33
54.95
30.23
131.34
78.32
49.07
128.72
48.22
66.06
3.05
38.03
55.69
137.81
77.35
26.62
128.62
48.01
66.62
128.44
45.91
62.38
128.59
48.31
62.97
130.16
51.22
40.2
128.53
47.11
65.46
4.35
65.18
47.53
190.54
68.83
24.88
8.49
70.89
39.51
128.37
45.65
64.96
6.47
48.73
32.38
128.34
45.5
60.1
128.13
44.33
56
128.26
62.28
43.2
128.23
44.73
63.1
70.1
84.62
33.03
128.01
43.98
70.06
128
43.88
69.63
143.39
68.89
20.86
6.69
58.12
27.93
128.01
44.09
55.78
119.1
31.23
74.08
127.8
42.87
67.98
70.4
86.41
29.97
138.08
56.5
24.12
128.01
43.37
69.14
127.81
42.53
66.09
115.93
26.72
83.06
127.83
42.58
67.89
127.82
41.95
56.7
128.3
42.28
38.95
130.14
69.86
25.31
127.75
41.82
59.93
126.3
40
70.59
129.51
30.46
85.31
139.87
-14.64
100
145.82
-34.71
100
101.7
-32.55
100
100.82
-70.88
100
134.69
17.33
43.45
100.68
-77.58
100
100.87
-59.35
100
102.36
-3.56
100
136.6
9.8
50
101.05
-60.74
100
126.23
74.18
95.69
132.66
15.83
100
140.82
-18.81
100
134.75
5.78
44.42
136
0.49
100
101.13
-50.72
100
132.72
16.64
51.37
102.17
-12.23
100
132.83
14.15
48.68
100.72
-51.37
100
100.89
0.02
100
135.03
0
100
101.7
-33.73
100
135.62
0
100
102.09
-19.22
100
1.57
60.39
100
100.22
-60.18
100
4.58
79.22
100
199.92
95.17
61.13
130.53
10.64
52.31
136.7
0.08
100
135.42
0.13
100
100.03
0.08
100
101.18
-51.76
100
135.29
0.02
100
147.58
-41.18
100
102.15
-14.07
100
101.54
-39.74
100
100.02
0.07
100
135.74
0.02
100
101.8
-29.08
100
147.36
-39.58
100
136.27
0
100
136.25
0.92
100
136.94
2.12
100
147.41
-40.54
100
152
-54.48
100
151.05
-46.96
100
101.96
-2.57
100
136.43
0.02
100
100
-68.04
100
136.36
0.02
100
151.63
-53.46
100
12.19
35.3
96.43
100.35
-86.93
100
100.53
0.02
100
136.15
0.52
100
149.75
-47.71
100
151.81
-51.11
100
136.33
0.02
100
100.3
0.05
100
153.24
-56.48
100
100.03
0.01
100
136.47
0.2
100
100.17
-71.37
100
103.71
-54.38
100
20.2
26.08
100
144.81
-32.2
100
100.01
0.04
100
101.88
-22.55
100
157.04
-68.17
100
100.76
0.03
100
101.94
-20.76
100
144.97
-32.55
100
135.43
0.05
100
24.35
17.33
100
100.13
-75.48
100
101.72
-20.29
100
100.01
0.02
100
151.25
-51.39
100
100.01
0.04
100
149.63
-47.67
100
152.54
-55.63
100
156.34
-66.67
100
123.46
4.29
91.37
146.53
-37.08
100
139.9
-16.27
100
101.05
-54.75
100
100.1
0.04
100
102.22
-10.2
100
100.04
-81.6
100
143.42
49.04
100
155.24
-62.59
100
132.03
10.69
50.24
156.29
-68.07
100
101.25
-52.94
100
100.58
-82.35
100
100.01
0.03
100
101.52
-37.22
100
135.05
0.25
100
138.67
-12
100
158.21
-74.17
100
100.05
-91.1
100
139.75
-15.8
100
101.67
-20.51
100
133.26
7.66
46.08
100.01
0.02
100
24.87
16.02
100
153.78
-59.5
100
114.45
-54.51
100
100.01
0.03
100
146.41
-37.3
100
144.07
-29.71
100
100.01
0.02
100
132.38
49.99
22.3
147.8
-41.88
100
141.78
-22.38
100
100.09
-72.13
100
100.65
-78.24
100
20.22
14.29
100
100.59
-79.51
100
100.05
0.01
100
152.39
-52.16
100
136.82
0.05
100
100.8
-71.29
100
135.61
0.03
100
143.98
-29.44
100
100.01
0.03
100
101.05
-58.82
100
161.6
-84.67
100
154.83
-63.7
100
100.01
0.04
100
153.02
-57.22
100
136.54
-2.2
100
136.71
0.03
100
100.04
0.11
100
101.36
-44.74
100
18.39
10.2
89.27
147.64
-40.83
100
100.46
-80.2
100
155.88
-66.11
100
136.72
0.03
100
136.14
0.06
100
102.5
0.05
100
154.7
-63.26
100
100.01
0.04
100
136.77
0.02
100
158.22
-73.07
100
136.57
0.3
100
137.23
-7.49
100
100.01
0.04
100
135.82
2.02
100
147.1
-39.6
100
136.72
0.02
100
22.17
13.56
100
161.62
-81.84
100
100.01
0.03
100
136.16
-3.88
100
100.01
0.02
100
159.09
-76.56
100
137.25
10.98
100
22.84
14.95
100
151.56
-52.93
100
22.43
14.31
100
100.32
0.03
100
100.01
0.03
100
102.5
0.08
100
101.89
-17.52
100
22.98
14.38
100
100.44
0.04
100
100.95
-63.08
100
100.36
-86.67
100
149.56
-46.49
100
100.79
-71.1
100
102
-20.17
100
144.66
-31.85
100
150.9
-51.56
100
101.2
-53.88
100
142.41
-24.5
100
135.79
0.03
100
135.7
0.03
100
147.64
-40.93
100
135.79
0.03
100
23.75
14.94
100
163.24
-89.65
100
164.04
-92.01
100
0
-100
100
155.08
-63.39
100
160.35
-80.83
100
144.17
-29.49
100
135.41
0.24
100
152.01
-55
100
163.88
-91.24
100
23.72
15.01
100
136.11
0.84
100
0
-100
100
155.53
-65.16
100
161.92
-85.62
100
165.73
-97.02
100
162.49
-86.83
100
155.82
-65.36
100
137.97
-8.42
100
147.16
-39.81
100
136.73
-5.69
100
157.42
-71.75
100
149.93
-48.46
100
17.72
10.34
100
143.1
-26.69
100
141.43
-20.74
100
154.86
-64
100
17.76
5.85
58.38
161.57
-84.52
100
165.19
-95.53
100
159.4
-77.3
100
17.33
8.02
77.91
160.12
-80.06
100
17.78
5.58
55.35
27.65
-60.13
100
192.97
52.43
31.09
66.93
96.03
32.94
132.14
91.07
43.92
132.24
93.15
47.71
3.07
50.1
40.08
191.32
55.07
32.88
4.9
57.35
26.67
128.85
49.21
64.71
131.62
81.03
50.43
64.95
90.22
36.08
131.57
80.98
50.52
128.88
49.85
64.51
2.03
39.06
49.98
122.15
38.73
63.22
7.35
69.12
26.67
128.71
48.84
62.22
192.84
54.55
29.72
4.16
34.83
54.04
128.65
47.91
64.58
128.18
46.51
64.2
189.36
57.43
27.46
4.52
68.57
48.8
9.37
70.6
38.68
128.33
45.46
60.28
189.2
56.93
25.73
188.95
57.71
25.74
128.36
58.38
45.68
7.03
52.95
31.39
128.08
44.36
69.28
128.28
45.15
62.92
128.06
44.23
68.95
70.8
84.56
34.06
128.07
44.6
56.15
116.59
30.32
86.67
5.67
68.92
26.52
142.24
67.09
20.7
127.3
37.17
86.37
127.98
70.81
34.84
127.85
42.65
66.44
127.85
42.68
68.15
134.33
55.97
26.27
128.17
43.52
58.88
100.8
-45.83
100
127.91
46.74
42.41
127.88
42.27
61.28
128.15
56.33
31.99
130.57
24
100
100.39
-49.12
100
101.31
-45.96
100
138.6
11.7
33.53
101.9
-25.22
100
132.21
4.58
71.92
100.78
-72.94
100
153.59
-56.47
100
100.99
-62.71
100
130.18
24.41
49.8
102.4
-3.68
100
101.33
-49.02
100
140.9
-19.22
100
136.43
8.96
49.41
132.72
15.95
100
132.25
15.45
48.24
136.08
0.59
100
101.24
-3.33
100
102.22
-8.63
100
152.35
-54.58
100
145.46
-33.73
100
6.21
41.95
92.55
100.21
-66.91
100
110.68
30.07
67.01
188.33
64.08
96.08
112.71
33.6
40.46
102.17
-11.32
100
100
0
100
105.11
8.11
43.53
107.52
-39.41
100
135.23
0.05
100
136.78
0.45
100
101.98
-10.02
100
147.84
-41.96
100
100.01
0.03
100
139.66
38.16
49.92
100.34
-60.47
100
1.21
89.91
67.37
101.39
-46.82
100
135.8
0.05
100
136.49
0.3
100
149.93
-47.54
100
136.29
0
100
145.97
-35.92
100
150.7
-50.5
100
136.47
0.02
100
101.67
-34.33
100
137.05
3.32
100
102.14
-3.74
100
101.9
-24.05
100
136.41
0.07
100
149.54
-46.98
100
101.57
-45.49
100
100.81
0.05
100
151.35
-48.04
100
136.26
0.21
100
136.31
0.03
100
100.63
-65.99
100
3.78
55.37
85.23
100.12
-71.03
100
100.81
-80.27
100
100.25
0.03
100
100.01
0.04
100
148.51
-43.21
100
100.03
0.03
100
136.03
0
100
142.16
-23.73
100
137.58
9.5
50.94
2.3
71.42
100
152.42
-54.31
100
103.17
-49.59
100
102.1
-14.7
100
100
0
100
100.11
-75.54
100
100.59
0.04
100
102.03
-14.77
100
135.99
41.42
46.13
135.41
0.02
100
157.85
-71.58
100
144.71
-31.37
100
100.92
-2.67
100
23.5
18.25
100
100.52
-82.75
100
100.02
0.05
100
148.47
-43.98
100
139.42
-14.66
100
101.7
-30.64
100
125.9
3.74
73.43
101.97
-11.53
100
150.07
-48
100
100.01
0.03
100
151.25
-51.89
100
143.76
-28.51
100
100
-90.72
100
144.84
65.49
100
100.01
0.02
100
100.01
0.02
100
100.07
-82.11
100
101.7
-16.66
100
155.08
-64.45
100
157.25
-69.8
100
137.71
-8.74
100
24.58
17.06
100
100.57
-81.83
100
152.39
-51.96
100
100.87
-68.47
100
156.17
-65.94
100
100.02
0.06
100
100.03
-95.6
100
100
0
100
135.1
0.26
100
152.83
-56.17
100
130.24
44.88
26.83
4.51
59.19
96.79
156.95
-70.39
100
100.73
-73.2
100
142.26
-23.87
100
139.72
-15.68
100
137.87
-9.58
100
152.66
-56.29
100
149.96
-48.12
100
144.61
-31.54
100
100.09
-75.24
100
100.01
0.04
100
100.01
0.04
100
100.02
0.05
100
136.97
1.1
100
101.05
-60
100
145.85
-35.67
100
136.59
-2.57
100
161.65
-84.78
100
100.02
0.06
100
152.85
-53.82
100
18.09
10.06
88.1
135.9
0.02
100
141.92
-22.85
100
136.81
0.04
100
151.7
-53.32
100
101.54
-38.81
100
152.89
-57.76
100
136.81
0.05
100
136.15
0.01
100
100.78
-66.47
100
145.24
-33.21
100
101.39
0.01
100
100.01
0.03
100
154.53
-62.05
100
136.87
0.03
100
136.64
0.23
100
153.1
-58.36
100
158.57
-74.37
100
135.01
0.05
100
100
0
100
136.8
0
100
22.61
13.73
100
144.69
-31.93
100
127.21
37.45
97.54
161.53
-83.22
100
100.02
0.05
100
135.12
0.03
100
100.01
0.03
100
141.71
36.28
100
157.97
-73.29
100
23.01
15.39
100
149.57
-46.68
100
101.4
-30.44
100
17.58
22.99
100
100
0
100
100.1
0.04
100
101.98
-9.1
100
101.88
-12.85
100
23.1
14.54
100
100.16
0.04
100
101.1
-58.55
100
100.48
-84.16
100
102
-21.18
100
100.94
-65.34
100
148.16
-41.91
100
144.9
-32.61
100
101.35
-47.58
100
150.94
-51.78
100
140.72
-19
100
135.84
0.05
100
135.76
0.04
100
146.51
-37.31
100
24.02
15.15
100
135.9
0.07
100
151.68
-53.46
100
164.51
-93.31
100
163.05
-89.05
100
100.68
-97.96
100
154.42
-61.57
100
135.52
0.28
100
159.74
-78.97
100
156.99
-69.8
100
150.5
-50.3
100
24.15
15.54
100
142.7
-24.87
100
136.18
0.27
100
164.05
-92
100
0
-100
100
154.46
-61.9
100
160.82
-82.32
100
137.55
-5.88
100
156
-67.41
100
144.37
-30.89
100
18.48
10.4
100
0
-100
100
163.12
-88.84
100
147.27
-40.04
100
139.05
-12.96
100
160.42
-81.03
100
154.68
-61.59
100
136.06
-3.24
100
17.22
8.57
85.05
141.81
-22.48
100
17.59
6.75
65.85
153.08
-58.49
100
17.64
6.44
63.02
158.8
-76.03
100
17.78
4.93
47.01
163.9
-91.63
100
159.5
-77.85
100
193.7
53.1
35.66
132.34
93.62
46.08
132.27
96.81
36.86
129.17
51.32
58.4
132.23
94.18
47.19
190.86
56.7
31.7
193.24
52.17
27.06
132.55
97.64
49.8
3.31
43.27
39.48
129.3
51.29
62.91
3.71
56.02
38.74
190.79
56.95
32.18
64.59
89.33
35.29
131.94
87.9
49.41
190.39
58.11
29.02
128.81
50
61.7
128.72
48.86
63.27
6.11
68.75
31.37
2.15
39.51
48.58
189.58
60.94
25.1
4.13
36.96
51.52
191.44
55.71
27.25
128.38
45.82
60.03
189.13
57.58
26.21
8.4
71.05
43.56
128.25
44.96
68.29
4.43
70.24
50.2
128.33
45.47
62.6
128.38
57.62
46.7
128.19
44.77
68.17
188.95
57.31
24.14
188.66
57.61
23.91
188.76
57.73
24.5
6.96
59.26
30.61
69.52
84.14
35.24
128.12
45.38
56.49
4.58
53.73
100
144.44
50.3
21.57
7.65
71.73
26.41
139.05
66.08
21.43
127.89
42.71
66.75
127.9
42.84
68.37
127.78
69.09
36.96
143.96
57.64
20.1
127.81
41.88
59.15
143.95
57.35
20
137.48
65.6
21.46
102.18
-12.94
100
127.68
43.93
46.87
127.7
41.86
61.83
100.99
-43.73
100
100.32
-52.89
100
127.51
49.2
37.86
102.56
-6.39
100
102.29
-43.6
100
100.13
-49.8
100
100.13
-46.27
100
101.96
-21.96
100
103.72
-29.24
100
155.77
-65.75
100
139.22
-12.94
100
129.72
4.49
81.12
149.02
-42.75
100
100.21
-58.75
100
154.25
-58.82
100
130.63
20.17
56
100.21
-68.68
100
141.31
-20
100
131.63
20
100
152.37
-51.76
100
134.16
4.01
51.37
136.21
0.39
100
100.13
-76.34
100
151.76
-52.9
100
142.38
-23.9
100
141.76
-21.76
100
105.06
7.78
67.19
112.26
-41.41
100
23.05
21.31
100
135.36
0.05
100
101.99
-16.63
100
100.07
-75.69
100
136.8
0.46
100
100.01
0.04
100
146.54
-37.84
100
102.41
-3.14
100
136.48
0.35
100
134.96
22.75
50.48
135.8
0.05
100
149.8
-47.06
100
151.6
-53.06
100
136.37
0
100
104.26
10.14
45.65
101.57
-54.71
100
148.07
-42.21
100
101.77
-32.24
100
145.09
-33.13
100
136.5
0.07
100
136.48
0
100
1.26
89.58
69.21
102.24
-5.95
100
100.49
-59.62
100
147.5
-40.65
100
137.52
8.19
100
101.33
0.02
100
101.96
-60.59
100
131.45
16.13
48.63
151.78
-52.12
100
100.13
-71.42
100
102.11
-16.1
100
100.01
0.02
100
101.81
-28.25
100
136.3
0.04
100
136.27
0.17
100
102.27
-41.05
100
100
0
100
100.24
0.04
100
100.01
0.04
100
151.62
-49.06
100
102.24
-8.82
100
100.1
-73.73
100
141.66
-21.98
100
147.19
-37.49
100
100.58
-80.41
100
103.59
-44.36
100
141.72
33.23
54.55
151.23
-51.1
100
135.41
0.03
100
100.57
0.06
100
101.87
-24.56
100
100.01
0.03
100
102.85
4.98
100
22.6
21.53
100
159.17
-74.69
100
135.44
12.2
39.17
100.01
0.04
100
122.64
5.56
56.41
139.02
-13.43
100
147.32
-40.3
100
196.93
65.76
66.43
100.92
-66.88
100
100.7
-75.95
100
101.8
-14.11
100
100.01
0.02
100
148.8
-43.86
100
6.96
57.48
100
150.34
-49.33
100
141.1
-19.95
100
100.1
-91.69
100
137.31
-7.45
100
123.09
3.87
81.12
100
0
100
153.46
-59.52
100
100.16
-80.81
100
100.03
0.09
100
131.62
66.23
100
128.84
41.35
31.88
100.01
0.03
100
122.87
4.85
51.44
157.56
-70.72
100
100.81
-70.89
100
152.81
-53.57
100
152.56
-55.49
100
100.07
-97.25
100
100.01
0.03
100
137.76
-9.15
100
135.1
1.18
100
140.86
-19.3
100
100
0.01
100
100.02
0.05
100
101.49
-42.86
100
136.65
-2.46
100
157.02
-69.05
100
156.07
-67.73
100
137.1
1.97
100
100.01
0.04
100
161.68
-84.83
100
17.41
9.69
85.49
100.06
-79.04
100
151.26
-52.19
100
136.08
-3.45
100
147.18
-39.46
100
142.33
-24.18
100
144.01
-29.75
100
136.88
0.03
100
136.84
0.04
100
136.18
0.05
100
101.69
-32.69
100
149.67
-47.07
100
153.39
-55.9
100
136.17
0.05
100
101.05
-54.51
100
139.29
-14.15
100
100.05
0.04
100
100.01
0.03
100
150.9
-51.59
100
136.71
0.69
100
143.26
-26.91
100
136.95
0.05
100
152.49
-55.79
100
151.19
-52.41
100
158.42
-74.08
100
18.01
20.48
100
136.83
0.07
100
135.29
0.04
100
100
0.01
100
161.13
-83.27
100
142.09
-23.48
100
100.01
0.04
100
145.23
64.31
100
135.36
0.03
100
100.01
0.04
100
156.58
-69.08
100
23.05
16.67
100
147.72
-40.88
100
101.18
-34.12
100
100.38
0.01
100
100.01
0.03
100
101.77
-8.58
100
22.73
14.96
100
100.03
0.03
100
101.28
-51.67
100
101.63
-35.15
100
100.59
-80.08
100
101.08
-59.23
100
101.51
-41.5
100
144.88
-32.68
100
148.5
-43.04
100
149.32
-46.61
100
135.82
0.15
100
139.33
-14.39
100
135.78
0.15
100
24.16
15.57
100
144.67
-31.45
100
136.06
0.03
100
164.72
-94.12
100
150.74
-49.85
100
163
-88.89
100
135.63
0.28
100
100.78
-97.59
100
24.62
15.89
100
148.7
-44.65
100
159.05
-76.85
100
153.8
-60.04
100
136.33
0.34
100
140.77
-18.68
100
153.39
-57.84
100
164.75
-94.12
100
136.74
-3.65
100
0
-100
100
159.78
-79.11
100
152.82
-57.19
100
18.89
11.59
100
153.85
-60.75
100
141.77
-22.43
100
137.45
-7.2
100
159.04
-76.79
100
144.77
-31.98
100
162.66
-87.59
100
17.08
9.2
91.61
0
-100
100
17.47
7.34
71.57
17.47
7.44
73.29
140.15
-17.05
100
17.72
5.73
54.45
151.3
-52.92
100
154.73
-61.87
100
135.15
0.02
100
157.06
-70.68
100
162.2
-86.48
100
159.03
-76.44
100
129.41
48.08
51.11
131.9
88.17
36.47
194.12
50.82
33.09
65.86
95.18
32.55
132.19
96.57
45.69
128.93
50.17
58.63
192.62
55.35
35.42
130.86
77.31
42.35
190.76
56.58
30.93
128.9
50
61.96
3.37
45.17
40.6
132.11
90.02
48.14
65.7
93.81
38.04
129.17
52.63
59.61
191.71
55.57
32.98
4.61
57.44
35.01
190.59
57.06
31.96
190.5
69.25
27.51
6.63
71.12
31.57
128.37
45.78
67.27
1.79
41.89
44.89
128.46
46.34
59.82
189.07
56.8
24.51
128.33
45.48
67.33
4.16
38.77
47.6
128.4
45.81
62.39
191.01
56.03
25.55
9.37
71.19
41.94
128.23
57.78
47.14
4.62
71.58
51.05
188.77
57.87
24.52
188.56
57.08
22.4
128.09
45.44
56.82
188.04
58.6
22.34
71.01
83.78
35.76
7.56
64.41
30.25
188.27
57.85
23
127.96
42.95
68.28
127.96
43.06
66.81
144.12
56.07
16.96
144.19
56.13
17.83
59.63
77.75
26.51
135.97
64.9
22.71
127.72
70.26
38.4
127.73
41.69
59.13
140.69
55.51
20.21
128.21
38.36
60.65
139.78
54.86
20.05
134.49
66.93
21.68
127.64
43.55
49.37
102.17
-13.77
100
100.97
-43.17
100
127.12
53.4
37.15
100.13
-48.79
100
128.49
34.82
59.41
128.41
36.17
48.06
101.79
0.03
100
100.54
-48.83
100
100.13
-50.46
100
100.14
-48.22
100
102.22
-14.12
100
101.91
-24
100
137.39
-7.06
100
155.49
-65.1
100
137.84
-9.41
100
101.1
-53.2
100
154.51
-60
100
132.54
10.89
69.24
100.09
-79.7
100
137.1
-6.27
100
131.37
23.14
100
101.83
-44.05
100
131.63
19.35
100
152.78
-53.49
100
149.87
-47.19
100
102.81
-19.74
100
101.57
-37.25
100
100.31
-85.86
100
140.51
-17.99
100
151.17
-51.27
100
130.53
22.13
63.79
24.08
15.88
100
135.47
0.09
100
100.46
0.02
100
147.02
-39.61
100
136.82
0.68
100
136.29
0.95
100
105.46
-7.11
100
135.79
0.03
100
159.22
-76.47
100
136.17
0
100
108.43
-8.63
100
146.45
-37.21
100
136.57
0.03
100
136.55
0.03
100
144.33
-30.68
100
134.57
14.07
52.94
102.48
-8.63
100
146.9
-38.26
100
145.68
-34.87
100
102.04
0.03
100
100.01
0.04
100
106.01
-14.51
100
100.15
-71.23
100
100.65
-58.35
100
100.13
-50.2
100
141.21
38.64
100
100
0
100
1.25
89.77
72.86
136.41
0
100
136.27
0.2
100
100.1
-74.36
100
100.66
-57.72
100
102.39
-3.2
100
152.16
-54.31
100
149.48
-45.9
100
100.53
-83.66
100
100
0.01
100
101.39
-58.9
100
100.1
0.03
100
102.25
-9.98
100
101.94
-22.69
100
138.1
-10.31
100
102.2
-34.59
100
100
0.01
100
151.88
-50.08
100
102.01
-18.51
100
136.46
21.87
63.65
135.35
0
100
108.66
7.29
59.94
101.01
-62.71
100
149.73
-46.58
100
100.65
-78.43
100
100.41
0.03
100
21.9
21.53
100
104.73
14.18
100
100.01
0.03
100
195.28
74.56
47.9
160.37
-77.96
100
138.75
-12.52
100
153.67
-59.08
100
146.43
-37.57
100
101.88
-13.52
100
100
0.01
100
153.99
-58.17
100
136.29
-4.06
100
100.16
-92.21
100
146.77
-36.83
100
138.85
-12.59
100
148.85
-44.92
100
100
0
100
151.61
-53.77
100
128.19
40.21
36.16
88.32
33.77
100
100.13
-80.2
100
100.01
0.02
100
100.01
0.02
100
101.48
-41.44
100
125.45
4.15
81.96
100.01
0.03
100
137.23
-4.13
100
136.7
-5.51
100
100.01
0.03
100
101.67
-35.49
100
16.89
9.39
76.6
153.7
-59.48
100
139.57
-15.02
100
100.2
-97.75
100
124.91
6.25
45.88
161.89
-85.54
100
153.33
-55.59
100
135.29
0.59
100
137.14
1.99
100
100.02
0.05
100
158.27
-73.1
100
100.05
-82.42
100
136.85
0.1
100
155.3
-65.37
100
136.12
0.03
100
136.92
0.05
100
157.49
-70.83
100
101.87
-25.26
100
100.02
0.05
100
140.02
-16.6
100
100.01
0.02
100
144.36
-30.6
100
149.32
-46.17
100
147.34
-39.86
100
136.61
2.65
100
141.91
-22.92
100
135.19
0.04
100
136.4
0.04
100
153.93
-57.79
100
137.01
0.03
100
136.75
-5.8
100
148.52
-44.15
100
149.9
-47.81
100
140.53
-18.08
100
149.08
-45.79
100
136.89
0.04
100
157.62
-71.71
100
100.01
0.04
100
160.83
-82.22
100
135.56
0.05
100
139.4
-14.63
100
100.02
0.06
100
135.6
0.05
100
154.28
-62.01
100
100
0
100
22.54
18.31
100
145.54
-33.92
100
101.32
-30.74
100
100.01
0.03
100
101.61
-5.25
100
7.71
57.84
100
100.01
0.02
100
101.44
-44.79
100
100.71
-75.02
100
101.23
-52.96
100
101.65
-35.34
100
145.1
-32.94
100
146.98
-38.21
100
135.64
0.92
100
149.37
-46.76
100
135.87
0.05
100
137.89
-9.62
100
24.37
15.46
100
144.44
-30.88
100
136.18
0.02
100
164.76
-94.19
100
135.75
0.56
100
163.04
-88.94
100
149.91
-46.88
100
25
16.27
100
147.31
-40.19
100
136.47
0.33
100
158.25
-74.41
100
100.86
-97.41
100
153.39
-58.8
100
138.88
-12.56
100
152
-53.33
100
136.46
-2.06
100
19.48
11.8
100
165.15
-95.33
100
151.14
-52.29
100
158.71
-75.8
100
32.7
-97.09
100
150.87
-51.17
100
139.24
-14.11
100
157.7
-72.63
100
136.33
-3.09
100
17.39
9.6
97.07
142.18
-23.61
100
161.25
-83.24
100
17.59
6.54
61.89
0
-100
100
17.34
8.03
79.64
17.34
8.08
80.69
138.52
-11.61
100
155.58
-66.1
100
149.43
-47.06
100
135.3
0.01
100
155.45
-63.37
100
160.7
-81.91
100
158.13
-73.87
100
1.62
39.82
53.18
64.73
90.7
33.73
194.72
51.02
39.65
128.87
50.32
61.57
64.37
91.03
28.43
129.06
51.72
55.77
0.13
45.9
50.83
131.77
87.62
45.95
193.35
54.36
35.57
64.77
90.39
40.13
190.28
56.69
29.58
6.16
54.14
30.78
3.48
49.68
41.31
190.76
56.72
31.11
128.76
45.65
67.58
190.25
64.91
26.82
190.2
57.29
30.67
6.81
72.68
33.02
128.49
46.77
59.61
128.96
46.65
67.25
128.48
46.46
61.96
135.29
23.53
30
1.44
44.74
41.31
189.02
61.85
22.61
8.81
71.24
44.36
128.17
57.73
47.59
4.02
42.52
45
139.84
59.15
16.08
4.64
72.62
52.92
190.53
57.31
23.51
128.14
44.6
57.98
188.15
57.92
22.91
136.88
38.3
18.43
188.04
57.2
20.81
69.52
84.97
37.23
128.64
39.73
66.8
128.51
39.91
65.83
7.86
69.86
30.37
146.37
59.84
20.54
187.5
58.51
21.33
138.89
53.87
17.19
141.09
54.22
18.03
61.33
77.64
28.53
131.93
30.53
24.84
127.79
41.9
60.38
127.53
68.47
40.2
132.8
63.85
24.36
127.72
41.77
61.57
137.19
53.97
21.03
129.12
41.48
20.39
127.67
43.92
50.92
134.86
53.38
21.52
131.98
61.92
22.79
102.24
-10.14
100
128.11
38.74
60.1
127.08
53.65
36.78
124.32
37.84
29.02
120.89
35.88
30
101.11
-41.14
100
127.73
40.68
50.13
100.13
-45.29
100
101.1
0.04
100
101.11
-42.65
100
100.09
-52.88
100
100.21
-51.66
100
102.37
-10.69
100
102.01
-20.53
100
136.23
-4.12
100
155.96
-66.57
100
100.82
-69.71
100
152.59
-53.81
100
153.33
-56.08
100
100.13
-51.76
100
154.64
-61.18
100
100.14
-84.46
100
142.35
-23.53
100
137.88
-8.33
100
101.08
-59.64
100
103.17
-20.31
100
149.56
-46.24
100
153.33
-55.29
100
136.51
-4
100
100.28
-94.34
100
23.27
15.59
100
102.16
-13.28
100
136.55
0.16
100
146.6
-38.04
100
139.37
-14.29
100
149.67
-46.75
100
132.83
15.64
54.6
136.89
1.37
100
136.08
0
100
136.47
-2.26
100
159.41
-77.25
100
136.55
0
100
136.56
0.06
100
144.35
-30.53
100
100.01
0.02
100
100.06
0.03
100
143.91
-29.33
100
119.77
32.63
92.55
143.87
-29.17
100
100.19
-71.66
100
103.18
-6.41
100
146.24
-36.47
100
134.5
5.2
49.52
100.05
-74.69
100
100.6
-82.12
100
101.77
0.03
100
136.34
0
100
136.29
0.04
100
100.13
-58.24
100
1.93
86.71
79.18
100.02
0.07
100
100.09
-51.24
100
100
0.01
100
100.02
0.06
100
151.93
-53.63
100
102.15
-13.2
100
149.41
-46.57
100
101.05
-61.1
100
100.89
-54.74
100
100.65
-74.12
100
100.78
-62.35
100
102.33
-3.72
100
135.24
0
100
102.05
-18.09
100
102.05
-27.02
100
75.88
67.17
60.52
152.08
-50.89
100
100.92
2.09
100
150.88
-50.88
100
148.03
-41.4
100
20.49
24.8
100
138.03
79.26
42.93
100.01
0.03
100
101.99
-12.21
100
138.61
-12.01
100
145.5
-34.5
100
100.01
0.03
100
153.66
-59.16
100
135.05
0.04
100
100
0
100
139.61
30.2
100
127.82
39.64
40.35
106.17
-49.38
100
100.01
0.03
100
137.79
-8.94
100
143.13
-25.72
100
148.63
-44.2
100
147.15
-39.57
100
154.05
-58.63
100
100.01
0.03
100
100.01
0.03
100
137.08
-5.74
100
102.79
-70.78
100
15.1
14.87
85.69
100.01
0.03
100
135.75
-2.08
100
162.02
-85.91
100
138.1
-9.93
100
152.48
-55.88
100
129.8
4.79
86.91
137.3
3.49
100
106.84
-59.26
100
100.01
0.03
100
136.8
0.11
100
134.09
13.56
100
136.05
0.03
100
133.16
6.16
44.55
153.85
-57.32
100
100
-85.36
100
136.97
0.07
100
136.49
2.75
100
100.01
0.04
100
107.67
-75.38
100
100.01
0.02
100
102.06
-17.7
100
154.26
-62.15
100
144.52
-30.93
100
137.05
0.03
100
137.98
-9.77
100
139.46
-14.86
100
157.35
-70.77
100
141.48
-21.33
100
146.99
-38.89
100
136.56
0.01
100
154.39
-59.56
100
147.33
-39.77
100
136.88
0
100
135.4
0.02
100
145.9
-35.83
100
138.28
-10.7
100
135.11
0.02
100
100.01
0.03
100
146.52
-37.62
100
156.52
-68.47
100
160.16
-80.2
100
100
0
100
136.76
-5.84
100
135.82
0.04
100
152.06
-55.22
100
135.83
0.05
100
100
0
100
137.41
-6.51
100
22.16
20.39
100
143.49
-27.16
100
101.8
-20.26
100
100.01
0.03
100
101.3
-2.55
100
100.01
0.04
100
100.85
-69.11
100
101.59
-37.69
100
101.38
-46.95
100
101.79
-29.44
100
118.36
-32.87
100
145.39
-33.42
100
127.95
5.83
100
129.15
6.09
100
148.56
-44.2
100
14.61
38.65
100
143.79
-28.91
100
136.5
-4.93
100
136.32
0.02
100
135.57
0.76
100
163.93
-91.71
100
163.01
-88.95
100
25.31
16.65
100
148.43
-42.46
100
146.11
-36.41
100
136.59
0.39
100
157.92
-73.45
100
165.29
-95.59
100
137.09
-6.67
100
152.73
-57.34
100
135.86
0.37
100
151.01
-50.48
100
20
12.15
100
148.78
-44.84
100
156.43
-68.66
100
165.78
-97.22
100
135.38
0.39
100
157.54
-72.26
100
136.91
-6.28
100
0
-100
100
18.05
10.39
100
148.56
-43.9
100
139.52
-14.85
100
17.45
7.29
69.36
159.29
-77.35
100
17.24
8.57
87.35
0
-100
100
17.25
8.54
87.73
153.73
-60.4
100
137.13
-6.97
100
147.67
-41.48
100
135.47
0.04
100
155.17
-63.41
100
158.95
-76.64
100
156.09
-67.66
100
189.88
53.57
21.96
132.54
95.24
32.94
132.31
94.46
42.48
132.33
93.97
39.02
129.55
49.08
49.54
192.06
54.29
32.03
2.03
39.04
63.49
129.29
52.34
56.57
64.07
89.61
30.2
131.04
76.47
46.67
194.18
51.14
37.73
64.41
88.51
38.38
198.54
47.92
45.88
193.01
54.55
33.86
190.05
56.71
28.35
6.58
57.89
29.8
3.66
54.12
39.69
128.53
47.32
59.3
128.56
46.86
61.62
189.9
56.82
25.88
190.52
56.86
30
6.12
73.65
37.04
189.78
57.12
29.13
140.43
38.15
24.41
128.17
58.1
47.84
8.26
71.5
47.61
188.47
59.5
20.98
1.43
47.71
38.93
141.74
53.15
14.51
128.22
45.91
57.98
4.42
46.81
42.83
4.66
73.46
54.67
131.59
49.71
16.86
188.88
59.45
21.29
128.65
39.36
69.74
68.65
85.52
38.54
187.13
57.75
19.03
187.35
58.74
21.08
8.42
73.53
30.83
144.41
58.06
20.25
146.57
59.3
19.63
136.2
51.92
18.11
127.77
42.1
61.51
138.08
53.01
18.52
128.22
36.61
22.64
127.79
42.1
63.07
127.64
68
42.06
62.51
78.42
30.92
130.53
55.74
26.51
128.62
38.49
23.77
127.69
43.78
52.83
134.06
53.25
22.19
131.92
48.73
23.2
129.42
54.59
25.11
127.75
41.14
60.52
102.3
-6.39
100
6.42
67.55
34.64
127.08
53.79
38.4
134.15
80.45
28
127.54
44.5
40.02
101.32
-38.25
100
100.13
-46.67
100
100.68
0.13
100
101.29
-39.74
100
100.09
-55.05
100
100.28
-53.01
100
102.4
-3.63
100
102.05
-17.25
100
135.27
0.04
100
100.78
-73
100
134.61
1.12
100
155.35
-64.88
100
151.51
-51.41
100
100.1
-54.12
100
152.55
-52.47
100
131.56
19.35
43.14
100.15
-85.29
100
140.39
-17.91
100
101.09
-60.56
100
136.93
-6.47
100
153.81
-58.33
100
138.76
-11.81
100
102.42
-21.31
100
15.79
28.42
100
136.42
0.36
100
149.31
-45.85
100
146.8
-38.82
100
105.61
-79.91
100
153.81
-57.32
100
100.04
0.05
100
135.95
0
100
158.95
-75.88
100
136.92
1.9
100
100.02
0.05
100
136.37
-2.12
100
136.6
0
100
136.54
0
100
142.87
-25.78
100
138
-9.86
100
148.47
-43.19
100
100.26
-70.52
100
153.99
-58.43
100
142.13
-23.55
100
143.31
-27.47
100
100.04
-75.91
100
100.3
0.03
100
135.79
0
100
105.92
9.35
41.96
100.01
0.03
100
142.1
-23.06
100
149.38
-44.44
100
102.29
-7.89
100
135.53
2.22
100
101.05
-58.43
100
100
0
100
150.81
-49.5
100
100.65
-77.25
100
100
0
100
0.38
93.73
72.98
151.7
-52.94
100
100.08
-55.87
100
100.08
-52.97
100
135.16
0
100
147.61
-40.77
100
102.24
0.89
100
101.12
-49.49
100
101
-59.22
100
102.16
-13.52
100
102.19
-10.95
100
109.73
28.58
94.85
102.09
-16.47
100
152.25
-51.66
100
133.33
65.05
40.39
199.74
81.67
100
100.15
0.44
100
138.56
-11.85
100
146.34
-36.35
100
149.62
-46.73
100
100
0
100
143.87
-28.71
100
149.28
-43.14
100
135.17
0.04
100
100
0
100
100.01
0.03
100
127.68
39.76
44.4
156.47
-67.84
100
139.52
22.22
100
100.01
0.03
100
135.98
-2.01
100
100.01
0.03
100
143.91
-28.28
100
137.35
-7.23
100
140.61
-18.41
100
145.29
-33.75
100
100.01
0.04
100
135.21
0.03
100
102.22
-15.29
100
162.45
-87.23
100
153.86
-58.41
100
136.11
-2.65
100
134.88
6.22
100
138.37
11.48
100
135.96
0.04
100
100.2
0.59
100
151.03
-51.44
100
135.16
4.71
100
119.69
3.26
84.31
100
0
100
136.96
0.14
100
100.01
0.03
100
133.82
4.76
85.15
135.56
2.59
100
126.49
3.57
87.84
102.09
-4.84
100
151.9
-53.02
100
154.39
-59.44
100
137.08
0.03
100
141.2
-20.25
100
135.85
2.32
100
106.9
-77.37
100
153.24
-58.98
100
137.06
-6.92
100
144.82
-31.8
100
136.85
-5.71
100
136.67
0.02
100
136.52
-4.77
100
100.01
0.02
100
139.25
-14.02
100
156.19
-67.52
100
154.92
-61.53
100
143.26
-27.35
100
144.58
-31.16
100
156.61
-68.76
100
135.3
0.03
100
154.94
-63.78
100
100
0
100
143.93
-29.24
100
135.62
0.04
100
135.11
0.04
100
136.05
0.05
100
199.25
66.26
91.67
149.49
-47.18
100
135.68
0.28
100
136.05
0.05
100
100.01
0.03
100
141.58
-20.77
100
101.37
-31.37
100
100.01
0.03
100
101
0.04
100
100.01
0.03
100
100.95
-65.32
100
101.72
-31.42
100
101.5
-41.32
100
101.93
-23.61
100
117.29
-33.9
100
144.17
-29.52
100
148.44
-43.88
100
125.46
3.01
72.81
135.89
-2.79
100
121.75
6.24
100
136.46
0.05
100
164.02
-91.98
100
24.97
18.47
100
163.54
-90.55
100
145.05
-33.04
100
146.66
-37.1
100
136.72
0.57
100
157.61
-72.39
100
135.75
-2.09
100
136.02
0.31
100
152.2
-55.8
100
100.78
-97.65
100
20.41
12.48
100
149.76
-46.8
100
146.63
-37.98
100
155.21
-64.82
100
135.58
0.35
100
19.03
11.26
100
135.09
0.04
100
156.39
-68.73
100
165.85
-97.39
100
32.85
-97.73
100
145.96
-35.66
100
136.83
-5.84
100
17.38
7.82
76.67
17.16
9.02
95.05
157.23
-71.01
100
17.17
8.95
94.63
151.91
-54.65
100
0
-100
100
145.92
-35.86
100
136.35
-4.04
100
135.61
0.02
100
155.56
-64.75
100
157.22
-71.3
100
153.67
-60.15
100
199.36
45.98
40.65
192.02
54.42
31.34
129.34
54.96
47.45
67.06
97.65
33.33
67.54
96.49
44.71
129.22
54.58
49.22
66.84
97.44
38.24
197.34
47.92
37.65
191.6
58.68
31.63
2.78
35
47.06
2.41
37.79
67.23
131.07
77.28
41.86
64.22
89.33
29.41
66.98
96.82
41.88
196.74
48.57
43.6
128.65
47.85
59.31
128.61
47.66
61.54
6.92
63.85
30.59
194.72
50.19
33.86
189.81
56.62
27.09
192.92
54.43
32.35
3.99
59.54
37.54
189.55
56.75
24.71
6.16
74.72
38.4
125.64
63.39
37.65
190.11
56.74
27.96
0.16
71.5
40.59
128.33
60.09
47.6
189.62
57.17
27.47
9.22
71.39
45.43
128.31
46.47
58.26
120.78
27
23.53
123.21
46.43
21.96
187.62
56.82
19.48
128.63
39.32
69.22
1.22
53.07
35.5
4.67
74.07
57
137.69
69.13
19.83
4.5
52.99
40.19
70.38
85.26
38.99
145.54
61.81
19.36
146.79
58.16
17.56
127.36
35.86
28.43
146.46
59.05
19.55
59.04
75.95
32.97
127.8
42.36
62.53
132.79
50.89
19.64
144.77
57.34
19.12
127.81
42.33
64.28
141.6
56.13
20.16
127.31
35.38
25.27
135.11
51.95
19.43
126.8
35.14
29.02
127.65
70.71
42.84
63.78
80.25
32.6
127.74
36.78
26.48
127.72
44.27
54.36
128.9
51.71
28.84
127.75
41.7
60.59
131.39
47.12
23.7
129.77
42.56
25.33
128.11
51.53
27.85
5.05
69.15
37.21
102.35
-4.61
100
127.09
53.99
39.32
133.32
79.42
31.24
127.62
44.41
40.67
101.45
-35.58
100
100.12
-48.3
100
100.5
0.81
100
101.46
-36.65
100
100.1
-57.6
100
102.29
0.05
100
100.38
-53.88
100
102.18
-13.07
100
100.65
-78.71
100
135.29
0.12
100
125.87
17.79
42.52
134.61
1.41
100
125.22
24.95
63.4
154.44
-62.32
100
135.95
-2.75
100
138.13
15.11
96.04
150.57
-48.93
100
153.27
-55.2
100
123.14
19.76
42.52
123.4
13.92
47.13
103.3
-79.82
100
140.58
-18.32
100
19.14
10.9
100
100.96
-64.88
100
157.22
-70.49
100
135.06
0
100
135.76
2.16
100
100.04
0.04
100
196.14
62.28
94.77
154.18
-59.9
100
155.29
-63.14
100
100.01
0.02
100
144.84
-32.24
100
158.53
-74.8
100
136.58
0.06
100
135.73
0.13
100
136.55
0
100
100.38
-68.81
100
136.84
2.42
100
148.3
-42.86
100
141.04
-19.98
100
100.28
-94.51
100
100.07
-76.31
100
140.58
-18.48
100
154.12
-58.43
100
143.42
-27.88
100
100.01
0.02
100
100.01
0.04
100
137.16
-7.02
100
154.68
-60.39
100
146.97
-38.6
100
101.05
-54.35
100
102.35
-3.12
100
135.52
0
100
101.1
-57.03
100
138.79
17.61
100
100.45
0.22
100
140.68
-18.26
100
100.81
0.72
100
103.88
6.94
45.18
148.39
-42.16
100
151.87
-52.94
100
136.27
-3.44
100
152.81
-56.47
100
2.07
86.57
83.53
145.83
-35.34
100
100.07
-57.89
100
142.84
-24.12
100
100.12
-54.85
100
102.22
-11.2
100
129.5
49.32
47.71
101.66
0.88
100
195.58
75.1
100
101.18
-54.02
100
100
0
100
138.88
-11.74
100
101.38
-41.67
100
100
0
100
102.27
-5.47
100
152.32
-52.2
100
102.22
-12.06
100
141.25
31.06
78.69
144.16
-29.49
100
100.01
0.04
100
149.74
-47.25
100
135.24
0.04
100
102.16
-7.45
100
127.67
40.14
48.43
149.01
-43.4
100
100.01
0.04
100
135.06
0.13
100
138.24
14.64
100
154.99
-63.27
100
101.37
3.82
100
146.1
56.72
78.82
100.03
0.09
100
136.92
-5.56
100
139.83
-15.9
100
135.35
0.02
100
162.74
-88.1
100
143.22
-27.13
100
135.84
0.05
100
136.73
0
100
135.41
0.63
100
137.62
9.8
100
153.37
-57.23
100
100
0
100
149.37
-46.34
100
100.01
0.04
100
136.96
0.25
100
137.08
0.08
100
135.79
0
100
130.26
8.33
100
133.54
5.32
89.31
138.95
-12.83
100
154.87
-61.29
100
150.24
-48.21
100
100
0
100
155.11
-64.57
100
142.27
-23.63
100
152.24
-55.85
100
135.18
0.03
100
100
0
100
135.01
0.04
100
106.53
-78.54
100
136.8
0.01
100
136.18
-3.04
100
152.77
-57.17
100
140.67
-18.86
100
135.33
0.03
100
155.75
-64.44
100
141.78
-22.22
100
137.27
-7.25
100
135.59
0.05
100
142.29
-23.76
100
147.1
-39.62
100
136.08
0.16
100
136.24
0.05
100
155.43
-65.23
100
136.27
0.01
100
100
0
100
135.81
0.02
100
140.19
-16.25
100
102.36
-27.6
100
100.01
0.02
100
100.66
0.03
100
100.01
0.02
100
101.06
-60.52
100
102.03
-18.43
100
101.63
-36.11
100
101.84
-26.52
100
112.29
-38.43
100
116.94
-38.52
100
142.45
-24.19
100
147.95
-42.24
100
118.6
2.9
81.12
135.14
0.01
100
136.57
0.03
100
163.46
-90.31
100
1.15
73.43
97.74
163.62
-90.75
100
144.03
-29.69
100
136.83
0.4
100
144.65
-30.83
100
135.98
1.34
100
156.81
-69.96
100
135.27
0.03
100
152.02
-55.13
100
20.69
12.78
100
105.43
-80.28
100
144.59
-31.44
100
148.31
-42.44
100
154.15
-61.58
100
135.8
0.38
100
19.98
12.14
100
135.35
0.04
100
155.43
-65.77
100
17.29
8.42
83.12
0
-100
100
143.23
-26.86
100
135.12
0.18
100
0
-100
100
17.56
9.63
100
155.04
-64.25
100
150.1
-48.98
100
17.33
9.42
100
144.18
-30.26
100
135.93
-2.17
100
0
-100
100
135.83
0
100
155.48
-64.75
100
155.57
-66.24
100
151.62
-53.8
100
137.8
58.93
21.96
1.88
39.43
53.46
138.33
82.5
15.69
65.31
91.84
28.82
132.31
90.82
38.43
2.78
35.95
38.73
191.95
55.17
34.12
135.16
68.16
19.71
131.33
83.78
44.12
198.48
47.32
49.2
191.28
59.51
29.78
64.92
90.67
33.63
4.12
42.7
37.59
64.03
88.01
40.88
131.88
41.3
18.04
2.32
38.03
60.59
128.78
48.83
58.82
128.71
48.11
61.22
134.12
62.48
26.01
195.55
49.73
37.95
6.4
66.84
33.12
133.57
92.14
30.86
110.52
18.25
41.25
189.53
56.36
25.45
3.85
66.83
39.02
194.62
50.79
31.59
193.18
54.2
31.08
128.42
56.22
50.27
0
80.37
41.96
114.97
28.62
39.74
5.81
75.5
41.52
129.26
26.67
35.29
189.41
56.02
23.45
128.3
47.41
58.03
8.69
71.42
49.18
128.1
43.6
67.45
131.31
63.76
24.53
189.55
56.66
25.56
189.35
57.04
25.56
111.6
19.81
41.9
134.08
64.71
20.36
186.65
57.41
17.76
123.11
30.68
34.51
4.76
74.37
57.67
68.75
86.06
40.36
1.14
60.3
33.41
4.61
60.66
38.12
127.24
36.83
31.59
144.86
56.28
16.93
142.35
60.05
19.54
127.84
42.52
63.36
127.83
42.58
65.05
144.34
57
19.02
59.72
75.95
35.01
127.26
35.47
28.08
130.92
44.43
20.91
126.86
36.44
32.29
142.06
55.48
18.82
127.57
67.35
44.87
132.43
49.22
20.65
138.42
54.53
20.33
127.39
36.71
28.78
63.46
78.58
34.92
127.7
44.65
55.51
127.76
41.76
60.65
128.03
48.79
30.38
129.37
41.44
25.82
128.45
38.96
27.42
4.66
69.22
40.77
127.15
54.34
41.09
127.56
49.84
29.44
102.35
-3.79
100
127.65
45.07
40.62
133.46
81.24
33.89
101.58
-33
100
100.33
0.54
100
100.12
-49.82
100
101.6
-32.89
100
100.12
-60.24
100
101.88
0.04
100
100.51
-54.27
100
100.74
-73.25
100
102.29
-8.61
100
108.5
-19.61
100
135.41
0.05
100
153.72
-58.02
100
134.84
0.99
100
136.82
-5.75
100
132.31
12.86
62.37
153.55
-59.68
100
18.15
12.71
97.7
100.54
0
100
149.48
-45.92
100
153.81
-57.23
100
153.45
-57.29
100
135.63
2.35
100
196.28
66.78
64.35
100
0
100
128.35
4.87
69.59
152.88
-56.67
100
12.69
26.32
96.86
139.77
-15.72
100
135.11
0
100
136.58
0
100
100.53
-66.43
100
146
53.54
56.55
100.06
-77.87
100
136.5
0
100
153.98
-59.71
100
155.04
-61.94
100
139.93
-15.86
100
100.01
0.04
100
100.01
0.02
100
139.18
-13.91
100
101.3
-50.2
100
149.87
-44.97
100
139.86
25
68.63
135.48
0.11
100
101.92
0.03
100
147.28
-39.63
100
101.07
-57.35
100
154.51
-60
100
146.88
-35.32
100
137.78
-9.41
100
136.35
-4.28
100
154.07
-60.17
100
154.98
-62.18
100
144.96
-32.39
100
140.24
-16.94
100
147.13
-38.1
100
136.21
-4.08
100
103.31
5.57
45.02
151.62
-52.48
100
152.16
-54.64
100
102.29
-9.61
100
115.13
8.81
68.24
1.34
89.58
81.57
149.12
-42.12
100
143.93
-29.24
100
129.12
47.96
51.24
100.09
-60.11
100
146.62
-35.82
100
136.6
-5.49
100
100.01
0.02
100
100.1
-56.54
100
101.24
0.94
100
140.99
-19.48
100
127.65
40.68
52.53
135.32
0
100
101.32
-48.35
100
100.02
0.05
100
142.07
-22.87
100
101.65
-32.6
100
137.78
-8.3
100
101.1
0.02
100
152.29
-52.39
100
149.87
-47.8
100
102.35
-6.67
100
146.39
-35.82
100
137.8
10.59
100
159.65
-78.17
100
74.51
75.88
44.44
104.05
-57.65
100
103.14
-4.31
100
153.37
-58.57
100
135.44
0.04
100
163.2
-89.47
100
136.09
-2.6
100
138.77
-12.5
100
134.97
2.2
97.84
135.77
0.05
100
140.91
-19.54
100
100
0
100
135.43
0.05
100
100
0
100
136.92
0.63
100
147.3
-39.86
100
152.54
-55.1
100
137.05
0.12
100
135.77
0.13
100
137.38
-7.31
100
154.26
-61.95
100
100.07
0.2
100
155.34
-63.02
100
139.95
-16.09
100
134.02
3.02
91.79
148.09
-41.6
100
135.57
0.04
100
135.33
0.02
100
151.04
-51.84
100
144.43
-31.07
100
151.16
-52.47
100
136.13
0.04
100
136.89
0.07
100
135.23
0.02
100
139.97
-16.18
100
138.19
-10.64
100
135.4
0.02
100
136.44
0.04
100
155.79
-64.75
100
160.09
-79.52
100
136.44
0.02
100
135.81
0.04
100
136.07
-2.76
100
139.06
-12.31
100
140.05
-16.33
100
153.68
-59.99
100
135.98
0.05
100
102.47
-22.46
100
100.01
0.02
100
100.8
-51.06
100
100.01
0.04
100
100.3
0.02
100
101.17
-56.16
100
102.16
-13.31
100
101.74
-31.43
100
102
-20.27
100
112.29
-41.25
100
152.11
-53.46
100
146.64
-38.1
100
140.88
-19.12
100
147.23
-37.82
100
135.22
0.02
100
136.69
0.02
100
162.64
-87.76
100
143.05
-26.63
100
164.71
-93.73
100
136.88
0.05
100
136.4
0.4
100
142.26
-23.22
100
155.99
-67.45
100
20.86
12.96
100
135.49
0.03
100
152.23
-55.91
100
105.97
-76.38
100
142.85
-25.77
100
152.99
-57.89
100
136
0.42
100
146.25
-35.94
100
21
12.9
100
123.93
3.83
56.27
135.59
0.03
100
154.73
-63.62
100
17.38
8.9
89.68
135.37
0.16
100
140.46
-17.84
100
100.81
-97.45
100
0
-100
100
18.71
10.64
100
143.59
55.05
18.13
148.47
-43.78
100
152.87
-57.53
100
18.3
10.3
100
142.56
-25
100
135.41
0.05
100
159.67
-77.84
100
165.97
-97.79
100
135.95
0
100
153.84
-60.83
100
153.33
-58.28
100
149.78
-48.05
100
133.33
85.33
19.61
110.09
14.07
34.68
2.99
36.57
55.27
67
96.97
38.82
67.31
97.6
40.78
3.63
34.62
61.18
127.2
54.93
19.43
4.51
40.4
32.35
130.81
71.56
44.12
191.2
56.17
32.39
137.3
78.44
26.37
101.83
-24.31
100
197.14
49.52
41.18
128.75
48.76
60.85
67.6
96.63
41.88
64.75
90.8
34.12
128.94
50
58.04
191.11
56
29.41
127.96
58.78
23.45
197.65
48.41
45.86
3.41
43.35
43.24
2.36
38.54
59.73
132.82
77.86
25.69
131.14
80.06
32.52
128.12
42.41
22.78
128.29
44.19
67.45
127.47
38.63
32.08
7.66
68.06
31.48
128.33
57.17
50.12
130.83
83.94
37.08
192.77
52.35
29.85
108.93
14.4
49.02
128.23
44.44
66.43
4.3
69.5
37.35
189.34
56.33
23.76
128.37
46.18
59.2
5.93
76.37
42.95
194.13
51.66
28.85
192.96
53.9
28.85
130.37
59.03
25.16
8.77
71.66
48.81
189.07
55.7
21.66
124.85
36.7
33.66
111.76
18.49
40.29
130.46
48
20
189.05
56.89
23.46
68.85
85.2
40.96
189
57.15
23.53
4.69
74.67
60.94
145.59
57.43
16.68
127.31
37.64
33.62
0.52
70.71
30.74
4.61
68.39
37.32
127.84
42.71
65.66
127.85
42.71
63.99
142.29
54.07
16.73
127.29
37.53
34.59
127.12
35.89
29.69
138.19
58.31
20.73
128.99
39.45
22.6
60.16
76.49
37.22
141.46
55.2
18.94
127.76
68.65
46.31
130.28
42.83
22.11
138.56
53.69
19.09
127.23
36.54
30.42
127.74
41.91
60.77
127.74
44.66
57.06
134.41
53.4
22.12
63.99
80
36.69
4.29
70.65
42.88
127.56
48.2
33.28
127.79
37.41
29.57
128.17
38.37
28.16
127.66
45.44
41.43
127.19
54.44
43.35
133.55
82.04
36.26
127.35
48.95
30.76
102.35
-2.55
100
100.27
0.24
100
101.72
-28.75
100
100.09
-51.83
100
101.71
-29.41
100
100.16
-62.34
100
101.24
0.04
100
100.39
-86.67
100
100.7
-54.49
100
102.35
-5.38
100
135.49
0.06
100
100.02
0.05
100
153.63
-58.15
100
136.05
0.59
100
137.57
-7.84
100
135.02
0.66
100
100.17
-61.59
100
144.05
-28.89
100
151.5
-50.85
100
152.42
-56.32
100
154.51
-60.39
100
154.44
-59.56
100
148.36
-42.8
100
100.05
-78.7
100
100.59
-64.68
100
84.4
38.7
19.88
142.24
44.48
75.55
136.57
0.1
100
152.84
-56.07
100
100.01
0.04
100
101.25
-52.24
100
136.47
0.2
100
100.04
0.11
100
100.25
-54.81
100
138.76
-12.44
100
151.79
-53.62
100
101.13
-54.12
100
138.1
-10.34
100
100.8
0.03
100
135.2
0.01
100
135.51
0.13
100
155.55
-63.91
100
153.12
-57.49
100
107.49
6.19
40.13
149.61
-44.38
100
19.86
11.5
100
150.2
-48.63
100
127.52
22.03
59.97
152.68
-53.17
100
135.88
-2.55
100
153.07
-57.11
100
155.2
-62.9
100
143.36
-27.37
100
139.15
-13.46
100
153.99
-59.11
100
144.94
-31.56
100
104.84
-14.31
100
154.12
-60.29
100
100.13
-56.08
100
121.89
3.48
78.82
128.7
46.55
54.66
150.98
-51.18
100
100.13
-50.15
100
100.01
0.02
100
101.14
-41.96
100
143.1
-26.62
100
126.95
72.31
79.8
102.37
-21.7
100
151.99
-50.84
100
101.24
-46.47
100
100.02
0.06
100
127.66
40.89
56.18
135.31
0
100
145.66
-32.91
100
138.95
-13.1
100
146.27
-35.82
100
136.42
-4.71
100
100.09
-62.44
100
100.82
1
100
139.87
-15.82
100
100.09
-58.61
100
101.48
-42.01
100
147.64
-40.86
100
152.08
-52.13
100
110.8
-57.7
100
136.94
3.31
100
100.28
0.02
100
102.22
-2.59
100
101.92
-23.21
100
159.1
-76.68
100
144.38
-29.78
100
100.93
-41.97
100
135.49
0.02
100
163.5
-90.36
100
100.34
-53.77
100
135.42
0
100
151.7
-53.51
100
135.64
0.02
100
135.46
0.02
100
137.94
-9.82
100
137.83
-9.3
100
135.55
0
100
136.17
1.29
100
100.6
-71.76
100
137.01
0.22
100
144.36
-30.51
100
151.38
-51.8
100
153.66
-60.15
100
136.23
-3.02
100
138.13
-9.98
100
135.77
0.04
100
141.95
-23.02
100
136.06
0.05
100
155.51
-63.89
100
148.07
-42.52
100
135.54
0.03
100
145.8
-34.57
100
134.25
2.38
90.81
108.1
-50
100
136.61
0.03
100
138.55
-11.36
100
138.18
-9.25
100
136.91
0.06
100
135.43
0.04
100
135.98
-3.26
100
150.1
-49.16
100
136.58
0.04
100
135.57
0.03
100
156.67
-67.77
100
136.01
0.04
100
159.63
-78.35
100
135.39
0.07
100
138.62
-11.49
100
136.12
0.03
100
151.8
-54.23
100
102.24
-23.53
100
100
0
100
100.02
0.06
100
100.57
-53.92
100
100.08
0.02
100
101.22
-53
100
102.18
-9
100
101.83
-27.17
100
102.08
-16.79
100
104.58
-41.57
100
151.97
-53.1
100
146.33
-37.25
100
139.26
-13.85
100
150
-45.85
100
135.36
0.03
100
136.8
0.04
100
161.09
-83.08
100
121.15
10.65
54.27
142.63
-25.23
100
156.8
-69.75
100
136.97
0
100
136.61
0.54
100
139.74
-15.15
100
20.86
13.36
100
157.49
-72.09
100
135.71
0.03
100
152.35
-56.27
100
140.73
-18.82
100
152.2
-55.28
100
156.21
-68.24
100
21.82
13.6
100
136.19
0.34
100
143.71
-28.1
100
135.83
0.03
100
135.19
12.68
57.84
17.59
9.34
93.9
153.83
-60.81
100
135.62
0.23
100
137.74
-8.77
100
19.71
11.49
100
100.78
-97.65
100
0
-100
100
121.47
6.44
38.35
143.33
43.99
20.92
146.95
-38.97
100
150.62
-50.33
100
19.23
11.12
100
141.03
-20.03
100
135.6
0.03
100
165.79
-97.36
100
134.01
6.05
35.64
135.42
0.2
100
152.24
-55.86
100
153.03
-57.48
100
146.74
-38.36
100
129.91
70.94
15.29
130.19
46.38
13.53
193.16
60
25.49
2.57
36.21
55.95
128.24
43.06
28.24
132.79
96.17
35.88
132.38
95.57
37.65
4.74
33.47
55.16
130.93
78.87
38.04
128.21
38.46
20.39
4.17
41.6
30.34
128.9
49.57
60.92
127.34
41
31.24
3.52
33.99
62.13
191.01
53.97
24.71
2.09
38.26
58.43
129.02
51.7
57.65
190.91
56.05
30.78
127.55
54.66
23.96
64.66
89.73
39.87
64.94
90.6
35.74
2.19
38.66
55.84
190.74
55.56
28.24
193.09
53.59
35.49
128.5
46.36
65.8
127.6
36.01
22.17
3.59
45.26
45.49
128.89
75.39
37.13
127.68
40.28
32.73
189.86
65.22
18.04
2.21
40.23
56.64
128.37
45.74
65.63
128.45
59.47
49.69
129.38
76.67
36.76
128.41
47.36
58.92
7.65
70.96
33.49
129.51
54.1
25.63
127.53
39.78
35.49
6.07
75.86
44.24
4.43
73.31
39.13
8.91
71.36
50.21
112.01
27.03
43.53
189.06
56.1
21.91
194.17
50.86
30.52
188.47
55.37
19.73
193.31
53.1
26.16
128
38.55
20.71
108.3
13.04
49.61
192.82
53.6
26.57
127.37
38.22
35.21
69.34
86.68
41.97
4.74
74.76
62.57
127.89
42.97
66.14
143.94
54.73
16.11
188.48
57.05
21.58
188.15
57.49
21.2
127.9
42.94
64.55
127.39
38.76
36.22
4.7
73.88
38.17
127.16
36.22
31.21
0.81
77.59
30.87
139.33
52.3
16.92
127.67
36.25
24.06
60.18
75.76
39.24
127.64
69.59
46.83
127.75
42.02
60.76
134.15
57.29
22.46
127.19
36.76
32.02
137.5
53.49
19.78
127.78
44.94
58.14
128.69
38.63
23.66
135.06
52.44
19.92
64.07
80.11
38.48
131.01
46.46
25.08
3.7
72.85
44.51
127.7
45.42
43.46
127.44
37.04
32.04
127.24
53.97
44.27
127.46
47.62
37.44
133.56
82.79
38.27
127.6
37.23
30.63
127.26
50.2
34.96
102.22
0
100
100.13
0.08
100
101.83
-25.29
100
100.1
-54.03
100
100
0
100
101.84
-24.99
100
100.75
0.04
100
100.23
-63.88
100
100.88
-53.03
100
101.14
-47.11
100
100.08
-78.51
100
100.01
0.04
100
102.34
-2.93
100
135.53
0.02
100
100.82
-61.62
100
100.15
0.44
100
135.71
-2.2
100
101.13
-51.59
100
152.75
-56.05
100
100.25
-62.87
100
135
0.94
100
100.09
0.03
100
142.61
-24.77
100
149.59
-43.69
100
147.93
-40.65
100
101.15
-56.8
100
151.46
-53.41
100
155.07
-61.98
100
100.62
-78.28
100
147.19
-39.38
100
151.64
-52.75
100
100.37
-55.66
100
137.79
-9.21
100
150.4
-49.51
100
102.29
-16.27
100
135.3
0.05
100
155.85
-65.29
100
152.07
-54.57
100
100
-58.43
100
148.76
-42.03
100
100.72
-75.3
100
148.5
-43.53
100
137.91
-9.41
100
108.71
-28.56
100
100.29
-59.53
100
123.14
12.63
64.27
153.56
-56.47
100
135.13
0.01
100
152.18
-54.69
100
103.01
-23.33
100
154.56
-61.7
100
101.69
-44.43
100
141.58
-21.61
100
101.22
-53.13
100
100.65
-73.73
100
138.02
-9.68
100
154.15
-59.84
100
128.53
45.73
57.45
144.31
-29
100
100
0
100
101.35
-56.99
100
152.81
-56.57
100
100.07
-69.72
100
100.1
-59.61
100
150.07
-48.39
100
100.02
0.06
100
143.14
-25.75
100
127.7
41.33
59.72
100.12
-51.59
100
141.27
-20.67
100
100.9
-41.13
100
101.83
-19.61
100
124.66
62.87
88.37
151.88
-50.57
100
101.16
-50.42
100
135.93
-3.11
100
149.44
-45.59
100
141.05
-19.22
100
100.11
-65.16
100
137.77
-8.94
100
100.62
0.96
100
145.52
-34.25
100
106.7
-52.84
100
163.77
-91.13
100
100
0
100
136.37
0
100
148.04
-42.55
100
101.66
-35.1
100
100.13
-60.63
100
100.38
-84.93
100
151.77
-51.6
100
135.54
0.04
100
135.43
0.02
100
158
-73.48
100
100.04
0.02
100
101.34
0
100
143.27
-26.44
100
102.12
-14.53
100
101.13
-38.24
100
148.85
-44.58
100
100.49
-53.01
100
135.67
0.04
100
100.59
0.33
100
137.34
-7.83
100
136.02
-2.74
100
135.44
0.03
100
102.91
-66.76
100
136.92
0.49
100
102.17
-5.16
100
141.03
-19.82
100
152.95
-57.94
100
100.76
-68.33
100
101.39
-45.19
100
101.96
-23.14
100
135.45
0.04
100
150.08
-48.05
100
139.98
-16.59
100
135.94
0.03
100
136.06
0.03
100
136.86
-5.47
100
146.22
-36.63
100
137.45
-6.53
100
136.75
0.02
100
135.74
0.03
100
137.47
-7.52
100
155.06
-63.02
100
136.72
0.03
100
136.95
0
100
143.47
-27.21
100
135.11
0.04
100
135.61
0.04
100
137.43
-7.39
100
149.16
-46.16
100
151.37
-50.98
100
156.76
-68.24
100
135.73
0.03
100
136.19
0
100
135.62
0.06
100
158.88
-76.12
100
137.28
-6.76
100
136.29
0.04
100
149.23
-46.35
100
100
0
100
102.07
-15.61
100
100.01
0.03
100
100.02
0.06
100
100.13
-57.84
100
101.96
-6.04
100
101.32
-49.56
100
101.93
-23.15
100
102.16
-12.22
100
149.09
-44.36
100
150.13
-46.47
100
145.65
-35.2
100
137.44
-7.96
100
135.42
0.03
100
149.07
-43.13
100
136.86
0.03
100
161.02
-82.85
100
142.4
-24.52
100
137.06
0.07
100
152
-52.34
100
145.1
-33.33
100
136.76
0.49
100
20.59
14.05
100
137.42
-7.62
100
151.07
-51.76
100
135.93
0.03
100
151.6
-53.43
100
139.11
-13.37
100
144.65
-31.61
100
22.61
14.22
100
136.37
0.21
100
151.8
-51.69
100
136.04
0.04
100
141.43
-20.73
100
18.17
10.02
97.06
153.27
-59.12
100
149.51
-45.03
100
135.86
0.28
100
20.71
12.33
100
135.06
0.27
100
100.88
-97.25
100
165.97
-97.83
100
155.47
-63.4
100
145.63
-34.71
100
160.67
-79.66
100
20.06
11.9
100
148.45
-43.48
100
139.76
-15.83
100
135.8
0.04
100
165.5
-96.46
100
154.9
-61.26
100
150.57
-50.61
100
151.63
-53.29
100
143.96
-29.38
100
123.29
40.56
19.89
194.89
50.31
31.96
128.7
45.14
28.24
193.86
57.56
27.06
131.28
56.79
15.88
195.29
50.59
33.33
2.56
36.79
67.23
66.82
97.69
42.35
67.24
97.58
37.78
128.31
41.18
19.52
127.21
43.73
30.59
128.97
50.35
56.29
129.56
57.37
54
127.42
52.58
23.77
5.82
31.5
57.02
62.26
80.99
23.73
190.82
53.37
23.27
67.4
96.09
40.1
4.59
45.37
28.17
65.41
92.18
37.6
128.54
47.2
65.04
3.56
33.85
59.33
190.9
55.97
29.54
2.73
36.38
72.86
127.54
36.48
22.84
127.97
42.81
34.75
128.32
66.7
33.4
128.49
46.68
65.27
121.72
51.52
25.88
190.41
55.59
26.31
1.85
41.58
49.51
128.5
56.55
51.79
188.64
55.3
17.25
3.77
48.04
42.45
193.41
52.82
34.71
128.49
47.14
59.78
131.91
78.19
29.49
127.71
40.84
37.21
129.12
51.89
25.47
2.35
41.52
54.13
7.67
72.04
35.14
9.23
71.71
49.1
5.97
76.4
45.66
123.39
48.17
24.97
127.63
36.76
21.2
4.6
75.77
40.31
127.44
38.76
36.24
188.5
55.6
19.96
107.32
11.36
51.76
67.42
87.19
43.17
187.82
55.46
17.95
192.69
52.44
26.12
127.93
43.31
66.45
192.46
57.16
23.34
127.91
43.18
65.07
192.37
53.44
24.24
4.7
75
64.97
127.62
44.89
36.44
140.81
53.21
16
133.33
78.79
38.82
127.16
36.57
32.15
187.5
57.21
19.3
186.5
58.9
18.55
4.66
77.83
39.58
127.77
42.53
59.76
127.24
34.91
25.69
0.6
85.82
31.11
135.99
51.18
17.35
127.82
69.01
48.76
127.27
37.28
33.61
60.12
75.98
41.84
127.79
45.25
59.09
127.9
36.39
25.24
131.05
50.61
24.68
133.83
52.63
21.35
3.32
74.04
46.56
63.97
79.98
40.7
131.61
47.05
22.23
127.71
45.89
45.23
128.87
40.52
28.21
127.22
54.86
44.39
133.77
84.34
40.14
127.29
37.1
33.91
127.47
49.22
40.67
127.37
37.44
35.38
127.35
51.44
40.36
102.4
0
100
102.49
7.25
100
100.39
-50.54
100
100.39
0.39
100
101
-42.88
100
100.04
0.12
100
100.1
-77.07
100
100.11
-56.47
100
101.96
-21.19
100
104.09
-33
100
101.44
-44.31
100
100.04
0.13
100
100.01
0.02
100
100.46
0.04
100
101.96
-20.78
100
100.37
-64.5
100
135.56
0.02
100
149.69
-44.19
100
102.21
0.05
100
101.04
-50.5
100
136.38
-4.25
100
100.35
-63.42
100
101.15
-55.62
100
151.4
-48.82
100
151.51
-52.61
100
135.35
0.14
100
152.08
-53.8
100
141.06
-19.62
100
100.1
-66.59
100
100.71
-75.2
100
155.58
-64.05
100
150.32
-49.85
100
145.78
-35.11
100
101.62
-36.03
100
100.49
-55.45
100
136.93
-6.49
100
150.17
-48.43
100
101.74
-18.52
100
148.93
-45.1
100
135.33
0.04
100
106.96
-39.22
100
155.85
-65.62
100
150.82
-50.9
100
148
-39.99
100
100.84
-69.86
100
100.13
-61.76
100
100.92
-48.14
100
147.45
-40.2
100
100.13
-61.96
100
100.13
-60.65
100
101.33
0
100
100.08
-56.51
100
154.39
-59.58
100
113.16
-57.25
100
135.37
0.01
100
151.09
-51.52
100
102.22
-11.45
100
153.77
-59.63
100
144.66
-29.67
100
101.33
-49.03
100
101.26
-46.27
100
139.82
-15.81
100
101
-61.96
100
100.13
0.39
100
128.34
45.37
62.86
137.5
-7.94
100
101.54
-39.14
100
153.77
-59.11
100
100.02
0.07
100
127.75
41.76
63.07
134.37
4.12
77.12
150.56
-47.75
100
150.75
-50.22
100
101.33
-57.14
100
148.16
-42.59
100
100.07
-72.49
100
103.15
0.73
100
146.81
-36.76
100
100.07
-62.86
100
139.55
-15.02
100
100.11
-53.19
100
101.72
-20.92
100
101.06
-37.55
100
115.08
34.43
100
134.91
0.19
100
151.59
-49.15
100
163.98
-91.75
100
155.42
-64.31
100
141.13
-19.61
100
100.51
-49.61
100
136.43
0
100
135.96
-2.94
100
100.02
0.05
100
144.2
-29.99
100
136.03
-2.31
100
100.99
-63.81
100
100.62
1.31
100
135.66
0.03
100
100.74
-88.3
100
100.15
-68.01
100
145.43
-33.94
100
143.57
-27.06
100
156.57
-69.16
100
100.53
-81.29
100
151.16
-50.21
100
101.79
-29.39
100
141.88
-22.12
100
100.18
-62.59
100
100.89
0
100
100.01
0.03
100
135.97
0.08
100
144.23
-30.07
100
101.3
-34.94
100
100
0
100
100.65
-51.42
100
135.43
0.01
100
136.96
0.1
100
102.12
-6.86
100
136.35
-4.51
100
135.54
0.03
100
100.25
-93.62
100
150.54
-50.48
100
137.85
-9.39
100
101.96
-6.61
100
100.92
-63.71
100
101.94
-22.35
100
101.38
-45.83
100
138.37
-11.31
100
136.06
0.01
100
135.68
0.03
100
136.09
0.03
100
136.15
-2.61
100
136.9
-4.5
100
136.85
0.04
100
148.86
-44.45
100
144.29
-30.49
100
144.53
-30.85
100
135.94
0.01
100
136.68
-4.57
100
136.85
0.01
100
154.44
-61.56
100
136.94
0.03
100
135.3
0.03
100
154.58
-61.76
100
135.76
0.03
100
140.89
-19.07
100
148.52
-44.14
100
156.64
-68.25
100
137.08
-6.25
100
136.35
0.07
100
135.87
0.04
100
149.85
-46.49
100
135.75
0.02
100
136.46
-3.66
100
158.18
-74.14
100
107.84
-49.8
100
100.07
0.21
100
136.38
0.02
100
146.56
-37.75
100
100.02
0.05
100
100.02
0.06
100
100.13
-59.02
100
101.6
-3.54
100
101.36
-46.99
100
101.95
-20.34
100
119.75
5.27
66.46
102.2
-7.95
100
141.83
-21.57
100
145.62
-35.29
100
150.02
-46.13
100
136.01
-3.14
100
135.49
0.04
100
148.01
-39.99
100
136.94
0.05
100
159.58
-78.46
100
133.56
2.91
74.28
122.08
7.44
44.25
136.58
0.07
100
134.35
35.68
100
151.19
-50.06
100
19.88
14.04
100
135.13
0.03
100
136.15
0.03
100
151.44
-52.83
100
137.9
-9.33
100
23.27
14.77
100
136.52
0.24
100
136.23
0.04
100
18.77
10.62
100
154.73
-60.65
100
138.95
-12.79
100
6.19
17.07
73.25
152.64
-57.14
100
161.49
-78.82
100
136.07
0.14
100
150.05
-46.67
100
21.61
13.2
100
153.46
-56.47
100
135.3
0.27
100
0
-100
100
100.95
-97.13
100
144.55
-31.24
100
20.78
12.55
100
155.52
-63.57
100
146.28
-36.58
100
161.24
-82.32
100
147.78
-40.26
100
138.53
-11.73
100
136
0.05
100
165.19
-95.53
100
155.59
-63.83
100
149.15
-46.14
100
149.55
-46.81
100
141.96
-22.85
100
119.79
35.94
20.08
128.72
46.71
25.84
192.35
53.77
29.9
131.62
53.85
15.29
129.07
48.84
33.73
193.29
51.85
27.06
128.66
43.56
19.41
129
50.92
54.6
67.38
97.14
41.08
130.08
61.23
50.92
191.84
54.68
30.72
195.63
50.6
32.94
132.57
96.41
40
127.23
47.23
23.04
2.55
36.92
74.19
128.66
47.88
64.86
63.88
87.35
38.43
64.5
87.85
27.84
128.11
43.65
34.22
190.46
53.3
22.25
127.71
37.13
23.24
191.82
51.82
21.57
64.74
90.03
37.6
128.63
47.9
64.67
128.55
37.47
48.53
5.23
49.29
25.27
126.83
58.73
32.72
6.37
30.97
52.26
190.41
55.77
27.65
3.62
33.3
57.16
128.48
60.34
50.16
2.72
35.97
68.25
128.49
47.66
59.93
127.89
42.51
37.45
124.09
55.05
36.47
117.99
38.13
27.25
190.06
55.03
24.79
187.95
52.86
15.58
128.7
48.44
25.2
4
58.59
37.04
3.07
35.91
53
192.53
53.73
31.31
8.71
71.51
53.03
127.57
39.24
36.56
7.84
72.8
36.76
2.31
44.74
49.49
126.12
33.63
22.35
124.81
48.87
20.86
5.79
76.6
48.82
127.97
43.69
66.51
108.59
12.88
51.76
68.98
87.09
43.83
4.57
77.56
42.99
127.97
43.64
65.4
187.84
55.23
17.97
186.92
55.55
16.09
137.27
81.37
42.09
128.21
52.46
36.02
4.67
75.06
66.95
192.64
52.43
24.48
190.65
63.75
20.47
127.24
37.17
33.23
192.01
53.3
21.84
137.87
51.27
15.84
127.8
44.08
57.99
1.94
80.83
47.06
147.17
57.82
16.87
126.75
34.35
26.86
144.72
56.46
17.5
127.73
68.41
49.92
5.02
77.79
43.63
127.84
45.25
60.43
127.27
37.52
34.65
133.01
49.31
18.29
100.39
0
100
0.33
91.53
32.46
61.03
78.35
43.58
127.38
35.34
26.21
4.07
70.85
50.41
100.16
0.47
100
127.74
45.53
47.03
129.24
45.82
27.58
63.92
79.8
42.72
130.84
44.89
23.13
101.83
-38.43
100
129.28
40.28
24.74
127.29
55.33
47.92
133.88
84.83
41.21
100.61
-37.78
100
127.34
38.02
38.32
127.91
38.14
31.29
105.56
16.67
100
100.05
0.16
100
127.53
48.82
43.87
127.33
38.04
39.24
127.41
51.72
44.08
101.7
0
100
103.6
5.13
93.99
110.68
25.58
50.59
100.09
-59.16
100
102.05
-17.52
100
100.11
0.04
100
135.57
0.03
100
151.31
-47.94
100
100.52
-64.01
100
141.96
-23.14
100
101.16
-56.65
100
102.08
-16.16
100
101.62
0.04
100
136.86
-5.88
100
100.5
-63.21
100
151.9
-50.2
100
101.21
-47.04
100
152.06
-53.89
100
100.79
-72.14
100
100.09
-67.54
100
149.89
-47.8
100
135.4
0.09
100
139.21
-13.72
100
155.88
-65.36
100
144.35
-30.64
100
149.37
-46.87
100
100.62
-54.84
100
135.98
-3.22
100
148.37
-43.08
100
100.1
-66.82
100
100.13
-48.63
100
135.39
0.04
100
103.65
9.59
28.63
146.43
-37.28
100
155.66
-65.33
100
100.2
-62.55
100
149.61
-47.27
100
100.9
-67.34
100
147
-37.17
100
100.07
-61.68
100
100.86
-46.92
100
146.76
-38.24
100
101.08
0.64
100
100.08
-64.39
100
101.29
0.07
100
100.07
-64.41
100
100.13
-63.92
100
128.25
45.37
67.71
100.11
-51
100
155.09
-62.24
100
150.09
-48.59
100
135.6
0.02
100
151.51
-52.78
100
100.01
0.03
100
102.19
-4.81
100
152.46
-55.73
100
138.94
-12.01
100
147.03
-36.58
100
101.4
-45.52
100
101.05
-60.62
100
133.81
3.21
91.89
100.78
-59.15
100
127.81
42.16
66.6
136.35
-3.98
100
101.31
-50.88
100
153.28
-57.98
100
140.74
-18.91
100
100.29
0
100
148.54
-43.59
100
149.08
-43.53
100
146.84
-38.37
100
153.86
-58.43
100
101.05
-56.27
100
100.07
-75.41
100
163.91
-91.55
100
101.92
-15.01
100
137.37
-7.72
100
100.08
-67.02
100
101.26
-32.79
100
100.14
-54.53
100
136.27
-3.64
100
134.99
0.25
100
155.03
-63.45
100
136.08
0
100
135.76
0.02
100
152.08
-50.82
100
135.19
0.04
100
100.02
0.07
100
100.33
-93.92
100
139.08
-13.1
100
144.05
-29.41
100
101.01
-63.01
100
138.04
-10.12
100
100.26
-56.86
100
100.07
0.06
100
142.69
-25.08
100
155.79
-66.78
100
100.64
-77.77
100
100.22
-70.64
100
150.48
-48.64
100
133.27
12.61
100
136.23
0.07
100
140.65
-18.15
100
101.93
-23.38
100
135.5
0.03
100
142.04
-23.09
100
100.02
0.07
100
100.68
0.07
100
101.45
-31.37
100
100.01
0.03
100
135.69
-2.26
100
135.83
0.04
100
100.28
-64.14
100
100.19
-93.99
100
100.85
-48.66
100
101.63
-3.37
100
135.01
0.04
100
136.06
0.02
100
136.92
-6.44
100
101.77
-6.39
100
136.2
0.02
100
101.88
-25.08
100
135.93
0.02
100
101.34
-48.23
100
136.49
-2.93
100
101.11
-57.47
100
135.53
0.04
100
136.93
0.16
100
142.36
-24.19
100
136.11
0.01
100
130.66
3.37
61.08
136.19
-2.6
100
136.94
0.01
100
147.4
-40.06
100
135.49
0.03
100
136.92
0.06
100
152.42
-55.69
100
135.88
0.03
100
154.53
-61.9
100
156
-66.45
100
138.57
-11.58
100
147.66
-41.42
100
136.52
0
100
136
0.03
100
136.76
-5.01
100
149.56
-45.65
100
100.09
-68.1
100
135.96
0.02
100
100.04
0.13
100
135.48
0.03
100
157.2
-71.07
100
136.46
0.05
100
100.01
0.02
100
144.05
-29.81
100
100.02
0.05
100
100.16
-60.16
100
101.34
-2.44
100
101.45
-43.73
100
101.92
-17.7
100
102.25
-5.14
100
152.45
-52.94
100
137.91
-9.02
100
121
2.91
79.26
136.9
-5.74
100
135.59
0
100
149.86
-45.77
100
146.4
-35.04
100
136.96
0.09
100
157.34
-71.7
100
131.91
3.26
72.1
135.88
0
100
154.05
-58.22
100
19.19
17.99
100
150.22
-47.25
100
16.86
-31.57
100
150.76
-49.82
100
136.69
-4.97
100
135.33
0.04
100
136.34
0.03
100
23.76
15.35
100
136.66
0.28
100
155.66
-63.99
100
19.37
11.24
100
136.43
0.02
100
154.79
-61.18
100
136.35
-4.32
100
151.89
-54.75
100
136.28
0.22
100
22.46
13.91
100
7.61
5.21
72.4
157.97
-71.86
100
148.62
-42.37
100
154.31
-59.33
100
135.54
0.2
100
101.01
-96.96
100
143.65
-28.31
100
165.08
-95.13
100
21.38
13.26
100
144.11
-29.55
100
155.96
-65.15
100
161.92
-85.17
100
137.65
-8.82
100
147.77
-39.69
100
136.17
0.03
100
101.68
-94.87
100
156.13
-65.8
100
144.38
-28.89
100
147.97
-42.35
100
147.61
-40.76
100
139.85
-15.8
100
128.74
46.02
25.25
128.7
48.56
31.04
198.89
45.61
47.17
129.17
51.95
50.2
128.45
42.86
18.07
192.17
54.43
31.84
130.29
66.09
45.1
194.38
50.79
28.81
4.8
35.73
23.59
132.59
94.81
26.47
66.36
95.41
42.75
128.73
48.73
64.71
124.24
40.91
23.73
66.67
97.08
40.26
199.17
49.38
47.25
1.06
41.55
55.69
192.14
54.11
30.44
128.3
45.89
34.26
65.36
92.18
38.12
128.82
48.86
64.41
127.54
37.71
23.14
3.02
39.33
35.15
126.31
57.6
32
2.28
38.23
67.45
64.46
88.44
28.82
198.07
49.17
35.49
64.66
89.77
39.1
190.3
52.53
20.65
128.71
42.77
67.84
128.15
43.03
37.61
128.65
48.91
59.92
128.69
59.88
51.08
5.49
55.06
26.18
122.5
38.21
31.61
145.52
58.96
13.14
6.35
30.72
46.91
127.79
40.36
23.77
190.14
55.56
25.71
143.75
53.12
12.55
3.6
32.86
55.25
2.41
36.33
59.54
190.42
52.17
16.84
189.93
54.99
23.28
127.56
39.55
35.85
9.21
71.75
51.55
128.07
44.16
66.56
4.4
66.07
35.22
126.38
33.33
22.02
2.35
37.83
48.69
192.27
53.43
28.82
7.6
73.51
39.72
137.2
55.07
13.53
68.54
86.69
44.29
5.67
76.83
50.92
128.04
44.02
65.72
105.94
8.05
68.24
0.95
80.42
50.39
128.84
35.57
67.71
2.35
50.14
45.12
128.82
58.18
35.48
4.68
78.13
45.63
147.78
56
14.13
186.73
55.57
15.93
4.76
75.05
68.41
127.26
37.32
33.36
127.83
45.87
56.96
2.68
75.17
58.43
134.75
50.18
16.26
190.8
55.98
20.82
141.74
69.81
20.09
191.23
54.07
19.24
126.71
34.29
27.22
127.88
69.36
51.13
127.83
45.59
61.38
127.37
38.57
34.67
144.71
55.13
15.88
4.87
79.48
46.54
3.96
70.58
51.7
130.77
42.51
18.73
140.73
53.71
17.41
60.65
77.36
45.39
127.16
34.94
26.92
0.47
93.33
35.11
127.78
45.95
49.08
100.87
-34.9
100
63.91
79.93
44.62
127.29
55.93
50.57
133.85
84.83
42.79
128.12
42.41
30.73
128.9
39.46
25.42
128.09
37.51
26.91
127.45
38.83
41.39
127.56
37.87
34.56
127.6
49.4
46.48
127.4
38.66
42.06
104.1
4.72
89.06
127.51
52.36
46.95
102.24
-5.2
100
101.05
-59.02
100
151.66
-49.25
100
135.56
0
100
144.31
-30.59
100
108.6
20.31
53.2
100.07
-61.95
100
102.16
-13.25
100
100.02
0.05
100
100.62
-62.47
100
136.47
-5.1
100
151.74
-50.27
100
100.83
-70.35
100
101
0.03
100
100.68
-62.7
100
150.59
-49.02
100
102.17
-12.58
100
100.07
-65.69
100
135.45
0.05
100
137.15
-6.96
100
147.45
-40.27
100
101.35
-43.11
100
155.8
-65.47
100
100.77
-53.53
100
135.04
0.06
100
143.01
-26.4
100
148.42
-43.92
100
100.07
-69.35
100
100.22
-48.88
100
135.44
0.04
100
100.44
-64.44
100
146.28
-36.61
100
155.15
-64.04
100
101
0.1
100
100.94
-65.33
100
100.1
-56.67
100
148.24
-43.08
100
143.55
-28.12
100
146.18
-34.94
100
100.01
0.02
100
128.15
45
70.59
100.08
-65.22
100
100.92
-45.34
100
145.93
-35.37
100
101.11
0
100
100.08
-66.98
100
127.87
42.71
69.84
100.04
-67.19
100
148.41
-43.52
100
135.88
0.04
100
100.08
-49.41
100
155.31
-63.26
100
100.26
-65
100
149.84
-47.63
100
101.13
-57.11
100
150.24
-49.05
100
153.86
-57.55
100
101.49
-42.19
100
101.9
-6.73
100
135.16
0.13
100
135.15
0.06
100
133.61
4.5
95.96
152.53
-56.04
100
100.31
-68.37
100
100.56
0.39
100
132.97
4.44
87.86
163.87
-91.45
100
144.54
-31.15
100
146.14
-36.15
100
149.73
-45.88
100
155.95
-65.23
100
136.59
-4.9
100
100.1
-77.71
100
100.97
-59.92
100
101.96
-14.38
100
136.04
-2.78
100
135.85
0
100
135.9
0.05
100
100.26
-76.47
100
135.12
0.16
100
101.44
-29.04
100
100.06
-69.3
100
100.18
-55.29
100
153.9
-59.79
100
100.14
-96.33
100
100.02
0.05
100
135.38
0.03
100
138.86
-12.89
100
143.03
-26.34
100
152.48
-52.35
100
101.04
-62.24
100
137.94
-9.51
100
154.75
-63.6
100
139.29
-14.18
100
100.02
0.05
100
145.49
-34.51
100
100.13
-61.44
100
136.5
0.04
100
135.65
0.02
100
100.74
-73.73
100
149.35
-45.57
100
100.05
0.16
100
101.27
-44.9
100
139.53
-14.43
100
100.38
-70.26
100
139.15
-13.65
100
100.21
-92.98
100
135.03
0.09
100
136.1
0.04
100
102.03
-18.62
100
101.63
-26.97
100
100.44
0.07
100
100.59
-61.57
100
136.04
0.03
100
135.68
-2.34
100
100.01
0.03
100
101.06
-44.84
100
100.4
-64.3
100
136.28
0.02
100
135.63
0.04
100
135.28
0.03
100
100.79
0.04
100
136.13
0.04
100
101.79
-29.42
100
101.6
-4.77
100
136.99
0.18
100
101.29
-50.59
100
135.74
0.03
100
140.76
-18.93
100
101.25
-51.9
100
136.3
0.01
100
137.02
0.04
100
135.49
0.03
100
120.15
-37.2
100
146.03
-35.9
100
135.65
0.03
100
136.86
0
100
149.67
-47.17
100
135.99
0.03
100
154.81
-62.77
100
136.64
0.08
100
147.08
-39.6
100
136.16
-3.68
100
100
0
100
153.61
-59.17
100
108.43
-47.75
100
136.09
0.05
100
108.36
-48.94
100
136.68
-4.74
100
136.16
0
100
121.97
54.63
74.96
147.94
-40.53
100
135.66
0.03
100
100.01
0.03
100
155.92
-67.2
100
136.57
0.04
100
100.02
0.05
100
141.63
-21.92
100
101.09
0.01
100
100.16
-60.78
100
101.48
-41.93
100
101.91
-15.39
100
102.13
-4.81
100
152
-51.63
100
137.18
-5.96
100
134.05
2.83
79.27
115.04
3.25
90.39
135.38
0.78
100
141.02
-19.14
100
148.75
-42.42
100
116.52
-25.93
100
144.47
-29.08
100
108.96
-38.91
100
136.99
0
100
19
14.45
100
154.37
-59.43
100
150.95
-50.2
100
149.13
-44.06
100
139.32
-13.24
100
24.12
15.8
100
136.54
0.02
100
7.33
6.44
78.66
135.56
0.03
100
136.8
0.25
100
19.91
11.71
100
153.23
-55.22
100
136.58
0.04
100
154.38
-60.14
100
148.19
-43.05
100
135.16
0.02
100
23.15
14.59
100
136.42
0.36
100
7.83
4.5
71.52
159.28
-76.27
100
146.87
-37.03
100
135.8
0.39
100
154.84
-61.46
100
100.92
-97.25
100
142.71
-25.26
100
21.87
13.79
100
164.13
-92.31
100
142.05
-22.69
100
136.92
-6.31
100
156.73
-66.76
100
162.46
-86.88
100
136.33
0.03
100
148.63
-41.76
100
154.81
-62.22
100
101.96
-94.07
100
156.54
-67.24
100
141.57
-19.22
100
147.02
-39.39
100
145.44
-33.77
100
138.21
-10.13
100
129.43
53.15
21.76
128.99
52.17
27.06
129.06
44.08
17.03
3.06
37.82
45.88
129.04
50.31
63.92
127.56
48.08
20.39
197.29
48.69
44.89
67.56
96.88
43.92
196.09
50.62
33.62
191.76
55.29
33.33
128.47
45.96
33.46
128.85
49.5
62.63
132.75
98.03
44.8
3.58
37.64
25.22
199.83
53.11
50.46
127.83
39.13
22.55
2.58
39.31
48.14
63.69
86.22
38.43
4.17
86.46
18.82
191.74
54.93
30.26
129.22
41.31
68.82
127.6
48.83
25.1
199.84
45.53
58.22
128.32
45.23
37.35
128.74
49.17
60.25
64.33
88.26
38.57
63.99
86.77
31.73
198.48
49.17
36.92
128.78
61.04
51.14
190.5
52
19.61
3.99
40.09
31.54
125.26
36.72
25.1
2.4
37.86
65.84
127.4
37.77
23.57
195.41
58.39
23.37
7.29
59.31
24.22
127.61
39.95
35.67
130.43
66.8
18.9
128.19
44.68
66.39
189.88
55.18
23.8
193.25
51.25
19.77
6.42
30.15
42.41
8.4
71.94
55.51
126.02
33.33
22.35
189.55
54.33
21.2
3.63
32.27
51.59
128.17
44.57
66.09
1.93
77.38
52.71
2.36
36.62
53.66
127.96
42.86
58.33
68.34
87.02
45.16
129.23
61.6
35.18
138.33
48
13.07
4.1
67.72
39.46
7.11
74.43
43.83
5.77
76.57
52.12
192.4
52.84
26.7
2.39
37.22
44.71
127.88
45.93
55.65
127.28
37.63
33.56
1.77
75.95
59.16
2.45
57.38
41.9
4.62
78.38
49.05
4.68
75.36
70.43
145.77
53.29
13.48
147.59
55.67
14.19
132.09
46.08
17.08
127.87
45.8
62.56
117.95
5.13
66.27
126.84
34.87
28.19
127.75
68.46
52
127.42
38.65
34.96
136.63
68.54
22.15
188.51
61.71
17.84
3.89
71.04
51.45
189.57
57.24
16.65
100.98
-33.69
100
127.81
46.67
53.25
129.07
37.78
20.06
140.81
52.43
15.91
127.01
34.92
27.79
4.96
79.49
49.98
61.25
78.6
46.97
136.27
52.18
18.48
127.32
56.57
52.82
133.35
83.08
44.89
0.32
94.93
37.9
64.42
81.14
45.99
127.52
39.55
43.74
100.09
-60.65
100
127.62
36.84
29.64
127.82
42.4
33.83
127.98
37.49
27.89
100.9
-67.11
100
102.21
-7.36
100
127.53
52.79
49.04
127.44
39.16
44.45
127.66
49.57
48.8
100.6
-65.29
100
127.47
38.18
37.5
142.61
-25.1
100
100.09
-66.41
100
152
-50.46
100
100.99
-37.25
100
135.53
0
100
100.77
-60.94
100
136.38
-4.23
100
100.89
-67.86
100
151.65
-50.2
100
149.83
-47.14
100
100.02
0.04
100
100
0
100
100.59
0.03
100
100.07
-64.8
100
100.12
-64.4
100
107.87
18.46
51.74
102.26
-8.7
100
100.89
-60.09
100
135.48
0.05
100
134.98
0.26
100
100.94
-51.46
100
155.42
-64.62
100
135.15
0.04
100
145.39
-33.72
100
100.06
0.18
100
102.18
-8.02
100
100.31
-49.36
100
141.72
-22.24
100
100.07
-69.12
100
128.22
45.5
74.12
135.47
0.05
100
101.52
-38.16
100
100.47
-58.76
100
100.99
-63.14
100
154.4
-62.04
100
147.63
-41.37
100
100.14
-56.16
100
144.53
-31.05
100
146.85
-38.74
100
127.87
42.96
72.68
144.99
-31.48
100
141.19
-20.48
100
100.98
0.2
100
100.98
-44.81
100
144.55
-30.98
100
100.12
-65.57
100
100.07
-69.36
100
147.32
-40.21
100
136.1
0.05
100
155.22
-63.31
100
100.1
-50.63
100
100.13
-66.75
100
101.19
-54.2
100
100.39
-61.96
100
101.54
-38.91
100
154.73
-60.87
100
147.49
-40.29
100
135.36
0.05
100
148.17
-42.25
100
135.16
0
100
101.33
-19.5
100
151.38
-52.67
100
143.49
-27.71
100
100.23
0
100
134.93
1.22
100
163.54
-90.44
100
100.27
-68.47
100
136.67
-5.52
100
142.4
-24.12
100
134
2.94
93.25
143.01
-26.06
100
156.22
-66.14
100
150.43
-48.24
100
135.92
0.02
100
135.29
0
100
100.03
-70.59
100
100.2
-79.16
100
101.48
-11.9
100
135.38
0.03
100
135.14
0.29
100
101.28
-48.47
100
100.14
-95.82
100
101.64
-24.72
100
151.48
-52.11
100
100.01
0.03
100
138.76
-12.49
100
135.58
0.03
100
100.28
-55.52
100
100.07
-69.33
100
140.97
-19.61
100
101.05
-60.57
100
153.32
-55.51
100
153.68
-60.28
100
138.6
-11.73
100
135.72
0.03
100
137.23
-7.12
100
136.71
0.01
100
101.56
-30.38
100
102.24
-8.54
100
100.02
0.07
100
100.12
0.35
100
136.04
0.02
100
135.02
0.02
100
100.84
-69.58
100
100.13
-64.12
100
100.13
-74.12
100
100.25
-91.69
100
148.12
-41.97
100
138.64
-11.38
100
136.98
-6.33
100
136.34
0.03
100
135.13
0.03
100
135.72
0.04
100
136.34
0.02
100
100.53
-67.46
100
101.83
-21.62
100
102.14
-14.93
100
100.47
0.04
100
135.57
0.03
100
136.35
2.38
100
101.25
-40.58
100
100.01
0.04
100
136.32
0.03
100
101.66
-34.82
100
135.93
0.03
100
101.35
-3.14
100
101.23
-52.32
100
100.62
-60.25
100
139.43
-14.49
100
166.14
-63.53
100
100.27
0.06
100
101.39
-46.14
100
136.45
0.03
100
137.07
0.02
100
135.56
0.03
100
117.43
-44.75
100
135.82
0.03
100
136.28
0
100
144.6
-31.41
100
100.13
0.39
100
136.06
0.03
100
147.39
-40.04
100
136.94
-5.34
100
135.56
0
100
153.02
-57.29
100
136.78
0.03
100
146.77
-38.56
100
136.17
0.02
100
135.14
0.03
100
153.9
-60.25
100
100.02
0.07
100
8.12
4.8
80.66
136.6
-4.39
100
136.33
0.05
100
116.18
38.14
53.73
135.81
0.04
100
146.26
-35.51
100
100.02
0.06
100
100.94
0
100
154.74
-63.57
100
142.35
-23.14
100
136.61
0.09
100
101.48
-42.02
100
101.87
-14.64
100
139.77
-15.74
100
102.03
-3.09
100
151.24
-49.42
100
135.38
0
100
139.57
-14.09
100
122.5
4.16
82.83
143.01
-25.1
100
147.57
-38.85
100
136.65
0.02
100
142.59
-23.15
100
154.56
-60.19
100
5.21
43.61
64.44
24.37
16.26
100
147.78
-40
100
136.89
0.27
100
136.7
0.03
100
135.79
0.02
100
12.39
-11.41
100
20.41
12.03
100
136.72
0.03
100
153.22
-55.21
100
23.84
15.16
100
136.6
0.46
100
135.43
0.03
100
153.79
-58.49
100
8.18
3.28
67.39
159.86
-78.43
100
136
0.29
100
144.71
-30.22
100
142.62
-24.98
100
107.86
-67.25
100
154.69
-61.24
100
22.21
14.3
100
102.42
-92.7
100
140.08
-16.24
100
136.9
-6.29
100
163.43
-89.97
100
136.46
0.02
100
156.99
-68.58
100
147.22
-37.6
100
150.88
-49.27
100
164.61
-93.78
100
156.83
-68.42
100
142.01
-20.35
100
145.94
-35.86
100
143.23
-26.49
100
136.88
-5.44
100
128.12
43.75
16.73
197.56
48.09
33.43
129.13
50.63
53.33
198.64
48.47
38.43
2.72
36.73
57.65
130.25
31.09
46.67
128.62
41.41
19.41
128.33
45
31.37
129
50.2
59.76
132.36
96.12
20.2
132.77
97.05
46.47
1.96
44.29
46.25
121.94
32.24
27.01
128.93
49.69
62.35
100
0
100
195.94
50.41
33.29
132.52
94.33
32.29
132.64
96.67
47.06
128.57
47.29
36.67
196.12
49.67
44.61
199.58
49.16
46.86
191.65
55.46
31.32
124.29
36.7
24.58
64.42
89.97
39.74
2.95
34.01
57.65
6.52
34.86
21.12
122.03
60.09
91.37
128.73
50.42
60
60.89
80.07
20
128.86
54.77
55.49
191.49
54.48
28.43
1.72
45.25
43.2
64.81
90.79
41.03
199.64
50.04
42.38
64.21
87.75
32.81
197.48
47.3
48.37
127
36.59
23.4
122.39
32.84
26.27
190.01
51.74
17.76
100
0
100
101.65
-34.51
100
127.69
40.29
34.75
128.31
45.41
66.43
3.07
41.2
32.68
199.09
60.83
34.17
140.93
75.3
16.51
2.6
37.41
63.59
8.04
62.55
25.39
4.13
69.85
58.27
127.93
43.66
52.58
128.3
45.22
66.17
122.56
30.77
25.49
8.6
72.23
55.44
193.88
52.18
20.15
129.34
62.3
35.08
189.61
54.69
21.78
68.23
86.87
45.91
189.33
54.38
19.28
6.59
29.39
38.58
135.46
48.14
13.4
111.6
-27.45
100
127.84
45.44
51.19
3.69
31.71
48.03
5.7
77.23
53.7
4.72
70.98
74.77
7.85
73.63
43.25
117.32
3.54
100
2.36
36.98
49.21
127.33
37.98
33.74
4.29
71.26
41.46
4.69
75.39
72.73
191.97
52.43
23.71
2.39
36.96
40.53
4.63
78.56
51.8
142.62
50.87
13.34
2.55
66.79
40.05
127.91
46.02
63.74
127.4
38.56
35.3
101.1
-31.75
100
127.94
71.86
52.48
145.15
53.05
13.59
127.03
35.39
29.17
109.5
-35.56
100
3.87
71.31
50.81
129.79
39.72
18.5
127.9
47.18
58.28
133.7
70.37
25.2
127.07
35.65
29.52
140.34
61.78
18.32
144.62
62.01
14.81
127.86
35.31
22.75
133.48
83.61
46.31
127.38
56.3
54.84
60.63
77.24
49.42
4.72
80.62
52.65
100.07
-51.76
100
136.37
50.94
16.89
63.81
79.8
48.09
132.89
15.68
70.51
100
-60
100
142.68
-25.49
100
0.16
96.33
40.08
132.08
47.79
20.36
127.58
40.04
45.75
152.37
-51.87
100
101.06
-34.51
100
157.25
-70.2
100
135.53
0
100
100.03
0.08
100
127.33
36.66
32.17
100.93
-58.52
100
100.93
-66
100
103.53
2.66
93.2
127.63
52.73
51.26
135.73
-2.14
100
151.44
-49.75
100
127.49
36.78
30.94
127.56
39.95
46.78
127.69
42.48
37.02
127.68
49.81
50.82
100.08
-63.78
100
148.89
-44.31
100
128.56
42.32
74.51
127.43
38.7
40.62
100.11
-62.21
100
127.74
43.03
75.63
100.01
0.03
100
101.07
-49.04
100
100.23
0.03
100
135.27
0.02
100
135.21
0.05
100
135.49
0.02
100
154.77
-62.93
100
100.07
-72.65
100
100.37
-49.24
100
101.04
-60.97
100
100.07
-70.77
100
135.48
0.03
100
143.65
-28.25
100
153.38
-59.09
100
101.01
-56.87
100
100.16
-66.29
100
100.65
-54.2
100
140.37
-17.86
100
102.18
-3.57
100
100.17
-53.62
100
105.72
11.57
52.92
145.45
-34.31
100
143.86
-28.18
100
146.98
-39.27
100
101.98
-9.51
100
101.79
-3.67
100
143.1
-26.53
100
101.68
-32.31
100
101.11
-42.38
100
139.16
-13.82
100
144.18
-29.8
100
100.18
-66.76
100
163.1
-89.06
100
100.06
-71.79
100
145.78
-35.32
100
100.23
0
100
138.94
-13.09
100
136.3
0.06
100
101.27
-51.13
100
135.53
0.03
100
154.87
-62.49
100
100.14
-51.8
100
150.21
-49.08
100
101.65
-34.61
100
155.5
-63.66
100
100.46
-56.37
100
145.06
-32.67
100
100.21
-66.9
100
135.21
0
100
146.07
-35.66
100
100.91
-39.98
100
135.38
0.68
100
135.86
0
100
100.36
-69.13
100
139.79
-15.74
100
100.08
-70.16
100
133.39
5.42
100
139.7
-15.41
100
156.84
-68.42
100
150
-47.1
100
100.15
-96.03
100
101.7
-12.64
100
135.28
0.21
100
135.64
0.04
100
138.1
-10.3
100
100.35
-78.88
100
100.01
0.04
100
149.5
-46.06
100
135.78
0.05
100
103.98
4.65
55.41
101.81
-19.74
100
138.44
-11.22
100
100.4
-55
100
136.03
0.03
100
135.74
0.04
100
135.11
0.01
100
101.75
-24.97
100
101.05
-60.65
100
152.32
-56.03
100
100.52
0.57
100
100.08
-71.76
100
136.83
0.01
100
135.74
0.03
100
136
-2.61
100
154.2
-58.8
100
100.02
0.05
100
137.65
-8.63
100
100.29
-74.74
100
136.38
0.02
100
100.32
-90.2
100
100.01
0.03
100
136.52
0.01
100
100.93
-66.21
100
135.21
0.03
100
136
-2.92
100
137.54
-7.64
100
136.23
2.71
100
146.84
-38.08
100
100.05
-67.75
100
135.79
0.05
100
136.49
0.03
100
102.02
-15.46
100
101.58
-37.47
100
136.12
0.06
100
102.19
-11.92
100
100.71
-64.14
100
100.93
0.02
100
138.31
-10.71
100
101.46
-35.32
100
101.26
-51.35
100
100.02
0.05
100
100.77
0.04
100
137.11
0.01
100
136.57
0.04
100
135.66
0.02
100
100.84
-56.09
100
118.94
5.56
54.59
101.51
-41.07
100
100.13
0.25
100
139.22
-13.73
100
147.2
-39.8
100
135.92
0.03
100
135.96
0
100
139.83
4.44
100
132.38
31.43
68.63
143.16
-26.83
100
136.11
0.04
100
100
0
100
144.83
-32
100
151.27
-51.97
100
136.85
0
100
152.78
-54.67
100
146.61
-38.03
100
136.22
0.05
100
135.37
0.02
100
8.62
2.75
75.42
125.87
28.36
26.27
156.14
-67.25
100
100.81
0.02
100
136.49
0.03
100
136.29
-3.17
100
135.95
0.03
100
136.9
-4.02
100
101.56
-39.32
100
144.55
-30.2
100
102.02
-15.5
100
153.03
-58.27
100
136.69
0.03
100
131.19
5.3
81.44
138.26
-10.68
100
2.58
21.02
84.73
150.25
-46.46
100
196.44
57.2
70.81
135.45
0
100
138.13
-8.21
100
142.27
-22.75
100
141.7
-20.98
100
136.57
0.1
100
146.18
-34.58
100
140.47
-16.45
100
154.59
-60.47
100
24.31
16.34
100
137.01
0.78
100
136.86
0.04
100
146.32
-35.52
100
136.01
0.04
100
21.43
12.87
100
12.64
-12.62
100
136.82
0.02
100
152.9
-54.61
100
24.26
15.5
100
174.67
23.59
37.12
136.72
0.57
100
135.67
0.03
100
152.65
-55.13
100
160.54
-80.48
100
17.83
-35.39
100
136.18
0.19
100
142.53
-24.76
100
142.46
-23.14
100
108.43
-40.1
100
22.25
15.25
100
154.21
-59.97
100
102.55
-90.33
100
137.36
-7.32
100
136.44
-4.68
100
136.56
0.05
100
164.18
-92.34
100
157.46
-70.37
100
145.87
-33.41
100
147.63
-39.17
100
102.45
-92.64
100
156.96
-69.01
100
141.63
-19.24
100
145.37
-34.02
100
141.39
-20.39
100
136.16
-2.64
100
121.28
40.43
18.43
100.04
0.13
100
100.92
0.39
100
129.19
44.94
39.41
197.66
48.86
34.51
128.95
46.05
29.8
103.4
4.84
100
199.72
48.09
46.08
129.04
50.24
54.81
124.02
36.47
24.63
128.7
48.42
35.23
100.02
0.06
100
67.39
97.21
42.22
66.18
94.93
18.04
101.64
-36.3
100
2.68
36.14
71.15
113.04
21.74
36.08
132.72
96.63
46.51
132.45
92.01
33.14
191.67
53.33
23.53
64.49
89.56
37.55
128.81
51.63
60
199.05
48.88
43.59
5.86
31.63
61.37
129.1
61.94
52.55
191.54
55.16
29.74
194.77
51.88
39.18
100.39
-60.49
100
125.44
35.1
24.02
62.74
82.89
22.06
8.59
36.96
18.94
127.89
41.02
34.24
64.88
91
42
3
35.7
80.56
128.41
46.26
66.29
199.67
53.78
42.61
191.43
54.71
27.06
64.09
86.57
34.01
189.85
50.59
16.75
3.66
74.76
50.49
127.98
50.59
42.72
1.53
42.26
46.86
197.2
48
45.44
0.62
52.78
42.35
128.38
45.91
66.35
195.93
79.01
21.99
129.51
63.31
34.47
112.47
17.73
43.14
8.59
72.28
55.8
3.24
47.77
25.45
67.92
88.07
47.23
100
-64.12
100
7.81
68.71
26.12
193.38
53.31
18.59
2.53
38.74
56.73
127.98
45.55
49.76
4.89
67.97
67.17
105.39
7.35
53.33
127.49
38.56
33.7
189.37
54.29
19.59
134.72
54.43
14.34
188.75
53.12
17.29
5.94
77.05
53.91
7.65
73.9
46.58
108.1
-38.43
100
6.72
28.67
34.43
101.23
-29.85
100
3.74
31.23
42.55
4.33
74.19
43.6
4.7
75.35
74.32
2.29
38.92
43.43
127.96
46.55
64.63
127.42
38.68
35.1
127.88
68.74
54.23
3.82
71.65
49.22
4.66
78.58
54.61
126.99
35.61
28.93
192.76
50.62
22.22
138.24
48.92
13.98
127.92
47.48
60.03
2.37
36.91
35.64
2.63
73.97
41.01
100.04
0.13
100
141.24
50.39
13.76
128.2
35.89
21.04
100.13
-53.33
100
100.07
-58.24
100
140.92
-19.61
100
133.57
83.82
47.21
127.39
56.41
55.87
127.23
36.99
33.43
125.77
36.22
72.55
133.44
12.65
60.27
154.51
-61.76
100
101.11
-32.92
100
128.02
43.51
79.44
127.33
34.76
25.35
60.77
78.26
51.61
131.55
64.12
28.55
100.97
-64.1
100
64.41
81.3
49.33
154.65
-61.37
100
135.56
0.06
100
101.06
-55.44
100
4.68
80.99
55.51
134.84
60.94
20.53
138.61
59.73
15.96
150.9
-48.46
100
135.07
0
100
127.64
40.35
47.58
147.19
-39.22
100
132.15
46.92
18.68
100.15
-67.94
100
0.16
96.4
43.24
100.09
-57.97
100
103.86
4.26
90.12
101.24
-45.69
100
127.66
53.05
52.89
129.36
40.36
23.18
101.09
-58.98
100
135.41
0.03
100
127.27
37.14
35.25
127.64
40.59
49.04
100.46
-48.59
100
100.1
-61.4
100
127.71
50.66
52.62
135.49
0.05
100
152.38
-56.06
100
100.07
-68.96
100
100.13
0.04
100
153.82
-60.26
100
135.36
0.04
100
100.01
0.02
100
135.52
0.02
100
100.74
-54.03
100
127.29
36.91
33.97
163.19
-89.27
100
127.67
42.74
40.22
102.04
-9.33
100
100.13
-53.2
100
142.6
-24.39
100
142.38
-24.19
100
138.69
-12.35
100
144.09
-29.95
100
139.04
-13.48
100
127.47
39.24
43.67
101.24
-39.86
100
152.63
-53.03
100
101.2
-52.66
100
100.32
0
100
145.83
-35.65
100
141.99
-22.65
100
141.96
-22.93
100
100.23
-67.49
100
137.47
-8.24
100
100.12
-74.1
100
100.29
-63.6
100
101.05
0.02
100
144
-29.68
100
101.41
-45.1
100
135.73
0.02
100
136.43
0.07
100
101.88
-24.97
100
100.85
0.03
100
148.36
-43.34
100
101.05
-46.27
100
135.6
0.02
100
154.14
-60.49
100
101.74
-31.65
100
156.31
-66.48
100
100.17
-52.57
100
142.32
-23.84
100
100.05
-68.4
100
100.53
-54.93
100
135.26
0.02
100
115.33
45.39
100
100.29
-62.82
100
100.08
-73.19
100
143.97
-29.11
100
135.79
0.25
100
138.06
-9.97
100
100.2
-94.94
100
132.34
5.77
100
100.56
-67.48
100
157.97
-72.28
100
136.91
-6.18
100
137.56
-8.47
100
135.42
0.19
100
101.7
-10.12
100
135.99
0.03
100
100.01
0.02
100
135.89
0.04
100
151.39
-51.67
100
135.18
0.03
100
108.93
26.8
100
135.99
0.05
100
100.51
-76.94
100
135.76
0.03
100
147.4
-39.51
100
101.81
-23.28
100
135.76
0.04
100
100.28
0.25
100
101.96
-15.2
100
100.31
-66.67
100
101.61
-35.13
100
136.97
-5.83
100
136.38
0.04
100
136.99
0.02
100
151.38
-53.06
100
101.05
-61.96
100
100.47
-71.9
100
100.56
-53.6
100
100.01
0.03
100
135.37
0.05
100
137.08
0.22
100
100.35
-89.22
100
100.08
-74.34
100
136.55
-4.9
100
154.67
-60.48
100
136.66
0.03
100
135.3
0.03
100
135.24
0.03
100
100
0
100
100.99
-63.25
100
110.61
28.33
85.47
137.01
-5.72
100
136.63
0.02
100
135.99
0.02
100
145.34
-33.52
100
136.29
0.05
100
101.64
-32.63
100
137.48
-7.87
100
102.19
-9.17
100
100.08
-69.23
100
101.32
-49.02
100
101.54
0.03
100
100.32
0.02
100
137.12
0.03
100
102.23
-10.8
100
101.66
-29.45
100
100.93
-59.23
100
136.71
0.03
100
135.71
0.02
100
100.01
0.03
100
101.63
-36.22
100
114.76
3.17
73.06
118.99
4.22
52.3
101.03
-51.27
100
139.62
-13.16
100
100.02
0.06
100
103.94
11.24
33.14
100.07
-69.89
100
136.04
0.02
100
100.39
0.1
100
135.51
0
100
147.96
-42.17
100
112.98
32.16
83.73
136.14
0.03
100
141.38
-21.13
100
149.34
-46.03
100
137.03
0
100
142.71
-25.27
100
100.79
0.05
100
100.72
-63.53
100
136.25
0.04
100
16.17
-28.18
100
146.28
-36.97
100
152.87
-55.51
100
159.67
-76.08
100
135.6
0.04
100
101.55
-39.55
100
142.6
-24.14
100
130.26
83.08
38.24
156.39
-68.31
100
136.62
0.01
100
109.16
-23.54
100
135.38
0.02
100
136.09
0.05
100
120.25
3.59
65.62
142.64
-24.2
100
138.45
7.94
74.12
151.75
-54.32
100
136.76
0.04
100
137.19
-6.92
100
8.33
3.98
88.74
149.06
-43.03
100
8.38
4.59
93.96
135.75
0
100
143.64
13.94
64.71
135.42
0
100
141.09
-19.08
100
140.84
-18.11
100
198.66
36.55
71.29
136.28
0
100
144.38
-28.93
100
138.51
-10.2
100
10.82
42.95
100
137.01
0.04
100
154.39
-59.91
100
136.98
0.03
100
21.37
12.79
100
136.22
0.03
100
144.6
-30.19
100
136.89
0.03
100
13.22
-15.18
100
24.51
15.94
100
136.8
0.42
100
152.41
-53.34
100
156.27
-60.98
100
135.92
0.03
100
151.27
-50.97
100
139.46
-13.46
100
136.35
0.17
100
160.87
-81.67
100
18.77
-38.9
100
140.19
-15.91
100
22.45
15.22
100
153.28
-57.41
100
136.04
-2.71
100
105.52
-80.98
100
139.04
-13.48
100
139.04
20.03
100
136.68
0.01
100
164.5
-93.33
100
157.98
-72.2
100
144.08
-27.73
100
102.56
-91.54
100
146.73
-36.35
100
156.52
-67.9
100
145.09
-33.15
100
141.58
-18.92
100
139.34
-13.47
100
135.48
0.05
100
101.41
-2.27
100
101.44
-38.82
100
102.48
-7.84
100
105.24
9.95
24.97
100.04
0.13
100
100.02
0.05
100
129.47
46.6
39.22
101.53
-38.68
100
128.93
50.78
27.22
195.3
50.64
30.59
196.05
49.26
29.75
128.97
48.6
41.96
117.91
26.68
30.03
128.79
51.14
34.51
101.02
-51.29
100
195.11
49.33
29.41
3.36
38.53
21.37
132.55
96.73
41.96
127.88
38.18
21.57
129.04
53.97
54.63
109.85
28.41
17.25
66.42
93.43
17.91
63.81
87.14
38.43
66.84
96.99
44.31
129.29
69.41
48.5
132.18
94.47
34.04
191.81
52.63
22.35
199.55
49.85
44.75
2.8
35.67
74.71
124.87
36.51
24.71
128.12
42.38
34.12
197.85
43.55
24.31
128.56
47.21
66.15
3.89
74.48
49.07
128.1
55.72
38.61
64.18
87.25
41.18
191.2
55.13
27.74
5.25
34.83
50.78
64.7
87.29
22.99
199.55
52.15
38.95
194.97
51.41
36.98
128.59
47.08
66.27
9.97
36.08
19.02
63.87
86.39
36.35
100.1
-58.79
100
130
67.97
33.32
190.77
54.05
24.87
189.93
50
15.69
2.71
38.01
86.67
0.67
53.36
38.95
109.83
15.33
51.18
199.39
70.51
28.37
128.22
46.14
53.52
8.74
72.31
56.55
2
81.6
51.5
69.08
86.91
47.23
198.53
46.13
47.13
3.17
39.75
41.6
105.91
-44.05
100
193.28
55.51
17.94
127.43
38.41
32.44
112.2
16.19
29.48
3.78
54.59
23.95
100.03
0.09
100
7.29
74.47
26.71
101.32
-28.41
100
135.65
65.27
15.54
136.59
43.36
48.24
100.74
-48.1
100
2.62
40.69
51.1
5.61
77.43
56.86
188.68
53.31
17.33
187.85
52.58
15.17
7.68
74.22
48.57
128.02
47.24
65.43
127.49
38.84
34.45
103.53
10.59
100
4.61
75.55
77.39
3.69
72.46
47.92
128
71.13
54.69
4.42
75.35
47.35
127.15
37.29
33.43
127.93
47.37
61.22
140.52
-18.24
100
100.1
-54.87
100
7.04
27.88
30.4
100.1
-58.43
100
3.83
30.38
38.77
2.23
43.03
37.55
4.54
79.07
58.31
134.37
48.22
15.08
101.23
-27.96
100
100.07
-67.68
100
100.99
-62.88
100
134.46
6.01
56.2
190.96
50.99
18.17
127.47
34.56
23.31
133.2
81.69
49.23
154.55
-61.44
100
127.44
56.34
57.09
136.83
48.88
14.53
101.21
-51.69
100
154.77
-59.61
100
154.05
-59.09
100
135.56
0
100
150.31
-47.06
100
111.11
32.29
37.65
2.71
78.54
43.2
2.37
37.98
30.62
125.1
75.29
33.33
135.69
-2.16
100
127.31
37.83
36.23
163.07
-88.9
100
147.06
-39.22
100
141.44
-21.25
100
101.13
-57.53
100
60.75
77.43
52.68
127.08
35.01
28
100.1
-57.89
100
101.38
-42.01
100
63.75
79.8
51.16
135.5
0.05
100
100.59
-47.76
100
127.62
40.53
49.48
102
-18.17
100
151.29
-52.75
100
135.57
0.02
100
4.71
80.85
59.04
100.08
-65.63
100
100.81
-53.16
100
100.44
0.02
100
130.99
65.07
32.43
152.64
-56.7
100
141.38
-20.68
100
100.11
-54.66
100
135.51
0.03
100
135.6
0
100
142.75
-25.59
100
133.73
59.63
17.8
100.2
0.02
100
131.79
56.97
23.38
104.65
6.41
91.76
129.4
39.07
21.13
127.66
52.83
54.83
101.38
-36.54
100
152.79
-53.91
100
135.97
-2.63
100
100.02
0.02
100
137.68
-8.95
100
141.05
-19.96
100
140
-16.12
100
200
97.18
45.72
100.42
0
100
127.68
40.95
51.46
100.09
-60.89
100
100.07
-68.35
100
101.44
-44.48
100
135.95
0.02
100
127.34
38.01
38.46
127.72
50.17
54.8
100.15
-75.72
100
142.35
-24.29
100
146.51
-37.54
100
144.83
-32.35
100
140.84
-19.39
100
127.99
37.02
26.53
136.55
0.05
100
100.41
-58.51
100
136.08
-3.57
100
101.37
-46.22
100
101.78
-29.6
100
127.28
37.5
37.28
156.77
-68.07
100
116.47
45.27
44.18
153.11
-57.47
100
139.79
-15.62
100
100.24
-52.86
100
127.79
43.92
43.36
136.28
-4.09
100
135.26
0.15
100
100.2
-95.29
100
135.97
0.02
100
127.53
39.76
46.87
100.64
-54.6
100
135.22
0.03
100
137.73
-9.05
100
100.16
-74.76
100
100.34
-67.73
100
135.93
0.52
100
135.75
0.03
100
100.42
-59.26
100
142.15
-23.21
100
102.06
-17.41
100
158.88
-75.35
100
100.26
0.02
100
102.57
6.99
100
129.54
5.49
100
100.33
0.03
100
135.1
0.04
100
135.47
0.29
100
100.01
0.02
100
101.52
-7.6
100
101.92
-19.53
100
100.54
0.04
100
100.72
-64.77
100
101.31
-38.92
100
135.71
0.03
100
136.36
0.03
100
136.19
0.05
100
136.18
0.04
100
144.28
-29.49
100
155.82
-65.23
100
100.66
-67.38
100
100.67
-73.75
100
137.12
0.07
100
137.06
0.05
100
150.26
-49.51
100
136.26
-2.79
100
102.13
-10.95
100
100
0.01
100
101.09
-59.2
100
101.1
-66.1
100
101.74
-29.22
100
100.42
-87.39
100
135.62
0.12
100
100.59
0.25
100
100.74
-51.19
100
136.78
0.04
100
135.39
0.03
100
136.74
0.03
100
136.37
0.27
100
135.46
0.02
100
136.89
-5.77
100
136.16
-3.3
100
136.2
0.04
100
155.26
-62.66
100
100.12
-75.71
100
101.62
-27.73
100
101.06
-60.71
100
136.41
-3.57
100
100.07
0.22
100
143.73
-28.48
100
137.09
0.04
100
101.32
-48.81
100
102.34
-3.39
100
136.82
0.02
100
135.75
0.03
100
100.03
0.02
100
119.37
10.93
64.59
100.19
-70.38
100
101.02
0
100
101.86
-22.75
100
102.23
-6.76
100
101.11
-53.88
100
103.54
0.79
100
100.01
0.02
100
100.08
-66.49
100
100.1
-69.77
100
101.7
-33.07
100
100.41
0.59
100
121.12
4.06
60.75
138.22
-8.27
100
136.11
0.02
100
108.79
-67.25
100
121.07
3.84
89.95
101.26
-44.97
100
149.31
-46.54
100
100.03
0.1
100
136.14
0.03
100
100.29
-69.08
100
147.19
-39.31
100
137.1
0.08
100
140.63
-18.46
100
101.49
-42.1
100
139.66
-15.51
100
131.06
8.94
23.04
17.12
-32.52
100
109.97
-33.48
100
136.25
0.03
100
146.83
-38.72
100
101.26
-48.59
100
154.87
-61.91
100
135.8
0.01
100
145.54
-33.23
100
136.73
0.01
100
155.18
-64.51
100
136.24
0.01
100
101.96
-25.1
100
135.58
0.02
100
145.11
-31.08
100
143.96
-27.56
100
140.5
-17.41
100
150.84
-51.5
100
136.72
0.07
100
125.64
17.52
41.74
136.49
-4.32
100
7.9
5.16
85.79
147.69
-38.71
100
135.92
0.1
100
11.73
-8.25
100
150.48
20.75
37.58
149.52
19.24
52.99
0.89
32.84
76.86
140.39
-15.88
100
135.56
0
100
4.59
16.35
85.35
142.28
-22.33
100
136.98
-5.21
100
138.04
16.86
100
136.99
0
100
20.99
12.62
100
137.08
0.03
100
153.84
-58.46
100
136.41
0.03
100
136.94
0.03
100
142.74
-24.32
100
13.64
-17.1
100
24.71
16.17
100
136.89
0.72
100
151.74
-51.42
100
136.13
0.03
100
155.6
-61.74
100
149.43
-45.36
100
136.49
0.03
100
22.18
15.92
100
161.14
-82.4
100
19.23
-40.52
100
137.67
-7.85
100
135.13
0.22
100
152.28
-54.46
100
107.58
-72.55
100
138.16
14.03
100
136.72
0.03
100
164.44
-93.2
100
142.14
-21.65
100
158.51
-73.94
100
102.51
-92.43
100
144.4
-29.09
100
144.94
-32.68
100
155.64
-65.38
100
141.12
-17.43
100
135.64
0.02
100
137.96
-8.65
100
101.85
2.4
100
101.05
-58.82
100
100.03
0.1
100
100.02
0.06
100
102.27
-12.45
100
128.69
48.09
23.92
100.13
-54.22
100
103.42
-41.67
100
128.89
50.06
30.31
125
38.46
20.39
192.4
53
27.75
106.14
16.55
33.65
196.46
49.29
30.31
107.23
12.05
65.1
128.98
56.05
52.73
56.67
70
11.76
66.02
96.12
40.39
192.2
54
28.74
3.13
38.96
20.92
129.31
71.43
48.24
64.84
91.9
41.18
128.17
42.86
32.6
128.66
48.35
66.24
131.47
91.12
22.07
112.83
19.46
43.82
132.85
98.55
54.12
3.02
79.76
44.37
128.29
55.19
39.08
132.04
90.24
35.49
199.73
48.55
42.4
100.09
-54.51
100
191.19
51.89
20.78
13.58
55.56
10.59
102.41
2.1
100
128.69
48.23
66.32
63.95
86.99
41.99
2.88
35.08
74.9
129.95
67.12
32.38
1.06
45.36
27.81
0.8
46.4
49.02
104.84
-44.83
100
64.66
86.04
24.16
128.42
46.67
59.97
190.8
54.65
25.63
0.57
89.11
43.03
64.17
88.77
36.67
112.88
20.17
46.01
154.47
-60.06
100
2.86
42.79
42.32
0.72
55.91
36.47
199.23
76.5
28.37
190.12
48.41
14.93
67.71
88.6
48.73
12.6
41.94
17.02
8.79
72.93
55.52
194.25
51.64
33.51
190.5
53.79
23.25
101.44
-26.25
100
127.49
38.73
31.56
104.19
7.33
54.84
2.94
36.2
76.56
153.73
-58.04
100
126.8
33.33
20
192.32
58.07
16.61
199.07
45.33
45.3
134.78
71.78
17.73
2.3
42.85
35.98
100.13
-63.53
100
138.56
-11.76
100
100.1
-59.25
100
128.09
47.45
66.42
147.58
-41.18
100
3.84
63.24
22.75
7.48
76.2
28.66
5.35
77.68
61.22
100.12
-56.19
100
3.6
72.96
45.89
162.86
-88.22
100
127.58
39.8
37.35
142.22
-23.92
100
7.69
74.24
50.45
127.97
69.42
55.92
101.3
-26.88
100
4.78
75.35
77.93
128
48
61.69
186.46
52.52
13.19
101.03
-61.46
100
187.84
52.63
15.16
2.73
44.32
45.63
127.34
38.2
36.15
101.32
-48.42
100
153.9
-58.82
100
149.54
-45.05
100
155.39
-64.15
100
135.62
0
100
153.92
-58.69
100
144.84
-31.76
100
135.03
0
100
0
95.29
33.33
125.88
77.65
33.33
101.16
-55.58
100
4.29
76.96
50.75
100.41
0.02
100
133.23
81.98
50.96
127.46
57.16
57.75
101.83
-27.45
100
4.5
79.41
61.1
101.52
-37.95
100
100.92
0
100
131.27
41.97
16.53
100.15
-58.63
100
100.71
-46.29
100
3.92
30.04
33.86
7.66
28.05
25.74
135.57
0.05
100
127.16
34.64
25.31
149.5
-47.17
100
100.03
-69.56
100
135.61
0.01
100
2.32
50.57
32.87
100.07
-63.9
100
127.39
38.61
38.45
100.87
-52.44
100
140.06
-16.51
100
100.15
-55.72
100
132.97
47.45
15.79
141.38
-21.16
100
189.91
51.24
15.56
151.4
-53.01
100
101.49
-33.06
100
152.81
-54.33
100
135.91
0.03
100
135.65
0.03
100
135.26
0.04
100
135.73
0.03
100
136.07
0.04
100
135.69
0.05
100
139.59
-14.67
100
64.79
82.46
52.03
61.16
78.79
54.42
101.49
-42.59
100
145.03
-32.88
100
2.71
81.51
47.05
127.12
35.8
30.42
127.65
40.94
51.97
140.9
-19.55
100
136.29
-4.31
100
100.01
0.02
100
2.28
41.73
25.98
100.39
-90.2
100
100.27
-76.15
100
133.9
2.76
89.91
136.64
0.05
100
139.11
-13.68
100
100.01
0.02
100
135.22
0
100
101.83
-27.12
100
157.35
-70.12
100
100
0
100
4.74
80.67
62.23
100.56
-55.92
100
151.73
-53.34
100
137.81
-9.14
100
139.81
-16.01
100
136.31
0.01
100
127.67
53.67
56.09
100.7
0.01
100
143.81
-29.09
100
102.13
-12.26
100
100.34
-52.79
100
135.34
0.18
100
135.06
0.03
100
135.68
0.02
100
100.74
-54.24
100
100.01
0.03
100
159.81
-78.36
100
100.22
-67.33
100
100.53
-60.34
100
136.14
0.39
100
135.51
0.31
100
127.71
41.19
53.86
130.38
62.6
35.85
137.07
0.02
100
139.89
-15.92
100
115.31
4.83
100
100.54
-56.86
100
135.3
0.07
100
101.11
-4.82
100
100.84
-62.38
100
127.95
35.82
23.97
127.78
50.81
56.56
130.52
51.21
20.26
101.55
-39.61
100
136.33
0.04
100
0.32
95.87
49.26
127.42
38.83
41.47
130.02
52.1
26.59
136.42
0.04
100
142.97
-25.36
100
137.11
0.04
100
100.85
-58.26
100
109.61
22.48
53.73
149.55
-47.31
100
100
0
100
156.01
-66.47
100
100.29
0.06
100
100.8
-70.03
100
135.73
0.03
100
102.23
-10.2
100
127.35
38.28
40.18
127.44
36.28
29.84
100.51
-66.54
100
102.25
-6.61
100
101
-63.07
100
100.44
-86.01
100
127.58
40.31
49.66
127.85
44.46
46.4
100.11
0.03
100
100.08
0.05
100
136.83
0.03
100
136.39
-3.94
100
136.48
0.3
100
136.87
0.02
100
135.84
0.14
100
135.45
0.03
100
100.38
-66.72
100
101.83
-25.69
100
136.38
0.03
100
101.64
-25.37
100
101.52
-32.94
100
135.65
0.03
100
100.94
-47.83
100
137.03
0.04
100
135.14
0.05
100
136.08
-2.21
100
101.12
-58.02
100
155.49
-63.54
100
100.92
2.75
100
101.33
-47.91
100
136.88
0.02
100
135.77
0.02
100
100.22
-74.51
100
142.17
-23.56
100
100.01
0.03
100
101.68
0.04
100
102.22
-10.98
100
100.68
-54.98
100
100.06
-66.61
100
126.67
4.15
58.88
100.16
-69.04
100
102.05
-16.37
100
100.76
0
100
139.22
-12.94
100
100.22
0.62
100
100.33
-70.16
100
101.66
-3.29
100
100.01
0.03
100
101.84
-26.94
100
101.31
-47.12
100
136.16
0.01
100
137.52
-7.65
100
100.27
-69.29
100
153.4
-57.65
100
101.5
-40.91
100
110.09
-67.76
100
150.15
-49.18
100
136.13
0.03
100
102.16
-11.57
100
145.69
-34.67
100
101.47
-38.29
100
137.12
0
100
133.21
11.45
22.83
100.01
0.04
100
101.05
-49.41
100
18.55
-38.47
100
138.48
-11.48
100
137.82
-9.41
100
136.25
0.03
100
147.01
-39.28
100
102.09
-13.33
100
136.02
0.01
100
154.09
-59.89
100
136.8
0.03
100
155.36
-64.12
100
142.2
-21.63
100
136.32
0.05
100
155.56
-65.71
100
141.83
-20.78
100
135.68
0.05
100
138.64
-11.28
100
149.5
-47.27
100
136.86
0
100
125.78
10.34
39.32
8.64
2.76
82.76
136.02
-2.52
100
145.85
-33.21
100
135.97
0.08
100
146.16
13.03
37.4
9.04
2.41
88.57
113.26
23.66
36.47
160.78
-78.43
100
139.12
4.66
81.31
8.81
2.83
83.14
8.96
2.26
88.66
135.42
0.04
100
140.6
-16.97
100
136.45
0.07
100
6.24
12.92
75.88
19.08
11.08
100
137.17
0.03
100
152.96
-55.97
100
136.95
0.04
100
136.57
0.03
100
140.44
-16.85
100
24.8
15.95
100
14.13
-19.15
100
136.94
1.12
100
136.32
0.02
100
150.73
-48.44
100
155.66
-62.27
100
136.61
0.03
100
147.37
-39
100
21.9
16.64
100
161.54
-83.81
100
20.14
-43.21
100
136.08
-2.61
100
135.25
0.26
100
150.21
-48.11
100
104.76
-79.61
100
136.81
0
100
135.95
0.52
100
163.88
-91.53
100
140.17
-15.4
100
158.77
-74.98
100
102.61
-92.16
100
143.31
-25.56
100
145.09
-33.19
100
154.42
-61.7
100
140.69
-16.04
100
135.74
0.02
100
137.13
-5.55
100
101.48
0
100
100.11
0.33
100
100.01
0.02
100
100.13
-54.16
100
106.22
5.1
59.39
100.32
-52.25
100
129.15
61.31
46.82
106.23
9.89
71.37
191.96
54.52
31.22
195.42
49.46
27.69
192.39
53.96
30.01
128.88
49.59
66.27
128.42
43.91
30.59
100.1
-49.51
100
199.52
48.55
43.14
66.04
97.2
41.96
129.52
78.85
44.51
128.46
58.93
37.18
132.24
92.76
14.9
2.89
80.15
41.34
108.44
14.2
63.53
66.34
95.15
40.39
192.21
54.01
29.3
154.42
-59.74
100
104.52
-44.8
100
66.98
97.34
51.67
131.37
78.07
29.33
191.86
55.07
32.12
128.85
49.8
66.14
3.11
39.56
23.08
130.3
70.33
30.15
131.97
89.18
36.86
0.06
48.27
44.12
152.3
-51.81
100
191.05
50.34
19.48
128.6
47.49
63.58
199.67
92.4
36.11
62.67
80.99
15.82
64.03
87.65
41.8
133.18
19
43.33
130.72
89.08
35
101.57
-23.94
100
104.84
6.22
94.51
103.77
-47.66
100
100.04
-64.44
100
101.18
-36.08
100
1.14
47.01
45.88
162.43
-86.85
100
147.11
-39.61
100
67.97
88.68
49.43
63.82
81.88
25.83
64.72
91.59
40.39
8.17
73.26
58.79
1.27
45.57
25.22
2.91
34.44
69.18
0.38
60.34
34.12
199.79
80.75
31.57
127.48
39.55
32.55
153.19
-57.45
100
190.52
53.96
23.53
189.23
48.32
13.62
138.04
-9.8
100
100.08
-60.9
100
145.49
-34.12
100
190.26
53.27
21.2
130.89
69.55
26.19
105.15
-44
100
11.98
50.59
16.59
100.16
-57.04
100
2.01
45.15
36.83
194.5
50.74
31.14
101.09
-59.12
100
101.41
-24.46
100
128.14
47.81
67.17
100
0
100
191.56
62.88
15.77
100.55
0.03
100
133.46
71.11
18.35
4.03
70.4
47.52
127.8
41.6
39.58
2.91
35.96
69.64
101.43
-44.45
100
101.25
-53.73
100
100.06
-70.83
100
148.64
-42.58
100
128.07
48.53
62.74
135.86
0.02
100
5.51
77.45
61.63
119.83
53.45
45.49
135.7
0.04
100
144.31
-30.2
100
128.14
73.29
55.82
135.26
0.03
100
135.16
0
100
135.29
0
100
153.9
-59.04
100
199.31
44.58
42.45
154.97
-61.57
100
130.63
88.51
38.69
127.86
80.07
37.39
157.45
-70.98
100
6.49
79.89
31.58
4.62
75.68
80.63
127.22
38.64
37.62
101.65
-33.68
100
2.77
41.02
32.4
5.01
69.99
23.01
100.86
-44.22
100
7.99
73.84
51.12
148.3
-43.39
100
135.62
0.05
100
100.22
-59.11
100
135.66
0.03
100
100.92
-51.83
100
100.08
-64.25
100
138.82
-12.55
100
148.81
53.1
11.31
100.78
-69.73
100
133.43
83.24
52.98
137.78
-9.21
100
100.21
-56.47
100
136.13
0.06
100
186.53
52.55
13.05
127.54
57.12
58.76
101.63
-29.49
100
152.68
-54.29
100
136.24
0
100
140.07
-16.84
100
143.46
-27.82
100
100
0
100
101.47
-42.75
100
100.41
0.04
100
102.27
-6.68
100
2.87
51.94
39.91
139.57
-14.58
100
150.03
-48.79
100
139.64
-15.41
100
137.01
0.08
100
135.17
0
100
135.61
0.04
100
100.4
-75.6
100
135.79
0.03
100
136.73
0.04
100
135.94
0.07
100
4.35
77.11
54.62
101.87
-24.9
100
100.98
-57.9
100
157.91
-72.03
100
4.39
79.7
65.08
127.48
39.27
40.62
100.01
0.02
100
129.14
36.6
18.36
135.02
0.04
100
127.05
35.09
27.59
136.4
-4.28
100
135.59
0.14
100
150.41
-49.36
100
100.01
0.04
100
160.51
-80.67
100
135.41
0.14
100
100.47
-52.03
100
100.73
-53.29
100
136.64
-5.47
100
136.49
0.02
100
100.25
0.05
100
100.73
-2.27
100
137.18
0.02
100
130.37
6.8
100
64.49
81.83
53.67
136.35
0.2
100
134.96
1.72
100
138.35
-11.21
100
4.16
30.55
29.14
100.31
-65.55
100
100.85
-53.1
100
127.74
41.56
54.34
135.21
0.04
100
100
0.01
100
8.71
29.61
21.71
140.27
-16.58
100
60.69
78.03
56.68
142.28
-24.1
100
130.15
39.27
17.48
136.63
0.04
100
100
0.01
100
138.19
-10.31
100
2.37
60.54
30.4
149.11
-45.86
100
127.15
36.6
32.87
100.73
-54.59
100
109.81
24.85
47.02
136.11
-2.88
100
186.92
56.05
12.68
136.89
0.04
100
100.46
-85.59
100
136.67
0.03
100
135.94
0.01
100
101.03
-54.29
100
127.72
53.56
57.75
156.97
-69.49
100
101.05
-60.31
100
100.91
-66.05
100
2.77
82.71
51.78
136.94
0.03
100
135.51
0.03
100
102.11
-3
100
4.71
80.89
64.89
136.06
0.13
100
101.72
-22.12
100
136.53
0.03
100
100
-54.51
100
101.68
-34
100
136.98
0.03
100
1.89
51.11
22
127.73
41.44
55.69
135.87
0.03
100
127.75
50.33
58.37
135.76
0.02
100
100.13
-67.45
100
136.96
0.02
100
102
-19.87
100
101.14
-43.99
100
127.51
39.53
44.05
102.08
-4.42
100
101.3
-49.67
100
135.48
0.03
100
130.34
63.58
39.8
138.96
5.07
77.39
101.14
-56.9
100
127.38
35.06
26.88
100.07
-67.24
100
0.19
96.33
51.76
135.28
0
100
103.13
3.97
58.29
128.98
47.68
22.82
100.69
-64.21
100
101.5
4.5
100
100.29
-67.11
100
100.02
0.04
100
156.07
-65.58
100
100.01
0.03
100
129.45
51.69
30.17
140.6
-18.47
100
100.07
0.2
100
100.01
0.02
100
127.43
39
42.84
100.45
0.03
100
100.3
-71.32
100
127.67
40.92
52.36
135.48
0
100
127.28
36.77
33.37
127.85
44.49
49.21
146.32
-36.08
100
102.12
-3.92
100
100
-73.33
100
101.74
-27.02
100
100.97
-47.06
100
102.2
-10.56
100
101.41
-43.89
100
107.15
19.87
100
100.57
0.06
100
136.18
0.03
100
134.14
46.59
59.48
101.83
-28.2
100
100.91
0.05
100
101.98
-21.16
100
100.5
-66.48
100
100.01
0.03
100
135.98
-2.7
100
101.49
-40.07
100
101.15
-46.56
100
152.39
-54.75
100
150.53
-50.3
100
136.07
0.01
100
159.81
-78
100
111.71
-62.77
100
143.44
-27.45
100
137.17
0
100
19.47
-42.4
100
108.75
18.41
74.98
136.76
-5.65
100
101.67
-31.03
100
136.21
0
100
100.03
0.09
100
147.57
-41.12
100
136.05
-3.37
100
136.21
0.01
100
141.17
-18.82
100
136.87
0.02
100
141.13
-18.56
100
155.1
-63.46
100
153.52
-58.32
100
136.43
0
100
154.36
-62
100
135.82
0.1
100
155.73
-64.31
100
148.56
-44.28
100
137.42
-7.1
100
136.39
0.02
100
14.71
-21.9
100
136
0.06
100
143.85
-27.22
100
156.47
-62.16
100
102.22
-60.78
100
135.33
0.04
100
13.71
-16.15
100
160.69
-78.92
100
146.84
15.82
61.96
15.09
-21.7
100
13.26
-14.9
100
136.18
0
100
135.52
0.04
100
138.93
-11.6
100
14.18
-19.61
100
137.22
0.01
100
136.95
0.02
100
136.7
0.03
100
151.76
-52.45
100
24.49
16.46
100
138.8
-11.47
100
136.92
0.77
100
14.75
-21.58
100
136.47
0.02
100
149.43
-44.47
100
136.69
0.05
100
155.61
-63.71
100
8.21
50.78
100
145.16
-32.09
100
161.41
-83.27
100
135.36
0.04
100
20.91
-45.2
100
135.35
0.31
100
136.42
0.76
100
160.59
-79.08
100
135.88
0.13
100
148.25
-42.18
100
162.68
-87.91
100
138.37
-9.65
100
158.64
-74.72
100
164.22
-92.55
100
141.6
-20.16
100
146.26
-37.06
100
153.1
-57.78
100
140.04
-13.88
100
135.86
0.01
100
136.39
-2.86
100
100.18
0.24
100
100.72
-5.59
100
100.01
0.02
100
100.13
-49.02
100
104.64
4.54
61.5
100.4
-51.06
100
154.64
-60.39
100
100.09
-50.04
100
129.08
50.96
60.24
124.89
41.14
30.98
128.6
62.16
34.82
104.51
-43.75
100
3.07
78.48
38.26
153.06
-54.47
100
147.9
-42.04
100
161.94
-85.38
100
194.69
49.35
25.83
100.1
-65.29
100
199.65
49.92
43.33
197.07
52.26
35.97
151.5
-48.63
100
66.02
98.06
40.39
192.15
54.55
31.63
128.9
49.83
64.49
192.05
55.68
34.51
131.19
80.89
27.45
131.55
87.7
14.67
128.82
48.8
65.62
133.28
84.26
31.76
107.65
15.49
42.75
101.69
-21.43
100
155.34
-63.66
100
66.92
97.51
52.55
101.31
-38.43
100
116.24
43.4
51.5
191.96
53.7
28.16
130.95
75.17
28.82
131.83
92.93
37.25
199.83
48.66
41.18
133.33
97.71
35.96
100.08
-62.5
100
192.16
55.29
33.33
2.72
48.98
19.22
135.81
0.02
100
190.84
50.55
17.84
194.04
54.33
33.98
64.48
90.04
42.51
135.63
0.04
100
100.88
0.04
100
153.39
-58.27
100
129.31
3.75
73.14
135.23
0.03
100
100.09
-72.33
100
68.51
90.11
51.01
108.43
-33.14
100
66.18
89.02
17.86
127.68
40.82
34.83
0.9
47.98
43.73
57.87
72.81
55.63
100.24
-57.28
100
101.1
-58.65
100
101.48
-23.23
100
0
83.2
31.9
0.4
64.76
32.55
65.17
93.13
43.79
120.99
3.31
70.98
101.18
-53.07
100
64.65
89.26
29.22
100.49
-55.78
100
136.03
0.02
100
101.52
-40.28
100
131.41
73.5
26.63
147.56
-39.51
100
188.05
48.16
12.25
100.91
-65.07
100
128.32
49.04
67.67
141.7
-21.96
100
130.47
86.56
36.47
137.88
-9.62
100
195.88
49.48
19.02
100.13
0.39
100
4.01
70.64
49.25
136.93
0.1
100
100.29
0.06
100
102.14
-3.2
100
135.29
0
100
2.98
34.33
62.67
190.12
53.49
21.28
199.86
88.57
32.03
135.38
0
100
199.01
96.22
36.27
155.4
-63.01
100
101.03
-41.51
100
101.75
-29.85
100
127.85
42.39
41.31
146.95
-39.13
100
153.24
-57.08
100
128.15
48.87
63.82
189.88
52.48
19.3
136.24
0.02
100
135.66
0.05
100
135.54
0.04
100
132.26
67.03
19.12
141.99
-23.07
100
158.02
-72.55
100
135.72
0.01
100
137.67
-8.72
100
142.65
66.93
13.94
100.35
-58.84
100
51.68
54.6
17.33
101.13
-53.81
100
101
-50.99
100
101.53
-42.22
100
100.09
-65.45
100
101.76
-25.38
100
152.31
-53.54
100
128.22
70.13
57.66
100.34
-56.51
100
135.35
0
100
138.71
-12.33
100
100.21
0.04
100
139.67
-14.96
100
100
0
100
138.19
-10.55
100
5.81
77.58
60.42
2.37
43.15
33.65
193.86
50.64
27.4
127.33
39.27
39.16
135.53
0.21
100
100.55
-74.05
100
136.77
0.03
100
4.56
75.82
83.72
148.35
-43.6
100
101.93
-23.42
100
158.27
-73.3
100
137.22
0
100
133.57
83.95
55.06
136.63
0.03
100
160.95
-82.13
100
135.25
0.02
100
127.63
57.15
59.92
100
0.01
100
135.15
0.02
100
100.7
0.02
100
135.9
0.03
100
2.98
35.78
61.01
7.64
74.41
54.46
148.68
-44.03
100
136.77
0.03
100
136.04
0
100
135.4
0.36
100
136.94
0.03
100
138.64
-11.22
100
100.6
-50.71
100
148.87
-45.16
100
6.26
80.56
34.58
134.48
3.64
100
135.2
0.05
100
135.95
0.39
100
198.94
44.48
36.68
136.76
0.03
100
100.59
-79.23
100
100.94
-49.73
100
136.52
0.04
100
100.45
-64.08
100
4.45
76.64
24.09
100.98
-50.74
100
136.91
0.04
100
136.16
0.02
100
145.76
49.54
10.92
100.01
0.04
100
137.02
0.04
100
136.97
-6.15
100
135.12
0.03
100
101.78
-23.92
100
2.91
39.78
28.29
135.54
0.04
100
136.66
0.03
100
100.98
-62.35
100
135.38
0.04
100
136.09
-3.58
100
148.46
52.65
11.21
100.92
-50.99
100
127.54
39.8
42.31
141.12
-20.35
100
136.17
0.09
100
101
-62.55
100
155.84
-66.08
100
101.41
0.05
100
135.73
0.02
100
100.09
-67.2
100
100.01
0.02
100
136.99
0.04
100
101.2
-48.88
100
136.02
0.04
100
127.1
35.8
29.5
128.02
34.17
20.2
2.99
61.25
37.13
4.47
79.3
67.71
100.42
-64.5
100
127.75
41.75
55.86
101.33
-48.78
100
4.25
77.87
57.43
64.49
81.85
54.91
100.01
0.04
100
135.59
0.03
100
61.13
78.48
57.46
101.17
-55.7
100
100.1
-75.1
100
100.11
-67.79
100
101.33
-39.86
100
101.37
-47.39
100
102.14
-13.2
100
100.65
-52.94
100
100.01
0.03
100
127.23
37.24
34.61
135.46
0.04
100
104.92
13.59
100
127.74
53.59
59.17
128.42
35.09
19.43
101.81
-28.27
100
101.68
-33.83
100
101.62
4.87
100
138.76
-12.47
100
156.56
-67.34
100
4.5
33.21
24.76
135.71
0
100
100.05
0.02
100
100.13
-58.24
100
100.65
-54.38
100
10.28
34.52
18.3
127.77
41.92
57.22
2.54
69.29
30.69
142.86
56.06
12.46
136.23
0.04
100
143.87
-28.39
100
136.24
11.41
74.64
4.87
80.21
68.29
100.46
-68.75
100
101.53
0.02
100
127.85
51.45
59.86
2.72
83.36
57.07
102.33
-5.6
100
101.3
-42.73
100
101.9
-3.01
100
100.17
0.04
100
101.11
-39.02
100
127.57
39.97
46.23
102.07
-18.08
100
100.01
0.03
100
100.88
-60.42
100
1.99
63.03
19.73
100.39
-53.33
100
100.32
0.04
100
135.22
0
100
160.3
-79.28
100
105.52
9.3
84.79
106.67
-32.75
100
100.02
0.05
100
0.08
96.82
54.27
127.13
35.38
29.67
100.73
-61.33
100
136.02
0.02
100
100.01
0.04
100
130.39
64.47
43.79
20.27
-45.12
100
151.61
-53.69
100
141.6
-21.58
100
137.25
0
100
128.42
47.03
25.54
100.57
-54.35
100
101.67
-33.3
100
151.16
-50.79
100
127.57
39.89
45.54
127.74
41.49
54.85
129.28
52.04
33.93
101.94
-20.34
100
112.73
-59.87
100
127.97
45.53
51.9
135.88
-2.58
100
127.33
37.71
36.9
135.89
0
100
148.53
-44.13
100
135.24
0.02
100
140.27
-15.87
100
139.84
-14.51
100
101.81
-24.27
100
100.01
0.03
100
118.32
31.51
55.73
136.39
0.02
100
136.89
0.02
100
154.53
-61.8
100
136.45
0.01
100
153.03
-57.07
100
153.21
-58.46
100
155.76
-64.51
100
135.99
0.13
100
16.1
-27.81
100
136.16
0
100
147.41
-40.58
100
136.34
0
100
124.31
61.46
37.65
136.35
-3.3
100
156.21
-64.97
100
141.98
-21.59
100
14.75
-19.54
100
159.61
-77.39
100
135.46
0.05
100
16.37
-25.46
100
14.31
-18.64
100
135.63
0.03
100
137.71
-7.62
100
137.26
0.01
100
15.4
-24.48
100
136.92
0.02
100
136.82
0.02
100
24.28
16.52
100
150.26
-47.94
100
136.91
0.76
100
137.59
-7.39
100
15.53
-24.58
100
136.6
0.04
100
136.77
0.03
100
147.91
-39.87
100
156.25
-64.56
100
142.72
-24.34
100
161.96
-85.29
100
135.52
0.05
100
135.38
0.29
100
21.73
-47.02
100
162.53
-87.32
100
136
0.24
100
146.25
-35.97
100
136.58
-3.96
100
161.82
-85.32
100
102.48
-92.55
100
158.25
-73.73
100
140.46
-16.43
100
147.58
-41.18
100
151.47
-52.79
100
139.64
-12.57
100
135.92
0.02
100
135.63
0
100
101.62
-3.37
100
100.13
-47.75
100
103.7
3.7
74.12
100.46
-50.69
100
100.13
-53.73
100
150.59
-50.33
100
157.33
-71.24
100
155.1
-62.35
100
100.12
-51.22
100
155.69
-64.31
100
100.04
-66.8
100
104.05
-43.24
100
128.95
50.35
56.67
151.94
-50.23
100
100.18
-57.6
100
129.09
55.96
40.5
126.67
78.89
35.29
3.26
77.17
36.08
123.51
39.33
30.51
135.61
0.04
100
135.75
0.03
100
151.85
-49.8
100
135.21
0.04
100
112.74
26.8
43.17
101.14
-3.29
100
100.05
-74.25
100
128.93
51.24
56.94
101.81
-18.37
100
133.5
95.94
25.75
101.31
-37.12
100
119.09
51.82
43.14
199.27
88.75
31.37
135.29
5.53
36.67
128.89
53.73
60.18
131.81
71.9
30
199.63
97.79
35.42
194.18
49.67
24.29
139.49
-14.98
100
100.12
-63.97
100
200
48.44
42.75
135.7
0.06
100
1.19
41.17
53.82
127.85
3.87
79.14
136.86
0
100
110.36
4.87
56.34
192.07
54.37
29.93
100.69
0
100
101
0.75
100
152.59
-56.01
100
131.56
83.44
17.93
101.12
-54.36
100
101.11
-58.46
100
67.31
97.82
53.86
101.98
0.02
100
138.29
-10.85
100
197.01
53.05
35.64
101.09
-58.72
100
100.34
-56.86
100
191.88
55.67
32.4
101.54
-21.86
100
132
94.98
39.08
119.14
3.41
80.59
4.94
70.37
10.59
199.43
95.95
36.78
100.37
-50.59
100
135.42
0.07
100
199.52
48.94
37.15
101.22
-50.93
100
130.5
79.02
29.64
131.93
90.3
38.71
127.91
42.18
37.37
67.91
90.03
51.59
191.9
53.33
27.45
100.24
0.05
100
64.45
90.63
43.43
101.62
-36.6
100
146.48
-36.42
100
140.2
-17.06
100
190.65
49.66
16.58
136.41
0.03
100
58.43
71.62
53.33
140.78
-19.13
100
133.69
79.15
36.99
2.67
36.49
67.27
101.22
-37.77
100
145.86
-35.67
100
135.36
0
100
100
0
100
101.87
-25.18
100
101.44
-40.78
100
135.48
0
100
0.96
49.76
40.98
199.04
93.19
37.45
0.43
72.31
35.88
135.06
0
100
7.11
40.44
17.78
136.65
-5.23
100
155.95
-65.1
100
135.9
0.04
100
135.25
0.03
100
191.83
55.41
30.78
135.75
0
100
197.84
86.49
24.18
101.87
-21.83
100
151.63
-51.84
100
68.49
87.76
18.93
101.06
-51.12
100
0.21
69.43
30.78
137.21
0.02
100
135.53
0.15
100
100.11
-67.03
100
136.84
0.03
100
191.98
54.43
30.98
3.87
71.79
52.19
128.43
49.45
68.43
100.49
-57.5
100
152.48
-54.83
100
100.48
-55.84
100
136.97
0.03
100
137.35
-7.75
100
65.66
95.08
47.84
100
0
100
136.74
0.03
100
137.49
-8.28
100
139.48
-14.03
100
130.84
69.31
26.24
158.37
-73.73
100
161.3
-83.26
100
128.27
49.6
64.79
136.78
0.05
100
65.21
90.63
31.37
136.82
0.04
100
128.06
43.35
43.37
101.94
-23.23
100
100.71
-71.44
100
100.52
0.03
100
100.78
-71.14
100
158.63
-74.49
100
148.64
-44.42
100
137.44
-7.14
100
189.35
48.9
12.68
135.33
0.07
100
100.07
-66.8
100
101.63
-24.49
100
136.84
0.02
100
146.47
-37.62
100
135.64
0.61
100
137.02
0.02
100
135.53
0.38
100
136.76
0.04
100
136.17
0.26
100
146.86
-38.42
100
128.36
76.7
56.52
135.58
0.04
100
136.35
0.03
100
131.08
61.4
19.3
135.69
0.04
100
100.8
-48.08
100
100.55
-61.9
100
137.04
0.04
100
136.64
0.02
100
136.04
0.02
100
100.01
0.04
100
140.06
68.29
15.01
100.61
-62.29
100
101.34
-49.46
100
136.11
0
100
189.69
52.64
18.95
195.83
54.61
16.26
101.15
-45.4
100
101.11
-48.24
100
135.41
0.04
100
100.05
-72.39
100
136.33
0.08
100
127.53
40.06
40.54
133.51
83.8
56.54
189.41
51.51
16.75
101.76
-30.81
100
136.25
-3.51
100
136.19
0.02
100
5.77
77.8
62.21
3.04
34.64
56.32
100
0
100
101.29
-50.18
100
127.72
58.12
60.33
100.58
0.06
100
101.07
-59.5
100
4.58
75.91
84.93
155.21
-64.31
100
54.87
56.86
20
101.14
-46.76
100
135.53
0.04
100
135.36
0.02
100
135.2
0.08
100
100.02
0.05
100
101.4
-42.69
100
135.69
0.04
100
100.01
0.03
100
140.37
-17.88
100
101.2
-54.71
100
8.03
74.2
54.83
194.18
49.5
24.68
2
44.07
28.81
101.51
-35.17
100
100
0
100
135.57
0.05
100
101.44
-38.41
100
135.96
0.04
100
100.09
-67.8
100
140.07
-12.16
100
102.35
-4.41
100
102.16
5.84
100
136.94
-6.45
100
136.23
0
100
6.49
79.83
38.03
100.01
0.02
100
127.62
40.41
43.75
157.12
-69.33
100
104.37
5.68
84.95
3.03
36.69
52.73
141.5
46.84
11.13
107.14
10.71
60.39
199.46
43.22
33.69
142.05
-22.65
100
4.28
81.82
25.88
127.78
42.08
57.23
100.76
-51.81
100
63.99
80.88
56.61
127.2
36.8
31.47
160.25
-79.65
100
144.87
48.66
10.82
102.39
0.03
100
100.63
-66.31
100
127.38
33.17
22.05
102.12
-15.54
100
3
38.7
23.9
4.55
79.11
69.9
100
0
100
101.95
-22.93
100
21.5
-49
100
60.63
77.55
59.54
100.9
0.06
100
135.36
0.02
100
135.87
0.02
100
100.61
-52.42
100
127.77
53.34
60.67
4.19
78.02
62.41
139.69
-15.47
100
101.31
-32.81
100
137.25
0
100
127.32
37.98
36.52
100.01
0.02
100
152.26
-55.72
100
3.14
70.19
37.58
117.41
3.44
58.73
100.1
-60.98
100
100.01
0.02
100
100.59
0.03
100
100.99
-55.19
100
127.77
42.08
58.65
127.48
33.36
21.43
149.45
-45.42
100
101.82
-27.19
100
135.25
0.04
100
135.23
0.2
100
101.13
-39.07
100
127.83
51.47
61.21
100.59
-52.35
100
152.54
-56.03
100
138.71
-10.76
100
139.09
-12.07
100
4.67
81.05
70.8
100.01
0.02
100
149.55
-47.35
100
101.02
-57.01
100
5.11
39.44
20.91
128.21
14.42
40.78
136.67
55.18
13.69
127.6
40.36
48.41
11.98
43.14
16.58
2.61
75.9
33.05
100.57
-51.11
100
135.53
0.02
100
100.02
0.06
100
2.74
83.43
62.69
136.94
0
100
136.53
0.02
100
100.02
0.05
100
101.82
-18.74
100
0.15
96.61
56.72
127.17
36.19
32.58
136.52
0.07
100
1.74
75.91
19.65
155.67
-64.2
100
153.25
-58.07
100
102.09
-14.92
100
127.62
40.45
47.97
127.8
41.95
57.29
130.49
65.43
47.6
128.27
47.66
28.41
151.43
-52.24
100
127.98
45.43
54.51
151.57
-53.45
100
107.46
8.46
52.55
129.36
53.16
37.71
17.18
-31.76
100
136.14
0.1
100
136.26
0.07
100
127.36
38.37
40.13
156.17
-65.04
100
140.17
-15.96
100
15.65
-21.95
100
135.95
0
100
158.85
-74.51
100
146.69
-38.31
100
135.48
0.04
100
135.49
0.03
100
17.38
-27.64
100
15.4
-21.93
100
135.76
0.02
100
137.27
0.02
100
136.73
-4.34
100
136.82
0.07
100
16.58
-28.78
100
24.05
16.6
100
136.91
0.03
100
136.86
0.58
100
148.5
-42.73
100
136.65
-3.96
100
16.52
-28.07
100
136.72
0.04
100
136.8
0.04
100
146.35
-35.16
100
156.48
-65.91
100
141.26
-19.81
100
135.36
0.13
100
161.76
-84.38
100
135.67
0.05
100
22.47
-48.48
100
136.11
0.42
100
144.3
-29.84
100
135.37
0.03
100
160.12
-80.16
100
163.49
-90.38
100
157.17
-70.54
100
139.51
-13.32
100
145.6
-34.75
100
138.98
-10.44
100
149.29
-46.12
100
135.96
0.03
100
135.79
0.01
100
101.83
-25.69
100
100.11
-48.46
100
100.54
-50.05
100
155.51
-65.56
100
100.12
-49.63
100
100.09
-68.01
100
135.39
0.04
100
100.11
-51.76
100
152.13
-51.61
100
135.7
0.03
100
154.1
-58.38
100
139.8
-16.08
100
135.12
0.06
100
104.81
-39.55
100
106.86
-44.12
100
147.37
-38.55
100
151.97
-50.33
100
100.13
-50.59
100
100.06
-75.88
100
101.35
-5.45
100
129.56
58.63
42.27
141.09
-20.15
100
198.4
90.91
28.24
152.26
-51.45
100
136.09
0.04
100
127.32
47.51
23.59
100.16
-58.73
100
101.91
0.13
100
195.7
48.39
24.31
100.99
-4
100
101.97
-2.01
100
101.95
-14.7
100
101.42
-34.8
100
128.35
81.26
31.05
0.19
64.71
35
101.35
-45.03
100
138.59
-11.94
100
139.11
-13.73
100
133.33
98.16
31.96
100.17
-65.3
100
100.92
-53.18
100
101.31
-48.25
100
155.13
-62.94
100
100.3
0.05
100
130.47
62.52
27.35
135.37
0.11
100
129.04
52.22
56.63
199.11
91.77
32.39
104.69
6.56
64.87
129.71
4.24
84.84
101.09
-59.34
100
101.1
-57.86
100
199.73
95.71
36.57
120.02
3.13
75.29
135.24
0.04
100
101.65
-19.31
100
100.33
-48.82
100
100.49
-55.8
100
151.46
-52.65
100
100
0
100
136.88
0.03
100
136.55
0.02
100
139.34
-14.4
100
136.96
0.03
100
137.19
0.02
100
132.94
83.53
16.67
199.59
43.5
24.12
135.76
0
100
101.7
-32.73
100
144.81
-31.41
100
195.74
49.08
27.47
136.67
0.04
100
0
47.87
43.63
101.49
-42
100
100
0
100
135.46
0.3
100
100.08
-67.74
100
139.22
-13.73
100
101.4
-33.64
100
145.07
-33.16
100
136.83
0.02
100
101.31
-50.33
100
143.92
-28.69
100
130.89
90.68
39.28
101.98
-20.85
100
67.11
98.03
29.8
136.02
-2.91
100
101.13
-57.32
100
102
-17.37
100
150.25
-47.89
100
135.42
0
100
100.7
-59.42
100
148.64
-44.43
100
127.82
43.5
40
135.68
0.02
100
136
0.03
100
101.5
-25.04
100
132.64
97.46
56.6
101.72
-32.72
100
199.38
96.78
36.54
100.01
0.04
100
100.07
-73.5
100
136.46
-4.68
100
101.14
-50
100
199.12
93.19
35.69
0.71
63.21
36.6
161.36
-83.54
100
135.61
0.04
100
100.41
0.03
100
100.15
-68.39
100
129.79
84.95
53.43
100.64
-54.46
100
139.24
-13.03
100
136.6
-4.15
100
156.52
-67.2
100
100.02
0.07
100
137.04
0.02
100
136.84
0.04
100
136.38
-4.52
100
137.07
0
100
131.41
75.17
23.06
100.69
-55.16
100
135.62
0.04
100
136.87
0.04
100
101.93
-22.99
100
0.33
44.01
48.97
158.93
-75.57
100
191.77
54.35
27.68
100.84
-67.86
100
136.9
0.01
100
136.46
0.05
100
199.62
52.11
37.25
151.48
-51.85
100
63.18
83.15
41.28
135.85
0.45
100
131.6
88.78
40.64
58.45
73.91
54.12
136.44
0.2
100
135.49
0.08
100
134.82
91.58
13.2
130.38
75.5
31.37
0.51
43.64
29.8
135.63
0.3
100
158.32
-73.67
100
3.54
73.05
56.14
145.14
-32.99
100
101.28
-50.65
100
128.54
50.62
68.78
196.76
54.37
33.66
191.63
55.1
30.15
136.48
0.08
100
191.62
52.88
24.97
100.99
-44.96
100
136.3
0.01
100
190.4
48.02
15.42
144.37
-30.86
100
136.69
0.04
100
128.4
50.73
65.26
0.72
52.72
36.08
199.78
86.84
29.8
100.76
-59.95
100
101.54
-35.18
100
128.26
44.38
45.27
0.14
71.12
30.33
130.02
60.4
23.32
100.11
0.05
100
101.25
-44.79
100
101.17
-56.08
100
101.33
-40.89
100
102.09
-16.12
100
136.14
0.02
100
100.01
0.03
100
135.27
0.07
100
153.94
-60.59
100
149.93
-47.1
100
136.21
0
100
65.79
96.24
52.16
135.79
0.03
100
135.57
0.04
100
68.72
86.63
19.56
138
-7.27
100
3.22
34.01
70.33
6.61
49.59
15.82
128.5
73.8
58.45
101.33
-42.67
100
101.22
-53.92
100
136.27
0
100
191.32
54.98
27.88
101.58
-36.98
100
136
0.04
100
63.2
83.76
30.9
135.67
0.03
100
188.54
49.7
11.76
133.23
82.18
57.84
130.7
61.43
20.97
135.53
0.1
100
191.39
54.78
28.44
135.7
0.05
100
135.55
0.02
100
101.68
-30.22
100
135.73
-2.31
100
160.54
-80.58
100
100.01
0.02
100
100
0
100
127.85
59.22
60.74
127.63
40.79
41.34
100.13
-66.25
100
139.84
-16.03
100
101.14
0.1
100
137.86
69.28
16.02
139.42
-13.99
100
157.31
-70.02
100
103.47
-23.56
100
22.16
-49.61
100
5.5
77.5
65.47
100.26
-70
100
4.43
75.99
88.39
101.39
0.03
100
135.98
0
100
102.16
-13.17
100
138.09
-10.18
100
100.03
0.09
100
136.73
0
100
189.42
51.54
16.78
135.5
0.03
100
188.9
50.13
14.76
101.05
-46.27
100
100
0
100
197.92
69.97
13.84
100.82
-62.54
100
106.67
-79.61
100
100.93
0
100
57.45
62.65
22.01
137.44
-6.78
100
3.09
36.29
48.7
7.62
74.72
58.94
100.01
0.02
100
101.54
-26.43
100
137.88
-8.24
100
123.75
3.99
64.37
127.66
40.82
44.55
130.44
9.16
40.65
100
0
100
104.03
4.55
55.14
135.41
0.01
100
127.85
42.41
58.18
147.92
-40.61
100
101.18
-48.32
100
150.55
-50.59
100
102.05
-18.25
100
64.34
81.83
57.57
194.02
48.28
21.51
6.7
79.44
40.58
150.68
-50.32
100
101.95
-21.73
100
1.81
44.13
24.36
136.42
45.17
12.01
101.16
-35.93
100
127.29
37.25
32.95
135.69
0
100
100.33
-59.41
100
127.79
53.83
61.63
155.74
-64.49
100
60.56
77.72
61.22
136.92
0.05
100
135.82
0.02
100
100.76
-50.5
100
127.01
33.13
23.84
100.03
0.03
100
136.66
0.01
100
5.3
82.07
29.22
198.78
43.09
27.84
4.43
79.62
73.13
3.2
39.97
45.08
140.29
45.98
11.06
100.16
-63.79
100
127.41
38.61
38.04
109.87
11.58
49.67
136.54
0.05
100
127.83
42.41
59.95
151.27
-51.85
100
4.02
78.78
65.64
136.3
0.1
100
100.02
0.06
100
3.52
36.82
19.55
18.14
-34.48
100
100
0.01
100
101.68
-14.4
100
127.85
51.37
62.66
156.33
-65.76
100
101.17
-52.81
100
127.05
33.06
23.45
150.62
-49.76
100
157.35
-70.93
100
3.21
76.3
40.53
150.07
-48.8
100
138.32
-10.13
100
4.68
81.02
73.81
16.54
-23.87
100
136.26
0.03
100
100.02
0.05
100
100.92
-47.19
100
127.64
40.64
50.32
5.8
48.61
19.12
146.41
-37.47
100
131.81
50.79
15.95
102.24
-9.69
100
2.67
83.72
67.78
2.65
79.65
37.31
199.73
97.51
58.44
13.19
52.88
16.98
11.14
2.84
71.46
135.66
0.04
100
127.83
42.2
59.51
127.67
40.79
50.27
127.27
37.18
35.33
130.6
66.49
51.23
135.53
0.03
100
1.93
82.99
21.21
128.05
46.16
56.94
16.55
-25.04
100
135.9
0.02
100
128.23
47.93
31.3
137.25
0.05
100
136.73
0
100
129.35
53.36
41.28
135.45
0.03
100
127.45
39.08
43.52
3.22
65.23
100
17.66
-32.21
100
136.97
0.03
100
136.81
0.86
100
146.73
-37.37
100
135.49
0.03
100
17.75
-32.23
100
136.79
0.03
100
136.79
0.03
100
144.73
-30.24
100
135.3
0.01
100
139.49
-14
100
156.69
-66.91
100
162.13
-85.81
100
135.81
0.03
100
23.36
-49.32
100
136.13
0.07
100
142.3
-23.58
100
135.46
0.05
100
159.41
-78.01
100
102.24
-93.22
100
155.79
-66.5
100
138.5
-10.02
100
138.28
-8.15
100
147.54
-40.63
100
136
0.04
100
135.86
0.03
100
101.76
-25.49
100
157.25
-70.98
100
100.1
-48.69
100
135.26
0
100
135.67
0.03
100
100.09
-69.61
100
100.69
-48.25
100
135.08
0.09
100
110
-35.29
100
100.09
-48.1
100
100.13
-62.75
100
100.11
-52.57
100
151.92
-50.12
100
100.09
-77.18
100
104.43
-37.74
100
105.83
-55.24
100
151.06
-48.71
100
138.43
-11.24
100
135.56
0.13
100
101.83
-5.18
100
153.68
-56.93
100
100.65
-49.28
100
138.82
-12.68
100
102.08
-16.37
100
101.16
-56.23
100
102.14
-2.79
100
102.35
-5.1
100
100.13
-51.9
100
152.24
-51.37
100
100.28
0.05
100
142.79
-25.61
100
142.61
-25.23
100
101.37
-46.74
100
152.68
-52.98
100
136.56
-4.54
100
100.42
-56.12
100
135.23
0.04
100
138.87
-12.86
100
121.62
40.93
33.86
101.47
-33.4
100
131.64
91.5
30
100.25
-65.98
100
102.08
-10.72
100
0.7
55.06
37.18
136.92
0.04
100
101.24
-52.94
100
100.11
-68.53
100
101.14
-56.08
100
136.95
0.03
100
101.66
-34.31
100
136.47
0
100
129.19
4.51
90.25
100.86
-54.25
100
100
0
100
147.03
-38.43
100
100.08
-74.08
100
137.16
0
100
101.13
-57.51
100
155.25
-63.37
100
110.11
9.7
57.41
100.84
-57.07
100
100.01
0.04
100
100
0
100
100.06
0.17
100
120.61
3.5
84.02
136.58
0.03
100
138.21
-10.63
100
130.24
56.23
29.57
135.62
0
100
135.37
0.3
100
100.33
-48.05
100
101.81
-15.99
100
101.87
-24.84
100
136.89
0.01
100
135.54
0.05
100
101.4
-24.39
100
101.45
-43.86
100
195.7
47.98
24.31
100.68
-53.57
100
136.99
0
100
148.68
-44.57
100
137.03
0.01
100
136.91
0.03
100
149.74
-47.46
100
101.82
-28.18
100
143.08
-26.64
100
101.58
-29.3
100
135.66
0.04
100
161.18
-83.07
100
100.18
0.03
100
135.36
0.03
100
144.72
-30.41
100
136.47
-4.51
100
199.6
45.24
32.94
102.06
-12.32
100
148.91
-44.05
100
143.08
-26.09
100
135.28
0.04
100
199.41
97.25
33.33
135.82
-2.42
100
102.1
-16.17
100
101.63
-32.37
100
102.04
-19.78
100
135.93
0.03
100
136.61
0.05
100
136.69
0.7
100
131.43
93.6
29.12
101.26
-46.34
100
136
0.03
100
135.69
0
100
138.39
-9.95
100
101.23
-52.53
100
100.83
-51.53
100
101.98
-21.4
100
100.23
-69.07
100
136.88
0.05
100
158.8
-75.3
100
135.06
0.02
100
133.16
96.89
32.38
0.72
57.43
36.08
135.94
0.61
100
100.95
-63.99
100
135.42
3.53
100
136.42
0.02
100
136.49
0.32
100
100.92
-51.55
100
157.03
-69.06
100
135.64
0.07
100
135.79
0.07
100
143.22
-26.87
100
137.59
-6.19
100
132.02
93.01
36.86
127.51
44.17
40.39
100.01
0.03
100
101.19
-41.05
100
136.74
0.03
100
149.98
-47.33
100
100.03
0.05
100
136.34
0
100
199.08
50.2
37.4
134.08
97.14
34.87
68.6
93.12
54.12
194.88
48.84
25.29
100.94
-56.15
100
135.87
0.04
100
101.23
-52.62
100
158.44
-74.22
100
160.77
-81.22
100
142.69
-25.42
100
152.21
-55.39
100
101.41
-40.72
100
136.1
0.03
100
101.23
-53.17
100
132.73
97.04
57.39
195.69
46.91
18.47
135.44
0.08
100
3.39
74.28
59.4
101.54
-35.1
100
128.61
51.38
69.26
7.03
76.32
59.73
136.24
0.04
100
23.08
-51.22
100
128.54
50.96
66.15
101.48
-38.11
100
136.27
0
100
100.01
0.02
100
135.69
0.04
100
63.17
84.58
41.85
135.11
0.04
100
135.78
0.02
100
101.76
-29.83
100
130.78
71.03
26.23
199.38
53.69
34.54
152.47
-54.35
100
101.85
-24.69
100
128.42
45.58
45.88
132.8
95.16
48.63
137.17
-6.76
100
135.76
0
100
136.86
-6.06
100
136.58
0.08
100
135.76
0.04
100
100.09
-66.67
100
130.46
78.36
34.66
191.47
53.68
25.49
100.05
0.08
100
129.94
59.41
22.71
157.4
-70.38
100
102.18
-11.59
100
135.8
0.12
100
0
86.21
28.43
136.34
-3.18
100
102.48
-4.97
100
135.65
0.04
100
132.77
89.49
15.34
100.17
0.04
100
198.25
45.61
37.25
199.78
57.62
29.61
199.85
80.62
29.67
154.43
-59.69
100
135.72
0.03
100
191.63
47.03
15.61
136.72
-4.5
100
128.72
74.5
59.37
161.31
-83.66
100
100
0
100
191.37
53.03
23.48
139.31
-14.44
100
198.91
46.69
24.75
100
0
100
133.14
80.79
58.66
191.18
54.8
27.5
63.24
86.4
43.27
197.74
53.52
31.22
128.03
58.41
62.24
135.75
0
100
101.31
-39.61
100
100.98
-58.19
100
100
0
100
135.52
0.02
100
127.74
41.42
41.33
100.01
0.04
100
130.16
58.79
21.65
146.83
-37.45
100
67.26
87.5
21.96
152.36
-56.16
100
133.54
6.32
35.5
103.53
-58.29
100
101.7
-22.75
100
100
0
100
146.35
-35.73
100
65.8
90.82
32.75
100
0
100
185.15
53.15
9.77
116.08
14.61
38.79
8.95
52.93
14.82
135.64
69.11
17
4.41
76.22
90.51
149.23
-45.82
100
190.82
54.34
25.32
101.39
-41.9
100
3.19
34.07
64.37
5.51
77.82
66.85
136.86
0.03
100
136.38
0.05
100
102.09
-16.41
100
136.75
0.02
100
136.07
0.02
100
100.85
-49.15
100
190.96
54.31
25.27
156.5
-65.75
100
136.58
0
100
19.12
-36.47
100
100.39
-57.65
100
156.48
-68.06
100
149.46
-46.26
100
127.75
41.47
45.48
102.1
-14.14
100
188.07
48.87
12.79
136.51
-4.34
100
127.9
42.88
58.98
17.34
-25.04
100
105.21
7.46
55.73
188.92
50.52
14.53
8.02
74.3
59.61
63.61
80.29
59.34
100
0
100
195.76
82.65
12.71
149.01
-44.77
100
101.48
-10.1
100
57.83
62.44
24.94
150.31
-49.51
100
100.01
0.04
100
136.37
0.03
100
127.86
54.16
62.81
3.14
40.66
41.37
127.3
37.9
34.15
12.08
3.13
69.9
101
-46.72
100
60.44
77.44
62.78
100.28
-64.58
100
136.57
0
100
60
79.99
43.32
132.4
42.6
13.19
137.23
0.04
100
145.46
-34.48
100
127.02
33.88
25.73
127.47
39.1
39.45
127.88
42.72
60.92
100.01
0.02
100
136.02
0.02
100
192.91
47.92
17.57
4.48
79.55
75.68
17.43
-26.35
100
135.85
0.02
100
101.31
-48.12
100
1.9
44.46
20.15
127.95
52.1
64.04
135.47
44.79
11.84
5.16
83.33
32.08
199.26
42.77
24.22
135.55
0.03
100
135.51
0.03
100
4.01
78.96
68.92
100.01
0.02
100
3.4
47.53
38.09
126.92
33.51
25.41
4.66
81.03
76.61
101.23
-39.61
100
136.64
0
100
137.01
0.02
100
18.46
-34.2
100
127.68
41.14
52.23
4.04
37.45
15.76
3.13
79.79
44.88
102
-4.28
100
127.83
42.25
61.63
0.11
96.73
61.62
129.59
45.43
18.51
127.7
41.07
52.39
6.32
58.48
19.22
144.88
-31.64
100
2.69
83.66
73
127.34
38.03
38
135.63
0.04
100
2.58
81.62
41.44
53.11
58.54
18.62
128.09
46.32
59.37
130.62
66.67
54.78
128.4
49.45
34.21
136.78
0.04
100
136.85
0.03
100
18.93
-35.32
100
1.9
87.33
23.78
127.55
39.88
46.81
129.44
54.23
44.91
135.14
0.02
100
143.16
-25.5
100
138.2
-9.77
100
156.59
-67.36
100
135.95
0.03
100
162.04
-85.31
100
136.16
0.08
100
23.93
-50.1
100
140.73
-18.53
100
135.57
0.05
100
163.04
-89.02
100
157.86
-73.28
100
154.86
-63.66
100
137.9
-7.99
100
137.72
-6.42
100
145.18
-33.2
100
135.96
0.07
100
135.97
0.02
100
136.29
-3.84
100
135.63
0.03
100
135.82
-2.75
100
101.83
-25.29
100
100
-71.37
100
153.86
-57.33
100
100.1
-49.27
100
100.82
-46.03
100
108.47
5.34
46.02
100.14
-78.11
100
100.13
-47.56
100
102.05
-7.19
100
101.76
-30.76
100
102.29
-2.6
100
101.05
-49.02
100
100.12
-54.4
100
100.09
-56.58
100
100.78
-74.12
100
100.57
0.05
100
152.2
-51.26
100
152.16
-51.37
100
101.46
-43
100
139.39
-14.51
100
145.04
-32.77
100
138.01
-10.1
100
100.99
-60.78
100
100.8
-44.12
100
154.34
-59.31
100
101.44
-46.14
100
135.18
0.04
100
138.43
-11.37
100
100.15
-69.26
100
100.04
-75.56
100
118.63
-38.33
100
100.1
-53.67
100
136.93
0.08
100
152.58
-52.86
100
100.06
0.17
100
136.17
0
100
136.88
0.03
100
100.01
0.04
100
132.31
3.57
76.86
100.97
-54.48
100
153.06
-54.5
100
100.45
-54.42
100
100
0
100
137.08
0
100
139.48
-14.92
100
100
0
100
135.47
0.06
100
145.54
-33.3
100
100.35
-65.71
100
101.43
-22.76
100
101.64
-26.83
100
0.89
49.33
29.41
136.49
0
100
0.73
57.73
38.43
101.92
-21.83
100
102.12
-6.65
100
135.34
0.14
100
101.72
-29.79
100
135.86
0
100
136.94
0
100
136.64
0.04
100
137.45
-8.03
100
129.63
4.86
95.74
101.11
-58.07
100
148.28
-43.28
100
136.98
0
100
136.94
0.03
100
120.74
3.64
88.04
105.96
9.07
51.9
100.8
-54.76
100
101.4
-46.35
100
135.67
0.04
100
100.1
-48.82
100
135.52
0.03
100
100.19
0.03
100
155.56
-63.92
100
101.92
-12.55
100
160.75
-81.81
100
101.15
-55.64
100
136.68
0.08
100
100.94
-48.98
100
141.16
-20.42
100
135.9
3.05
100
153.07
-56.47
100
101.8
-8.52
100
101.75
-24.63
100
147.49
-39.88
100
135.12
0.11
100
141.47
-21.06
100
135.48
0.03
100
101.91
-24.03
100
137.06
-4.71
100
136.51
0.02
100
135.1
0
100
134.3
97.1
27.06
136.55
0.4
100
102.21
-11.13
100
136.23
0.24
100
102
-20.21
100
136.65
-3.67
100
158.27
-73.79
100
136.12
0
100
136.89
0.04
100
101.48
-38.87
100
136.05
2.16
100
147.99
-42.08
100
135.96
0.03
100
100.01
0.02
100
136
0.02
100
101.03
-48.12
100
160.98
-82.08
100
100.33
-68.77
100
135.2
0.01
100
101.06
-59.88
100
135.95
0
100
132.53
96.14
27.06
135.81
0.07
100
135.8
0.07
100
126.89
75.4
37.19
0.23
72.93
31.07
135.91
0.05
100
100.01
0.04
100
101.16
-46.01
100
140.97
-19.63
100
136.15
0.03
100
157.49
-70.76
100
23.81
-51.53
100
101.37
-37.08
100
136.77
0.04
100
101.33
-48.84
100
199.31
97.66
30.12
101.22
-53.25
100
101.11
-51.93
100
150.66
-50.5
100
192.77
52.04
25.62
135.3
0.08
100
195.06
50.72
27.32
101.6
-34.59
100
147.1
-38.82
100
197.33
46.7
27.71
135.94
0.02
100
153.64
-57.61
100
100.01
0.02
100
148.32
-42.3
100
135.91
-2.88
100
135.63
0.07
100
135.28
0.04
100
141.29
-20.89
100
135.32
0.01
100
135.88
0.02
100
101.75
-28.1
100
127.3
45.58
39.39
158.47
-74.41
100
134.97
0.54
100
135.77
0
100
131.03
87.6
34.79
102.01
-19.14
100
102.24
-9.88
100
101.92
-23.59
100
101.7
-31.49
100
135.74
0.05
100
136.32
0.04
100
100.01
0.03
100
161.7
-85
100
66.09
93.92
51.63
157.24
-70.06
100
135.79
0.03
100
125.75
12.6
29.44
100.1
-66.8
100
135.53
0.63
100
100
0
100
133.22
7.02
38.72
3.28
74.56
61.47
133.99
95.08
32.62
102.22
0.02
100
128.8
52.82
69.45
100.84
0.39
100
128.69
53.25
65.75
135.85
0.04
100
148.67
-42.5
100
194.1
51.67
27.32
135.71
0.02
100
198.99
47.38
35.24
135.98
0.19
100
153.64
-60.21
100
194.92
48.79
24.71
136.44
0.05
100
6.4
77.42
61.49
132.73
96.63
58.17
128.64
47.42
46.18
132.01
75.3
19.69
135.88
0.02
100
100.07
0.2
100
100
0
100
144.26
-29.65
100
156.04
-66.01
100
101.46
-36.31
100
101.14
-53.5
100
155.81
-63.23
100
139.14
-13.77
100
144.56
-30.09
100
100
0
100
100.48
1.44
100
64.02
87.98
43.88
136.78
0
100
19.98
-37.21
100
101.86
-17.5
100
129.11
53.23
21.68
0.89
45.54
43.92
193.77
49.01
15.58
136.85
0.04
100
147.7
-41.14
100
129.11
81.05
58.87
132.71
78.04
59.42
131.74
86.14
44.22
136.6
0
100
11.85
3.07
74.33
199.78
90
29.41
136.28
0.01
100
135.19
0.05
100
130.11
69.89
26.86
101.57
-35.72
100
0
78.38
29.02
128.27
57.69
64
102.19
-12
100
0.77
56.32
34.12
130.4
77.27
36.23
146.36
-36.58
100
136.11
0
100
100.9
-46.53
100
100.1
0
100
191.96
46.01
14.75
137.17
0.02
100
102.42
-62.91
100
191.14
53.35
23.38
127.77
42.06
42.26
100.58
-55.55
100
131.45
82.89
18.16
12.97
3.65
68.91
62.75
84.59
42.75
130.17
59.99
22.97
190.9
52.49
21.21
198.47
45.56
35.29
136.14
0.02
100
148.63
-44.29
100
147.39
-39.67
100
136.41
0.04
100
100.01
0.04
100
199.48
44.5
24.97
4.41
76.38
91.82
186.52
55.48
10.42
129.13
85.65
22.55
101.21
-6.99
100
11.75
2.99
72.94
190.76
54.27
24.75
63.61
83.87
33.73
5.69
78.27
66.34
134.73
72.76
18.34
136.37
0.06
100
196.39
53.34
27.22
102.03
-11.04
100
145.41
-34.37
100
135.68
0.03
100
137.02
0.03
100
127.83
42.08
46.05
127.98
43.41
59.58
9.68
63.11
14.53
104.51
5.55
60.39
19.31
-35.66
100
136
0.02
100
190.45
53.86
22.64
100.01
0.02
100
63.95
81.34
60.34
3.19
33.52
58.45
135.62
0
100
8.22
74.41
60.17
127.93
54.48
63.7
186.56
47.46
10.83
190.55
53.7
22.33
187.82
48.43
12.46
100.46
-63.89
100
101.07
-45.17
100
60.32
77.48
64.65
127.45
38.82
35.42
100.01
0.02
100
143.06
-25.95
100
127.95
43.16
61.83
134.23
88.23
14.08
58.49
63.01
28.47
135.77
0.04
100
127.54
39.69
40.75
136.73
0.02
100
101.44
-43.48
100
126.98
34.47
27.18
136.88
0.03
100
129.58
35.13
14.7
127.98
52.53
65.16
60.35
81.05
45.75
4.34
80.23
79.81
3.3
48.99
35.62
19.84
-37.13
100
100.01
0.03
100
135.82
-2.78
100
101.49
-32.8
100
131.49
39.59
13.31
192.34
47.3
14.59
135.23
0.2
100
4.85
84.34
35.77
4.84
80.48
79.3
127.74
41.66
53.83
4.06
78.76
73.33
126.97
34.33
27.24
198.95
44.93
19.96
1.84
48.84
15.95
137.2
-6.36
100
101.29
0.01
100
141.44
-20.18
100
136.2
0.09
100
136.08
0.02
100
162.23
-86.24
100
3.7
57.9
35
156.16
-66.01
100
14.29
4.1
50.86
127.84
42.59
63.6
5.15
42.89
12.41
199.82
97.52
63.43
127.71
41.42
54.37
3.24
80.45
51.04
127.45
38.84
40.8
128.63
44.35
21.34
139.19
-13.53
100
135.67
0.07
100
128.09
46.54
61.53
2.73
83.5
78.37
6.54
65
20.59
157.44
-72
100
130.65
66.98
58.23
2.59
82.21
47.06
128.47
50.2
36.89
54.89
60.76
22.04
152.95
-57.9
100
127.63
40.57
50.01
1.78
89.07
27
129.49
54.6
48.31
137.26
-5.83
100
137.32
-5.16
100
135.9
0.02
100
143.48
-27.71
100
136.05
0.04
100
137.65
-9.02
100
135.56
0.04
100
135.83
-2.7
100
100
-72.94
100
101.8
-26.76
100
100.2
-78.26
100
152.7
-53.04
100
100.09
-50.4
100
102.09
-22.75
100
100.78
0.03
100
154.61
-60.31
100
102.02
0.02
100
100.78
-70.2
100
101.38
-45.85
100
100.39
-67.06
100
100.97
-44.04
100
101.57
-38.41
100
100.05
-76.02
100
100.23
-69.43
100
100.15
-48.33
100
136.93
-5.1
100
100.04
0.11
100
106.74
-75.35
100
100.1
-72.25
100
100.01
0.04
100
136.86
0
100
100.09
-55.7
100
101.09
-51.62
100
152.59
-52.68
100
135.63
0.04
100
100.14
-53.86
100
136.79
0.02
100
152.42
-52.35
100
139.61
-15.29
100
100.73
-45.27
100
101.81
-27.06
100
153.98
-57.9
100
135.34
0.04
100
136.99
0
100
138.92
-13.14
100
100
0
100
100
0
100
101.91
-18
100
114.12
-42.45
100
100.09
-54.85
100
152.83
-54.01
100
148.06
-41.2
100
114.46
-34.27
100
153.37
-55.86
100
135.2
0.22
100
136.98
0
100
100.63
-53.37
100
136.91
0
100
136.96
0.04
100
136.01
0
100
148.49
-44.01
100
100.49
-64.8
100
137
-6.43
100
136.7
0.04
100
135.65
0.03
100
101.1
-59.04
100
101.77
-23.69
100
1.35
41.22
29.02
0.59
58.48
38.73
101.5
-41.7
100
135.62
0.03
100
136.33
-2.62
100
101.12
-57.85
100
101.83
-3.54
100
100.1
0.04
100
129.7
5.16
92.71
121.07
3.87
91.31
160.18
-80.16
100
136.67
0.28
100
107.41
5.07
73.53
161.26
-82.67
100
100.1
-50.5
100
136.59
0.04
100
136.65
0.65
100
136.55
0.51
100
100.75
-56.62
100
100.01
0.02
100
102.05
-8.97
100
101.36
-5.43
100
135.2
0.18
100
153.29
-57.12
100
140.16
-17.14
100
136.26
0.55
100
101.91
-19.7
100
145.93
-35.17
100
135.62
0.04
100
13.78
4.42
49.85
102.03
-19.58
100
135.33
4.41
100
155.42
-63.53
100
101.14
-44.48
100
139.89
-16.03
100
157.55
-71.69
100
136.88
0.02
100
136.28
-2.53
100
102.02
-19.8
100
136.26
0.03
100
135.29
0
100
135.4
0.12
100
102.32
-6.51
100
152.92
-55.73
100
136.17
0
100
135.95
0.04
100
101.78
-27.09
100
101.22
-43.74
100
101.19
-55.31
100
135.82
0
100
135.92
0.05
100
135.94
0.02
100
135.29
0.01
100
100.01
0.03
100
100.46
-67.78
100
135.92
0.07
100
135.38
0.01
100
101.21
-53.92
100
135.92
0
100
135.72
0.06
100
132.61
16.92
23.75
124.12
62.45
33.59
190.46
36.03
46.8
135.09
0
100
135.8
0
100
138.82
-12.6
100
101.4
-45.39
100
146.17
-36.46
100
136.82
0.02
100
101.57
-31.87
100
122.99
63.06
38.09
199.39
93.59
26.76
101.38
-40.3
100
133.17
6.53
40.22
148.51
-43.88
100
100.01
0.02
100
101.29
-46.44
100
135.4
0.04
100
157.82
-71.94
100
135.19
0.36
100
102.27
-8.71
100
135.96
0
100
135.85
0.05
100
101.82
-25.95
100
135.78
0.04
100
136.49
0.06
100
161.78
-85.18
100
100.9
-51.13
100
102.14
-13.73
100
154.73
-62.25
100
100.01
0.04
100
101.97
-20.74
100
140.09
-16.94
100
154.96
-61.05
100
141.31
-20.78
100
156.6
-68.26
100
102.06
-17.88
100
135.78
0
100
146.74
-37.45
100
101.89
-24.1
100
155.47
-65.86
100
100.15
-68.76
100
100
0
100
199.24
95.74
27.61
135.82
0
100
101.27
0.04
100
158.59
-74.88
100
12.1
3.61
62.43
136.39
0.04
100
135.85
0.04
100
137.08
0.02
100
12.73
3.68
75.15
136.69
0.07
100
134.86
2.6
100
135.32
0.06
100
127.24
46.81
39.08
100
0
100
142.15
-22.84
100
135.92
0.04
100
142.55
-23.72
100
195.03
47.68
22.91
100
0
100
128.81
76.25
31.37
136.91
0.04
100
136.17
0
100
136.1
0.21
100
2
80.84
57.65
101.27
-49.18
100
197.4
47.71
28.5
155.07
-62.25
100
101.66
-29.08
100
3.14
88.8
54.71
136.45
0.01
100
13.41
4.2
72.09
146.18
-35.78
100
102.01
-12.71
100
128.97
54.51
65.95
192.64
52.59
27.87
128.9
55.52
69.22
144.22
-29.76
100
136.23
0.01
100
135.99
0.03
100
132.17
91.01
30.88
194.77
45.1
20
139.14
-13.65
100
196.43
51.02
35.4
101.73
-29.96
100
194.25
52.17
29.38
100.05
0.1
100
102.28
-8.07
100
129.23
52.55
46.14
12.66
3.68
73.49
137.01
0.03
100
101.01
-44.04
100
5.3
80.23
57.19
192.6
52.77
27.49
135.8
0.03
100
199.5
47.69
36.08
100.77
-52.27
100
136.43
0.04
100
147.61
-41.12
100
132.82
96.24
59.08
145.52
-33.79
100
131.84
71.35
60.75
129.32
78.5
60.2
191.4
49.46
18.24
19.85
-35.54
100
129.85
57.01
21.9
63.62
86.17
41.81
100
0
100
128.42
58.27
65.2
100.1
0
100
192.49
54.18
30.98
145.42
-34.22
100
194.72
47.52
19.8
132.24
76.19
21.96
100.95
-4.48
100
199.56
89.33
29.41
134.49
78.26
15.03
195.81
51.82
34.05
102.46
-60.81
100
0.93
45.37
42.35
199.78
84.87
29.8
131.96
85.66
49.9
128.03
42.84
41.67
0.41
61.59
32.16
136.13
0.02
100
136.65
0.03
100
135.62
0.02
100
129.79
69.49
28.28
130.89
74.31
42.75
141.28
-20.29
100
189.86
52.17
13.53
136.88
0.03
100
135.88
0.03
100
129.92
58.36
23.86
191.17
45.26
13.52
61.98
82.38
41.18
101.84
-7.96
100
4.39
76.77
94.38
136.03
-3.14
100
20.82
-38.22
100
190.79
52.69
21.26
131.04
79.33
20.87
135.31
0
100
190.6
51.69
19.05
5.43
77.99
70.32
128.06
44.1
59.88
145.58
55.91
10.23
132.93
69.54
18.87
100.01
0.03
100
127.97
42.92
46.58
64.75
86.36
34.81
103.65
3.37
63.98
70.03
86.1
23.99
136.23
0.03
100
198.52
44.91
31.4
136.62
-4.26
100
199.34
47.14
19.88
64.65
83.33
60.93
136.19
0.03
100
162.33
-86.48
100
127.97
54.52
64.68
139.88
-15.24
100
190.33
53.6
22.05
155.27
-63.48
100
15.09
4.48
52.06
195.67
52.48
23.71
8.2
74.43
62.29
100.67
-61.02
100
100.01
0.03
100
101.37
-38.31
100
57.42
68.88
15.25
60.28
77.13
65.22
127.99
43.7
62.67
189.97
53.14
19.84
127.5
39.24
36.48
135.77
0.07
100
101.55
-39.08
100
183.52
48.02
8.92
138.02
-9.63
100
127.61
40.23
41.83
155.9
-67.29
100
3.28
32.83
51.55
128.03
52.9
66.22
186.25
47.51
10.52
100.01
0.04
100
127.08
35.47
28.78
190.03
52.78
19.15
4.44
80.29
80.73
58.42
63.48
31.66
128.17
32.03
16.37
151.76
-54.2
100
101.66
-28.63
100
131.55
88.68
16.09
6.56
80.07
48.74
127.77
41.84
55.22
136.73
-3.91
100
4.89
80.5
82.05
100.58
0
100
135.78
0.04
100
3.66
58.34
33.61
128.92
33.4
15.13
136.84
-3.49
100
127.03
35.34
29.17
3.93
79.26
77.23
141.96
-22.82
100
4.73
85.45
38.95
190.63
49.68
11.72
127.88
42.86
65.43
136.05
0.07
100
198.41
51.85
16.65
2.02
59.23
12.74
127.78
41.97
56.05
0.23
96.77
66.46
3.94
67.02
35.74
127.48
39.37
43.16
128.07
46.27
63.75
7.16
54.32
10.38
3.1
81.32
57.58
128.17
43.85
24.31
2.73
83.62
82.99
130.7
67.66
61.74
6.43
69.27
22.86
128.61
51.23
39.62
2.65
82
52.65
127.72
41.3
53.13
55.63
62.01
25.52
129.59
55.48
51.83
1.92
89.02
30.72
140.46
-17.92
100
135.53
0.09
100
136.47
-4.71
100
100.24
-73.89
100
100.29
-77.89
100
100.72
0.04
100
100.86
0.03
100
100.07
-77.33
100
101.96
-27.45
100
100
0
100
101.81
-25.95
100
100.3
-69.28
100
101.67
-34.27
100
152.45
-52.17
100
138.18
-9
100
100.09
-51.09
100
100.01
0.04
100
101.23
-48.29
100
136.8
0
100
153.85
-57.46
100
100.2
-69.02
100
136.71
0.02
100
101.86
-25.05
100
101.08
-42.82
100
107.41
-74.98
100
135.18
0.04
100
100.17
-51.9
100
100.11
-71.5
100
136.34
0
100
100.14
-58.13
100
100
0
100
101.18
-23.06
100
153.01
-54.25
100
100
0
100
100.3
-47.91
100
152.72
-53.59
100
129.67
4.14
88.45
153.46
-57.65
100
100.85
-44.02
100
136.83
0
100
136.94
0.04
100
136.98
0.04
100
135.15
0.16
100
148.79
-44.94
100
135.59
0.03
100
153.71
-56.91
100
139.74
-15.82
100
135.49
0.16
100
136.21
0
100
100.85
-67.06
100
111.57
-38.04
100
100.1
-56.8
100
136.48
-4.51
100
161.39
-83.5
100
136.34
0
100
100.24
-70.9
100
153.14
-55.22
100
147.71
-41.57
100
111.73
-33.63
100
135.78
0.03
100
153.56
-56.83
100
100.64
-63.25
100
100.06
0.04
100
100.77
-52.1
100
101.41
-44.8
100
136.63
0.58
100
159.44
-77.94
100
136.62
0.03
100
135.83
0
100
14.7
5.47
50.9
100.01
0.02
100
151.94
-52.88
100
135.41
0.18
100
135.91
2.91
100
101.08
-59.37
100
136.46
0.93
100
159.53
-76.1
100
120.82
4.11
94.25
101.91
-19.05
100
1.48
40.74
26.47
0.55
61.09
36.47
130.35
5.53
87.74
135.45
0.02
100
101.51
0.03
100
100.11
-51.83
100
182.29
36.89
36.54
106.1
8.28
68.02
136.3
0.02
100
136.46
0.18
100
133.12
6.03
42.01
101.03
-3.5
100
135.26
0.14
100
135.82
3.01
100
155.03
-62.55
100
135.96
0.06
100
139.06
-13.52
100
136.27
-3.14
100
102.07
-17.07
100
135.21
0
100
102.17
-5.32
100
135.73
0.04
100
102.07
-14.89
100
156.41
-68.31
100
136.88
0.02
100
144.37
-30.43
100
100.71
-55.5
100
135.51
0.08
100
136.5
0.1
100
100.01
0.03
100
101.18
-54.59
100
153.63
-59.38
100
138.48
-11.47
100
136.04
0.05
100
101.28
-51.26
100
102.09
-16.52
100
102.32
-3.03
100
135.57
0.03
100
102.08
-13.62
100
135.49
0
100
101.35
-39.54
100
101.42
-39.06
100
135.96
0.13
100
135.38
0.02
100
101.5
-41.8
100
135.96
0.03
100
154.18
-58.97
100
100.01
0.02
100
100.61
-65.83
100
155.95
-65.1
100
136.97
0.02
100
137.11
-6.88
100
102.3
-7.97
100
135.95
0.01
100
135.49
0.03
100
136.81
0.04
100
146.59
-37.76
100
135.47
0.13
100
162.88
-88.35
100
101.73
-27.3
100
139.24
-11.41
100
119.81
54.77
32.22
136.18
0.02
100
101.46
-40.77
100
13.34
4.31
63.35
101.58
-34.28
100
121.04
57.12
35.41
125.65
73.05
31.14
135.89
0.02
100
100.01
0.04
100
156.91
-70.27
100
13.58
4.44
76.71
102.02
-16.4
100
135.45
0.05
100
144.4
-30.84
100
102.26
-8.98
100
135.95
0.07
100
100.9
-50.14
100
157.75
-72
100
155.4
-64.66
100
136.64
0
100
14.01
4.79
73.21
136.3
0.01
100
102.17
-13.12
100
100.21
-69.77
100
102.21
-12.52
100
100
0
100
100.41
0.05
100
102.09
-15.99
100
139.02
-13.42
100
135.79
0
100
136.95
0.04
100
136.97
0.04
100
140.99
-18.68
100
139.08
-12.99
100
101.59
0.71
100
145.04
-32.13
100
140.8
-19.27
100
13.45
4.39
75.06
136.59
0.02
100
100
0
100
141.59
-21.31
100
135.89
0.03
100
136.46
0.04
100
135.91
0.02
100
158.16
-73.68
100
144.53
-30.11
100
135.69
0
100
101.38
-45.07
100
135.96
0.04
100
125.13
5.49
100
101.68
-28.85
100
102.16
-8.37
100
12.21
3.22
65.66
134.38
96.06
24.9
136.21
0.22
100
101.84
-24.62
100
124.45
43.71
40.53
102.33
-4.39
100
136.53
0.06
100
155.74
-64.56
100
136.41
0.06
100
146.98
-39.14
100
2.04
80.19
57.5
136.11
0.04
100
101.18
-39.79
100
138.92
-13.14
100
143.87
-28.59
100
136.85
0.03
100
129.18
76.86
27.84
129.14
55.98
61.98
145.5
-34.51
100
100.15
0.22
100
101.04
-46.92
100
129.12
56.28
62.23
135.99
0.03
100
139.71
-15.23
100
136.47
-4.31
100
100
0
100
194.76
48.08
22.75
132.04
88.49
29.29
131.32
67.24
45.49
12.91
3.51
64.24
100.81
-3.01
100
135.5
0.02
100
136.3
0.02
100
136.25
0.05
100
131.21
66.56
61.57
194.44
44.44
14.12
136.17
-2.52
100
192.44
53.33
29.41
136.25
0.05
100
129.35
76.26
59.87
128.74
62.08
62.99
161.85
-85
100
138.39
-10.57
100
133.33
77.63
19.87
128.43
43.56
21.31
15.7
4.77
53.92
154.12
-60.23
100
193.24
50.93
25.25
100.65
-66.41
100
199.31
47.28
33.64
196.99
51.47
37.33
132.79
95.44
60.2
192.47
52.87
26.14
64
87.58
45.14
195.08
52.66
31.89
135.86
0.06
100
128.24
44.1
41.44
191.6
48.85
17.12
199.57
94.81
30.2
195.24
42.86
16.47
155.86
-67.19
100
0
86.11
28.24
137.11
-6.54
100
0.96
46.15
40.78
101.69
-6.31
100
131.23
68.5
24.9
131.66
87.18
47.79
0.42
64.44
31.24
192.31
54.49
30.59
129.91
59.27
24.31
133.67
68.6
16.41
192.71
52.17
26.15
149.74
-47.93
100
100
0.01
100
129.67
65.93
31.72
4.36
77.06
95.75
131.15
78.69
47.84
195.2
51.92
32.77
128.24
44.97
60.18
62.9
86.09
45.1
190.72
44.9
12.5
128.22
43.95
46.83
136.54
-3.13
100
135.66
0.07
100
5.52
78.29
69.37
101.63
-32.35
100
144.82
60.14
11.61
136.55
-2.46
100
132.45
69.98
20.17
62.71
78.63
63.25
128.17
54.47
65.99
141.67
52.36
10.39
130.3
80.99
23.73
140.47
-17.99
100
190.33
51.62
18.99
100.01
0.03
100
190.14
50.23
17.1
62.73
80.93
36.56
136.07
0.04
100
100.81
-58.68
100
69.85
86.1
26.01
101.47
-32.03
100
101.65
-34.72
100
128.09
44.45
63.35
7.96
74.46
64.86
60.49
78.46
67.7
197.58
57.26
15.36
198.52
44.86
27.59
127.64
40.15
37.4
100.02
0.05
100
128.18
53.82
67.52
127.69
40.81
42.7
189.95
52.83
19.46
59.79
69.32
18.23
195.15
51.37
20.25
147.43
45.03
8.41
127.18
36.16
30.4
101.89
-21.01
100
189.5
51.64
17.12
4.27
81.61
83.91
182.85
48.09
8.6
100.13
0.02
100
127.3
30.7
18.07
127.81
42.23
56.53
3.32
33.54
43.51
4.82
81.16
84.26
60.37
80.66
51.42
59.78
67.5
34.49
189.28
51.07
15.9
130.45
81.8
19.35
127.15
36.23
31.05
127.48
30.4
17.1
3.96
79.13
81.39
127.91
43.16
67.17
127.82
42.24
57.74
3.83
67.24
34.07
4.91
84.75
42.85
133.75
98.51
66.73
186.54
57.82
9.11
197.58
63.85
14.5
128.2
47.59
65.59
127.52
39.81
45.37
2.17
76.86
11.09
4.12
72.93
39.04
128.32
45.78
27.15
2.73
84.87
86.47
3.03
81.78
64.52
130.48
66.39
64.69
8.58
69.31
10.13
128.66
51.68
42.2
6.28
70.99
25.84
127.8
41.92
55.96
2.65
82.05
58.49
129.68
56.19
55.07
56.11
63.34
29.08
1.94
89.02
34.36
100.26
-75.49
100
100.4
-77.21
100
100.08
-78.39
100
100.72
0.05
100
100.17
0.03
100
100.27
0.04
100
100.4
-68.63
100
101.75
-31.03
100
100.01
0.04
100
101.83
-29.41
100
135.16
0
100
101.35
-44.8
100
101.91
-23.34
100
136.09
0.05
100
136.6
0.01
100
101.8
-27.69
100
151.92
-50.27
100
135.13
0
100
136.08
0
100
100.15
-51.76
100
101.24
-51.18
100
135.82
0
100
150.85
-46.08
100
100
0
100
100.27
-68.51
100
100
0
100
136.93
0.05
100
108.27
-72.07
100
101.18
-42.22
100
100.07
-72.24
100
100.6
-47.16
100
135.51
0.15
100
136.73
0
100
161.62
-83.39
100
136.99
0
100
100.16
-64.63
100
135.53
0.03
100
149.38
-46.76
100
152.05
-53.59
100
101.67
-34.29
100
135
0.2
100
153.46
-55.94
100
135.73
0
100
159.01
-75.45
100
100.13
-51.76
100
135.97
0
100
151.12
-50.46
100
135.56
0.13
100
138.43
-10.98
100
152.89
-54.51
100
15.62
6.03
54.36
135.96
-2.6
100
136.18
0.04
100
101.79
-21.57
100
135.89
0.03
100
100.59
-47.84
100
148.68
27.48
34.96
100
0.01
100
135.54
0.02
100
100
0.01
100
136.67
0.04
100
136.67
0.58
100
132.97
5.52
44.45
158.66
-75.61
100
153.5
-56.11
100
139.83
-16.21
100
143.75
-28.89
100
100.13
-59.28
100
136.57
0.81
100
152.86
-56.96
100
136.3
1.67
100
153.26
-56.05
100
136.46
0.1
100
136.84
0.03
100
100.09
-70.14
100
100.79
-61.13
100
136.27
0.02
100
106.27
-34.12
100
100.93
-49.84
100
153.58
-57.34
100
135.16
0
100
153.49
-56.93
100
101.05
-60.48
100
121.27
4.33
93.55
136.01
0.05
100
136.38
0.65
100
129.18
5.62
82.06
136.14
2.16
100
101.98
-17.16
100
1.41
40.68
23.14
100.12
-52.92
100
0.33
63.47
33.03
100.75
0.06
100
135.3
0.15
100
101.18
-54.9
100
102.04
-18.29
100
155.93
-65.39
100
106.3
4.51
70.39
154.88
-63.69
100
100.01
0.02
100
138.33
-11.14
100
101.13
0.03
100
14.27
5.29
64.88
135.82
0.04
100
136.83
0.02
100
14.26
5.18
78.84
102.21
-10.06
100
135.71
0.13
100
100.01
0.02
100
102.2
-2.71
100
136.04
0.01
100
102.31
-7.84
100
135.56
0.05
100
162.73
-87.96
100
136.12
0.06
100
101.55
-39.24
100
101.35
-47.66
100
136.37
0.01
100
142.73
-25.32
100
136.02
0.21
100
135.61
0.03
100
135.32
1.13
100
101.56
-34.84
100
137.19
-7.25
100
135.69
0.03
100
14.68
5.3
74.35
101.84
-3.26
100
136.9
0.03
100
102.18
0.02
100
135.97
0.02
100
159
-76.73
100
135.42
0.02
100
135.69
0
100
102.14
-14.48
100
100.67
-57.93
100
136.21
-3.67
100
144.79
-32.09
100
136.03
0.02
100
100.75
-63.39
100
136.28
0.04
100
136.78
0.03
100
101.54
-34.22
100
100.01
0.04
100
101.88
-22.63
100
136.47
0
100
101.62
-34.93
100
135.69
0
100
14.16
5.03
76.99
102.37
-4.63
100
135.98
0.03
100
156.21
-66.08
100
113.88
35.08
39.87
100.92
-47.45
100
101.85
-7.82
100
154
-60.43
100
101.76
-27.91
100
136.08
0.08
100
115.65
40
40.34
119.29
52.85
33.2
136.97
0.04
100
136.34
0
100
13.16
3.71
66.04
100.3
-69.94
100
100
0
100
100.05
0.04
100
102.31
-7.27
100
157.83
-72.38
100
139.74
-14.59
100
139.56
-14.68
100
102.34
-5.75
100
137.11
-6.09
100
142.5
-24.72
100
136.81
0.03
100
136.7
0.02
100
103.2
1.31
100
102.29
-7.82
100
138.1
-10.37
100
100
0
100
142.03
-22.49
100
136.07
0.04
100
138.28
-10.56
100
101.52
-40.16
100
102.33
-2.56
100
143.52
-27.39
100
136.26
0.05
100
101.92
-20.62
100
139.68
-15.64
100
136.45
0.06
100
135.96
0.02
100
136.51
0.04
100
145.85
-35.41
100
13.73
4.17
66.02
101.98
-19.33
100
136.01
0.04
100
158.07
-73.47
100
102.18
-2.08
100
141.81
-21.97
100
145.66
-35.08
100
127.52
5.1
80.82
136.31
0.05
100
135.47
0.03
100
136.29
0.23
100
101.37
-33.83
100
161.16
-82.65
100
16.32
5.22
57.04
101.32
-39.95
100
137.04
-6.12
100
135.52
0.05
100
100
0
100
152.22
-54.2
100
155.63
-64.44
100
136.21
0.04
100
138.69
-12.55
100
136.4
0.02
100
135.97
0.06
100
100.63
0.02
100
197.96
89.52
49.56
155.34
-65.56
100
129.89
64.66
54.38
136.44
-4.19
100
148.25
-43.24
100
130.49
59.7
41.31
135.69
0
100
134.15
92.79
24.79
136.26
-2.04
100
135.8
0.03
100
133.6
80.45
56.99
128.89
58.8
61.03
139.35
-14.35
100
136.08
0.03
100
194.24
48.35
21.76
198.29
46.95
30.49
100.73
-65.41
100
128.07
42.11
22.35
128.49
45.34
40.17
101.55
-5.14
100
66.53
94.38
48.82
64.55
89.71
45.73
192.29
53.35
27.62
199.13
46.61
31.34
193.07
46.7
16.04
133.56
86.46
25.24
132.55
71.65
19.92
100
0.01
100
135.89
90.93
24.5
192.65
52.21
26.67
191.41
47.85
15.98
0.48
48.84
33.73
195.8
52.14
33.24
192.86
51.59
24.71
130.1
60.34
24.97
0
71.28
29.02
128.46
46.1
60.13
191.99
53.82
28.08
132.03
87.55
51.76
4.31
77.69
100
130.3
61.97
28.76
128.31
44.84
46.53
101.67
-27.84
100
192.31
48.66
18.04
128.3
55.87
66.3
131.58
62.26
20.06
63.85
90
50.98
100.01
0.03
100
63.93
82.64
63.73
6.02
78.4
66.39
130.96
74.91
52.35
129.33
69.8
31.27
189.81
44.42
11.33
191.57
54.03
27.58
101.02
-54.33
100
131.85
67.24
20.35
192.31
53.08
25.49
138.81
52.26
10.85
193
53.42
28.63
101.75
-30.63
100
101.6
-26.28
100
128.28
45.39
63.81
137.9
56.85
12.72
69.5
91.49
23.04
59.92
76.88
68.73
63.2
82.13
38.52
100
0
100
189.9
50.56
16.82
189.7
49.01
14.98
8.57
74.13
64.04
128.29
54.66
68.29
128.88
80.36
29.59
127.71
40.55
38.12
127.74
41.49
43.6
101.95
-15.76
100
127.22
37.02
31.58
195.19
70.4
13.33
100.01
0.03
100
197.62
47.24
22.28
127.88
42.66
57.69
141.68
41.84
8.69
189.4
51.49
16.56
4.31
81.39
85.78
62.66
76.22
20.59
4.82
81.45
85.95
126.88
30.7
19.86
194.78
50.34
16.87
146.53
43.84
8.28
188.91
49.94
14.37
6.42
80.67
54.26
127.95
43.49
68.83
59.44
66.02
38.42
127.24
37.07
32.63
3.5
37.13
36.35
127.86
42.62
59.36
3.97
79.22
85.48
126.94
30.34
19.03
129.72
81.27
22.75
188.7
48.99
12.8
0.07
98.12
69.89
128.17
47.13
67.57
4.32
86.39
46.14
127.6
40.38
47.59
3.99
72.62
37.84
197.47
76.73
14.42
139.34
58.23
9.95
130.49
66.63
68.03
2.66
86.68
89.3
128.44
47.16
29.92
64.73
92.11
11.27
128.72
52.38
44.66
4.06
76.37
44.48
127.85
42.3
58.75
3.11
81.38
71.43
6.28
71.28
29.15
61.06
75.62
12.05
129.64
56.09
58.24
2.63
82.22
64
1.82
89.58
37.73
56.28
64.17
32.7
100.13
-78.82
100
100.07
-79.49
100
100.71
0.04
100
100.26
-78.04
100
100.67
0.02
100
100.53
-75.5
100
100.52
-67.38
100
100.07
0.03
100
100.04
0.04
100
101.47
-40.83
100
101.81
-28.2
100
101.96
-21.53
100
102.46
-19.73
100
135.89
0.04
100
136.49
0.02
100
136.21
-2.04
100
100
0
100
136.9
0.04
100
135.72
0
100
101.81
-28.04
100
152.33
-51.73
100
159.98
-77.83
100
100
0
100
161.55
-84.03
100
135.55
0.15
100
136.6
0
100
149.95
-47.06
100
135.59
0.07
100
100.13
-52.35
100
135.43
0.04
100
100.31
-69.41
100
149.32
-46.65
100
136.86
0
100
150.85
-46.27
100
136.69
0.04
100
135.83
-2.79
100
109.51
-69.57
100
16.25
6.28
55.99
151
-50.42
100
156.34
-62.55
100
151.75
-52.93
100
100.04
-73.3
100
135.61
0.03
100
152.27
-55.48
100
101.31
-41.45
100
136.42
0.07
100
135.92
0
100
100.98
-42.75
100
100.01
0.02
100
100.97
-41.13
100
136.01
0.02
100
134.78
1.27
100
136.45
0.68
100
152.24
-53.75
100
135.56
0
100
154
-57.96
100
136.42
1.41
100
100
0.01
100
100.75
-27.65
100
157.7
-72.72
100
135.42
0
100
136.73
0.35
100
135.22
3.1
100
136.26
1.6
100
135.86
-2.61
100
152.96
-55.08
100
101.65
-21.86
100
136.84
0.02
100
100.62
-47.84
100
14.86
5.92
81
15.06
5.92
66.83
136.4
0.01
100
140.39
-17.65
100
136.06
0.03
100
135.67
0.06
100
138.69
-12.55
100
100.9
-58.9
100
15.37
6.14
75.79
153.41
-55.8
100
100.23
-60.66
100
136.56
0.27
100
153.24
-56.35
100
101.3
-49.63
100
101.05
-49.46
100
136.86
0
100
121.77
4.7
87.65
100.16
-67.92
100
101.06
-59.93
100
153.34
-57.02
100
136.13
0.02
100
136.12
0.01
100
162.95
-88.63
100
102.28
-8.85
100
100.01
0.02
100
100.01
0.03
100
102.04
-18.57
100
100.5
0.05
100
135.35
0.15
100
158.44
-74.9
100
153.2
-58.56
100
100.16
-54.1
100
136.06
0.03
100
136.02
0.02
100
14.74
5.79
79.15
156.58
-67.45
100
126.29
5.43
85.42
136.8
0
100
135.48
1.08
100
135.74
0.03
100
137.78
-9.28
100
135.89
0.04
100
101.97
-18.57
100
1.08
39.78
18.24
0.81
45.12
32.16
101.62
-37.17
100
101.7
-30.98
100
13.98
4.37
65.97
135.97
0.08
100
136.74
0.03
100
102.32
-5.52
100
136.08
0
100
136.2
0.06
100
136.06
0.12
100
101.43
-44.59
100
100.01
0.04
100
101.99
0.02
100
136.35
0.02
100
100.75
0.03
100
143.18
-26.95
100
101.72
-30.09
100
135.55
0.03
100
100.65
0.21
100
141.2
-20.45
100
135.16
0.03
100
136.76
0.04
100
135.43
0.03
100
101.79
0.02
100
136.49
-4.74
100
136.97
0.05
100
136.26
0.07
100
135.69
0
100
102.03
-17.97
100
100.91
-60.09
100
136
0.06
100
102.18
-12.65
100
101.75
-29.65
100
136.12
0.04
100
102.36
0.02
100
101.74
-28.22
100
152.57
-56.05
100
137.31
-7.31
100
100.26
-71.76
100
137.96
-9.41
100
101.05
-44.31
100
101.2
0.04
100
14.57
4.89
67
138.44
-10.28
100
136.74
0.02
100
133.93
3.57
56.08
136.16
0.06
100
136.33
0.03
100
100.43
-68.71
100
111.18
22.16
46.78
136.19
-2.91
100
100
0
100
100.01
0.02
100
135.54
0.03
100
101.93
-21.98
100
161.37
-83.45
100
112.72
31.23
40.34
121.4
59.18
25.84
102.18
-3.5
100
156.31
-66.47
100
139.31
-13.39
100
16.64
5.77
59.89
102.05
0.04
100
136.02
0.08
100
100.33
0.98
100
102.17
0.02
100
157.57
-71.77
100
136.2
-3.27
100
136.25
0
100
150.73
-49.64
100
145.58
-34.66
100
155.21
-65.23
100
137.26
-7.58
100
101.61
-36.76
100
145.93
-35.95
100
140.35
-17.74
100
101.75
0.02
100
140.01
-15.91
100
135.99
-2.49
100
102.08
-12.63
100
102.12
-14.51
100
101.87
0.04
100
135.49
0.03
100
136.9
-4.52
100
135.98
0.03
100
146.88
-38.96
100
136.56
0.04
100
141.61
-21.41
100
101.59
-27.95
100
136.03
0.05
100
137.83
-9.46
100
136.49
0.02
100
135.84
0.02
100
157.67
-72.37
100
100.66
1.98
100
135.69
0.02
100
136.36
0.22
100
101.54
-33.13
100
127.75
5.56
68.1
135.98
0.07
100
138.3
-10.89
100
100.46
0.02
100
138.58
-11.76
100
136.28
0.05
100
155.44
-64.16
100
198.92
95.93
24.12
100.9
-61.96
100
101.46
-4
100
131.28
71.08
25.44
197.56
47.04
27.84
193.77
48.48
20.71
128.59
46.97
39.93
100.01
0.04
100
63.97
86.92
41.96
133.45
87.77
26.4
66.54
97.36
51.96
199.82
46.61
32.12
128.57
47.18
60.14
0
90.07
29.61
129.3
52.36
23.87
191.83
53.02
25.46
128.5
46.25
46.69
4.46
78.41
97.78
131.76
68.92
23.22
100.02
0.06
100
101.86
-21.57
100
0.91
47.83
36.08
191.31
47.84
14.8
0.22
71.52
29.61
191.3
47.35
14.77
128.49
57.22
66.61
63.65
82.53
65.1
192.26
52.73
23.92
131.89
88.5
51.65
101.18
-49.25
100
5.93
80.37
63.92
196
52.02
30.83
101.86
-26.41
100
61.01
76.79
43.92
129.95
59.79
31.3
192.04
51.15
22.16
131.46
79.87
59.41
128.49
46.54
64.43
101.56
-21.22
100
131.05
61.87
20.51
189.3
45.33
10.72
191.5
53.49
25.4
129.31
59.8
39.02
100.01
0.03
100
130.5
56.26
21.91
191.57
48.28
17.06
59.9
76.23
68.74
138.25
56.35
11.75
128.47
56.36
68.71
191.32
53.97
24.92
8.44
74.5
66.13
63.01
81.03
39.74
127.89
42.29
44.17
127.79
41.4
38.6
130.17
88.64
26.32
191.54
51.64
21.64
101.72
-9.93
100
194.25
52.24
27
189.03
47.28
13.03
133.43
57.12
14.2
128.81
83.07
30.65
189.55
49.15
14.7
100.02
0.05
100
127.96
43.21
58.6
127.36
37.88
32.92
3.75
83.75
89.38
4.77
81.84
87.92
136.37
40.6
9.53
126.83
31.65
21.45
137.97
81.82
13.44
128
43.82
70.27
62.21
73.8
24.08
196.32
54.32
18.15
188.65
49.61
13.87
140.18
41.06
8.75
6.35
80.73
57.39
127.34
37.81
34.24
127.91
43.01
60.73
187.73
47.24
11.7
193.88
49.4
13.54
0.12
97.81
72.08
59.36
65.92
41.74
4
79.44
88.93
126.74
30.95
20.99
128.2
47.43
69.5
3.77
46.08
30.79
129.81
84.31
25.86
127.69
41.08
49.61
185.59
48.56
9.74
4.23
86.94
49.21
197
86.6
15.45
3.86
75.8
43.82
130.32
65.81
71
133.4
58.63
11.96
2.33
88.85
91.55
128.74
52.66
46.93
128.5
47.65
32.97
127.86
42.46
61.33
68.5
88.19
13.95
3.13
81.31
78.59
4.06
77.54
51.67
5.96
72.64
32.23
129.69
56.48
61.26
63.15
77.63
15.04
2.64
82.2
69.34
2.02
88.64
41.66
56.46
64.67
36.26
106.8
-12.16
100
138.69
-12.16
100
100.06
-80.91
100
100.22
-67.84
100
101.74
0
100
100.66
-65.27
100
100.57
0.03
100
100.25
0.03
100
100.65
-73.29
100
101.58
-36.89
100
102
-19.98
100
100.01
0.02
100
101.89
-25.29
100
136.17
0
100
103.32
-23.53
100
136.31
0.03
100
159.59
-78.15
100
135.62
0.04
100
138.41
-9.35
100
136.5
0.1
100
100
0
100
161.76
-84.74
100
141.23
15.62
71.57
136.84
0.03
100
135.6
0.12
100
148.71
-43.31
100
135.68
0.06
100
100
0
100
151.52
-53.5
100
150.5
-49.22
100
156
-62.63
100
136.03
0.05
100
136.4
0.07
100
16.51
7.05
58.25
135.65
0.04
100
135.34
0.03
100
149.85
-48.4
100
136.29
0.06
100
151.22
-50.18
100
137.94
-9.8
100
152.79
-53.41
100
101.78
-27.53
100
149.88
-46.99
100
136.74
0.03
100
100.01
0.02
100
136.42
0.01
100
155.42
-65.69
100
100.25
-69.19
100
136.49
0.6
100
136.09
0.03
100
135.26
0.03
100
100.13
-52.35
100
135.96
0.03
100
15.36
6.55
83.85
100.09
-74.03
100
151.1
-47.09
100
136.41
1.37
100
15.73
6.36
69.34
134.7
1.78
100
15.91
6.85
78.29
100
0.01
100
134.17
6.31
100
135.75
0.07
100
135.25
4.71
100
156.73
-69.74
100
101.45
-38.97
100
136.69
0
100
136.65
0.02
100
101.96
-14.9
100
136.11
0.03
100
154.55
-60.06
100
15.27
6.45
81.65
136.12
0.04
100
14.64
5.82
66.84
136.23
0.05
100
163.2
-89.28
100
136.04
0.37
100
101.32
-49.08
100
136.67
0.05
100
157.79
-72.98
100
137.32
-7.65
100
102.25
-10.2
100
137.82
-9.02
100
136.03
0.03
100
101.31
-24.71
100
152.92
-55.34
100
136.86
0
100
100.01
0.03
100
100.92
-44.71
100
101.04
-56.13
100
136.15
0.04
100
100.01
0.02
100
135.99
0.04
100
135.58
1.15
100
121.52
4.77
100
136.65
-4.99
100
135.78
0.03
100
141.37
-20.13
100
101.98
-19.93
100
101.14
-57.28
100
136.35
0.02
100
101.45
-26.96
100
151.64
-53.76
100
100.36
0.06
100
135.32
0.25
100
153.45
-55.86
100
15.33
5.52
68.42
101.05
-52.88
100
153
-56.05
100
161.15
-82.92
100
135.61
0.04
100
136.73
0
100
156.54
-67.57
100
101.65
-35.56
100
100.2
-54.93
100
100.01
0.03
100
135.95
0.04
100
136.07
0.06
100
100.07
-65.88
100
137.45
-8.22
100
136.96
0.06
100
136.39
0.02
100
136.25
0.05
100
135.95
0
100
126.2
5.6
85.66
16.95
6.25
62.33
136.02
0.18
100
102.08
-2.19
100
152.71
-55.46
100
101.49
-41.85
100
141.73
-22.29
100
101.7
-31.76
100
101.92
-21.73
100
0.64
44.23
13.59
199.74
75.66
23.63
154.25
-62.09
100
136.91
-5.84
100
135.22
0.03
100
136.73
0.06
100
149.45
-45.53
100
135.3
0.03
100
101.83
-25.92
100
101.44
0.02
100
100.1
0.06
100
138.61
-10.98
100
135.46
0.03
100
101.62
0.02
100
102.15
-13.43
100
101.32
0.02
100
136.75
0.03
100
150.87
-50.88
100
100.4
0.03
100
139.64
-15.38
100
135.26
0.04
100
101.87
-24.78
100
136.88
-4.9
100
136.17
-3.4
100
137.57
-7.31
100
101.05
-56.62
100
135.96
0.07
100
135.69
0
100
101.24
-39.12
100
102.22
-11.31
100
135.16
0.48
100
144.98
-32.83
100
100.32
0.04
100
100.64
-66.41
100
100
0
100
136.23
0.05
100
100.02
0.05
100
101.89
-22.72
100
135.88
0.02
100
137.88
-8.74
100
133.04
17.59
62.43
135.74
0.02
100
100.13
-74.9
100
157.33
-70.48
100
143.58
-28.24
100
135.89
0.11
100
101.77
0.03
100
146.57
-37.94
100
100.09
0.26
100
112.92
31.92
30.1
102.09
-16.46
100
137.64
-8.68
100
112.29
29.5
34.56
112.64
33.6
33.17
100.57
0.02
100
100.66
0.03
100
138.89
-12.1
100
135.3
0.04
100
100.24
0.09
100
101.64
-35.37
100
156.73
-67.45
100
157.15
-70.59
100
101.37
0.02
100
102.26
-10.03
100
101.91
-5.88
100
136.56
0.02
100
136.65
-5.52
100
101.73
-23.7
100
139.37
-14.53
100
101.54
3.06
100
135.99
0.02
100
101.73
-26.57
100
136.6
0.03
100
136.03
0.04
100
140.05
-16.34
100
100.33
0.04
100
136.38
0.27
100
136.25
-4.21
100
157.05
-70.52
100
127.24
5.79
61.89
137.29
-7.65
100
136.34
0.05
100
154.22
-60.67
100
101.03
-58.25
100
198.43
94.44
22.94
101.36
-3.53
100
100.01
0.04
100
131
68.3
24.56
129
49
39.22
197.21
47.01
26.2
193.21
48.08
19.82
128.8
48.85
59.54
134.41
94.23
27.88
64.31
86.87
38.82
100
0
100
136.4
79.31
17.06
128.84
48.43
47.15
134.93
90.29
25.1
102.03
-16.27
100
128.71
58.01
67.38
130.08
60.91
24.65
4.43
77.18
100
199.46
46.22
29.27
64.41
85.82
65.93
101.36
-44.15
100
0
73.29
28.63
101.93
-22.84
100
0.8
50.6
32.55
191.11
45.61
13.97
4.76
82.29
78.43
135.34
77.16
18.2
128.69
47.96
64.77
131.92
91.59
52.71
132.05
71.79
26.1
191.48
52.18
23.33
101.59
-17.02
100
100.02
0.05
100
191.81
52.06
22.18
63.32
84.57
51.59
187.69
55.38
12.75
131.03
63.82
20.93
60.26
79.14
72.1
128.67
56.85
69.98
131.14
76.97
59.61
129.76
57.81
35.14
188.31
46.47
9.95
135.53
54.7
12.16
129.4
59.91
41.57
128.05
43.1
44.62
195.81
51.14
28
127.92
42.05
39.2
101.35
-6.3
100
7.99
74.99
70.08
191.37
50.37
19.22
129.17
49.22
25.1
100.02
0.06
100
191.97
52.68
23.16
62.83
79.66
40.92
188.76
51.01
13.61
190.75
53.27
22.27
128.03
43.79
59.28
68.21
92.1
28.78
127.45
38.54
33.86
128.78
83.78
32.33
188.46
45.37
11.14
188.87
47.22
12.67
4.76
82.22
90
130.4
47.15
16.64
190.69
50.18
18.21
4.15
82.01
89.58
194.13
51.15
23.89
128.05
44.26
71.5
126.81
32.48
23.12
131.75
36.88
10.91
127.98
43.56
61.92
127.45
38.66
35.65
133.71
98.16
72.38
6.39
80.17
60.79
133.81
79.44
16.03
62.88
76
27.43
134.7
40.59
9.73
128.36
49.05
70.92
4.01
80.55
91.56
187.2
46.95
11.19
195.02
66.93
15.81
126.79
32.31
23.05
59.4
66.42
44.91
185.22
45.14
9.14
127.72
41.4
51.64
192.5
52.33
10.54
129.85
84.11
29.78
4.27
87.02
52.62
4.13
57.29
29.02
130.15
64.45
73.47
145.05
46.62
8.59
128.81
53.23
49.19
127.88
42.83
63.71
1.91
90.73
93.49
135.93
91.13
17.78
128.55
48.22
35.65
3.87
76.48
50.74
130.44
51.87
14.61
129.67
56.64
64.01
6
72.46
35.57
3.03
81.81
84.57
69.76
85.26
17.44
4.01
78.03
59.31
2.65
82.36
74.39
64.3
79.71
18.12
1.85
89.49
44.69
56.67
65.5
39.83
100.04
-82.17
100
102.19
-2.51
100
100.18
-65.34
100
100.78
-62.85
100
100.3
0.05
100
100.32
0.03
100
102.03
-18.49
100
101.68
-32.88
100
100.72
-70.8
100
100.01
0.02
100
101.92
-23.57
100
159.79
-78.77
100
136.24
0
100
135.56
0
100
103.29
-26.98
100
136.33
0
100
138.64
11.68
82.14
140.08
-15.23
100
147.28
-38.86
100
161.5
-83.79
100
151.19
-52.49
100
150.2
-46.67
100
135.72
0.03
100
135.64
0.1
100
149.25
-45.53
100
100.54
0
100
136.76
0.04
100
136.37
0
100
155.67
-62.65
100
135.7
0.03
100
136.62
0.02
100
149.8
-46.11
100
152.55
-52.82
100
16.84
7.35
62.05
100.92
-3.53
100
135.77
0
100
135.92
0
100
136.43
0.02
100
135.23
0.04
100
150.14
-49.25
100
135.59
0
100
15.76
7.09
86.59
136.54
0.03
100
139.87
-16.08
100
16.35
7.54
81
16.07
7.28
72.05
100.01
0.04
100
135.82
0.06
100
136.2
0.02
100
146.73
-37.08
100
135.4
0
100
136.14
0.03
100
135.95
2.27
100
15.72
7.05
84.18
15.48
6.11
68.59
136.2
0.02
100
135.56
1.96
100
136.27
1.7
100
153.29
-55.31
100
101.87
-26.01
100
100
0.01
100
132.81
10.59
100
134.79
1.62
100
106.45
-30.22
100
136.17
0.03
100
136.35
0.02
100
155.86
-67.09
100
100.39
-68.91
100
100.08
-75.29
100
161.1
-82.52
100
136.17
1.39
100
136.09
0.07
100
135.65
0.04
100
136.22
-3.42
100
136.06
0.05
100
15.93
6.22
69.8
151.36
-48.02
100
100.22
-54.77
100
158.88
-76.25
100
163.77
-91.09
100
17.04
6.72
65.04
136.05
0.46
100
136.05
0
100
155.82
-67.06
100
102.22
-11.57
100
135.63
0
100
101.52
-41.14
100
137.73
-8.35
100
101.52
-36.62
100
135.28
0.04
100
136.54
0.46
100
100.01
0.02
100
147.95
-41.23
100
155.08
-62.08
100
135.31
0.05
100
135.46
1.74
100
134.09
7.69
100
100.01
0.03
100
135.76
0.03
100
135.95
-3.14
100
144.21
-30.35
100
135.9
0.03
100
136.92
0.03
100
100.01
0.03
100
101.87
-25.23
100
135.88
0
100
101.16
-52.78
100
135.77
0.02
100
150.17
-49.21
100
143.73
-27.3
100
101.33
-22.75
100
101.68
-34.04
100
152.61
-54.82
100
122
5.02
100
100.24
0.06
100
135.34
0.18
100
136.07
-2.97
100
136.38
0.02
100
136.63
0
100
101.3
-49.37
100
137.16
-7.04
100
103.97
4.82
69.22
156.62
-67.82
100
136.29
0.05
100
136
0.04
100
100.31
-54.9
100
101.17
-50.71
100
148.63
-42.75
100
136.08
0
100
136.13
0.15
100
137.02
-6.75
100
140.39
-17.94
100
136.74
0.02
100
101.55
-39.66
100
152.54
-55.06
100
154.07
-58.09
100
101.27
0.03
100
127.14
5.84
97.93
151.87
-53.23
100
136.93
-5.17
100
136.67
0.1
100
100.72
0.02
100
149.38
-46.3
100
135.4
0.03
100
100.07
-67.65
100
101.66
-32.16
100
101.95
-21.42
100
102.22
-9.18
100
100.08
0.15
100
135.31
0.57
100
135.45
0.04
100
101.97
-20.9
100
1.22
37.8
10.72
133.82
96.59
18.92
102
-19.76
100
136.34
0
100
100.68
0.02
100
101.39
-35.46
100
100.91
0.03
100
146.75
-38.69
100
136.97
-5.62
100
143.91
-29.33
100
101.17
-52.79
100
136.05
-2.76
100
135.87
0.1
100
138.24
-10.8
100
100.75
-63.36
100
138.82
-10.98
100
100.01
0.02
100
100
0
100
100.14
0.04
100
102.23
-10.11
100
100.03
0.04
100
136.31
0.04
100
135.25
0.07
100
137.94
-8.76
100
100
0
100
101.5
0.03
100
102.07
-16.44
100
109.06
-68.8
100
136.6
0.02
100
102.2
-11.39
100
100.03
0.08
100
109.74
22.28
31.69
100.03
0.05
100
100.17
-77.39
100
101.66
-33.29
100
100.03
0.03
100
130.85
48.45
63.14
101.04
0.01
100
107.92
17.1
43.57
114.78
37.99
26.12
102.34
-5.79
100
101.64
-2.82
100
101.85
-19.85
100
156.65
-69.22
100
102.92
4.84
100
136.2
-4.05
100
134.44
6.18
41.24
101.9
-20.29
100
100.25
0.03
100
135.97
0.02
100
136.01
0.04
100
138.77
-12.32
100
136.62
0.04
100
136.38
0.33
100
138.25
-10.48
100
149.59
-45.33
100
135.03
0.03
100
154.95
-61.8
100
156.46
-68.71
100
136.38
0.05
100
152.94
-57.01
100
101.2
-53.49
100
101.28
-3.12
100
133.33
85.86
19.41
100.01
0.02
100
124.26
43.67
41.36
131.63
73.24
23.03
196.39
47.77
28.53
128.99
50.75
58.73
100
0
100
3.63
35.48
43.21
194.33
49.5
26.14
128.87
60.56
66.86
129.15
50.63
46.86
196.93
46.84
24.84
132.8
81.13
24.71
0.47
49.53
30.09
102.07
-15.16
100
193.49
49.3
21.08
64.69
88.13
67
101.51
-39.09
100
193.23
47.77
18.84
4.35
79.5
87.66
128.42
43.44
23.92
135.29
92.73
25.83
102.02
-19.57
100
1.1
43.59
40.89
199.17
46.06
27
128.89
49.93
65.1
100.04
0.13
100
134.03
86.67
23.53
101.46
-11.84
100
199.52
81.29
27.25
4.96
82.03
74.8
0.24
54.68
27.25
3.22
40.44
35.44
193.66
50.52
22.67
128.87
62.67
68.66
60.37
79.18
73.1
131.97
95.32
55.88
190.82
43.88
12.81
130.27
58.32
21.01
64.01
87.68
50.74
131.62
71.65
30.43
133.73
73.59
20.93
191.33
52.18
21.53
100.99
-3.57
100
128.25
44.06
45.17
100.01
0.03
100
191.25
51.21
19.75
128.17
43.27
39.16
186.88
48.3
9.22
130.35
78.84
49.49
133.72
52.37
12.42
144.51
54.43
12.39
58.4
72.31
66.7
129.4
55.3
38.04
129.5
58.85
44.31
128.13
44.61
59.94
63.83
82.58
42.53
128.72
47.3
29.02
195.73
50.85
25.15
127.51
39.05
34.45
190.21
48.96
16.07
4.99
81.43
92.44
128.15
44.99
72.63
145.32
52.7
11.48
3.92
82.96
92.35
128.7
84.55
33.99
191.61
51.77
20.41
69.4
91.03
31.28
190.25
52.24
19.69
187.05
43.4
9.28
128.06
44.19
62.9
188.08
45.01
10.88
128.35
43.37
19.23
126.92
33.81
24.96
127.51
39.32
37.22
189.48
48.94
14.81
129.23
30.81
12.45
133.76
98.69
74.49
194.13
50.28
20.87
128.41
49.4
72.39
6.17
81.25
63.04
4.06
82.23
93.48
127.79
41.93
53.36
130.61
33.43
11.24
126.83
33.33
24.82
62.57
75.43
31.45
132.72
83.56
19.08
59.48
66.61
48.08
184.24
46.02
8.7
138.88
80.09
15.36
149.16
43.42
7.47
130.13
64.19
75.95
4.3
86.57
56.65
127.93
43.15
65.93
129.08
55.24
50.89
188.83
64.42
7.9
130.03
85.7
33.36
1.46
92.79
94.67
128.6
48.86
38.01
4.44
66.29
30.9
135.11
90.7
20.86
136.4
44.46
9.73
129.52
55.87
66.58
129.22
50.06
17.87
3.79
76.9
58.18
5.85
73.11
38.53
3.01
82.66
89.78
2.67
82.94
79.07
1.89
89.36
47.95
3.96
78.17
67.21
70.08
85.08
20.83
64.81
81.37
21.16
56.81
65.71
43.04
100.07
-82.55
100
102.31
-6.06
100
100.13
-58.43
100
100.91
-60.02
100
100.22
0.02
100
102.07
-17.07
100
100.11
0.05
100
101.79
-29.05
100
100.92
-67.71
100
100.01
0.02
100
136.21
0
100
101.98
-21.31
100
162.09
-85.88
100
135.54
0.02
100
137.58
9.81
86.45
135.82
0.01
100
150.77
-51.25
100
101.87
-26.41
100
145.68
-34.03
100
135.76
0.08
100
161.5
-84.02
100
136.49
0.02
100
135.88
0
100
147.93
-41.54
100
136.34
0
100
132.19
5.86
92.3
155.55
-62.58
100
135.7
0.11
100
148.65
-42
100
135.73
0.03
100
136.69
0.03
100
136.42
0.03
100
101.35
0
100
136.43
0.02
100
17
7.61
64.32
136.14
0.05
100
100.76
0
100
16.69
7.93
83.77
148.5
-41.18
100
16.08
7.59
89.23
135.16
0.06
100
16.54
7.37
74.5
136.16
0.03
100
135.88
0.08
100
16.09
6.69
69.96
150.07
-49.08
100
16.06
7.57
86.71
136.31
0.04
100
199.51
57.04
52.94
136.1
0.05
100
152.14
-51.04
100
135.34
0
100
160.43
-80.51
100
145.71
-35.18
100
100
0
100
136.16
0.02
100
135.67
0.04
100
137.39
-7.94
100
155.42
-65.88
100
145.97
-34.71
100
17.27
6.92
67.09
16.43
6.72
71.31
130.16
8.84
100
135.96
-2.39
100
132.67
8.37
100
136.26
0.01
100
136.32
1.52
100
135.34
0.03
100
135.34
0.06
100
146.77
-37.52
100
135.89
0.02
100
135.11
4.55
100
100
0.01
100
135.57
0.03
100
143.27
-27.42
100
102.11
5.76
42.55
134.89
1.4
100
154.97
-64.31
100
135.77
0.02
100
136.09
0.07
100
163.97
-91.84
100
136.47
0
100
136.68
-5.39
100
136.01
0
100
136.24
0.02
100
102.02
-5.07
100
153.84
-57.42
100
106.3
-22.94
100
151.19
-47.66
100
101.88
-26.83
100
101.6
-37.35
100
100.13
-76.23
100
100.01
0.02
100
100.49
-67.89
100
136.17
0
100
136.63
0.19
100
136.88
0.04
100
147.84
-39.41
100
135.79
0.03
100
100.01
0.03
100
151.65
-49.14
100
132.27
9.65
100
100.26
-60.78
100
135.23
0.02
100
100.01
0.04
100
100.09
-50.48
100
100.09
-55.95
100
101.71
-29.2
100
155.49
-63.74
100
101.92
-23.27
100
101.69
-32.97
100
136.37
0.02
100
148.76
-44.8
100
136.7
0.02
100
136.6
0
100
100.18
0.06
100
135.19
0.53
100
101.29
-49.02
100
121.02
4.95
100
156.13
-66.53
100
136.31
0.05
100
139.11
-13.79
100
136.27
-2.94
100
101.67
-35.1
100
136.13
0.14
100
136.6
0
100
136.04
0.04
100
135.83
0.11
100
101.42
-20.34
100
147.03
-38
100
137.11
-7.06
100
147.12
-39.61
100
100.44
-54.42
100
152.35
-54.42
100
100.15
0.02
100
101.58
-37.51
100
147.67
-40.97
100
126.71
3.77
57.25
143.01
-26.38
100
105.11
8
58.82
135.31
0.78
100
136.6
0
100
100.5
0.02
100
101.29
-47.28
100
135.52
0.03
100
136.23
-3.26
100
136.37
-4.02
100
148.18
-41.65
100
129.51
6.67
100
102.15
-5.73
100
102.07
-17.04
100
102.1
-15.56
100
101.6
-28.77
100
128.68
4.04
71.11
152.15
-54.23
100
150.84
-50.38
100
135.44
0.03
100
100.04
0.12
100
101.83
-26.14
100
154.12
-58.04
100
137.19
-6.07
100
100.88
-60.17
100
100.01
0.02
100
100
0
100
100.6
0.03
100
100.2
0.02
100
101.27
-49.34
100
100.05
-69.1
100
102.09
-14.75
100
0.76
45.45
8.63
127.64
77.86
18.5
100
0
100
135.82
0.13
100
136.63
0.02
100
100.01
0.04
100
135.29
0.03
100
136.34
0.06
100
136.88
-6.29
100
153.59
-58.43
100
102.24
-9.8
100
100.8
0.03
100
100.03
0.04
100
100.02
0.07
100
101.77
-30.34
100
100.85
0.03
100
102.4
-2.07
100
102.25
-9.7
100
100.02
0.06
100
107.51
-60.78
100
100.01
0.03
100
102.33
-6.19
100
101
0.05
100
108.28
17.31
34.43
101.97
-15.83
100
107.98
17.86
40.34
112.82
32.17
25.88
100.13
-80.24
100
151.01
-48.32
100
100.15
0.04
100
102.1
-14.25
100
156.02
-67.32
100
135.91
-3.14
100
133.49
23.72
42.16
135.95
0.03
100
135.98
0.04
100
136.64
0.03
100
139.22
-14.12
100
136.42
0.26
100
136.91
-6.06
100
151.06
-48.5
100
133.68
6.28
34.65
135.14
0.02
100
156.18
-67.86
100
136.42
0.06
100
150.54
-49.88
100
101.27
-3.05
100
101.3
-49.58
100
100.01
0.04
100
122.45
38.03
48.16
102.65
5.52
46.21
131.11
62.22
17.65
100.01
0.03
100
130.26
47.39
64.03
196.27
45.88
22.22
129.3
53.3
71.37
128.65
47.32
46.27
102.2
-6.27
100
101.66
-33.76
100
102.07
-17.38
100
67.31
91.36
59.02
133.62
89.43
26.5
198.07
47.07
33.9
4.16
80.86
80.15
130.86
66.29
24.71
100.05
0.16
100
196.78
46.28
23.44
198.3
93.81
26.49
129.19
50.21
64.83
193.76
51.12
27.06
101.38
-8.1
100
5.11
33.33
43.53
194.2
47.84
20.3
195.02
47.18
16.86
129.49
63.74
71.37
5.73
79.16
68.86
196.81
52.1
32.75
1
44
39.22
197.88
81.78
21.99
193.15
50.69
24.14
63.72
87.87
73
0.87
54.9
30
133.01
91.46
32.16
100.65
0.06
100
100
0.01
100
2.75
38.02
47.45
129.64
51.68
19.8
132.25
90.26
62.82
128.36
45.21
45.26
62.98
83.62
52.42
193.23
48.25
17.96
190.51
42.7
11.94
128.3
44.58
38.77
3.75
39.77
33.92
192.78
51.47
24.56
128.37
45.54
60.13
58.37
74.7
69.75
130.96
68.44
34.12
132.98
54.48
12.92
186.09
51.12
8.78
130.61
73.48
55.03
131.3
67.75
24.17
190.86
51.16
19.43
190.84
50.29
17.73
129.15
52.73
41.06
129.45
63.52
44.61
127.65
40.25
35.13
62.8
80.02
44.87
5.11
80.98
94.02
128.29
45.77
73.52
137.67
52.34
13.69
3.4
85.81
95.02
128.55
46.23
31.99
128.19
45.05
63.65
71.13
86.54
35.32
195.61
49.61
22.36
69.49
91.32
33.87
184.02
42.46
7.5
188.37
48.8
13.3
133.76
98.03
76
127
34.68
26.34
137.26
49.47
12.42
127.61
40.03
38.11
128.49
50.1
73.69
189.77
51.02
16.88
191.88
50.79
17.74
186.24
43.16
8.9
127.62
27.91
13.97
127.15
41.31
22.34
60.45
81.13
65.76
127.83
42.3
54.75
4.03
83.95
95.27
187.06
48.75
11.68
193.62
48.4
17.49
127.02
34.63
26.74
128.2
28.26
12.94
63.45
78.18
35.01
60
68.02
50.92
131.55
78.61
22.65
127.95
43.43
67.99
130.06
63.96
78.7
128.87
53.59
53.13
146.42
42
7.59
140.11
38.64
7.96
4.21
87.35
59.53
134.63
80.52
18.44
1.17
94.63
95.7
128.82
50.63
40.49
130.07
87.6
36.79
129.59
57.18
69.27
134.8
64.93
9.06
134.81
91.18
23.84
4.56
71.82
34.29
129.99
37.43
12.1
5.69
73.76
41.37
129
50.7
21.22
3.76
77.15
66.15
3.12
85.62
92.93
2.68
83.92
82.89
1.95
89.19
51.32
3.94
78.37
75.11
56.93
66.34
46.48
70.14
85.53
24.38
64.91
81.97
24.33
143.51
-25.6
100
100.08
-83.79
100
102.27
-8.89
100
100.13
-59.31
100
101.04
-57.03
100
102.11
-15.31
100
100.26
0.03
100
100
0
100
101.87
-25.57
100
135.82
0
100
162.61
-87.45
100
135.54
0.02
100
100.03
0.09
100
137.66
11.44
77.96
100.92
-65.1
100
150.85
-50.98
100
101.99
-20.6
100
150.35
-49.95
100
136.39
0.03
100
135.59
0
100
144.31
-29.76
100
136.27
0.05
100
146.58
-37.43
100
135.81
0.03
100
136.09
0
100
136.29
0.04
100
161.86
-84.23
100
155.16
-61.93
100
147.24
-38.37
100
136.37
0.03
100
102.09
-17.65
100
135.73
0.09
100
135.78
0.01
100
131.32
5.92
97.48
17.04
7.95
65.19
16.86
8.31
86.62
136.03
1.57
100
136.09
0.03
100
136.27
0.04
100
16.39
8.01
91.6
136.16
0.04
100
16.59
6.91
72.12
161.14
-82.61
100
16.64
8.27
76.96
135.92
0.07
100
135.7
0.04
100
154.39
-62.31
100
16.36
7.96
89.1
136.14
0.02
100
17.27
7.34
69.57
102.14
-4.18
100
16.75
7.19
73.37
135.23
0.06
100
135.92
0.01
100
135.24
0.09
100
136.09
-2.33
100
135.36
0.05
100
136.25
-3.79
100
142.3
-24.22
100
148.63
-44.31
100
135.39
0.03
100
145.61
-33.87
100
135.78
0.05
100
154.51
-59.61
100
100
0
100
136.49
-4.74
100
147.49
-38.17
100
152.94
-58.04
100
133.67
7.42
100
143.81
-27.93
100
190.84
-17.88
100
136.31
0
100
136.41
1.16
100
150.98
-46.67
100
124.58
8.82
100
100.01
0.02
100
102.67
-47.51
100
136.03
0
100
102.84
-91.47
100
136.09
0.48
100
135.88
0.1
100
134.63
2.19
100
154.27
-62.16
100
101.86
-2.35
100
135.81
1.79
100
198.58
15.78
80.78
136.83
0.02
100
100.01
0.02
100
108.41
24.26
44.78
136.21
0
100
135.33
0.02
100
106.93
-20.83
100
136.53
0.46
100
135.77
0.06
100
151.19
-47.53
100
100.01
0.03
100
154.37
-59.45
100
100.13
-77.37
100
100.01
0.04
100
132.95
9.49
100
103.46
2.85
78.04
100.56
-64.33
100
136.66
0.01
100
136.35
0.04
100
101.72
-32.36
100
101.7
-35.29
100
125.94
8.1
54.84
148.37
-43.53
100
147.44
-40.66
100
151.98
-50.36
100
135.26
0.45
100
100.75
-44.61
100
141.89
-22.7
100
100.07
-57.25
100
135.98
0.05
100
137.06
-6.67
100
100.52
-65.1
100
100.13
0.06
100
135.26
0.25
100
100.27
-52.86
100
138.07
-10.33
100
136.29
0.06
100
155.76
-64.96
100
155.31
-64.01
100
101.85
-26.27
100
135.19
1.33
100
136.12
0.13
100
145.96
-35.62
100
120.22
5.12
100
101.39
-44.98
100
100.01
0.03
100
135.29
0.09
100
135.8
0.09
100
136.07
0.04
100
101.64
-35.92
100
137.12
-7.09
100
136.6
0
100
136.74
-4.38
100
100.57
-53.25
100
135.61
0.03
100
130.27
89.51
39.87
100.16
0.02
100
136.64
0.02
100
101.85
-21.43
100
101.48
-19.25
100
101.86
-3.18
100
146.27
-35.84
100
102.2
-11.05
100
121.76
4.3
74.75
100.01
0.02
100
151.54
-52.27
100
101.02
-56.68
100
101.43
-42.81
100
102.17
-13.08
100
104.52
6.43
54.9
100
0
100
135.41
0.05
100
125.36
6.8
100
100
0
100
100.18
0.29
100
102.04
5.19
41.57
147.25
-39.1
100
101.96
-22.86
100
144.71
-30.98
100
100.44
0.03
100
101.37
-46.22
100
100.01
0.03
100
149.74
-47.24
100
151.6
-52.82
100
136.36
0.18
100
100.03
0.02
100
135.82
0.39
100
139.54
57.82
52.68
135.38
0.03
100
100.43
0.04
100
100.02
0.06
100
128.66
6.37
94.24
100.65
0.02
100
101.7
0.39
100
0
54.05
7.25
117.2
44.4
24.69
135.65
-2.17
100
101.82
-28.05
100
102.34
0.81
100
100.07
-71.61
100
102.26
-9.52
100
100.02
0.06
100
102.1
-11.71
100
100.01
0.03
100
100.41
0.04
100
100.01
0.03
100
109.11
-46.8
100
102.39
-3.31
100
102.16
0.04
100
100.1
0.03
100
108.13
16.46
37.65
102.24
-8.21
100
107.77
16.93
47.1
111.27
27.23
27.03
100.08
-82.65
100
135.91
-3.05
100
151.81
-50.36
100
154.93
-64
100
135.93
0.03
100
135.9
0
100
136.65
0.03
100
136.39
0.32
100
133.18
20.52
87.45
136.02
-2.85
100
156.42
-66.82
100
152.7
-53.75
100
135.4
0.08
100
155.68
-66.36
100
136.42
0.03
100
148.48
-43.38
100
101.27
-2.93
100
101.43
-44.64
100
100.01
0.02
100
100.12
-55.78
100
129.65
45.96
59.51
102.12
-14.15
100
115.67
32.09
52.55
101.81
-4.71
100
101.81
-27.88
100
196.12
46.55
22.75
197.19
45.78
24.41
100.02
0.06
100
135.04
94.58
26.04
131.38
68
23.9
101.14
-4.5
100
134.66
90.72
25.36
196.76
45.79
22.7
0.47
44.55
41.37
2.52
89.64
73.82
100.02
0.05
100
100.42
0.02
100
196.18
87.2
20.29
194.11
47.53
20.07
192.66
51.57
25.05
1.02
43.88
38.43
128.5
46.55
45.25
0.45
58.11
29.02
4.91
32.55
42.17
129.7
50.97
20.16
195.24
48.1
16.81
128.49
45.71
38.35
135.16
83.08
19.71
132.2
88.71
64.63
63.58
86.38
52.7
128.54
46.75
60.11
1.32
47.36
31.05
133.06
91.24
35.25
192.7
51.07
22.84
190.29
41.75
11.18
58.45
73.92
70.67
3.1
37.07
41.13
131.87
49.54
13.41
184.71
54.12
8.38
191.17
50.3
16.6
128.49
46.74
74.22
130.51
75.66
53.42
4.92
82
96.2
127.81
41.07
35.57
130.63
66.57
37.43
6.45
32.68
31.54
131.04
69.06
29.09
191.96
51.6
23.14
190.37
48.96
15.86
190.3
50.1
17.31
61.19
72.26
45.04
129.99
73.36
44.9
128.8
47.81
44.71
128.44
46.08
64.47
2.98
87.89
96.49
133.19
50.83
15.43
133.72
97.03
76.69
128.66
51.25
74.87
128.55
46.59
36.04
70.54
86.95
37.38
127.69
40.82
39.07
127.17
35.76
27.53
130.23
85.12
38.28
149.69
41.68
6.63
195.59
48.56
19.61
127.91
42.81
56.15
126.86
27.88
15.88
182.88
43.29
7.16
184.37
52.81
10.45
3.69
86.58
96.27
131.43
43.66
14.88
6.21
81.1
68.46
189.07
49.25
14.37
191.05
48.84
14.77
127.21
42.22
26.56
127.07
35.68
28.37
127.04
27
14.91
128
43.79
69.9
130.02
63.31
80.77
128.79
52.96
54.95
146.73
48.71
9.77
193.1
46.14
14.22
59.66
67.13
54.66
64.37
80.4
38.52
0.87
96.43
96.12
62.71
87.81
63.06
130.93
75.5
26.83
129
52.21
42.69
129.42
56.36
71.53
132.91
37.8
9.55
137.85
38.88
8.45
130.1
87.44
40.66
133.22
80.98
22.32
134.71
90.64
26.96
5.64
73.86
44.35
129.13
53.31
11.54
2.53
85.76
85.57
1.97
89.16
54.37
129.13
52.8
24.38
2.57
89.98
93.64
4.41
74.62
40.4
127.38
32.32
15.42
3.73
77.48
74.08
57.07
66.86
49.96
3.9
78.56
82.72
65.18
82.7
27.43
70.13
85.9
27.98
100.1
-41.42
100
101.76
-72.09
100
100.26
-49.41
100
149.13
-44.71
100
100.13
-83.86
100
100.94
-62.35
100
102.22
-15.29
100
135.64
0.02
100
101.14
-54.05
100
100.11
-59.94
100
102.13
-13.92
100
100.21
0.04
100
101.94
-22.79
100
163.01
-88.24
100
100
0
100
135.53
0.02
100
137.05
9.64
76.44
154.85
-63.14
100
136.25
0.04
100
150.25
-49.65
100
136.05
0.02
100
100
0
100
101.99
-20.44
100
100.99
-59.61
100
136.13
0.03
100
136.24
0.08
100
142.94
-25.4
100
145.41
-33.8
100
136.33
0.03
100
135.84
0.03
100
193.59
54.33
40.78
122.71
4.86
97.84
146.24
-34.27
100
154.87
-61.5
100
136.06
0.03
100
161.26
-83.26
100
136.2
0.05
100
135.81
0.01
100
160.45
-80.61
100
135.75
0.09
100
154.48
-62.01
100
16.96
8.63
89.7
135.69
0.03
100
136.15
0.03
100
16.91
7.22
74.48
17.31
7.48
70.76
136.8
-5.12
100
16.65
8.37
93.44
135.87
0.03
100
136.6
-4.31
100
17.09
8.23
69.5
136.1
0.02
100
16.58
8.34
91.3
16.95
7.55
75.64
135.94
0.07
100
16.82
8.48
79.51
126.98
7.6
100
141.76
-22.48
100
135.36
0.06
100
136.39
-4.43
100
135.76
0.05
100
135.28
0.1
100
135.43
0.03
100
144.6
-30.7
100
135.01
0
100
153.31
-59.02
100
100.3
0
100
128.17
83.15
41.23
130.85
7.76
100
142.42
-23.53
100
130.59
9.89
49.18
136.35
0.01
100
136.65
0.3
100
146.6
-35.78
100
135.98
0
100
132.22
9.8
100
102.31
-92.94
100
115.94
46.86
40.59
136.1
0.39
100
100.01
0.03
100
135.42
0.39
100
101.53
0.11
100
153.68
-60.34
100
134.78
1.53
100
190.77
-18.04
100
134.71
4.9
100
136.71
0.03
100
151.24
-47.84
100
100.13
-48.07
100
100.01
0.02
100
135.43
0.03
100
130.93
8.39
100
100.07
-68.63
100
135.76
0.1
100
100.01
0.03
100
136.65
0.07
100
193.33
-12.94
100
100
0.01
100
136.59
0.01
100
134.25
6.81
100
150.25
-49.64
100
100.26
-51.37
100
105.11
-22.02
100
137.75
-8.27
100
136.29
0.02
100
100.17
-78.06
100
141.7
-22.16
100
135.31
0.46
100
101.77
-31.4
100
151.2
-47.58
100
154.81
-61.28
100
101.67
-34.86
100
146.3
-37.03
100
110.18
18.7
51.37
135.6
0.55
100
135.36
0.04
100
137.12
-7.12
100
135.6
0.07
100
144.44
-30.87
100
136.33
-2.88
100
100.34
-50.23
100
100.09
0.06
100
135.19
0.42
100
100.01
0.03
100
136.28
0.05
100
136.64
0.02
100
136.01
0.34
100
154.16
-60.6
100
126.96
8.77
54.98
135.75
0.07
100
120.41
5.34
100
152.36
-51.82
100
100.13
-61.66
100
136.09
0.04
100
101.65
-35.28
100
136.53
0.04
100
101.51
-41.35
100
100.48
-52.1
100
137.14
-7.13
100
137.25
-5.07
100
101.97
-17.53
100
124.89
64.8
39.74
100.73
-51.36
100
100.01
0.02
100
101.96
-23.66
100
101.17
-51.73
100
100.09
0.02
100
155.76
-65.33
100
101.39
0.03
100
102.31
-7.26
100
100
0
100
100
0
100
100
-80.39
100
102.22
-10.02
100
135.36
0.07
100
100.2
0.21
100
100.13
-58.82
100
101.66
-15.07
100
101.57
-37.58
100
130.2
5.56
91.76
145.15
-32.61
100
100.62
0.03
100
100.01
0.04
100
100.02
0.06
100
136.34
0.18
100
100.59
-60.98
100
149.65
-46.66
100
101.45
-43.05
100
100.39
0.03
100
101.63
-32.29
100
101.91
-22.6
100
101.21
0.02
100
100.26
0
100
101.85
-26.09
100
135.8
0.04
100
100.24
-62.59
100
100.01
0.03
100
145.76
-34.59
100
143.97
-28.63
100
135.45
0.03
100
148.52
-43.67
100
134.01
6.21
100
150.19
-48.74
100
102.18
-7.82
100
134.98
0.21
100
101.19
-2.27
100
198.92
70.97
6.08
109.32
20.16
40.85
102.25
-9.77
100
100.07
0.04
100
100.02
0.05
100
100.03
0.03
100
100.01
0.03
100
100.06
-72.99
100
102.23
-3.19
100
102.35
-32.55
100
100.88
0.04
100
100.01
0.03
100
101.6
0
100
108.08
16.85
41.5
108.76
20.19
50.07
109.77
22.53
35.94
135.76
-2.55
100
100.13
-85.1
100
154.43
-62.54
100
152.16
-50.98
100
135.85
0.03
100
135.77
0
100
136.64
0.04
100
136.29
0.57
100
132.87
8.61
56.14
135.28
0.1
100
156.53
-67.42
100
153.07
-54.31
100
155.1
-64.58
100
136.42
0.01
100
135.77
0.16
100
145.66
-34.46
100
101.37
-3.45
100
100.83
0.63
100
101.53
-40.46
100
100.09
-57.23
100
102.17
-12.9
100
101.93
-22.67
100
101.26
0
100
100.92
-2.13
100
133.99
89.11
23.76
194.03
59.04
29.56
198.3
45.99
26.86
196.21
46.92
23.64
198.08
93.28
25.54
100.01
0.03
100
100.23
0.03
100
196.68
45.2
21.25
128.62
48.24
45.35
196.73
85.54
20.51
197.08
48.06
32.19
128.59
47.49
37.49
133.53
94.58
32.55
0.81
44.24
32.35
128.74
48.27
60.08
191.87
46.34
16.08
128.86
45.64
19.48
0
62.02
25.29
192.62
51.78
24.8
63.41
85.7
52.87
131.99
93.82
58.35
58.78
72.08
68.82
128.67
48.02
74.67
133.77
85.9
25.83
4.96
31.91
39.97
196.45
55.32
18.43
189.75
40.78
10.1
130.45
42.05
13.27
4.97
82.62
100
133.07
94.17
44.1
128.03
41.96
36.14
145.49
53
8.7
128.6
47.36
64.9
1.84
44.96
28.87
191.67
50.13
19.97
130.37
78.86
54.81
3.74
35.11
38.68
3.31
86.63
97.61
130.43
64.86
39.86
62.41
79.79
49.15
189.02
51.2
14.55
129.82
66.8
50.2
128.89
52.63
75.93
0.89
93.49
81.26
128.84
48.57
48.04
189.81
47.41
13.9
129.05
49.08
28.5
189.89
48.95
15.33
5.91
33.08
29.12
127.8
41.7
39.91
191.23
50.66
19.8
127.26
36.81
28.64
70.64
87.1
39.71
127.99
43.43
57.16
128.41
45.83
39.82
130.08
42.6
18.24
130.24
85.51
41.02
143.49
38.58
6.87
3.33
88.37
97.08
126.63
28.73
17.67
60.12
80.08
70.82
195.49
46.49
16.92
147.92
40.87
6.72
127.25
36.74
30.14
128.06
44.21
71.65
188.26
46.9
11.86
130.07
63.31
82.77
128.92
38.12
18.19
128.97
54.02
56.34
141.58
47.6
10.95
126.6
27.96
17.08
127.25
43.48
30.88
190.06
47.24
12.08
59.94
68.36
57.38
0.76
97.14
96.71
129
52.24
44.82
129.53
57.17
73.7
65.15
82.59
42
62.96
88.33
65.92
191.09
45.12
11.1
137.51
45.08
10.87
131.25
77.95
31.31
128.88
28.67
12.05
130.17
87.89
44.17
131.42
34.53
10.4
134.64
90.79
30.05
5.7
73.67
47.04
132.65
79.73
27.29
1.95
89.38
56.92
2.32
87.62
87.86
1.66
94.17
94.57
129.15
52.98
27.73
126.96
49.45
14.51
4.34
75.49
47.53
57.16
66.9
52.91
126.71
33.55
19.15
3.75
77.35
82.41
3.91
79.05
89.94
65.21
83.27
30.48
70.2
86.08
31.39
100.13
-41.86
100
100.1
-82.04
100
100.5
-76.86
100
100.2
-83.84
100
100.08
-67.3
100
133.33
4.79
57.25
102
-16.13
100
100.83
-45.21
100
135.41
0
100
102.18
-12.2
100
101.25
-51.2
100
100.16
-69.1
100
100.1
-61.06
100
162.94
-88.43
100
100.11
0.02
100
136.02
5.66
73.86
135.5
0.02
100
101.99
-20.46
100
136.01
0.04
100
136.09
0.02
100
100.02
0.06
100
155.82
-65.82
100
136.01
0.01
100
150.13
-49.24
100
136.01
0.03
100
136.19
0.03
100
136.27
0.04
100
1.07
52.05
36.67
141.6
-21.24
100
100.07
0.2
100
144.25
-30.19
100
136.15
0.04
100
102
-19.83
100
144.64
-30.74
100
154.6
-61.15
100
159.81
-78.17
100
101.15
-54.35
100
135.84
0
100
136.38
-4.14
100
135.85
0.02
100
154.31
-59.64
100
135.66
0.04
100
17.34
7.55
71.53
117.78
5.49
100
161.16
-83.02
100
16.95
9.03
92.57
141.35
-21.05
100
17.1
7.58
76.49
136.12
0.03
100
136.29
-4.1
100
136.04
0.03
100
135.82
0.02
100
135.35
0.05
100
135.75
0.05
100
17.05
7.93
77.67
16.87
8.68
95.22
135.73
0.15
100
16.76
8.62
93.19
143.61
-27.65
100
135.45
0.04
100
135.31
0.11
100
17.06
8.46
70.41
135.96
0.1
100
100.73
-50.98
100
17
8.42
81.97
138.69
-11.37
100
150.07
-49.02
100
139.27
-14.16
100
151.63
-52.29
100
128.8
7.34
100
117.12
8.04
100
135.75
0.2
100
164.51
-93.33
100
141.36
-20.17
100
136.4
0.81
100
136.34
0.02
100
130.15
9.15
100
135.88
1.09
100
114.04
41.22
53.59
100
0
100
135.79
0.07
100
100.01
0.02
100
100.16
-78.43
100
136.64
0
100
135.51
0.03
100
153.11
-58.6
100
136.36
0.06
100
145.36
-32.23
100
128.88
11.02
55.46
134.97
0.76
100
100.01
0.03
100
102.86
7.91
46.8
119.93
6.96
100
135.46
0
100
100.01
0.03
100
136.51
0.01
100
191.31
-15.85
100
151.58
-53.82
100
139.2
-13.28
100
136.54
0.13
100
151.23
-48.04
100
100.01
0.02
100
100.13
-49.28
100
142.71
-25.54
100
135.08
4.44
100
135.4
0.36
100
136.26
0
100
101.73
-30.93
100
192.88
-14.12
100
102.22
-12.55
100
136.61
0.01
100
135.5
0.02
100
135.35
0.28
100
135.41
1.39
100
101.76
-30.1
100
145.14
-33.34
100
100.26
-78.14
100
100.26
-52.16
100
143.03
-26.38
100
136.32
-4.35
100
100.01
0.02
100
135.08
0
100
136.27
0.11
100
100.07
0.07
100
135.23
0.15
100
136.05
0.15
100
151.21
-47.88
100
155.12
-62.68
100
100.13
-48.24
100
152.82
-56.55
100
101.68
-33.82
100
136.08
0.05
100
122.16
5.75
100
102
-11.82
100
100.01
0.02
100
100.02
0.07
100
137.74
-6.44
100
101.32
-47.28
100
137.05
-6.95
100
101.57
-37.91
100
100
0
100
102.37
-4.25
100
101
0.03
100
150.59
-46.67
100
100.19
-64.98
100
100.9
-49.14
100
100.06
0.02
100
152.81
-53.43
100
100.73
-49.37
100
100.74
0.07
100
155.44
-64.69
100
102.34
-6.34
100
100.02
0.07
100
135.31
0.04
100
100.57
0.02
100
100.13
0.11
100
100.01
0.04
100
136.28
0.34
100
101.89
-25.79
100
100.03
-81.02
100
100.02
0
100
101.51
-41.1
100
102.14
-4.37
100
100.45
0.03
100
101.72
-31.88
100
101.7
-13.65
100
132.42
5.51
93.96
135.68
0.08
100
100.31
-59.3
100
102
-20.26
100
143.45
-27.34
100
100.04
0.02
100
100.01
0.03
100
100.01
0.03
100
101.66
-29.41
100
135.5
0.03
100
147.84
-41.23
100
100.46
-46.08
100
131.37
8.63
100
100.54
-60.53
100
100.02
0.05
100
142.98
-25.62
100
135.08
0.18
100
101.36
0.04
100
142.94
-25.81
100
147.11
-39.38
100
102.24
-9.98
100
148.44
-43.47
100
108.9
18.69
37.76
130.83
30.05
83.53
100.01
0.02
100
101.92
-6.67
100
111.63
25.87
26.98
100
0
100
100.06
-74.7
100
100
0
100
100.01
0.03
100
108.09
16.9
51.71
107.09
15.32
76.41
107.77
15.9
60.11
135.85
-2.94
100
153.46
-59.52
100
100.13
-86.86
100
135.77
0.03
100
140.38
-16.24
100
152.51
-52.46
100
136.63
0.04
100
136.43
0.05
100
133.06
9.58
54.68
109.4
-69.68
100
135.75
0.78
100
136.41
0.02
100
154.81
-63.71
100
136.09
0.21
100
153.44
-55.92
100
142.85
-25.52
100
101.56
-4.22
100
101.64
-35.71
100
100.1
-58.74
100
102.21
-10.97
100
102.07
-18.03
100
100.79
0.04
100
100.6
0.03
100
195.84
50.11
44.02
195.98
44.48
37.91
100.02
0.05
100
100.09
0.03
100
198.23
82.27
27.65
199.15
46.15
30.59
196.85
46.72
24.51
128.65
50
45.8
128.97
49.9
59.57
197.24
86.66
21.31
127.36
47.28
39.5
196.69
45.22
20.12
128.1
41.18
20
0.47
61.97
27.84
0.81
44.85
32.35
128.84
49.49
75.11
191.67
45.54
14.64
63.09
85.11
53.73
6.17
78.96
78.72
133.25
95.26
37.25
196.84
48.12
29.83
132.28
90.34
66.27
4.84
83.09
100
192.22
51.35
22.8
128.11
42.85
35.19
130.36
42.78
13.58
128.79
49.03
65.44
189.22
39.47
9.44
144.12
55.66
9.12
2.71
90.03
100
133.06
85.58
29.71
133.04
93.92
48.89
130.62
80.44
57.25
129.26
55.9
76.56
196.05
63.16
14.9
5.07
31.09
36.91
199.92
96.29
79.62
61.26
71.43
47.58
130.03
61.45
43.81
129.78
71.17
50.33
128
42.62
40.46
190.82
49.47
17.18
2.33
42.87
25.81
3.95
33.82
35.73
128.61
47.13
51.18
189.23
45.67
12.25
127.35
37.65
29.41
128.07
44.18
57.98
129.34
53.19
33.79
144.59
55.84
12.9
189.42
47.43
13.51
128.9
86.52
41.64
5.75
32.76
25.83
2.77
90.37
97.63
190.32
49.86
16.63
128.4
45.55
43.75
130.24
88.7
42.58
6.28
81.11
73.94
137.42
37.32
7.67
126.67
30.01
19.35
128.56
38.88
21
128.12
44.73
73.12
129.98
62.21
84.16
127.35
37.81
31.74
129.07
54.87
57.51
140.8
37.75
7.25
194.88
44.69
13.99
126.53
29.41
19.1
0.53
98.29
97.1
186.65
43.85
9.39
129.42
56.53
75.66
127.84
36.64
21.92
129.05
52.35
46.98
59.72
67.66
60.85
134.15
46.93
12.97
127.38
43.54
35.45
63.35
89.18
68.99
186.54
49.39
9.39
64.42
80.98
46.15
185.76
51.02
8.34
131.31
40.12
13.59
131.12
78.87
35.54
5.56
74.17
49.66
126.96
26.64
15.06
130.27
87.35
48.04
134.36
89.55
32.77
1.93
89.38
59.8
2.04
89.55
89.77
127.94
27.25
13.06
0.74
97.23
95.32
132.47
79.63
32.66
129.3
54.31
30.78
57.19
66.88
55.59
126.48
49.16
18.16
3.68
77.83
89.9
4.25
76.1
55.56
126.7
35.55
23.29
3.81
81.59
94.92
65.45
84.35
33.47
70.02
86.6
35.1
100.13
-81.05
100
100.25
-84.31
100
136.12
-3.53
100
100.12
-42.77
100
101.99
-20.98
100
101.31
-81.67
100
100.12
-63.05
100
110.98
-57.91
100
100.47
-79.8
100
102.2
-10.44
100
135.93
0.04
100
163.14
-89.02
100
101.32
-48.45
100
136.02
6.21
70.08
135.94
0.06
100
100.15
0.08
100
135.43
0
100
100.13
-43.18
100
135.85
0.02
100
146.8
-38.04
100
100.1
-61.91
100
155.27
-64.04
100
102.03
-18.91
100
135.97
0.03
100
149.9
-48.52
100
100.07
0.2
100
136.92
-6.27
100
100.19
-71.39
100
136.05
0.02
100
135.06
5.07
39.5
135.79
0.03
100
136.22
0.05
100
197.39
54.33
27.55
160.03
-79.22
100
136.1
0.05
100
135.62
0.04
100
17.37
7.68
72.86
143.22
-26.9
100
140.52
-17.82
100
144.13
-27.62
100
136.32
-4.3
100
140.88
-19.51
100
135.72
0.04
100
135.34
0.03
100
135.82
0
100
152.96
-55.62
100
100
0
100
135.99
0.02
100
17.21
7.83
78.69
101.95
-22.53
100
17.12
8.97
94.5
136.08
0.03
100
17.17
8.12
79.2
142.89
-25.21
100
135.47
0.03
100
161.24
-82.37
100
101.18
-47.84
100
135.82
0.02
100
17.07
8.97
96.66
135.32
0.12
100
16.92
8.86
94.93
100.34
-61.8
100
135.72
0.14
100
135.95
0.11
100
17.02
8.77
84.17
17.1
8.41
70.98
100.74
-61.05
100
100.11
-67.52
100
131.24
7.84
100
133.79
4.9
100
135.73
0
100
102.22
-93.33
100
131.81
8.31
48.76
136.17
0
100
136.4
0.54
100
136.38
0.01
100
129.19
9.02
100
140.18
-16.55
100
136.51
0
100
135.57
0.03
100
100.01
0.04
100
136.47
0.39
100
152.72
-57.39
100
100.01
0.04
100
100.17
-70.41
100
135.08
0.34
100
120.04
58.98
51.86
152.5
-56.55
100
135.49
0
100
136.44
0.01
100
135.35
0.29
100
100.01
0.03
100
142.65
-25.38
100
145.38
-32.58
100
149.54
-41.18
100
100.01
0.03
100
107.19
-66.27
100
136.54
0.06
100
102.62
7.11
48.43
135.39
0.61
100
121.44
8.24
100
136.15
0
100
136.57
0.02
100
135.54
0.03
100
189.31
-22.75
100
100.15
-50.37
100
101.79
-30.98
100
135.38
0.47
100
135.63
1.04
100
151.31
-48.58
100
100.1
-65.49
100
141.8
-22.35
100
144.31
-30.65
100
100.01
0.02
100
135.65
-2.17
100
101.57
-29.22
100
102.31
-8.45
100
191.79
-17.57
100
136.23
0.1
100
100.32
-78.33
100
135.97
0.24
100
100.18
0.07
100
134.96
0.45
100
100.26
-52.55
100
100.04
0.13
100
100.2
-48.82
100
151.28
-51.85
100
100.01
0.03
100
102
-7.61
100
101.67
-33.54
100
101.41
-43.69
100
100
0
100
136.06
0.03
100
138.14
-7.73
100
120.57
4.97
100
137.75
-9.18
100
102.47
0.02
100
155.2
-63.28
100
151.21
-48.17
100
100.13
0
100
100.68
0.03
100
100.02
0.07
100
101.7
-36.47
100
100.21
0.03
100
100.07
0.02
100
101.06
-46.15
100
102.35
-3.72
100
101.94
-23.78
100
135.16
0
100
100.39
-65.15
100
101.85
0.01
100
100.01
0.04
100
100.36
0.04
100
136.24
0.41
100
133.25
9.34
53.2
100
0
100
100.02
0.03
100
100.93
-46.46
100
154.67
-62.61
100
153.3
-55.29
100
101.35
-44.58
100
100.56
0.03
100
100.01
0.02
100
135.11
2.23
100
100.53
0.04
100
100.08
-81.65
100
101.81
-27.68
100
102.03
-18.91
100
100.02
0.06
100
133.37
5.42
95.93
100.01
0.03
100
101.67
-12.45
100
135.54
0.01
100
100.48
-58.38
100
142.62
-24.86
100
135.19
0.08
100
100.01
0.03
100
102.2
-11.23
100
103.96
4.11
87.39
147.12
-39.24
100
100.93
-54.54
100
142.47
-24.26
100
100.13
-45.1
100
145.62
-34.75
100
141.34
-20.76
100
108.25
16.54
37.72
101.09
-3.27
100
108.19
15.63
39.51
146.91
-38.83
100
107.58
16.02
61.92
100.03
-76.86
100
100.01
0.03
100
104.9
13.53
100
109.6
21.4
61.02
136.84
-6.08
100
146.69
-35.29
100
135.67
0.02
100
152.59
-56.86
100
145.88
-34.9
100
100.13
-89.41
100
136.62
0.09
100
135.67
2.17
100
153.15
-54.82
100
108.64
-72.6
100
151.5
-48.63
100
134.12
9.8
100
136.36
0
100
154.25
-61.99
100
136.38
0
100
153.83
-57.47
100
140.52
-18
100
101.78
-5.75
100
101.73
-31.5
100
100.11
-60.32
100
102.21
-9.55
100
102.04
-13.52
100
100.38
0.04
100
100.27
0.04
100
100.01
0.03
100
100.02
0.05
100
123.88
44.5
46.33
129.17
52.03
58.04
198.54
47.25
34.75
199.12
47.14
29.67
123.1
41.59
44.92
197.86
46.85
27.3
197.21
86.89
20.69
199.08
51.38
30.15
129.06
51.09
75.29
133.33
77.42
23.55
196.83
50.15
23.96
196.28
44.23
18.54
0.37
46.93
17.55
199.84
46.07
41.81
197.29
65.2
18.55
3.7
88.37
100
6.26
78.13
76.12
0.77
44.83
34.12
63.56
86.64
52.24
129.1
50.99
65.88
128.28
44.07
35.71
132.17
87.34
61.96
1.24
47.03
32.46
190.89
44.77
13.49
129.56
39.41
13.27
198.17
48.41
19.44
195.53
51.58
25.69
132.94
91.3
33.24
65.23
95.69
100
129.81
60.65
76.83
197.09
47.48
27.83
1.24
89.87
85.58
191.63
51.18
20.69
189.06
39.06
8.96
142.82
53.52
8.84
130.76
76.47
60.22
61.27
71.65
51.63
133.22
96.62
57.94
128.21
43.65
40.66
132.91
85.33
32.35
128.21
45.04
58.31
191.9
70.24
11.76
129.39
56.58
59.61
127.53
38.62
30.28
5.1
30.12
34.12
129.78
58.27
46.69
128.78
48.2
54.51
188.62
43.14
10.49
4.25
32.44
32.22
129.38
86.64
44.65
2.2
92.35
100
189.22
49.12
14.53
129.07
50.75
36.78
3.14
39.8
22.87
128.22
45.49
74.23
188.69
45.37
11.73
59.82
78.58
75.2
139.77
51.98
12.97
126.63
30.99
20.32
130
62.22
85.67
129.13
55.31
58.58
133.08
37.23
8.75
130.34
87.01
46.35
128.46
46.53
47.33
127.47
38.55
32.44
5.77
31.79
22.71
188.54
49.06
13.59
127.68
37.38
23.11
0.3
98.97
97.53
129.48
56.82
77.35
135.21
37.15
8.07
128.99
51.98
48.81
126.59
30.77
20.75
59.6
67.3
63.8
63.52
89.28
72.12
194.17
42.61
11.41
183.1
43.28
7.21
127.51
36.68
24.75
127.43
44.85
39.82
129.97
37.64
14.95
64.46
81.16
49.68
5.67
73.76
52.05
143.92
49
8.56
2.02
89.04
62.38
134.41
89.98
35.3
1.67
91.62
91.01
130.43
88.3
51.57
126.46
27.29
17.48
131.07
77.06
40.3
139.48
49.75
8.91
0.05
99.61
95.26
128.47
33.47
16.16
126.72
26.2
15.44
57.28
67.22
58.3
129.42
55.42
33.53
132.59
80.76
37.3
3.73
79.47
95.38
65.78
85.37
36.24
3.36
85.04
97.29
126.68
51.07
21.74
126.93
37.96
27.26
4.15
76.58
62.59
70.19
86.54
38.3
100.1
-79.9
100
100.34
-82.99
100
101.96
-21.57
100
135.88
0
100
100.11
-62.02
100
109.5
-65.16
100
161.46
-84.04
100
135.77
0.07
100
135.7
0
100
145.56
-32.88
100
102.22
-9.94
100
135.91
0.02
100
100.65
-77.65
100
135.37
0
100
100.13
-43.81
100
140
-16.47
100
101.38
-46.22
100
150.44
-47.79
100
135.77
0.03
100
100.19
0
100
153.65
-58.01
100
100.45
-82.1
100
135.99
0.01
100
156.67
-68.04
100
149.68
-47.82
100
100.13
-63.32
100
159.91
-78.39
100
102.06
-17.72
100
136.47
-4.9
100
135.57
0.02
100
136.16
0.04
100
193.5
54.47
25.79
17.38
7.74
73.55
141.63
-22.16
100
135.68
0.03
100
136.01
0
100
135.3
0.03
100
100.15
-44
100
142.39
-24.29
100
142.79
-24.85
100
139.36
-14.21
100
135.92
0.03
100
17.22
8.28
81.26
17.29
7.98
79.83
142.19
-22.97
100
135.47
0.02
100
136.03
0.02
100
135.82
0
100
152.32
-54.05
100
17.07
9.21
96.26
135.32
0.11
100
100.17
-73.17
100
135.34
12.31
88.55
17.06
9.06
96.34
17.26
9.17
97.65
160.77
-81.58
100
135.79
0.04
100
135.95
0.11
100
17.13
8.74
86.08
135.75
0.14
100
17.08
8.55
72.81
100
-69.41
100
100.65
-73.73
100
128.31
10.27
52.28
100.07
-66.94
100
151.24
-47.75
100
121.5
6.27
100
124.83
7.53
46.86
134.49
3.37
100
124.88
7.32
100
160.32
-80.52
100
135.82
0.65
100
136.34
0
100
136.25
0.78
100
132.29
8.33
100
135.62
0.02
100
136.37
0.01
100
136.21
-3.92
100
100.01
0.02
100
151.21
-48.89
100
152.03
-55.29
100
100.01
0.04
100
152.34
-56.2
100
136.32
0.01
100
135.16
0
100
142.75
-25.62
100
100.01
0.02
100
100.26
-69.17
100
131.52
10.57
48.68
135.48
0.62
100
136.53
0.02
100
100.01
0.03
100
136.44
0.05
100
115.38
45.75
48.43
135.6
0.03
100
136.05
0
100
135.46
0.38
100
135.7
0.96
100
144.99
-31.74
100
101.77
-28.48
100
149.59
-41.47
100
135.47
4.26
49.27
100.13
-49.8
100
140.74
-18.98
100
100.01
0.02
100
135
0
100
198.77
25.26
74.51
144.37
-30.6
100
100.16
-51.68
100
151.25
-48.75
100
100.15
-66.86
100
136.14
0.11
100
135.66
0.86
100
101.6
-24.49
100
100.07
0.2
100
102.31
-8.5
100
100.08
0.08
100
132.92
5.44
100
100.01
0.03
100
101.72
-4.37
100
101.51
-40.16
100
100
0
100
100.42
-78.16
100
149.62
-46.67
100
104.53
1.3
100
101.72
-32.55
100
191.24
-19.41
100
100.13
-49.96
100
138.63
-9.5
100
136.03
0.04
100
100.02
0.06
100
102.07
0.08
100
100.02
0.03
100
100.41
0.04
100
138.17
-10.72
100
100.31
-54.51
100
101.91
-24.42
100
101.15
0.02
100
100.05
0.02
100
100.01
0.02
100
101.68
-32.55
100
101.22
-43.05
100
102.33
0
100
100.03
0.08
100
155.06
-63.21
100
141.99
-22
100
100.17
0
100
151.28
-48.64
100
101.53
1.22
100
136.03
0.97
100
110.17
3.81
66.86
100.01
0.02
100
100.23
0.03
100
100.59
-63.01
100
102.88
-7.84
100
100.79
0.02
100
150.43
-46.35
100
135.29
0.59
100
153.64
-59.63
100
101.09
-44.07
100
100.02
0.06
100
153.86
-57.4
100
102.09
-14.96
100
102.01
-21.02
100
135.6
0.01
100
100.01
0.03
100
100.07
-81.31
100
100.03
0.08
100
136.01
-2.75
100
135.22
0.13
100
101.7
-11.31
100
102.17
-12.55
100
100.52
-58.3
100
142.07
-23.31
100
101.2
-48.09
100
141.39
-21
100
144.25
-30.42
100
146.38
-37.07
100
109.67
21.06
39.41
100.74
2.22
100
115.61
37.97
30.98
140.93
-19.54
100
100.23
-43.82
100
145.76
-35.27
100
112.6
30.72
51.7
100.7
0.07
100
112.3
30.05
58.43
137.37
-7.89
100
100.01
0.03
100
100.05
-79.02
100
135.53
0.11
100
151.68
-54.02
100
132.87
7.66
59.41
136.12
0.65
100
136.61
0.05
100
100.18
-89.92
100
153.93
-57.68
100
108.53
-72.5
100
136.26
0.06
100
151.7
-49.45
100
153.74
-60.41
100
133.92
14.71
100
154.46
-59.63
100
134.16
8.96
96.24
101.1
-49.07
100
102.25
-9.41
100
101.79
-29.03
100
100.14
-61.84
100
102.25
-9.48
100
102.01
-9.92
100
100.18
0.04
100
100.1
0.04
100
100.01
0.02
100
100.02
0.05
100
116.51
33.82
53.63
130.77
38.66
73.03
122.22
48.57
41.18
197
47.09
29.98
129.95
47.16
80.65
199
45.63
28.71
196.9
71.69
23.73
127.19
65.43
25.42
197.17
47.42
30.36
3.24
87.41
90.18
197.31
46.96
25.35
195.99
50.27
35.88
129.66
48.2
67.77
5.29
79.55
77.04
195.35
46.51
16.86
197.94
73.24
19.05
128.2
45.08
34.36
68.11
95.12
48.24
133.09
89.93
27.25
0.53
46.03
24.71
197.77
54.14
30.78
129.47
55.56
77.06
131.57
78.81
59.22
2.83
40.14
18.17
197.88
50.79
24.71
197.73
47.78
38.86
130.3
42.42
12.94
133.76
95.68
82.42
3.93
85.6
96.8
191.29
44.74
13.06
136.3
86.91
18.73
133.11
91.6
41.06
141.94
54.67
8.92
2.48
41.49
36.86
187.55
37.66
8.05
128.4
45.1
41.32
0.84
48.83
19.16
196.86
46.76
25.76
130.81
77.51
65.1
128.48
46.19
58.56
191.29
50.36
18.84
193.81
52.06
25.36
64.47
85.22
55.71
127.62
39.23
30.39
133.18
96.6
65.07
130.63
63.51
29.02
129.17
52.5
62.75
128.4
46.35
75.19
1.86
93.51
100
129.31
53.58
51.96
129.1
51.45
58.69
139.33
72.29
11.25
70.43
87.35
45.98
129.74
58.53
86
129.17
55.01
59.71
5.27
29.07
30.86
187.66
41.16
8.82
60.23
79.06
78.16
126.76
32.15
21.42
129.1
51.48
40.84
127.58
39.52
33.6
4.01
32.17
28.61
187.93
42.9
9.93
130.31
29.8
9.67
186.7
50.43
12.03
130.26
88.1
48.35
3.3
38.06
19.99
128.53
46.46
51.73
129.66
57.88
78.78
0.13
99.45
100
133.96
50.65
14.39
129.02
52.1
50.39
126.75
32.16
22.09
131.33
32.04
9.14
5.68
30.32
19.26
127.53
37.55
26.5
185.34
51.14
10.75
60.23
69.38
66.47
63.55
89.46
75.71
5.49
74.53
53.93
191.96
43.7
8.89
146.43
39.59
6.59
2.12
88.81
64.44
127.52
46.05
44.65
64.67
81.9
52.88
127.43
37.53
28.89
1.42
92.95
92.42
134.47
90.51
37.57
127.93
33.14
17.54
130.3
86.38
55.05
133.36
99.17
96.32
126.43
29.34
20.31
135.5
47.89
10.03
57.32
67.2
60.76
130.93
76.37
44.93
129.4
55.34
36.25
126.38
27.74
18.29
132.44
48.66
11.03
127.34
32.17
19.35
65.53
85.11
39.33
132.47
79.91
42.66
3.76
83.79
97.55
2.77
88.36
100
127.1
39.45
31.27
126.86
52.16
25.37
70.11
86.93
41.62
4.2
76.46
70.73
135.8
0
100
100.11
-78.07
100
100.4
-82.44
100
152.07
-50.75
100
135.57
0.04
100
135.65
0
100
135.84
0.07
100
160.98
-82.58
100
135.7
0.06
100
137.93
16.36
55.14
100.13
-59.29
100
153.02
-58.27
100
135.88
0.03
100
102.27
-7.3
100
110.72
-64.84
100
135.31
0
100
136.78
-5.93
100
159.98
-78.89
100
149.49
-47.22
100
135.63
0.01
100
141.57
-21.57
100
152.19
-51.18
100
135.51
0.04
100
17.35
7.79
73.19
157.3
-70.07
100
101.43
-44.01
100
100
0
100
135.23
0.04
100
195.46
54.33
22.2
136.08
0.04
100
140
-16.47
100
100.2
-64.43
100
102.09
-16.74
100
135.93
0.02
100
100.72
-75.29
100
135.83
0.03
100
141.65
-21.07
100
17.27
8.31
81.96
135.47
0.03
100
142.46
-22.48
100
100.12
-45.07
100
141.58
-21.76
100
17.31
8.16
81.9
138.49
-11.47
100
100.47
-82.65
100
135.97
0.04
100
17.05
9.36
97.39
135.31
0.12
100
135.77
0
100
150.96
-49.31
100
17.17
9.21
97.22
17.44
9.4
100
154.01
23.56
68.98
117.1
6.96
45.1
135.78
0.03
100
160.38
-80.65
100
135.92
0.09
100
100.18
-45.06
100
17.06
9.07
87.76
135.8
0.18
100
100.21
-74.61
100
17.03
8.8
74.86
100.09
-70.2
100
100.78
-71.76
100
150.65
-45.69
100
100.07
-64.51
100
134.74
6.05
46.33
104.84
3.53
100
117.6
5.23
100
159.71
-78.66
100
120.98
6.86
100
134.2
4.81
100
120.47
6.04
100
135.66
0.02
100
128.82
7.95
46.35
136.36
0.1
100
133.23
8.08
100
136.3
0.06
100
137.89
-6.84
100
100
0
100
100
0
100
136.21
0.03
100
142.97
-26.47
100
152.17
-55.7
100
100.01
0.04
100
126.34
4.84
95.06
136.47
0.01
100
151.18
-47.84
100
135.52
0.73
100
135.65
0.03
100
151.11
-47.38
100
100
0.01
100
100.13
-68.43
100
135.77
1.83
100
135.97
0.13
100
135.48
0.6
100
134.94
3.42
100
101.79
-25.96
100
135.19
5.98
52.81
139.37
-14.48
100
105.95
-45.49
100
100.01
0.02
100
135.03
0
100
143.9
-28.47
100
145.24
-33.07
100
150.89
-46.34
100
149.65
-41.62
100
100.13
0.39
100
100.09
-50.2
100
136.05
0.49
100
132.54
6.53
100
100.01
0.03
100
106.84
2.19
96.71
100.19
-52.52
100
101.27
0.03
100
101.59
-37.29
100
100.02
0.07
100
130.63
5.21
100
100
0
100
199.41
86.73
44.31
101.51
-26.18
100
100.02
0.06
100
100.01
0.04
100
100.16
-67.79
100
102.32
-7.62
100
101.7
-33.26
100
151.25
-49.01
100
139.06
-11.11
100
135.96
0.05
100
100.18
-50.78
100
100.52
0.01
100
100.25
0.03
100
100.52
-77.39
100
100
0
100
101.93
-22.78
100
138.11
-10.41
100
112.27
3.48
95.88
198.86
21.55
72.27
101.76
-20.39
100
100.03
0.02
100
100.03
0.08
100
100
0
100
102.15
0.01
100
101.39
-39.69
100
100.1
0.04
100
101.74
-31.05
100
100.01
0.04
100
100.5
0.11
100
134.75
4.63
100
100.46
-53.82
100
199.13
46.1
60.39
154.43
-61.62
100
151.2
-48.7
100
101.15
0.01
100
100.03
0.09
100
117.52
5.83
64.63
100.74
-61.05
100
132.55
5.51
100
100
0
100
152.44
-56.14
100
106.6
11.97
83.92
135.57
0
100
134.2
5.86
54.36
101.29
-40.86
100
100.01
0.02
100
111.85
28.25
61.76
154.48
-59.79
100
135.23
0.23
100
100.04
-81.69
100
102.15
-13.95
100
134.99
0.46
100
101.69
-9.72
100
115.84
42.54
39.41
140.54
-18.27
100
140.6
-18.58
100
101.38
-43.11
100
142.64
-25.25
100
102
3.6
97.91
114.17
29.96
48.43
145.56
-34.57
100
140.52
-18.33
100
144.61
-31.67
100
110.32
24.35
68.24
114.49
36.91
59.18
100.34
-42.94
100
100.05
0.15
100
133.25
18.03
100
100.01
0.03
100
100.04
-81.68
100
151.38
-53.08
100
135.93
1.03
100
134.98
7.84
100
149.25
-43.22
100
100.29
-89.48
100
154.76
-60.78
100
109.09
-69.35
100
131.01
17.35
100
151.93
-50.31
100
153.26
-58.9
100
155.13
-62.24
100
102.31
-6.93
100
100.94
-46.42
100
101.89
-24.77
100
102.29
-8.19
100
100.2
-62.06
100
101.87
-7.46
100
100.03
0.09
100
100.02
0.06
100
100.03
0.03
100
100.02
0.05
100
117.66
47.01
36.01
131.63
35.69
100
115.07
32.87
37.58
199.2
60.88
32.75
198.38
45.5
26.86
194.81
50.65
30.2
125.33
43.64
35.95
131.77
48.11
86.41
197.29
46.93
25.56
197.67
56.16
22.02
197.21
47.91
31.04
193.16
43.59
15.29
132.26
77.64
75.42
1.03
46.15
25.49
129.28
39.25
13.99
193.75
51.9
30.02
133.33
88.89
22.35
190.88
42.65
12.12
128.63
46.39
41.31
128.65
47.51
58.49
196.41
53.46
27.76
3.26
43.11
17.21
138.57
47.11
8.63
194.34
50.55
30.36
134.66
87.87
24.1
197.3
50.39
22.92
187.86
39.2
7.94
130.67
81.83
62.94
65.24
86.82
53.7
132.56
87.85
44.31
127.86
40.26
30.88
190.64
49.47
16.76
128.59
47.47
75.84
196.49
46.2
23.4
2.91
40.34
32.25
1.96
48.9
17.78
1.32
95.4
100
193.64
51.19
21.92
129.29
56.97
64.71
130.22
62.76
87.9
133.16
96.78
71.54
129.4
55.91
60.54
130.24
59.85
33.86
59.59
78.18
80.65
69.22
87.34
48.27
128.8
48.83
61.57
128.92
50.84
54.25
127.64
40.24
34.49
126.92
33.62
22.87
185.61
40.03
7.27
129.82
57.94
80.29
133.41
72.75
13.93
0.12
99.43
100
5.41
27.53
27.93
129.29
54.29
46.74
128.21
26.61
11.32
130.35
90.57
50.41
129.08
52.56
51.67
186.35
40.96
8.19
4.03
31.04
25.62
128.51
47.16
55.72
145.4
51.25
11.07
3.65
35.46
17.09
126.9
33.55
23.85
130.16
42.53
17.84
64.19
90.33
77.36
58.83
65.6
70.47
128.68
26.68
10.72
127.55
38.99
32.24
2.14
88.76
66.67
5.57
74.15
56
6.02
27.9
16.33
143.55
48.69
10.71
1.14
94.32
93.41
63.94
80.19
56.76
134.51
90.61
40.31
137.29
36.98
7.66
127.66
45.7
50.29
186.87
54.29
6.84
133.31
98.74
97.17
127.51
38.84
34.2
130.32
87.5
58.13
57.34
67.53
62.92
126.65
31.78
23.5
127.15
33.11
21.54
130.98
77.4
49.61
129.45
55.93
39.2
129.83
40.05
12.68
126.54
30.55
21.93
65.69
85.65
41.9
128.6
39.99
14.32
127.03
33.68
23.85
2.28
90.78
100
3.13
89
100
132.58
81.04
48.7
70.29
87.04
44.83
127.27
41.82
35.24
4.07
77.06
78.41
127.06
53.89
29.71
135.74
0.03
100
135.77
0.02
100
135.36
0
100
135.65
0.05
100
135.47
0
100
100.15
-79.15
100
151.81
-51.5
100
151.31
-48.04
100
100.5
-80.35
100
135.79
0.02
100
137.48
-8.3
100
160.55
-81.36
100
155.26
-63.24
100
160.13
-79.61
100
160.26
-78.63
100
135.56
0.02
100
143.26
-27.33
100
17.37
7.73
72.88
135.44
0.04
100
135.26
0.04
100
100.09
-59.49
100
135.21
0.05
100
102.31
-6.9
100
149.35
-46.76
100
157.88
-71.84
100
190.62
54.43
20.97
103.14
-22.75
100
152.2
-51.34
100
136
0.01
100
101.47
-42.61
100
100
0
100
141.22
-19.6
100
135.74
0.03
100
135.45
0.03
100
140.03
-16.08
100
17.28
8.43
83.05
135.87
0.05
100
17.31
8.31
82.9
102.09
-16.37
100
141.31
-20.17
100
100.25
-65.28
100
135.91
0.03
100
140.9
-19.55
100
135.29
0.09
100
137.72
-8.93
100
17.02
9.45
100
149.71
-45.49
100
17.26
9.34
100
135.7
0.07
100
17.58
9.56
100
100.85
-77.92
100
135.88
0.08
100
135.75
0.04
100
100.14
-46.66
100
188.05
28.83
79.13
160.41
-80.25
100
100.47
-83.49
100
17.04
9.19
89.17
135.74
0.21
100
16.97
8.96
74.16
100.92
-68.63
100
100.21
-45.86
100
100.22
-76.42
100
100.1
-71.67
100
100.8
-70.77
100
100.07
-65.69
100
158.76
-75.59
100
135.57
0.39
100
124.18
6.54
100
150.95
-46.67
100
135.69
0.02
100
154.2
-58.76
100
132.39
7.92
100
100.52
-71.37
100
136.08
0.39
100
133.62
11.04
100
151.5
-49.41
100
136.06
0.02
100
144.15
-30.2
100
100
0.01
100
100.01
0.02
100
136.39
0.02
100
100.01
0.03
100
152.08
-55.4
100
135.65
0.03
100
135.63
0.62
100
124.95
4.12
90.39
152.88
-55
100
100.01
0.03
100
135.49
0.77
100
135.92
0
100
135.75
1.16
100
151.11
-47.45
100
100.03
-68.63
100
102.29
-6.47
100
151.08
-47.36
100
138.39
-11.32
100
100.01
0.03
100
135.73
-2.18
100
150.72
-45.69
100
146.02
-35.29
100
100.13
0.39
100
100.01
0.04
100
104
-47.28
100
132.2
5.62
100
101.58
-37.22
100
101.7
0
100
100
0
100
100.03
0.08
100
142.85
-25.32
100
100.03
0.1
100
100.02
0.06
100
128.57
5.26
100
151.28
-47.73
100
100.04
0.13
100
100.22
0.01
100
149.72
-41.91
100
101.69
-34.59
100
139.26
-12.22
100
101.86
-27.84
100
100.09
-54.25
100
101.58
-21.63
100
100.26
-53.06
100
100.14
0.03
100
135.91
0.05
100
102.28
-7.15
100
100.19
-51.53
100
137.25
-7.84
100
100.22
-67.9
100
100.05
0.03
100
113.68
3.26
100
100.6
-76.48
100
100.07
0.2
100
150.99
-48.62
100
100.01
0.02
100
100.02
0.03
100
101.24
-35.25
100
101.89
0.01
100
101.52
-36.53
100
101.79
-28.71
100
106.71
15
90.65
199.14
30.36
64.9
100.03
0.1
100
101.74
0.01
100
100.59
-53.24
100
153.54
-59.12
100
137.71
-8.04
100
116.42
4.32
78.69
100.84
-59.9
100
151.04
-48.59
100
135.58
0
100
100.01
0.02
100
151.24
-52.55
100
102.08
-16.43
100
135.23
0.3
100
101.43
-37.76
100
149.59
-44.56
100
100.04
-81.85
100
135.08
0.05
100
155.19
-62.47
100
101.72
-8.69
100
139.43
-14.68
100
141.21
-20.57
100
101.56
-37.3
100
139.44
-14.75
100
111.27
26.54
82.75
144.67
-31.83
100
139.78
-15.83
100
143.69
-28.69
100
100.01
0.04
100
100.36
-43.01
100
100.01
0.03
100
150.78
-51.19
100
120.95
8.04
100
100.03
-84.32
100
150.38
-47.12
100
100.38
-87.09
100
155.66
-64.05
100
111.44
-63.73
100
152.87
-57.74
100
152.08
-51.07
100
155.76
-64.56
100
102.74
-8.87
100
100.36
-51.24
100
101.96
-21.68
100
102.29
-10.2
100
100.32
-62.23
100
101.7
-5
100
100.04
0.13
100
100
0.01
100
100.02
0.03
100
100.01
0.03
100
0.74
44.44
35.29
197.13
44.83
22.75
108.21
15.82
60.47
122.26
60.7
30.36
123.76
42.55
36.86
198.96
56.33
26.72
197.34
82.84
18.86
193.06
51.32
26.75
193.99
43.24
14.51
196.94
46.78
25.19
0.53
47.62
24.71
125.09
48.63
19.13
197.79
47.03
31.65
128.63
49.03
58.15
128.76
48.29
41.96
132.69
89.88
37.45
190.49
42.07
11.34
137.2
48.79
9.02
193.64
51.5
28.04
65.83
88.72
55.14
127.98
41.45
30.68
128.76
48.85
76.29
186.79
40
7.28
130.72
82.19
62.91
200
57.66
14.51
133.1
87.03
29.87
192.86
51.4
26.32
195.62
53.2
24.88
0.83
97.36
100
130.26
61.58
88.39
129.49
56.28
61.45
132.35
86.35
50.66
196.3
50.48
20.33
190.02
48.06
14.98
129.92
71.63
59.83
196.21
45.62
21.06
59.08
76.72
82.53
133.14
96.47
77.87
3.69
51.55
15.29
130.49
62.7
81.44
67.84
87.19
50.68
127.91
41.26
35.12
3.68
38.02
27.82
126.97
34.44
23.57
128.73
48.71
64.61
0.04
99.85
100
131.34
76.63
46.99
129.25
53.81
59.22
193.25
51.31
19.08
129.15
52.9
52.64
181.11
40.89
5.82
127.19
25.75
13.04
130.57
91.65
53.91
130.81
66.41
16.77
129.42
55.81
51.47
183.4
41.4
6.6
128.48
46.66
59.55
5.39
26.11
25.26
127.02
34.74
25.33
64.66
91.27
79.51
4.09
29.41
22.31
59.52
67.73
73.17
2.29
88.32
67.87
127.27
25.2
12.63
5.45
74.74
57.25
137.95
48.51
12.58
128.51
39.23
21.38
0.93
95.35
94.18
3.8
34.87
14.32
127.63
39.9
37.26
134.57
90.88
42.61
133.29
98.16
97.74
63.99
80.21
60.23
6.1
28.68
13.1
57.43
67.83
65.19
135.06
47.07
12.63
127.68
47.42
55.21
130.31
87.44
61.41
131.1
32.29
9.76
138.26
56.72
7.82
127.59
40.02
39.75
126.85
33.74
26.53
129.45
56.04
41.75
130.97
77.17
54.1
65.94
86.18
44.12
127.07
34.68
26.09
126.79
32.97
25.47
1.8
93.32
100
127.57
35.94
16.12
1.94
93.82
100
127.47
39.41
18.14
127.11
35.53
28.88
69.92
87.34
48.28
132.39
79.57
54.58
127.4
41.8
39.63
4.08
78.39
85.1
127.3
55.03
34.06
135.66
0.07
100
135.73
0
100
135.6
0.05
100
136.23
-3.38
100
152.19
-53.63
100
135.21
0
100
138.37
-11.18
100
135.69
0.03
100
135.49
0.04
100
144.65
-30.86
100
160.82
-81.37
100
151.06
-46.95
100
100.13
-78.41
100
161.42
-84
100
17.32
7.81
71.52
100.52
-80.27
100
135.36
0.04
100
135.15
0.07
100
153.78
-57.83
100
157.22
-69.86
100
135.16
0
100
148.56
-44.31
100
161.96
-81.96
100
135.92
0.03
100
102.28
-7.33
100
157.83
-71.92
100
140.84
-18.43
100
100.05
-61.1
100
135.43
0.03
100
151.91
-50.45
100
17.25
8.65
84.46
135.66
0.05
100
135.76
0
100
101.51
-41.24
100
17.3
8.37
83.8
142.16
-22.61
100
101.52
-8.19
100
135.84
0.02
100
135.26
0.13
100
140.95
-18.46
100
140.33
-17.78
100
17.08
9.33
100
102.1
-16.16
100
137.13
-7.02
100
100.37
-66.47
100
17.33
9.38
100
148.51
-41.63
100
135.66
0.03
100
17.7
9.63
100
135.84
0.13
100
135.71
0.04
100
17.06
9.18
90.26
160.63
-80.78
100
196.41
31.06
88.19
101.26
-79.18
100
135.78
0.23
100
17.07
8.64
74.58
100.48
-83.18
100
100.15
-48.49
100
100.65
-76.27
100
100.28
-57.79
100
100.25
-47.19
100
100.05
-73.1
100
100.26
-78.18
100
100.85
-69.74
100
157.2
-70.8
100
135.67
0.07
100
100.1
-67.25
100
151.19
-47.73
100
144.44
-31.24
100
135.88
0.1
100
151.98
-50.98
100
100.35
-72.94
100
154.89
-61.37
100
100.02
0.07
100
136.3
0.03
100
100.01
0.02
100
100.01
0.04
100
151.46
-49.67
100
135.67
0.03
100
152
-55.17
100
135.61
0.77
100
109.54
3.92
100
135.4
1.18
100
100.01
0.03
100
135.76
0.08
100
135.77
1.09
100
150.73
-48.06
100
137.51
-8.36
100
100.07
-69.29
100
100.01
0.03
100
151.09
-47.55
100
137.43
-7.6
100
101.96
2.61
100
151.11
-48.24
100
148.54
-42.8
100
100.06
0.19
100
102.75
-21.05
100
101.95
0.78
100
100.09
0.26
100
101.39
0.57
100
100.06
0.01
100
100.01
0.03
100
112.22
4.9
100
151.03
-46.87
100
102.48
-16.08
100
103.79
-46.11
100
101.65
-35.33
100
139.72
-14.25
100
100.09
0.03
100
135.75
0.21
100
100.02
0.03
100
141.64
-21.59
100
151.55
-48.85
100
101.76
-17.75
100
100.27
-51.82
100
100
0
100
100.04
0.12
100
149.86
-42.47
100
102.17
-3.51
100
100.41
-52.95
100
113.42
3.14
100
100.1
-55
100
100.02
0.02
100
101.77
0.02
100
100.68
-74.87
100
100.25
-67.37
100
100.39
-51.37
100
101.63
-33.02
100
101.83
-27.33
100
100
0
100
150.75
-48.37
100
101.83
-23.73
100
102.22
0
100
129.93
5.04
100
135.56
0.02
100
100.72
-52.29
100
100.01
0.02
100
100.94
-57.6
100
152.54
-56.26
100
116.73
4.94
70.52
102.03
-18.63
100
135.27
0.22
100
150.71
-47.95
100
149.98
-48.69
100
101.53
0.08
100
101.6
-33.65
100
149.03
-43.02
100
135.06
0.03
100
100.07
-82.83
100
155.85
-64.98
100
101.69
-7.98
100
138.57
-11.92
100
140.03
-16.75
100
101.71
-31.67
100
138.42
-11.4
100
100.01
0.03
100
142.68
-25.42
100
138.74
-12.46
100
143.67
-28.59
100
109.41
6.08
100
150.07
-48.97
100
100.01
0.03
100
100.45
-42.45
100
100.04
-86.69
100
153.33
-57.06
100
100.47
-85.34
100
156.47
-67.01
100
105.86
6.25
84.71
152.78
-57.47
100
152.25
-52.02
100
156.3
-66.72
100
103.63
-11.84
100
100.49
-50.73
100
102.03
-18.61
100
102.2
-5.22
100
100.48
-60.77
100
101.64
-4.49
100
100
0
100
100.02
0.05
100
100.01
0.04
100
100.01
0.03
100
110.98
20.38
74.48
0.32
82.69
40.78
197.57
59.88
25.8
1.37
42.47
19.08
197.48
91.71
19.36
197.75
59.75
28.37
128.6
51.17
56.86
114.98
29.66
30.14
125.24
44.63
42.39
196.72
63.75
16.56
196.12
39.53
16.86
197.11
46.46
24.9
194.39
47.37
18.63
192.47
51.99
24.31
3.7
41.41
19.41
128.95
50.5
75.82
197.53
48.5
31.76
134.19
42.74
9.18
127.89
42.03
30.44
65.06
86.46
55.02
190.48
40.86
10.56
132.38
85.58
38.08
129.62
56.5
62.07
130.35
62.64
89.06
131.29
80.34
69.15
184.93
42.01
6.61
66.46
99.39
100
192.87
51.46
25.21
132.34
85.36
36.69
131.37
68.05
82.82
58.23
72.28
80.98
132.46
89.56
59.84
0.7
68.15
13.65
130.03
71.11
64.25
128.13
42.48
35.86
193.19
50.24
25.02
133.37
99.82
100
189.62
46.73
13.33
195.43
52.65
22.46
66.81
86.42
53.22
127.2
36.05
24.83
194.98
51.48
17.62
195.12
45.18
18.18
129.41
54.71
52.77
133.08
95.94
83.73
129.26
53.2
68.92
128.93
49.89
61.31
4.14
64.86
13.35
130.44
67.26
46.59
4
36.43
25.17
145.84
38.38
5.78
126.71
26.25
14.56
130.61
90.65
56.75
192.32
51.06
16.52
65.2
92.34
80.9
127.2
36.08
26.82
2.62
86.8
70.29
129.7
58.9
58.04
128.47
46.89
63.25
59.7
68.27
75.62
129.51
62.39
20.77
5.31
75.38
58.36
149.19
40.56
5.96
0.73
96.27
94.71
5.64
24.2
21.81
126.57
25.46
14.42
4.12
27.78
19
134.46
90.25
44.53
133.28
98.22
100
57.51
67.92
67.01
127.78
38.13
25.93
132.26
45.75
15.16
64.33
81.2
63.16
3.45
40.18
11.69
127.69
40.87
42.52
130.26
86.92
64.84
127.73
47.39
60.01
6.48
36.01
10.48
127.92
26.79
12.48
129.61
57.3
44.47
127.05
35.29
29.43
130.29
39.6
15.76
131.42
52.75
10.08
127.7
41.03
45.51
66.01
86.59
46.64
131.03
77.32
58.46
1.42
95.3
100
126.98
34.83
28.86
65.94
97.78
100
127.18
36.63
31.59
70.06
87.41
50.93
127.03
37.23
19.97
127.47
42.23
22.14
132.4
80.42
60.78
127.32
37.55
34.75
127.49
42.77
43.81
3.92
81.18
89.6
127.43
55.29
38.28
135.56
0.04
100
135.55
0.06
100
135.61
0.03
100
136.55
-4.85
100
149.61
-46.86
100
138.51
-11.69
100
136.33
-3.95
100
135.57
0
100
135.43
0.04
100
145.16
-33.36
100
159.61
-77.06
100
17.3
7.81
70.57
135.3
0.04
100
135.15
0.03
100
161.25
-83.36
100
139.11
17.53
31.7
134.3
8.66
54.35
100.13
-78.82
100
100.62
-77.3
100
130.96
8.52
47.68
156.73
-67.84
100
135.16
0
100
161.57
-81.37
100
140.62
-17.59
100
149.79
-48.14
100
135.39
0.03
100
135.83
0.03
100
17.23
8.71
84.12
135.57
0.02
100
158.42
-73.68
100
102.3
-7.55
100
151.57
-49.47
100
17.31
8.4
84.51
100.39
-65.39
100
135.23
0.11
100
135.7
0.03
100
135.77
0.01
100
142.14
-22.24
100
140.38
-16.99
100
101.54
-39.54
100
102.09
-13.76
100
17.08
9.4
100
139.98
-16.57
100
17.37
9.51
100
136.74
-5.8
100
102.09
-16.47
100
147.53
-38.73
100
17.75
9.73
100
135.54
0.03
100
100.78
-63.06
100
135.78
0.08
100
16.95
9.51
90.99
135.67
0.03
100
160.44
-80.47
100
9.06
5.88
100
17.08
8.66
75.41
135.73
0.27
100
100.42
-86.9
100
100.73
-65.32
100
100.48
-83.01
100
100.19
-50.54
100
100.76
-54.1
100
100.12
-74.6
100
100.85
-69.15
100
100.3
-48.42
100
155.42
-65.35
100
100.3
-79.4
100
135.65
0.06
100
124.9
7.56
44.97
145.42
-34.31
100
132.76
7.15
100
100.08
-68.8
100
132.7
6.31
41.44
136.2
0.09
100
100.03
0.09
100
100.29
-73.33
100
100.01
0.02
100
135.54
0.42
100
100.1
0.29
100
134.35
4.65
100
151.5
-49.02
100
135.08
4.65
50.64
152.13
-55.5
100
155.49
-63.67
100
135.84
0.94
100
154.6
-60.48
100
151.58
-49.96
100
100.02
0.06
100
135.62
0.2
100
136.68
-5.65
100
100.01
0.03
100
100.04
-66.01
100
139.51
-14.12
100
149.54
-44.31
100
100.07
-70.08
100
153.78
-58.86
100
102.68
0.97
100
151.06
-47.68
100
100.02
0.07
100
100.11
-56.86
100
102.66
2.48
100
151.22
-48.46
100
100.01
0.02
100
101.59
-36.73
100
100.02
0.04
100
134.06
3.12
82.9
100.09
0.04
100
135.29
1.37
100
100
0
100
151.41
-48.29
100
101.33
-49.84
100
100.15
-69.87
100
101.9
5.69
100
100.3
-52.6
100
102.02
-10.46
100
108.36
24.25
50.46
101.73
0.04
100
140.9
-19.29
100
100.01
0.02
100
102.08
-3.79
100
115.16
3.53
100
151.97
-50.36
100
101.75
-29.65
100
100.39
-52.94
100
100.49
-53.35
100
100.74
-73.23
100
100.62
1.86
100
150.06
-43.22
100
101.84
-26.41
100
100.13
-56.01
100
100.25
-67.84
100
101.7
-31.76
100
199.01
32.53
72.94
102.42
-2.88
100
150.38
-47.68
100
198.7
34.89
70.35
135.54
0
100
130.8
5.17
100
100.01
0.02
100
101.84
-27.26
100
135.22
0.37
100
101.05
-55.88
100
100.01
0.04
100
100.84
-51.37
100
122.58
5.79
67.74
151.49
-53.23
100
148.82
-45.09
100
150.32
-47.19
100
101.7
-30.59
100
134.96
0.34
100
100.04
-83.17
100
148.47
-41.71
100
101.7
-7.19
100
137.61
-8.77
100
139.06
-13.51
100
156.43
-67.19
100
100.03
0.1
100
101.89
-25.88
100
137.48
-8.3
100
150
-48.77
100
141.9
-22.88
100
138.07
-10.2
100
142.67
-25.39
100
100.01
0.02
100
100.5
-41.94
100
100.04
-88.97
100
152.9
-55.69
100
100.53
-82.61
100
156.87
-68.67
100
152.59
-56.94
100
152.28
-52.58
100
156.38
-67.35
100
100.63
-49.01
100
102.1
-16.2
100
106.39
-2.94
100
101.61
-2.59
100
100.64
-58.86
100
100.26
0.78
100
100.02
0.06
100
100.01
0.03
100
100.01
0.02
100
108.47
16.14
83.61
110.83
24.69
55.2
199.15
61.31
35.82
191.43
52.23
22.99
120.77
40.43
69.96
134.46
94.92
28.32
128.2
76.55
24.37
114.03
27.43
64.54
111.89
25.18
41.09
192.1
52.36
24.95
197.09
66.89
23.8
191.65
53.45
25.56
197.64
55.93
17.15
129.21
52.37
74.51
193.75
42.19
12.55
1.98
38.48
37.44
132.76
91.95
45.49
4.48
38.23
22.16
196.36
46.06
21.57
128.26
43.92
29.76
129.9
61.52
60.41
130.96
66.36
90.34
191.85
53.28
25.79
135.29
47.06
8.89
64.93
87.08
58.75
134.7
90.63
23.31
66.6
99.8
100
191.71
52.07
22.42
197.15
48.45
29.59
198.51
49.79
28.15
189.79
39.61
9.97
4.98
36.32
29.15
182.35
43.79
6
132.4
72.38
82.35
132.44
86.64
44.04
58.7
69.76
80.39
133.33
100
100
128.21
43.55
35.92
129.96
73.18
65.91
129.34
53.27
53.74
127.38
36.73
25.3
67.68
87.7
55
132.17
85.67
45.37
192.75
50.93
23.34
132.42
88.47
64.61
199.95
86.06
13.44
188.87
44.9
11.64
129.32
54.86
72.55
193.09
49.48
22.98
133.33
100
100
197.02
42.6
18.12
194.98
52.25
19.95
128.59
48.18
64.71
193.75
54.42
15.35
126.51
27.25
15.89
2.21
88.48
70.07
64.7
91.48
84.49
130.64
69.64
53.39
130.7
90.44
59.74
139.33
36.12
6.45
5.41
74.95
59.43
127.28
37.06
27.92
3.96
84.3
12.3
60.03
69.39
77.71
0.62
96.86
95.4
4.42
34.31
22.18
129.64
58.53
62.44
128.56
47.4
67.04
190.41
54.6
13.98
141.72
37.58
6.48
128.93
61.41
24.18
126.39
26.87
16.2
57.59
67.8
68.88
134.33
89.73
46.24
133.3
98.58
100
5.94
22.56
18.83
4.39
26.85
15.68
64.3
81.23
66.35
130.19
86.16
67.64
127.63
38.8
31.08
127.78
41.7
48.2
128.99
37.73
18.61
129.6
57.32
46.69
3.64
53.05
9.63
127.82
47.91
64.47
127.19
36.73
32.62
66.05
86.86
48.39
126.72
26.27
15.4
1.1
96.47
100
8.18
50.86
8.89
131.02
76.92
62.58
128.46
45.81
12.99
127.78
41.87
51.11
128.09
34.93
19.54
66.54
99.43
100
127.13
36.2
32.09
70.24
87.39
53.49
127.37
38.2
37.15
127.66
44.33
47.77
127.1
39.65
24.25
131.72
77.62
66.22
127.63
44.46
26.56
3.57
84.49
92.58
127.47
39.05
39.98
127.53
55.6
42.49
135.48
0.04
100
135.5
0.01
100
135.56
0.11
100
139.77
-15.88
100
137.75
-8.73
100
135.35
0.03
100
135.46
0
100
145.09
-33.23
100
137.06
-6.86
100
160.26
-79.61
100
17.34
7.74
69.14
135.06
0.03
100
135.91
-2.23
100
161.5
-84.22
100
137.05
8.41
28.5
140.43
-17.11
100
119.99
7.93
64.26
135.37
0.02
100
161.59
-81.76
100
156.34
-66.47
100
152.94
-53.92
100
17.19
8.74
84.76
135.06
0
100
100.64
-76.51
100
135.75
0.03
100
149.67
-47.84
100
135.48
0.01
100
100.37
-75.29
100
158.95
-75.64
100
17.3
8.41
84.61
102.26
-9.22
100
135.18
0.16
100
152.07
-52.94
100
135.68
0.04
100
135.58
0.07
100
140.01
-16.18
100
17.12
9.18
100
142.88
-23.92
100
139.72
-15.73
100
17.37
9.48
100
101.64
-35.82
100
101.99
-20.39
100
136.47
-4.88
100
17.77
9.75
100
102.03
-17.99
100
146.78
-36.52
100
135.47
0.04
100
135.73
0.16
100
17.05
9.2
91.18
135.63
0.02
100
106.23
-80.86
100
8.79
7.4
100
17.08
8.74
77.08
135.67
0.25
100
100.95
-66.86
100
100.51
-83
100
100.23
-52.79
100
100.07
-76.17
100
108.45
-65.54
100
135.4
0.78
100
100.87
-68.7
100
100.53
-52.78
100
100.38
-49.95
100
146.93
-39.22
100
100.37
-79.43
100
135.39
2.1
100
127.48
7.78
47.37
100.03
0.1
100
135.57
0.34
100
100.07
-70.48
100
100
0
100
129.21
4.92
46.54
111.76
4.8
100
100.5
1.5
100
100.28
-73.97
100
129.89
7.45
100
107.19
-75.29
100
139.53
5.44
49.06
138.37
-10.39
100
100.02
0.07
100
151.83
-50.56
100
151.5
-49.65
100
156.08
-65.87
100
151.52
-49.89
100
155.25
-63.28
100
127.28
4.81
89.61
100.07
0.03
100
133.21
5.3
82.65
106.4
6.89
100
100.16
-64.61
100
155.63
-64.31
100
100.08
-70.82
100
149.52
-44.55
100
100.13
-52.81
100
100.11
0.34
100
100.21
-53.25
100
151.11
-47.84
100
100.02
0.05
100
101.57
-37.88
100
153.73
-58.43
100
100.08
0.04
100
100.26
0.78
100
127.12
6.11
100
151.32
-48.8
100
100.39
-51.92
100
101.81
0.01
100
100.01
0.03
100
101.9
-8.77
100
101.98
-49.1
100
151.87
-49.97
100
100.16
-68.26
100
101.81
-26.99
100
102.17
-3.63
100
112.69
3.13
97.88
100.45
-53.51
100
100.08
-46.91
100
101.7
-31.87
100
140.62
-18.55
100
100.79
-71.69
100
101.84
-26.71
100
152.41
-51.98
100
100.62
-53.36
100
102.34
-6.27
100
100.25
-69.45
100
150.3
-44.05
100
100.14
-57.9
100
197.74
21.02
70.26
135.47
0
100
131.28
5.1
100
100.01
0.02
100
149.94
-46.65
100
101.75
-31.81
100
189.15
-24.31
100
135.22
0.36
100
100.04
0.13
100
101.14
-54.11
100
199.38
33.54
63.14
123.41
5.3
66.62
147.82
-41.92
100
100.93
-51.99
100
150.45
-50.11
100
135.94
-2.98
100
149.91
-46.39
100
101.79
-27.91
100
100.04
-84.22
100
100.26
0.78
100
147.78
-40.02
100
101.73
-6.33
100
136.61
-5.37
100
138.28
-10.92
100
107.92
16.37
65.81
150.13
-49.18
100
157.07
-69.7
100
136.75
-5.83
100
197.96
67.94
51.37
140.92
-19.64
100
137.23
-7.48
100
141.66
-22.09
100
100.01
0.02
100
100.61
-41.18
100
152.33
-54.12
100
100.04
-91.14
100
100.58
-80.22
100
156.64
-68.24
100
152.79
-57.52
100
152.09
-52.34
100
156.05
-66.63
100
100.8
-46.92
100
102.15
-14.12
100
101.33
-34.25
100
101.6
0.06
100
100.81
-56.39
100
100.03
0.09
100
100.54
1.61
100
100.01
0.03
100
100.02
0.07
100
106.57
12.12
77.65
117.32
37.28
74.85
192.08
51.29
22.78
199.47
51.35
43.53
118.02
46.08
36.27
129.59
54.85
64.35
110.35
21.27
46.89
193.4
72.01
22.98
197.41
65.32
30.72
191.71
54.07
27.32
132.63
85.66
22.43
198.15
67.31
20.22
126.33
57.1
61.9
133.38
90.27
89.62
194.97
44.34
13.86
127.8
44.95
30.1
191.74
53.1
25.32
2.27
91.45
100
191.56
53.76
25.87
132
44
9.8
132.78
93.19
53.24
65.55
89.04
56.67
196.56
46.25
20.92
131.5
67.55
78.19
3.81
32.16
44.63
4.78
41.56
24.01
150.57
44.9
5.76
66.52
99.56
100
189.56
38.68
9.31
133.18
90.4
31.55
5.7
82.13
90.2
191.51
53.5
25.49
191.2
51.69
20.61
128.45
45.07
36.27
198.02
47.21
29.07
129.7
55.83
53.18
132.31
89.54
61.71
5.79
35.03
32.75
197.43
50.38
26.08
127.69
38
25.73
130.19
73.04
70.42
65.76
82.99
57.65
132.2
85.96
69.25
131.97
85.16
45.59
3.19
84.35
73.59
129.41
54.71
74.9
188.29
42.54
10.05
192.25
50.63
20.84
64.91
91.89
86.46
5.33
74.85
60.56
2.94
87.14
14.32
133.33
100
100
128.86
49.64
67.94
126.56
28.76
17.2
0.7
96.23
96.23
68.82
91.93
61.2
193.97
48.06
22.03
196.43
41.25
15.53
127.45
38.15
28.9
59.06
66.08
80.49
134.28
36.16
7.64
131.42
78.5
65.66
194.81
51.49
17.58
191.62
63.51
13.21
57.68
68.43
70.57
128.55
47.56
70.63
66.13
85.34
14.46
133.26
98.02
100
129.68
59.32
67.26
134.37
89.81
47.74
135.38
36.63
7.6
126.42
28.77
17.97
4.34
33.66
19.55
145.12
62.34
12.27
128.68
58.94
29.66
64.04
80.77
69.21
130.11
84.41
70.48
4.99
29.77
13.22
6.62
22.78
16.08
129.54
56.67
48.78
66.23
87.18
50.29
127.32
37.81
35.34
127.86
42.45
53.85
127.62
39.67
36.4
0.88
97.24
100
127.84
48.06
68.54
127.74
35.41
22.38
126.42
28.32
18.73
5.47
71.25
8.6
130.95
76.43
66.26
133.32
99.9
100
69.52
87.77
56.48
127.87
42.56
56.88
127.63
45.85
15.91
127.27
37.5
35.28
11.09
66.31
8.7
127.35
34.73
23.83
127.74
44.42
51.71
127.54
39.6
42.7
2.94
87.77
94.25
131.31
75.78
71.4
127.85
46.36
31.17
127.32
41.71
29.05
127.65
56.32
46.46
127.65
40.45
45.92
135.46
0
100
135.45
0
100
135.5
0
100
140
-16.86
100
135.3
0.01
100
145.81
-35.51
100
135.36
0
100
160.78
-81.76
100
135.73
-2.26
100
17.37
7.53
68.02
135.88
-2.25
100
140.5
-17.39
100
161.9
-85.32
100
137.24
9.24
33.19
135.31
0.04
100
17.13
8.91
84.86
159.98
-76.13
100
135.38
0.03
100
135.66
0.03
100
109.08
4.69
83.53
148.82
-45.1
100
156.56
-67.25
100
137.12
-6.67
100
120.74
5.83
49.97
100.63
-78.32
100
17.3
8.4
84.43
135.13
0.12
100
159
-75.82
100
135.6
0.04
100
102.2
-11.4
100
135.49
0.07
100
128.7
5.56
63.53
140.41
-16.14
100
17.16
9.04
97.52
17.35
9.45
100
130.48
5.2
83.67
139.63
-15.47
100
100.11
-61.51
100
136.49
-5
100
101.73
-31.58
100
101.83
-27.84
100
17.7
9.69
100
146.15
-34.75
100
135.35
0.04
100
102.03
-18.24
100
135.66
0.14
100
17.09
9.05
90.78
100.46
-59.22
100
135.57
0.04
100
106.59
-79.56
100
9.62
5.49
100
16.95
9.13
76.81
135.61
0.38
100
101.24
-50
100
100.91
-66.36
100
134.95
1.44
100
102.09
-23.14
100
100.05
-77.76
100
100.52
-82.64
100
100.87
-68.48
100
147.32
-40.39
100
100.28
-55
100
134.12
5.69
100
100.6
-51.13
100
134.47
2.52
100
101.38
1.34
100
100.46
-51.21
100
100
0
100
100.42
-79.47
100
100.07
0.2
100
100.08
-72.27
100
132.07
8.48
47.06
100.29
-74.95
100
150.81
-50.08
100
130.78
5.82
64.04
100.02
0.07
100
157.19
-69.61
100
100.28
0.03
100
152.11
-52.03
100
150.95
-48.02
100
151.55
-50.09
100
156.56
-67.71
100
129.16
7.24
40.08
156.47
-67.84
100
154.97
-62.35
100
100.06
-72.09
100
101.36
-63.19
100
100.02
0.06
100
100.22
-50.8
100
125.17
5.67
43.05
101.5
-39.8
100
100.1
0.02
100
148.79
-42.7
100
100.13
-49.49
100
152.96
-54.62
100
128.51
10.09
97.2
151.08
-48.12
100
102.02
0.04
100
100.5
-52.46
100
100.01
0.03
100
151.42
-49.51
100
101.92
-8.06
100
101.9
-23.95
100
100.61
-52.73
100
101.71
-32.42
100
102.26
-2.8
100
115.29
3.5
100
102.95
-48.24
100
104.29
5.58
91.37
101.84
-27.12
100
102.22
-9.61
100
100.26
-73.33
100
152.32
-51.64
100
100.82
-70.43
100
140
-16.52
100
100.75
-53.26
100
100.11
-49.42
100
152.96
-54.04
100
100.31
-69.58
100
135.44
0
100
132.84
5.24
97.84
100.01
0.02
100
150.6
-45.18
100
189.38
-22.35
100
100.2
-60.03
100
104.65
6.55
91.81
135.19
0.35
100
149.32
-45.18
100
186.67
-33.16
100
101.2
-52.84
100
198.45
27.57
59.02
127.15
5.46
62.84
146.88
-38.95
100
136.9
-6.2
100
102.35
-3.92
100
100.93
-55.46
100
149.28
-46.51
100
100.05
-84.82
100
101.79
-28.8
100
150.27
-47.95
100
149.33
-45.08
100
135.79
-2.64
100
137.74
-9.13
100
101.71
-5.44
100
146.99
-37.97
100
109.85
22.16
55.6
135.93
-3.11
100
140.1
-16.95
100
157.02
-69.86
100
128.46
77.13
36.86
136.24
-4.13
100
100.01
0.02
100
140.66
-18.8
100
151.11
-50.52
100
100.72
-40.02
100
100.03
-93
100
100.61
-78.43
100
156.11
-66.76
100
152.69
-57.24
100
151.66
-51.43
100
155.18
-64.22
100
100.99
-44.22
100
102.19
-12.42
100
101.02
-43.43
100
101.63
0.05
100
100.98
-53.18
100
100.03
0.09
100
101.61
4.84
100
100.01
0.03
100
100.02
0.06
100
109.63
21.39
73.33
112.37
29.52
52.38
107.64
13.89
56.47
199.16
59.95
38.92
191.92
53.03
25.88
120.59
30.35
45.02
195.94
39.07
33.36
196.34
73.56
16.64
192.69
60.81
24.56
194.44
47.62
16.47
197.5
50
15.69
129.59
82.77
52.35
122.71
46.25
18.82
191.42
53.83
26
196.69
45.04
20.25
132.68
93.41
53.53
128.69
47.12
36.97
129.74
55.63
52.89
150.64
44.23
5.83
191.28
53.05
23.55
191.34
53.79
25.37
188.96
37.12
8.52
6.25
54.17
18.82
3.55
33.06
41.67
132.8
92.45
37.01
127.73
38.8
25.86
197.81
47.04
26.2
190.6
51.27
18.77
130.66
72.98
77.08
63.92
77.22
61.96
132.25
89.11
66.63
190.79
53.14
23.19
3.33
83.76
73.55
6.7
39.61
30.62
197.48
50.71
23.53
5.19
75.43
60.62
65.38
93.78
86.77
0.74
96.14
97.46
129.84
59.51
80.39
132.03
84.17
72.99
131.85
86.25
56.47
126.6
30.16
18.39
127.61
39.18
29.95
187.02
40.71
8.6
59.06
65.57
81.72
128.88
49.63
71.37
68.46
92.16
63.06
133.33
100
100
57.65
68.46
72.64
192.13
49.86
18.78
64.83
90.3
16.17
130.61
29.81
9.16
195.74
39.87
13.28
133.36
98.78
100
134.39
90.1
48.75
193.61
47.09
19.56
131.21
76.44
69.21
128.61
47.77
74.05
129.66
59.37
71.54
126.54
30.45
19.75
194.13
52.2
15.19
139.33
69.34
13.5
131.29
31.69
9.11
68.98
80.39
17.4
130.45
87.13
73.16
62.7
77.24
73.16
4.76
32.83
16.89
129.6
56.7
50.73
65.99
87.03
52.01
128.88
61.56
34.29
137.59
59.42
14.23
66.07
98.22
100
127.41
38.58
37.52
6.03
39.2
11.58
7.91
26.68
13.96
127.9
48.53
72.41
127.92
42.99
59.63
133.31
99.25
100
127.67
40.67
42.05
70.05
87.79
58.24
126.58
30.76
22.01
131.01
77.2
69.64
127.3
35.83
26.69
127.4
38.59
38.32
127.91
43.15
62.43
63.28
80.81
9.68
127.55
47.79
19.05
61.01
70.43
11.19
127.76
45.27
54.77
127.24
35.95
28.56
2.35
90.5
95.29
131.15
74.42
76.15
127.67
40.76
48.72
127.67
56.47
50.16
127.94
47.46
35.71
127.43
43.16
33.68
127.76
41.43
51.36
135.41
0
100
135.39
0.02
100
135.42
0
100
141.44
-21.18
100
135.19
0.03
100
146.75
-38.51
100
135.16
0
100
161.7
-84.31
100
136.02
-3.37
100
17.33
7.55
65.54
136.08
-3.25
100
140.8
-17.5
100
135.25
0.03
100
157.01
-68.24
100
161.87
-85.36
100
17.2
8.62
83.54
135.27
0.01
100
159.89
-76.72
100
135.57
0.02
100
149.9
-48.51
100
128.09
4.22
93
156.47
-66.98
100
135.78
-2.07
100
119.32
5.8
54.12
17.28
8.41
84.2
100.87
-71.37
100
135.49
0.04
100
159.29
-76.77
100
134.94
1.32
100
17.14
9.07
96.42
101.97
-21.53
100
140.49
-16.25
100
109.94
2.88
81.57
17.31
9.35
100
139.77
-15.89
100
137.18
-7.34
100
17.55
9.61
100
100.09
-62.61
100
101.74
-31.6
100
145.56
-33.26
100
137.78
-8.63
100
135.56
0.11
100
101.93
-21.88
100
17.01
9.3
89.81
138.02
-8.05
100
100.68
-63.33
100
106.41
-77.91
100
185.32
29.04
92.29
16.84
9.48
76.31
135.6
0.27
100
101.31
-47.97
100
100.92
-66.57
100
131.52
10.55
53.92
100.07
-79.47
100
100.88
-67.96
100
100.52
-82.83
100
102
-2.03
100
104.35
0.82
100
100.37
-56.97
100
100.65
-46.67
100
100.13
0.39
100
100.52
-65.49
100
100.57
-52.25
100
100.34
-74.37
100
100.46
-79.46
100
127.99
5.83
42.3
100.07
-74.22
100
100.01
0.04
100
150.59
-49.18
100
133.73
7.67
48.42
151.5
-49.8
100
100.88
0.03
100
158.51
-74.34
100
128.44
6.08
42.35
151.76
-50.92
100
101.57
-3.36
100
150.77
-47.61
100
152.24
-52.94
100
156.8
-68.88
100
155.67
-65.88
100
151.45
-49.88
100
102.17
-9.64
100
100.07
-73.56
100
100.01
0.04
100
128.72
5.38
41.68
101.69
-33.06
100
100.21
0.02
100
100.84
-64.8
100
100.46
-56.47
100
100.13
-52.55
100
149.78
-45.95
100
102.24
0.03
100
100.66
-50.97
100
151.91
-50.48
100
100.01
0.03
100
100.2
-52.93
100
151.63
-50.16
100
101.96
-21.71
100
101.68
-33.95
100
101.88
-7.95
100
100.71
-52.7
100
102.02
-13.87
100
102.27
-3.43
100
116.99
3.47
95.54
101.8
-28.02
100
151.61
-50.58
100
107.56
19.44
42.35
100.87
-68.53
100
100.39
-54.02
100
100.33
-73.27
100
152.94
-54
100
135.28
0.98
100
100.8
-54.74
100
142.51
-24.82
100
133.12
5.08
96.24
100.01
0.02
100
153.55
-56.27
100
100.13
-52.04
100
100.33
-71.47
100
135.03
0.65
100
188.38
-26.27
100
150.91
-46.41
100
100.24
-61.89
100
185.97
-35.54
100
101.17
-53.25
100
148.69
-43.59
100
146.08
-36.39
100
136.43
-4.73
100
150.6
-49.82
100
130.52
5.34
63.14
197.8
20.58
54.2
100.04
-85.77
100
134.97
0
100
101.63
-35.27
100
137.3
-7.69
100
148.19
-43.11
100
100.98
-56.03
100
101.68
-4.66
100
101.14
-54.41
100
148.26
-42.09
100
146.6
-37.05
100
138.95
-13.19
100
100.01
0.02
100
134.95
0.06
100
135.77
-2.5
100
114.13
34.45
39.56
155.8
-66.3
100
144.87
-31.05
100
139.55
-15.16
100
150.45
-48.56
100
100.68
-76.16
100
100.05
-94.53
100
155.25
-64.3
100
100.82
-38.95
100
153.07
-58.4
100
151.13
-50.15
100
154.09
-61.02
100
101.14
-42.17
100
102.21
-12.09
100
101.26
-35.53
100
101.58
0.02
100
100
0
100
101.16
-48.91
100
100.01
0.03
100
100.02
0.06
100
111.98
28.94
47.65
113.45
24.15
54.26
199.4
55.65
38.9
133.93
86.65
17.9
191.98
57
24.85
196.3
51.11
17.65
194.9
64.95
24.05
122.89
54.78
21.48
117.41
35.93
22.69
192.65
48.53
26.67
130.22
59.23
51.59
128.56
49.59
35.19
196.8
44.62
20.04
146.32
40.26
6.04
190.86
53.84
24.11
132.64
93.88
56.75
188.23
37.62
7.92
127.77
39.62
25.86
1.85
89.56
70.69
70.71
86.78
56.76
190.73
53.71
23.25
130.66
70.32
80.59
190.52
52.99
21.41
6.51
57.43
23.49
132.46
92.36
47.2
5.2
76.23
59.4
1.04
95.32
100
3.07
36.91
36.42
197.34
46.26
23.67
65.3
94.36
90.32
132.12
87.33
71.16
190.33
50.27
17.32
129.69
58.62
81.27
127.83
40.13
30.71
190.21
52.99
20.82
58.92
65.46
83.73
126.77
31.41
19.44
8.51
47.03
27.52
57.95
69.7
72.75
132.38
86.19
82.35
66.64
93.09
65.58
196.34
52.29
20.53
133.29
98.14
100
128.97
51.05
74.9
131.79
86.22
62.92
184.93
40.39
7.21
133.33
100
100
134.36
89.65
49.61
128.64
26.25
10.61
194.98
38.88
11.38
67.62
91.68
19.36
128.62
48.03
77.24
191.13
48.91
16.37
131.26
77.09
74.67
126.79
32.35
21.51
193.85
45.7
17.82
129.75
60.4
75.82
130.35
83.36
76.58
128.63
26.79
10.97
63.56
79.45
75.02
66.41
88.39
53.36
129.86
59.26
52
133.69
67.83
15.94
193.12
56.96
13.16
70.09
77.83
20.34
0.44
98.68
100
127.52
39.47
40.01
128.91
62.8
38.57
5.85
33.92
14.56
133.33
99.73
100
70.05
87.83
60.05
127.94
49.24
76
132.02
55.7
17.07
6.98
53.04
11
10
35.14
12.55
127.96
43.46
65.13
130.86
75.59
73.25
126.77
33.07
25.41
127.75
41.47
47.62
127.5
39.46
41.07
127.98
43.61
67.4
127.79
45.1
58.18
127.31
37.31
32.32
127.68
48.79
22.56
1.81
92.99
95.57
68.84
81.39
12.39
131.06
74.12
80.29
64.19
74.54
14.21
127.3
37.48
34.48
127.7
57.78
53.34
127.77
41.72
54.53
128.17
49.05
39.8
127.84
42.22
56.59
127.63
44.8
38.38
135.33
0.02
100
135.29
0
100
135.36
0
100
142.5
-24.81
100
135.11
0.03
100
147.06
-39.61
100
135.12
0.03
100
162.09
-85.1
100
136.53
-5.06
100
17.4
7.28
63.38
136.46
-4.72
100
140.66
-18.35
100
135.18
0.03
100
16.93
9.37
83.51
156.21
-66.45
100
135.16
0.03
100
161.29
-83.46
100
159.47
-75.81
100
135.07
1.14
100
151.62
-53.73
100
136.14
-3.37
100
17.3
8.28
82.63
116.26
4.38
47.71
135.38
0.02
100
159.53
-77.59
100
121.38
4.64
92.94
17.12
9.11
94.68
140.73
-17.17
100
17.23
9.26
97.45
139.96
-16.5
100
17.39
9.42
100
139.35
-12.55
100
145.14
-31.91
100
135.49
0.31
100
155.03
-63.14
100
100.09
-65.25
100
17.22
8.67
88.19
100.92
-50
100
153.33
-57.19
100
127.58
41.57
42.1
100.72
-63.96
100
16.69
9.9
75.67
135.66
1.12
100
101.37
-46.67
100
100.89
-67.51
100
150.1
-43.14
100
100.08
-81.05
100
100.87
-68.03
100
100.49
-83.47
100
109.67
14.9
100
100.39
-73.33
100
123.08
4.7
45.88
100.46
-58.76
100
102.61
6.01
100
100.34
-74.74
100
100.69
-45.39
100
100.06
-76.08
100
101.93
0
100
100.69
-52.53
100
149.48
-45.83
100
100.49
-78.9
100
132.41
8.43
49.37
150.65
-46.96
100
103.31
-12.03
100
100.02
0.05
100
160.13
-80
100
151.54
-50.44
100
103.71
5.1
94.22
150.31
-46.47
100
152.29
-53.57
100
101.54
-40.17
100
100.52
0.03
100
100.03
0.1
100
157.03
-69.89
100
154.89
-63.79
100
151.07
-48.74
100
100.07
-75.15
100
100.11
-54.69
100
0
54.24
5.78
100.11
-65.71
100
100.59
-53.06
100
102.48
0.02
100
100.01
0.02
100
100.77
-50.12
100
103.41
6.86
40.04
118.54
50.8
18.33
128.04
83.53
8.33
102.02
-19.31
100
148.8
-43.03
100
101.64
-35.57
100
151.12
-49.05
100
100.87
-51.37
100
151.62
-49.34
100
100.28
-53.86
100
102.17
-13.89
100
101.84
-6.9
100
101.77
-29.99
100
125.88
72.94
16.67
102.26
-7.84
100
120.18
3.74
95.29
100.89
-67.32
100
135.24
0.28
100
151.61
-51
100
100.64
-54.01
100
100.39
-52.16
100
100
0.01
100
133.2
4.94
95.71
100.31
-72.67
100
135.11
0.24
100
100.88
-55.9
100
153.49
-56.06
100
128.09
82.02
17.45
141.95
-23
100
100.42
-71.53
100
154.22
-58.79
100
100.16
-53.73
100
190.02
-20.13
100
151.28
-47.88
100
100.34
-62.27
100
101.11
-57.77
100
150.59
-50.7
100
187.22
-30.82
100
136.35
-4.46
100
148.72
-44.01
100
145.36
-34.1
100
133.48
4.46
61.5
197.97
3.7
60
100.06
-85.15
100
135
0
100
136.88
-6.26
100
101.63
-35.71
100
101.7
-4.14
100
101.3
-49.62
100
147.13
-39.76
100
101.14
-52.25
100
100.01
0.03
100
137.23
-7.41
100
146.75
-37.93
100
147.25
-39.29
100
144.92
-31.32
100
134.96
0.09
100
134.95
0.06
100
131.14
5.26
65.57
102.9
6.09
45.1
101.31
-53.14
100
137.59
-8.66
100
154.66
-62.95
100
149.38
-45.47
100
153.63
-60.21
100
154.34
-61.65
100
100.73
-74.59
100
100.12
-95.08
100
119.12
55.92
41.37
100.92
-37.72
100
150.46
-48.39
100
153.07
-58
100
102.17
-12.81
100
101.29
-39.81
100
101.77
0.02
100
101.37
-36.55
100
100
0
100
101.34
-43.94
100
100.02
0.07
100
100.03
0.08
100
111.32
26.92
45.88
133.01
93.27
40.78
112.3
23.31
50.86
196.37
67.06
33.33
191.15
51.63
20.32
196.21
46.76
24.88
125.71
67.36
24.97
198.92
71.48
36.21
130.28
59.92
51.37
115.55
33.33
25.78
1.93
59.52
21.96
129.72
74.35
16.27
196.38
50
18.04
124.35
46.26
37.36
192.2
48.94
18.43
191.57
55.93
23.36
193.44
49.62
23.57
191.61
51.7
23.06
66.77
99.38
31.37
1.4
52.8
32.68
1.75
90.82
68.58
143.59
40
6.37
127.96
40.94
25.97
197.39
44.29
20.88
187.17
38.08
7.21
5.19
77.68
57.97
132.66
93.98
67.32
70.09
87.77
56.93
1.45
94.1
100
130.93
78.03
77.1
1.36
95.65
93.12
190.29
53.51
22.24
132.3
91.9
52.69
57.59
70.04
76.71
190.09
53.32
21.21
6.84
62.27
26.75
128.09
41.52
31.14
59.35
63.41
80.39
132.19
88.26
77.7
197.55
45.49
22
189.81
52.5
19.24
129.81
60.35
84.22
133.42
99.44
100
126.95
32.8
20.43
189.58
49.84
15.43
3.06
41.2
33.12
130.27
89.68
65.88
134.29
88.9
50.04
132.62
88.51
92.16
128.98
51.51
78.04
9.61
54.46
27.95
133.33
100
100
189.56
52.74
18.69
151.66
42.82
6.04
131.91
87.99
71.31
127.45
25.34
12.28
194.72
56.87
18.13
128.7
48.65
80.31
126.97
34
23.18
130.55
85.42
78.63
66.53
89.1
54.4
193.46
40.63
9.78
131.35
78.25
79.14
129.83
58.59
53.08
67.48
90.37
22.89
129.69
59.69
78.5
61.86
75.42
78.97
190.41
48.22
14.26
66.31
98.93
100
127.24
25.5
12.85
193.45
45.15
15.73
127.6
40.02
41.63
68.69
88.92
63.06
133.29
99.12
100
69.37
77.25
24.33
129.55
58.04
19.03
190.49
67.29
11.43
128.87
61.52
43.99
127.98
48.95
79.68
130.9
76.25
76.36
7.54
40.35
12.66
7.06
67.23
11.58
128.01
43.89
70.01
126.97
34.73
28.39
127.59
40.14
43.76
129.08
47.94
20.44
11.47
46.49
12.61
127.84
45.93
61.07
127.82
42.37
54.33
128.02
44.05
72.04
1.71
93.99
95.97
128
52.17
25.79
130.78
71.94
83.27
127.41
38.6
37.88
127.86
57.35
56.85
69.68
79.53
15.28
65.16
77.1
17.54
128.28
50.89
43.39
127.47
39.01
40.09
127.87
42.44
60.09
127.91
42.82
61.66
127.74
45.69
43.17
135.23
0.04
100
135.2
0.1
100
135.26
0
100
144.52
-31.43
100
135.02
0.04
100
135.82
-2.51
100
144.96
38.91
21.08
137.21
-7.45
100
17.37
7.12
60.04
137.22
-7.38
100
141.5
-19.13
100
135.1
0.02
100
17.32
8.14
81.45
135.04
0.01
100
157.12
-69.41
100
159.15
-74.82
100
160.87
-82.35
100
144.68
-30.26
100
136.66
-5.22
100
149.15
-45.39
100
17.29
8.23
81
135.26
0.01
100
105.19
-57.82
100
17.15
8.97
92.45
110.59
-53.33
100
17.18
9.15
96.15
140.44
-17.33
100
100.29
-75.33
100
131.13
3.77
83.14
100.11
-54.44
100
17.21
9.29
100
143.01
-26.08
100
135.36
0.36
100
17.09
8.99
86.14
101.24
-53.63
100
100.12
-68.58
100
101.57
-38.13
100
143.8
40.75
47.16
100.78
-64.62
100
16.75
9.8
80.52
138.76
20.39
90.39
101.31
-49.8
100
100.87
-68.66
100
100.22
-51.76
100
100.13
-52.16
100
150.23
-43.85
100
100.29
-52.11
100
100.9
-67.17
100
100.1
-82.38
100
125.66
9.81
51.96
100.72
-66.67
100
102.55
3.33
100
100.53
-82.24
100
100.09
-66.54
100
100.34
-75.38
100
102.92
1.26
100
100.07
-77.82
100
100.6
-59.7
100
100.75
-44.85
100
145.75
-35.29
100
101.96
-24.71
100
100.02
0.06
100
100.54
-78.12
100
150.98
-49.67
100
100.84
-52.36
100
133.96
6.56
49.48
150.95
-47.84
100
160.26
-80.39
100
152.16
-53.73
100
101
0.04
100
101.66
-34.64
100
100.03
0.08
100
151.42
-50.38
100
153.99
-57.84
100
100.17
-55.92
100
100.06
-76.74
100
150.15
-46.41
100
101.53
-48.95
100
152.24
-54.05
100
153.47
-59.53
100
156.99
-70.02
100
150.31
-46.54
100
102.41
-2.59
100
100.11
-67.27
100
100.03
0.03
100
100.93
-48.58
100
100.13
-48.63
100
101.59
-37.93
100
102.07
-17.72
100
100.98
-50.49
100
100.59
-54.83
100
126.36
76.74
6.75
107.71
20.07
23.06
125.62
75.21
6.78
102
-6.56
100
101.69
-33.27
100
148.23
-41.49
100
150.82
-48.58
100
102.1
-16.25
100
123.68
3.91
91.18
151.35
-47.84
100
100.32
-54.2
100
135.33
0.69
100
100.95
-65.26
100
118.3
47.71
60
128.04
79.37
13.73
100
0.01
100
134.08
2.7
94.9
134.94
0.56
100
100.68
-51.44
100
100.83
-51.62
100
151.44
-50.94
100
101.07
-53.12
100
100.32
-71.35
100
154.21
-58.83
100
100.42
-72.05
100
140.41
-17.99
100
128.3
79.12
16.5
155.03
-61.83
100
151.32
-52.71
100
114.56
36.32
74.51
100.25
-55.25
100
192
-13.08
100
101.15
-55.7
100
137.33
-7.75
100
100.52
-61.34
100
151.76
-49.73
100
144.83
-32.4
100
100.44
-52.63
100
188.93
-24.47
100
136.71
-5.72
100
134.99
0
100
100.02
-86.1
100
146.98
-38.15
100
186.26
-35.6
100
148.88
-44.79
100
101.68
-3.42
100
101.51
-41.73
100
101.78
-29.59
100
100.01
0.02
100
129.73
5.46
53.86
147.23
-38.69
100
146.34
-37.23
100
136.15
-3.82
100
134.99
0.11
100
101.31
-46.41
100
146.21
-36.42
100
135.97
-3.23
100
148.86
-44.7
100
101.36
-47.37
100
136.82
-6.1
100
148.71
-43.59
100
153.86
-60.93
100
103.04
5.27
44.61
153.75
-60.28
100
153.18
-58.23
100
197.88
55.74
47.84
100.76
-73.49
100
100.16
-95.01
100
101.06
-36.2
100
151.84
-54.34
100
149.74
-46.41
100
100.5
-60.6
100
119.34
48.15
31.76
101.76
-25.69
100
102.17
-13.57
100
101.41
-37.59
100
101.73
0.06
100
101.31
-44.47
100
100
0
100
101.51
-38.94
100
100.02
0.06
100
100.04
0.13
100
103.73
10.59
100
110.21
22.69
44.51
131.6
86.85
37.78
139.65
78.81
25.1
124.43
63.72
36.21
133.44
85.33
43.33
124.71
66.67
25.55
108.57
16.71
76.27
111.99
26.85
35.86
191.79
53.85
25.49
198.25
54.05
30.63
192.05
66.28
25.49
119.4
45.41
25.66
193.77
48.6
13.99
4.79
82.04
65.49
194.95
50
25.88
191.57
47.13
17.06
198.33
72.98
20.59
133.13
95.8
43.53
127.85
41.93
25.25
191.35
53.64
25.13
2.76
84.07
56.62
138.89
38.89
7.06
3.1
90.39
100
190.8
53.02
21.75
66.93
98.77
39.04
190.95
52.11
20.95
129.74
87.9
59.65
2.03
93.63
100
197.38
44.14
19.61
191.95
52.59
22.75
185.77
38.92
6.6
197.65
59.15
27.84
131.15
82.02
77.78
57.57
70.72
79.02
132.62
94.49
71.7
62.41
77.72
82.19
128.17
42.59
31.39
133.33
100
100
134.21
87.6
50.31
189.71
53.34
20.25
127.2
34.59
21.47
129.88
60.38
85.67
132.38
92.68
48.24
132.15
87.87
82.12
67.59
92.24
66.96
197.26
44.73
19.66
7.37
67.51
28.73
189.59
53.22
19.25
189.17
48.59
13.88
129.42
54.68
81.76
131.92
84.12
87.65
188.9
52.73
17.28
3.16
48.27
30.77
133.33
100
100
126.63
25.33
13.79
145.91
39.92
6.35
67.36
90.27
54.91
131.87
87.24
77.02
130.62
83.86
80.79
128.71
48.64
83.18
127.09
35.07
24.27
129.96
59.14
54.03
10.06
60.47
29.47
188.64
52.61
16.49
66.42
99.27
100
63.55
79.26
79.73
131.13
75.42
80.62
191.3
46.99
8.46
129.81
60.7
82.06
193.3
66.4
16.42
126.69
26.02
14.53
67.81
89.76
26.49
127.69
40.74
43.48
67.96
89.36
64.91
133.34
99.72
100
189.12
49.11
12.31
192.44
46.53
13.57
128.03
49.94
82.57
130.74
75.26
79.18
69.54
77.35
28.48
128.92
62.17
48.83
127.88
53.33
22.58
127.67
40.8
45.83
137
69.25
12.77
127.15
36.22
31.28
128.08
44.35
74.35
127.91
45.88
63.67
7.76
72.65
13.41
10.36
51.76
11.75
1.63
94.24
97.52
11.78
56.12
14.02
128.06
44.39
76
127.72
44
24.87
127.88
42.88
59.89
130.8
71.8
85.94
128.27
55.1
27.93
127.79
57.32
59.71
127.55
39.77
43.51
128.3
50.25
47.91
70.46
79.36
18.79
65.34
78.23
21.36
127.91
42.91
64.82
127.95
43.19
66.08
127.61
40.34
46
127.88
46.37
47.88
135.17
0.02
100
135.16
0
100
144.53
-31.5
100
135.16
0
100
135.88
-2.84
100
136.6
-5.37
100
148.33
49.76
17.62
138.14
-10.51
100
17.54
6.39
56.27
139.2
-13.97
100
141.85
-21.61
100
135.01
0.03
100
17.13
8.65
79.51
135.87
-2.94
100
108.04
-58.73
100
158.12
-71.58
100
136.86
-6.27
100
137.74
-8.74
100
17.34
8.03
79.14
135.1
0.02
100
103.01
-58.82
100
127.63
8.7
48.1
17.22
8.65
88.87
17.15
9.03
94.58
123.5
44.15
80.39
100.92
-66.67
100
101.7
-33
100
16.99
9.62
100
100
-85.49
100
100.13
-39.22
100
135.26
0.44
100
17.07
8.92
83.51
100.13
-52.16
100
101.28
-50.81
100
100.14
-69.48
100
101.6
-37.65
100
100.85
-64.25
100
6.36
40.95
80.2
101.18
-53.73
100
100.88
-69.31
100
100.29
-53.04
100
100.22
-50.98
100
150.47
-44.75
100
100.37
-53.55
100
100.9
-67.06
100
100.1
-83.86
100
126.16
9.37
49.41
103.86
-72.55
100
118.42
52.49
94.38
112.12
31.64
87.37
102.42
-17.06
100
100.33
-76.15
100
100.15
-51.18
100
100.53
-82.07
100
101.83
-27.7
100
100.09
-79.54
100
100.05
0.16
100
144.97
-32.55
100
100.76
-60.47
100
100.86
-44.31
100
156.93
-69.41
100
150.59
-47.61
100
100.57
-77.12
100
101.78
0.01
100
150.33
-46.67
100
101.57
3.33
100
100.98
-51.22
100
150.69
-46.86
100
159.67
-78.63
100
150.24
-46.67
100
100.2
-57.34
100
151.13
-49.95
100
102.34
-5.1
100
100.03
-78.6
100
153.41
-55.76
100
100.02
0.04
100
100.13
-47.06
100
101.08
-46.7
100
149.56
-44.95
100
101.48
-41.24
100
100.13
-52.94
100
152.09
-55.37
100
100.05
-69
100
151.64
-52.65
100
149.84
-45.56
100
102.11
-16.44
100
156.42
-68.48
100
101.15
-47.49
100
100.1
-50.46
100
101.57
-39.25
100
102.01
-5.72
100
100.72
-53.85
100
106.48
18.29
22.88
105.19
12.9
26.86
109.76
27.1
14.47
135.99
3.19
100
102.2
-13.18
100
123.88
3.8
87.3
112.78
31.09
75.69
100
0.01
100
147.52
-39.41
100
100.99
-64.07
100
150.47
-48.03
100
138.6
-11.96
100
134.78
0.78
100
152.53
-52.44
100
100.44
-54.56
100
151.78
-49.54
100
115.07
40.82
19.22
100.7
-50.93
100
100.97
-49.55
100
101.25
-48.23
100
152.32
-54.59
100
150.87
-49.69
100
100.38
-70.05
100
108.08
16.67
76.08
100.54
-70.34
100
138.91
-13.09
100
155.24
-62.71
100
156.1
-65.74
100
118.35
50.24
19.44
101.28
-50.72
100
136.81
-6.08
100
100.32
-56.84
100
193.31
-8.27
100
144.44
-31.14
100
136.78
-5.93
100
134.98
0
100
100.23
-52.68
100
100.06
-87.38
100
190.49
-18.68
100
100.7
-60.53
100
145.61
-33.99
100
152.37
-52.18
100
101.66
-34.44
100
101.71
-2.74
100
130.88
5.27
56.21
186.74
-34.03
100
100.01
0.02
100
146.33
-36.16
100
101.92
-23.4
100
146.95
-38.87
100
136.19
-3.94
100
136.24
-4.1
100
154.32
-62.38
100
145.75
-35.35
100
134.97
0.07
100
148.06
-41.76
100
144.38
-30.67
100
101.52
-40.12
100
101.53
-40.06
100
138.47
-11.59
100
147.06
-39.16
100
152.15
-55.18
100
100.76
-72.31
100
153.64
-60.03
100
101.08
-46.96
100
197.89
59.08
49.65
100.24
-94.03
100
150.74
-51.02
100
148.99
-44.29
100
101.19
-34.45
100
100.79
-57.22
100
101.28
-51.37
100
101.9
-34.22
100
102.12
-15.12
100
101.5
-35.57
100
101.57
0.06
100
100.45
0.39
100
101.19
-45.02
100
101.62
-35.14
100
100.03
0.08
100
100.02
0.06
100
112.01
28.39
46.27
4.49
71.63
55.29
133.52
83.05
29.41
135.1
94.37
39.48
118.41
46.43
28.71
193.73
63.88
28.71
106.72
11.94
59.14
1.43
94.9
53.1
125.38
65.05
34.62
191.01
54.31
26.18
198.07
80.18
32.16
127.16
64.79
19.64
194.81
51.95
15.1
1.96
92.97
100
124.38
39.55
26.27
191.19
53.39
24.12
191.04
54.23
26.27
136.48
61.27
9.57
64.08
91.81
81.39
191.57
47.59
16.27
132.75
94.5
73.14
69.1
92.06
61.25
190.33
54.15
20.1
7
77.58
74.72
2.22
81.67
23.53
185.33
38.67
6.54
197.49
43.87
18.77
66.32
97.04
40.73
191.13
54.04
24.75
66.59
99.76
100
190.33
52.77
20.35
190.34
52.02
19.42
61.65
77.26
81.61
128.38
44.11
31.25
134.02
86.15
50.13
132.55
94.28
81.73
0.67
64.29
30.59
190.46
53.18
20.55
127.39
35.52
21.73
130.15
64.42
88.54
130.2
85.08
70.98
132.09
87.56
85.78
132.28
94.24
57.18
66.79
91.08
55.81
197.36
43.25
17.85
189.25
53.37
18.44
129.31
54.29
84.51
7.68
71.06
31.5
130.92
82.9
83.92
130.23
60.44
54.54
131.55
78.81
85.75
126.56
27.17
15.26
133.33
100
100
189.08
52.75
17.54
188.72
47.29
12.38
66.46
99.37
100
127.3
36.49
25.69
128.77
49.42
85.84
138.94
37.54
7.42
62.09
75.35
83.09
187.4
53.81
15.47
131.79
86.04
82.47
2.91
56.89
29.86
70.1
88.46
63.8
10.66
64.43
31.94
129.72
59.91
84.35
127.78
41.35
44.58
131.27
77.19
84.8
133.33
99.61
100
188.38
58.99
7.42
126.49
27.32
16.34
186.97
53.58
14.58
139.37
74.31
16.29
67.43
89.6
30.75
128.08
50.09
85.52
130.73
76.48
81.25
190.21
53.88
11.79
185.87
54.44
10.43
127.74
41.43
48.06
127.97
46.21
65.63
127.25
37.17
33.68
129.02
62.73
53.9
69.38
77.64
32.58
1.34
95.64
96.75
128.09
44.71
78.2
127
51.64
26.67
60.32
80.73
15.59
131.46
63.89
15.53
128.1
44.7
79.9
130.75
71.16
88.33
127.93
59.17
61.94
11.63
62.03
16.19
127.95
43.37
65.34
55.6
66.12
11.86
128.28
55.33
31.4
127.37
44.26
29.54
128.41
51.59
51.37
127.67
40.87
49.14
127.97
43.48
70.19
127.95
43.32
69.5
64.17
75.22
24.6
69.46
80.44
22.38
127.94
47.38
51.58
127.72
41.28
51.25
135.09
0.03
100
135.1
0
100
134.92
0
100
136.8
-6.03
100
137.78
-9.23
100
138.76
-12.55
100
189.24
54.51
20.78
17.5
6.49
52.84
140.76
-19.22
100
142.62
-23.6
100
135.65
-2.17
100
17.34
7.98
75.48
137.25
-7.42
100
160.28
-78.77
100
138.73
-12.17
100
17.35
7.93
77.09
134.97
0
100
154.71
-60.65
100
17.26
8.37
84.31
17.06
9.25
92
151.37
-49.22
100
100.07
-74.12
100
100.63
-76.47
100
17.14
9.07
96.77
101.74
-32.92
100
100.07
-85.1
100
135.23
1.03
100
16.76
9.86
81.66
100.11
-39.16
100
100.11
-44.77
100
101.34
-48.69
100
101.55
-39.74
100
100.18
-70.94
100
100.91
-63.98
100
101.11
-58.3
100
100.83
-70.2
100
131.89
5.1
100
100.39
-53.71
100
192.09
27.56
61.18
122.98
5.56
47.65
100.22
-52.13
100
100.13
-52.55
100
150.81
-45.98
100
100.47
-54.46
100
100.91
-66.46
100
100.14
-85.07
100
100.24
-52.94
100
116.94
45.49
95.69
152.88
-53.14
100
103.82
-70.2
100
105.88
-14.31
100
121.11
61.92
80.34
115.11
36.45
79.61
100.94
-76.12
100
101.83
-30.39
100
100.02
0.05
100
100.13
-44.86
100
100.11
-81.06
100
100.54
-81.52
100
143.42
-27.69
100
102.41
0.01
100
100.44
-48.37
100
108.93
18.27
96.57
149.71
-44.41
100
100.9
-59.48
100
100.93
-43.76
100
149.93
-45.49
100
100.25
-57.97
100
100.62
-76.57
100
102.29
-7.79
100
150.45
-46.52
100
159.13
-77.12
100
101.14
-49.96
100
148.63
-42.35
100
100.39
0.04
100
150.65
-48.82
100
100.07
-80.21
100
101.37
-47.06
100
101.22
-44.44
100
102.11
-15.97
100
100.13
-49.49
100
153.63
-56.56
100
100.09
-70.68
100
101.3
-43.75
100
149.26
-44.34
100
100.12
-50.09
100
150.43
-50.14
100
149.28
-44.17
100
101.58
-38.56
100
142.22
-23.14
100
151.15
-51.52
100
156.01
-67.33
100
102.05
-5.37
100
138.37
17.56
89.68
5.16
20.97
68.15
104.76
6.71
76.93
152.29
-52.89
100
100.14
-53.05
100
100.74
-41.72
100
100
0
100
102.28
-8.99
100
123.62
3.54
81.72
138.57
-11.82
100
134.82
0.6
100
101.01
-62.8
100
100.85
-53.21
100
105.71
15.07
22.9
106.13
12.99
25.88
106.1
15.97
22.52
18.33
-28.71
100
146.68
-36.95
100
149.97
-46.91
100
152.49
-56.47
100
154.06
-58.17
100
100.55
-55.09
100
152.41
-51.73
100
113.53
35.64
18.63
102.21
-11.91
100
100.92
-48.86
100
101.4
-43.43
100
101.09
-48.64
100
100.58
-69.94
100
150.37
-48.6
100
100.41
-69.78
100
136.25
-4.18
100
101.32
-49
100
138.24
-10.87
100
13.7
3.75
64.86
157.18
-69.71
100
156.61
-67.79
100
137.11
-7.05
100
135.06
0
100
106.19
8.82
71.11
1.45
30.43
9.02
144.25
-30.53
100
133.08
5.34
51.37
100.05
-88.5
100
100.02
0.02
100
101.76
-30.41
100
145.12
-32.55
100
193.54
-7.49
100
100.25
-48.9
100
101.7
-2.38
100
100.41
-58.16
100
133.73
3.01
69.48
154.87
-64.03
100
191.27
-15.73
100
187.17
-32.57
100
137.06
-6.9
100
102.02
-19.54
100
100.81
-59.01
100
154.7
-61.66
100
153.4
-56.4
100
134.95
0.11
100
146.95
-38.47
100
135
0.07
100
145.31
-33.78
100
151.77
-54.09
100
145.49
-34.56
100
100.77
-71.44
100
101.66
-34.86
100
142.79
-25.56
100
138.34
-11.18
100
101.57
-37.75
100
145.19
-33.32
100
149.88
-48.4
100
153.41
-59.4
100
100.27
-92.78
100
148.34
-42.52
100
197.3
91.18
43.57
101.33
-42.2
100
131.72
15.29
43.31
101.29
-33.11
100
102.85
-33.39
100
100.95
-54.47
100
101.56
-38.07
100
102.05
-17.8
100
101.6
-33.26
100
101.71
0.2
100
100.2
0.31
100
101.19
-44.36
100
100.01
0.03
100
101.69
-32.65
100
100.02
0.06
100
111.57
27.85
42.94
113.56
33.01
40
127.04
74.02
52.45
191.67
62.5
25.1
122.57
36.75
30.11
122.56
56.37
36.73
191.99
65.76
24.26
128.32
68.81
16.11
199.57
46.15
30.59
192.22
43.33
11.76
190.72
54.34
24.99
124.03
49.29
15.29
191.48
47.45
15.35
132.64
94.71
56.31
128.39
45.99
32.24
190.66
53.44
22.34
190.68
53.91
24.67
185.86
39.39
6.47
133.57
83.25
49.67
197.51
43.48
19.24
135.02
85.67
23.27
188.11
58.55
18.35
66.46
97.16
45.78
127.43
36.56
22.25
189.87
51.87
18
189.78
52.37
18.76
132.57
95.25
83.99
130.24
65.72
88.09
130.06
76.46
74.17
190.27
53.61
22.08
66.84
92.21
56.32
0.76
71.41
31.2
188.3
56.07
18.34
130.33
60.29
55.15
131.03
82.23
86.68
66.53
99.58
100
132.22
89.22
92.11
130.3
63.87
88.24
132.2
93.04
61.18
126.64
28.97
16.38
197.22
42.34
15.96
127.5
37.58
26.45
61.9
74.73
84.95
130.98
72.42
84.61
133.33
100
100
128.81
49.69
88.24
188.71
52.73
16.67
7.19
74.09
34.97
133.8
37.89
8.66
68.29
90.59
66.53
187.66
46.05
10.84
133.35
99.49
100
188.47
51.93
15.71
127.84
42.07
45.82
131.92
87.44
86.84
129.68
58.89
86.65
126.46
28.61
17.91
131.14
75.81
86.53
146.47
55.31
14.35
3.03
66.14
29.93
141.12
64.8
8.12
11.11
66.61
35.31
130.67
75.96
83.57
128.18
49.91
88.3
146.42
54.66
13.73
68.02
89.5
34.34
127.82
41.99
49.55
128.02
46.97
67.22
134.33
75
19
1.22
95.86
97.77
143.39
63.77
11.29
127.35
38.14
36.36
141.84
54.54
11.38
128.15
45.03
81.89
128.91
61.84
58
130.82
71.48
90.41
70.1
77.79
36.65
127.9
57.81
64.31
60.79
81.1
18.28
128.13
45.01
83.43
126.93
51.91
31.35
128.42
56.24
34.32
128.48
54.23
18.91
128.01
43.86
70.52
11.09
65.49
19
59.49
68.07
14.71
128.47
52.29
54.34
127.24
45.06
34.92
128
43.89
74.04
127.97
43.73
73.77
127.76
41.83
55.36
127.98
47.59
55.81
65.52
79.17
27.86
68.18
81.46
25.88
127.82
42.1
56.6
135.01
0.03
100
134.92
0
100
139.15
-13.83
100
138.01
-10.04
100
139.72
-15.75
100
140.67
-18.75
100
1.47
50.44
26.59
17.77
4.96
47.45
140.17
-17.13
100
143.13
-25.78
100
136.8
-6.05
100
17.27
8.07
74.15
138.78
-12.61
100
64.35
81.34
23.46
140.26
-16.95
100
15.91
12.58
60.26
137.69
-9.15
100
7.69
50.77
76.47
0.29
70.66
74.76
154.86
-61.3
100
104.5
-63.87
100
151.63
-50.1
100
100
-48.63
100
100.08
-74.98
100
3.47
49.83
84.8
100.65
-76.67
100
146.73
-36.54
100
101.42
-44.4
100
136.76
9.25
88.37
128.68
3.74
78.63
100.13
-85.69
100
196.24
59.72
69.61
100.13
-39.44
100
101.3
-50.38
100
100.08
-42.35
100
101.45
-43.08
100
100.23
-72.1
100
100.96
-62.91
100
101.09
-59.61
100
132.75
13.21
84.61
150.13
-47.25
100
134.07
2.56
95.21
100.78
-68.63
100
124.95
6.24
41.49
6.91
18.02
87.06
100.52
-53.69
100
4.26
22.23
97.45
153.9
-58.04
100
100.11
-49.07
100
100.26
-53.62
100
151.29
-47.74
100
100.92
-66.11
100
100.62
-53.58
100
100.19
-85.62
100
107.26
2.33
92.75
109.54
-55.69
100
100.31
-52.16
100
100.15
-58.69
100
103.25
7.67
97.69
153.61
-54.45
100
101.74
-32.88
100
102.12
-76.36
100
101.23
0.08
100
100.12
-45.66
100
100.15
-82.51
100
102.39
-3.92
100
113.04
25.88
94.71
143.59
-28.29
100
100.33
-48.09
100
100.55
-81.88
100
102.22
-9.8
100
100.38
-58.96
100
151.76
-50.59
100
101.29
0.06
100
102.65
-49.31
100
101.78
-30.88
100
150.52
-47.84
100
101.35
-41.62
100
100.07
-81.55
100
102.13
-15.63
100
100.97
-44.61
100
101.02
-57.72
100
100.65
-75.77
100
150.54
-48.79
100
150.73
-47.43
100
149.37
-44.51
100
158.63
-75.69
100
100.12
-52.48
100
101.44
-40.15
100
101.24
-48.67
100
139.48
-14.51
100
101.57
-38.5
100
153.36
-55.45
100
138.69
19.21
86.35
100.07
-72.2
100
102.22
-10.59
100
102.1
-4.9
100
100.01
0.03
100
149.05
-44.07
100
148.82
-43.14
100
149.7
-47.89
100
100.11
-47.75
100
136.51
-5.04
100
138.52
-11.67
100
100.31
-46.27
100
102.31
-8.01
100
126.84
3.94
81.12
5.67
16.44
74.8
155.5
-65.86
100
150.59
-50.13
100
101.03
-61.51
100
152.99
-55.03
100
100.11
-54.58
100
153.88
-61.02
100
100.93
-53.38
100
105.12
10.58
25.95
104.83
8.69
29.02
107.6
19.08
18.5
19.53
-31.9
100
102.22
-8.63
100
149.51
-45.92
100
146.08
-35.35
100
153.07
-54.22
100
154.68
-60.5
100
101
-48.41
100
100.63
-55.85
100
110.7
25.84
20.39
101.5
-40.7
100
136.4
-4.68
100
100.64
-69.99
100
101.38
-47.76
100
150.2
-47.84
100
137.82
-9.4
100
101.17
-47.93
100
135.08
0
100
100.48
-70.2
100
155.53
-66.08
100
144.18
-30.3
100
102.03
-18.63
100
149.92
-47.63
100
144.4
-30.3
100
100.04
0.02
100
100.08
-89.3
100
138.04
-10.21
100
13.85
3.56
62.64
101.78
-29.69
100
157.5
-71.01
100
101.74
0.02
100
156.82
-68.81
100
0.93
36.11
7.06
100.16
-50.39
100
132.84
4.08
71.71
137.31
-7.73
100
193.21
-8.66
100
186.99
-32.6
100
102.05
-18.34
100
145.75
-34.75
100
107.02
13.31
75.29
135.02
0.08
100
191.35
-15.36
100
150.84
-51.28
100
100.54
-60.56
100
100.8
-70.88
100
134.99
0.04
100
154.79
-62.35
100
100.96
-57.43
100
101.7
-32.51
100
153.72
-58.07
100
149.41
-46.95
100
137.62
-8.8
100
145.85
-35.69
100
141.71
-22.19
100
143.94
-29.45
100
147.27
-39.31
100
100.32
-91.45
100
143.54
-28.1
100
101.67
-35.77
100
151.92
-54.8
100
104.41
-50.2
100
101.57
-31.76
100
102.56
0.4
100
150.79
-51.1
100
134.87
89.61
43.24
101.46
-30.5
100
101.39
-41.96
100
101.98
-21.34
100
101.07
-52.92
100
100.72
0.64
100
101.69
-33.64
100
101.97
-13.76
100
101.73
-29.18
100
100
0
100
101.18
-44.31
100
101.72
-31.75
100
100.03
0.1
100
113.68
33.27
65.62
109.83
21.51
49.22
128.8
46.46
22.51
191.61
48.15
33.39
125.81
62.4
17.54
191.73
63.57
24.4
198.56
56.88
28.19
192.52
69.39
19.22
129.66
76.18
19.92
112.95
25.68
28.06
191.8
54.1
23.92
134.1
84.88
48.09
128.78
47.65
29.74
192.55
46.53
16.23
190.3
54.42
23.38
184.44
40
5.88
132.68
94.66
67.06
197.9
43.18
18.68
127.1
36.57
22.09
68.18
91.6
55.65
130.21
77.61
71.94
190.17
54.07
22.73
130.49
67.69
89.33
189.85
53.44
20.63
133.42
98.94
24.58
66.23
95.96
47.2
130.74
62.83
55.78
144.1
59.05
18.54
132.81
97.44
85.29
189.29
51.1
16.54
66.54
99.62
100
131.38
80.73
89.39
189.27
52.05
17.21
130.76
70.23
93.25
189.57
53.51
20.26
1.87
76.48
31.93
127.71
38.83
27.62
66.11
85.6
82.35
132.31
90.2
95.29
126.67
30.1
17.46
65.32
88.54
70.42
128.97
50.89
90.16
145.02
58.73
17.74
133.33
100
100
132.09
92.69
72.45
133.33
100
100
131.62
80.1
91.45
196.96
43.08
14.23
127.95
42.94
46.39
130.81
32.63
10.05
7.35
75.14
39.48
186.16
45.82
9.49
129.51
57.1
88.17
187.8
52.08
14.96
131.69
84.69
88.69
126.65
30.62
19.73
187.45
51.48
13.97
131.3
77.53
89.38
131
77.88
85.57
135.92
66.91
9.67
128.25
51.13
90.12
128.11
46.25
69.18
127.91
42.7
50.96
3.06
74.23
30.84
141.84
53.32
15.51
56.37
67.79
40.69
1.36
95.49
97.64
66.87
89
38.11
127.47
38.98
38.6
141.12
52.13
15.03
130.76
70.53
91.94
131.09
68.42
22.09
127.93
57.2
66.25
128.2
45.37
85.08
137.02
64.1
13.58
128.95
61.17
63.51
135.69
53.8
13.38
128.17
45.27
86.34
61.21
81.7
21.25
70.36
78.09
40.85
128.57
57.59
37.18
128.04
44.21
75.07
126.78
53.87
35.78
128.48
52.23
57.64
10.7
67.56
22.22
127.19
52.22
22.57
128.04
44.24
77.23
61.68
71.28
18.03
128.03
44.18
77.63
127.3
45.65
40.26
128.02
48
58.89
127.84
42.52
60.9
64.78
77.53
31.19
127.87
42.66
61.93
68.94
81.72
29.23
135.93
-3.19
100
141.18
-20.65
100
140.61
-18.54
100
139.18
-13.93
100
141.23
-20.75
100
12.26
38.05
42.65
133.05
3.36
71.65
144.11
-29.49
100
138.19
-10.61
100
2.87
82.11
60.17
119.91
3.7
84.71
154.72
-60.86
100
158.35
-74.2
100
151.66
-50.67
100
142.82
-25.8
100
100.13
-46.67
100
100.07
-70.42
100
133.96
3.48
62.75
100.74
-74.77
100
140.98
-19.61
100
101.33
-48.71
100
100.18
-85.96
100
100.13
-40.01
100
101.21
-53.61
100
100.13
-35.69
100
101.38
-47.39
100
100.28
-73.11
100
100.98
-62.9
100
152.18
-54.97
100
139.76
-15.43
100
100.94
-65.25
100
120.32
5.4
41.18
8.25
37.37
60.24
100.59
-55.28
100
7.74
11.14
100
154.64
-61.18
100
100.12
-44.59
100
100.9
-66.08
100
106.39
11.67
89.02
100.32
-55.8
100
151.84
-49.77
100
100.3
-86.15
100
100.72
-55.37
100
100.19
0.17
100
106.47
-60.2
100
101.7
-36.86
100
100.33
-54.3
100
100.14
-55.53
100
153.82
-56.39
100
101.26
0.02
100
105.67
-68.24
100
102.17
-52.91
100
102.22
-7.45
100
100.11
-47.18
100
100.2
-83.49
100
102.16
-13.14
100
143.24
-27.21
100
100.13
-47.84
100
100.47
-59.41
100
102.28
0
100
102.09
-15.88
100
100.56
-81.15
100
101.44
-39.86
100
151.76
-50.78
100
102.11
-15.06
100
105.67
12.43
49.2
100.06
-83.41
100
138.87
8.65
37.78
101.55
-36.64
100
140.65
-18.43
100
150.49
-49
100
150.22
-46.75
100
102.09
-13.73
100
139.3
-14.25
100
101.51
-41.05
100
148.5
-42.22
100
158.3
-74.51
100
151.42
-49.02
100
100.1
-55.73
100
100.66
-75.78
100
101.08
-44.21
100
102.16
-4.59
100
100.03
0.05
100
101.14
-55.26
100
100.07
-74.56
100
137.59
-8.8
100
138.76
-12.45
100
154.48
-59.87
100
101.33
-46.56
100
100.33
-46.25
100
102.24
-10.07
100
126.8
3.8
80.15
101.06
-60.75
100
155.49
-66.08
100
148.92
-43.82
100
149.32
-46.68
100
100.1
-50.11
100
148.77
-43.49
100
8.94
3.44
85.49
102.22
-11.7
100
154.77
-63.63
100
100.12
-57.02
100
111.3
25.42
69.41
153.89
-57.71
100
149.85
-48.01
100
20.45
-35.69
100
100.98
-53.8
100
104.98
8.66
26.27
105.59
10.99
23.79
108.92
21.27
16.26
105.99
10.38
88.52
149.2
-45.24
100
145.8
-34.63
100
148.95
-44.51
100
136.32
-4.41
100
156.34
-68.63
100
101.56
-38.56
100
101.17
-47.02
100
153.81
-56.91
100
138.22
-10.76
100
135.04
0
100
101.37
-47.58
100
155.38
-63.11
100
143.87
-28.73
100
100.68
-69.48
100
110.06
23.44
18.8
100.71
-56.52
100
100.17
0.03
100
144.34
-30.81
100
100.1
-89.72
100
101.76
-30.52
100
102.1
-15.54
100
101.66
0.02
100
101.25
-46.97
100
100.54
-69.99
100
137.43
-8.05
100
145.03
-32.65
100
138.07
-10.24
100
149.8
-48.09
100
14.56
3.67
58.29
139.57
19.87
60.39
100.18
-52.62
100
133.29
3.99
72.57
157.36
-70.87
100
149.29
-46
100
100.84
-70.86
100
135.05
0.04
100
102.34
-4.42
100
102.06
-18.41
100
186.89
-32.84
100
148.63
-44.49
100
156.73
-68.85
100
199.24
59.09
5.75
135
0.09
100
192.54
-11.08
100
191.28
-15.62
100
17.4
6.95
67.1
146.24
-36.26
100
101.72
-32.14
100
137.51
-8.42
100
100.67
-61.13
100
141.03
-20.06
100
154.86
-62.89
100
145.25
-33.73
100
101.07
-55.78
100
101.62
-29.58
100
100.37
-89.8
100
153.61
-58.14
100
142.82
-25.85
100
114
5.67
45.65
142.46
-24.64
100
150.57
-50.62
100
101.66
-34.34
100
101.91
-24.4
100
102.42
-2.94
100
133.33
100
26.27
102.35
-5.1
100
101.57
-28.09
100
150.06
-48.88
100
11.57
24.62
64.12
133.94
82.97
42.92
101.89
-17.1
100
101.38
-41.73
100
101.86
-25
100
100
0
100
101.64
-34.45
100
101.17
-50.84
100
101.37
-40.2
100
101.8
-28.55
100
100
0
100
144.29
37.12
33.99
198.36
47.54
31.9
109.52
20.8
54.22
128.94
46.52
20.44
197.46
54.95
29.91
115.25
37.28
61.27
190.92
52.53
20.03
198.3
54.93
32.94
123.35
58.45
20.29
136.35
67.49
23.82
198.62
56.02
33.48
131.43
65.79
44.71
109.86
19.14
36.34
199.58
47.47
30.98
129.76
75.61
18.89
133.02
95.37
42.35
128.99
48.86
28.56
191.4
49.46
18.24
190.43
54.41
21.45
190.85
55.39
23.11
132.56
93.7
47.29
137.51
62.67
24.25
190.67
53.06
22.42
67.44
95
56.69
182.54
42.86
5.49
127.76
38.49
21.8
191.87
45.85
14.62
132.6
93.27
77.71
130.17
76.24
72.63
197.61
42.42
17.4
131.59
67.6
56.27
66.49
99.47
100
130.84
71.77
90.29
132
80.5
94.12
189.79
54.37
21.76
66.57
97.25
54.36
131.56
78.56
28.84
132.79
97.75
84.65
189.62
53.89
20.95
65.1
88.86
70.75
63.94
80.45
86.27
188.63
54.07
18.8
127.77
39.87
27.93
188.86
50.77
15.11
130.76
69.77
95.04
139.98
58.27
20.49
133.33
100
100
126.75
31.08
18.22
188.86
51.43
15.88
128.96
51.03
92.22
128.15
43.78
46.57
132.29
89.62
95.36
133.33
100
100
1.52
82.21
33.87
130.88
70.96
89.12
188.68
54.18
18.4
132.23
94.06
69.33
195.68
45.59
12.48
128.59
28.92
11.78
140.49
57.07
19.5
129.61
58.41
90.37
126.81
32.45
21.52
130.94
77.02
86.84
131.84
85.85
92.99
182.88
48.48
8.13
128.17
47.12
69.87
7.19
75.31
45.57
131.23
76.64
91.03
128.02
43.58
51.94
128.4
51.63
91.88
186.23
53.14
13.33
0.91
97.03
100
133.01
66.09
11.43
185.67
52.41
12.33
127.53
39.55
40.52
56.57
67.84
46.2
3.01
80.46
32.75
128.09
60.5
66.97
130.97
71.95
93.3
136.93
52.2
17.62
67.32
89.72
42.16
128.19
45.57
87.89
128.21
45.62
89.02
135.85
51.26
17.31
129.02
62.41
65.79
132.84
63.95
16.56
129.07
62.76
25.85
61.14
81.77
23.97
128.59
57.62
39.27
131.61
51.02
16.16
69.32
78.41
45.34
128.52
52.59
60.02
128.08
44.52
78.75
128.07
44.49
80.34
10.32
68.6
25.4
126.8
53.33
41.28
128.05
44.43
80.75
128.1
49.15
61.93
126.86
52.3
26.87
62.94
73.88
21.39
127.43
47.43
45.34
127.89
42.95
66.14
65.02
78.71
34.36
127.92
43.11
66.54
68.45
82.2
32.59
131.16
3.96
84.22
128.26
3.28
73.08
105.86
-66.21
100
115.29
-47.19
100
154.89
-61.61
100
132.86
4.6
68.86
158.07
-73.4
100
153.07
-55.29
100
143.75
-28.92
100
132.39
4.77
50.72
100.01
-72.11
100
100.13
-44.16
100
132.98
3.24
68.63
100.72
-73.14
100
100.09
-87.23
100
100.12
-41.04
100
101.2
-54.9
100
101.43
-52.07
100
100.13
-35.98
100
100.34
-74.31
100
101.03
-61.79
100
152.55
-55.42
100
4.33
39
39.22
146.31
-35.69
100
7.73
13.16
97.69
121.53
6.22
40.98
101.13
-59.08
100
10.46
4.31
100
14.57
4.45
63.92
102.18
-13.59
100
1.68
40.39
54.61
5.93
23.33
70.59
100.6
-59.25
100
100.82
0
100
155.22
-63.03
100
10.46
4.02
100
140.64
25.28
69.8
100.13
-44.71
100
100.94
-66.14
100
104.25
-67.25
100
152.45
-52.18
100
100.35
-58.39
100
100.36
-85.65
100
101.66
-38.17
100
100.75
-58.78
100
102.03
0
100
100.36
-56.76
100
100.13
-54.12
100
154.17
-58.38
100
100.23
-56.57
100
119.27
10.97
30.98
103.47
-13.25
100
100.1
-48.96
100
100.29
-83.82
100
102.02
-19.53
100
100.3
-51.92
100
102.35
-4.74
100
100.61
-59.6
100
130.27
3.95
76.43
143.93
-29.41
100
100.23
-49.71
100
102.12
-15.86
100
101.52
-38.09
100
156.14
-65.88
100
100.05
-85.67
100
154.9
-59.36
100
101.7
-31.57
100
105.76
17.27
52.69
102.04
-19.9
100
151.83
-51.57
100
100.62
-51.16
100
101.45
-44.81
100
100.54
-81.69
100
100.13
0.08
100
150.46
-49.22
100
102.21
-4.04
100
140.33
-17.55
100
100.09
-59.5
100
148.24
-41.57
100
149.96
-46.51
100
158.56
-75.29
100
151.63
-50.27
100
153.29
-59.11
100
139.87
-16.08
100
100.07
-76.99
100
102.22
-11.36
100
100.37
-45.98
100
101.1
-58.91
100
100.68
-75.23
100
154.61
-60.25
100
101.17
-42.76
100
102.16
-14.44
100
138.01
11.8
69.8
145.26
-30.54
100
102.13
-13.39
100
101.24
-51.56
100
9.59
2.48
80.93
101.44
-43.03
100
148.98
-44.2
100
121.01
57.46
37.79
148.98
-45.66
100
100.13
-52.65
100
102.38
-4.18
100
148.3
-42.29
100
100.13
-59.45
100
148.69
-43.73
100
153.93
-58.43
100
157.12
-70.98
100
21.55
-39.33
100
154.04
-61.42
100
148.73
-44.64
100
101.07
-53.28
100
105.67
11.9
23.07
106.62
14.1
20.39
109.04
21.7
16.63
136.77
-5.93
100
143.19
-26.69
100
138.53
-11.82
100
134.99
0
100
100.28
0.02
100
148.51
-43.38
100
101.37
-48.04
100
101.61
-36.6
100
101.2
-46.6
100
145.32
-33.27
100
101.74
-31.33
100
100.07
-67.71
100
144.29
-30.63
100
100.26
-80.39
100
100.11
-89.53
100
154.5
-59.53
100
101.58
0.02
100
102.07
-17.6
100
148.9
-45.31
100
144.14
-29.93
100
137.49
-8.33
100
147.84
-42.02
100
100.78
-70.98
100
109.52
21.07
17.33
156.07
-65.66
100
144.44
-29.9
100
100.83
-56.19
100
134.99
0.05
100
102.31
-6.75
100
131.18
93.55
24.31
133.21
3.9
74.41
100.28
-52.89
100
145.23
-33.26
100
102.05
-17.83
100
100.6
-70.07
100
101.34
-45.51
100
134.98
0.08
100
15.4
3.96
55.88
137.92
-9.8
100
186.73
-33.08
100
156.73
-69.07
100
101.66
-28.8
100
101.72
-31.9
100
137.62
-8.76
100
148.35
-43.23
100
191.24
-15.67
100
191.95
-13.22
100
17.47
7.17
68.54
156.33
-67.84
100
199.28
82.61
4.51
101.83
-27.47
100
100.41
-88.41
100
140.55
-18.51
100
101.9
-23.49
100
144.31
-30.73
100
106.39
-56.83
100
154.66
-62.55
100
100.79
-59.79
100
101.16
-53.99
100
149.67
-47.82
100
142.02
-23.24
100
153.31
-57.58
100
141.66
-22.1
100
101.68
-32.21
100
102.22
-6.27
100
101.71
-25.56
100
100
0
100
101.95
-20.99
100
17.42
7.45
71.61
149.5
-47.12
100
129.42
65.78
47.48
101.48
-39.53
100
101.7
-32.94
100
101.9
-24.56
100
100.26
0.59
100
101.71
-32.62
100
101.29
-48.1
100
114.14
33.5
59.41
129.37
50
16.47
107.64
15.33
64.61
116.04
38.73
55.69
188.04
55.81
28.47
197.01
49.33
29.15
194.11
48.7
22.55
133.84
84.57
40.67
118.34
44.8
24.31
189.84
53.12
25.1
129
50.65
30.2
197.81
62.3
31.9
111.06
19.49
30.85
141.61
71.98
26.01
189.1
61.54
20.39
130.89
76.02
16.08
0.36
47.83
36.08
68.63
91.7
51.62
134.25
66.76
27.5
132.64
92.75
75.69
191.1
48.86
17.25
191.67
54.41
26.67
128.11
40.06
21.7
132
71.44
51.4
133.33
100
100
132.39
93.18
51.76
147.62
42.86
5.49
190.21
53.59
21.66
190.84
54.39
22.35
132.18
96.07
79.26
190.19
53.01
20.71
138.02
62.5
25.1
191.86
44.71
13.97
130.81
72.79
81.18
198.4
43.23
17.96
132.72
95.21
82.63
130.54
91.46
63.51
65.89
89.65
80.67
0.03
99.75
100
127.99
40.83
27.9
131.04
73.7
96.26
189.2
54.07
20.09
61.84
81.03
37.91
133.03
99
90.01
128.37
44.9
46.59
127
32.44
18.9
129.08
52.3
93.73
130.71
77.64
30.86
188.29
49.77
13.6
189.08
53.92
19.3
133.23
99.61
100
133.33
100
100
187.15
56.57
17.23
188.32
50.73
14.39
136.42
56.76
22.72
130.72
68.01
92.55
127.69
27.67
13.02
132.22
93.95
79.58
195.32
52.15
11.67
129.69
60.03
92.37
128.35
47.35
70.67
131.04
76.76
88.17
1.65
86.7
36.23
126.91
33.73
23.03
128.17
44.35
52.38
186.99
56.31
16.59
128.51
52.55
93.18
1.01
96.76
100
131.67
84.35
93.06
131.37
77.61
93.32
136.29
56.57
22.21
145.26
45.15
8.6
7.09
75.97
50.5
130.92
59.45
13.62
127.62
40.25
42.21
128.13
59.96
68.22
131.14
73.57
94.38
146.65
53.07
12.68
146.25
51.57
11.92
128.28
46.09
90.4
128.27
46.04
91.35
56.94
68.8
51.29
66.58
89.51
45.93
3.07
84.26
35.77
133.02
51.28
20.48
128.69
58.5
41.3
129.16
64.45
68.41
60.83
81.27
26.53
128.55
53.11
62.31
131.21
60.81
19.89
131.81
47.27
20.46
128.09
44.74
82.67
128.25
60.57
30.24
128.09
44.75
82.33
129.47
45.97
19.33
69.93
78.39
49.14
128.09
44.69
83.56
56.44
69.3
28.1
128.13
48.89
64.91
127.1
53.7
46.64
126.87
51.92
31.53
65.25
79.8
37.4
127.93
43.39
70.64
63.01
74.09
24.99
127.95
43.41
70.72
127.51
48.19
50.88
68.25
82.49
35.72
157.38
-71.48
100
16.88
8.41
60.65
150.16
-43.49
100
132.29
11.39
59.41
7.68
36.62
61.57
147.63
-38.36
100
158.09
-73.48
100
154.92
-61.95
100
132.52
6.46
46.88
145.56
-34.81
100
151.5
-50.98
100
146.96
-38.04
100
133.09
3.09
66.57
100.07
-70.33
100
100.61
-78.55
100
100.13
-39.61
100
100.12
-87.38
100
101.16
-56.16
100
100.12
-42.32
100
101.51
-56.05
100
100.13
-36.51
100
100.39
-75.13
100
101.05
-60.33
100
155.56
-63.53
100
132.98
8.42
37.25
6.84
12.05
97.2
150.7
29.34
41.76
11.7
4.31
100
152.68
-54.9
100
8.1
10.9
100
100.13
-43.92
100
102.28
-6.8
100
196.66
47.1
52.97
13.42
3.66
63.09
12.48
5.43
67.06
100.53
-44.39
100
137.97
11.74
83.53
100.62
-61.92
100
101.44
-40.78
100
100.92
-66.08
100
155.84
-65.29
100
114.12
-48.24
100
100.11
-46.08
100
10.27
3.45
100
102.18
-12.19
100
106.03
10.41
86.67
100.39
-85.23
100
153.11
-54.62
100
100.4
-60.52
100
100.81
-60.37
100
100.32
-55.75
100
188.38
32.89
59.61
104.46
-67.96
100
101.97
-22.42
100
140.07
11.61
60.78
154.89
-60.5
100
100.47
-58.06
100
100.1
-54.31
100
142.99
-24.99
100
101.96
-22.1
100
105.68
15.61
47.37
100.11
-51.16
100
102.29
-8.82
100
100.35
-84.05
100
100.73
-59.17
100
142.35
-24.31
100
100.13
-48.43
100
102.09
-15.93
100
101.62
-34.81
100
101.99
-21.67
100
143.76
-28.85
100
100.28
-51.68
100
101.85
-26.16
100
154.22
-60.49
100
100.05
-87.52
100
101.34
-48.29
100
100.4
0
100
150.68
-45.66
100
147.65
-41.37
100
100.13
-50.78
100
151.86
-52.25
100
100.1
-45.98
100
140.89
-19.5
100
102.24
-3.69
100
153.88
-60.94
100
150.12
-48.39
100
100.13
-62.83
100
102.14
-13.64
100
100.51
-45.49
100
107.1
-31.98
100
100.59
-80.39
100
102.03
-19.35
100
101.14
-57.45
100
100.04
-80
100
142.86
-24.31
100
148.37
-42.09
100
158.04
-73.73
100
144.05
-29.84
100
102.07
-16.8
100
109.38
20.74
52.94
149.3
-44.87
100
151.62
-50.83
100
119.68
53.17
33.73
154.03
-58.18
100
154.22
-61.99
100
147.45
-40
100
102.3
-7.76
100
100.49
-57.3
100
100.7
-74.46
100
16.32
-24.38
100
142.57
-24.76
100
101.35
-39.25
100
137.04
-6.89
100
148.09
-41.79
100
138.87
-12.89
100
134.97
0
100
148.34
-43.6
100
100.51
0
100
100.12
-54.42
100
22.48
-41.69
100
100.16
-61.43
100
147.46
-39.93
100
101.4
-47.9
100
101.37
-46.84
100
155.48
-63.31
100
101.18
-51.16
100
105.71
12.73
25.16
106.86
13.5
25.32
101.57
-38.18
100
101.69
-32.84
100
147.11
-39.72
100
148.03
-42.59
100
153.16
-58.71
100
100.14
-89.18
100
143.31
-27.32
100
144.2
-30.35
100
101.67
-34.17
100
107.34
16.64
22.5
100.8
-71.15
100
100.1
-69.8
100
101.49
0.02
100
147.31
-40.32
100
137.99
-9.93
100
147.59
-40.7
100
100.39
-80.2
100
101.32
-44.86
100
102.07
-17.78
100
101.7
-28.42
100
144.36
-30.53
100
135.62
-2.09
100
144.16
-29.22
100
102.29
-7.63
100
130.3
89.09
21.57
144.65
-31.33
100
155.45
-62.97
100
101.71
-27.27
100
101.74
-31.33
100
142.35
-24.06
100
102.06
-17.37
100
134.96
0
100
100.33
-52.81
100
108.96
18.88
16.23
186.86
-32.51
100
156.67
-67.95
100
137.79
-9.35
100
101.72
-31.9
100
100.97
-54.4
100
100.66
-69.69
100
100.89
1.05
100
16.15
4.39
55.57
137.57
-8.71
100
156.13
-67.43
100
101.45
-42.43
100
100.43
-86.95
100
191.28
-15.42
100
17.36
7.61
70.8
106.88
-56.64
100
139.77
-15.97
100
191.77
-13.84
100
125.64
69.23
5.1
147.19
-39.71
100
102.04
-18.19
100
155.68
-66.06
100
143.88
-29.32
100
148.85
-45.25
100
154
-60.8
100
140.78
-19.23
100
103.63
3.36
83.31
101.24
-50.92
100
141.06
-20.1
100
100.94
-57.28
100
100.87
0.79
100
101.8
-23.06
100
101.8
-29.46
100
101.68
-31.31
100
17.36
7.73
74.18
152.69
-56.01
100
101.96
-21.2
100
148.87
-45.15
100
127
56.63
47.35
101.55
-37.82
100
101.71
-32.9
100
101.43
-43.78
100
107.99
16.44
57.25
129.07
71.13
33.53
197.61
67.22
32.78
191.34
67.92
23.53
114.32
34.1
29.9
132.19
80.84
52.39
114.51
26.32
23.42
192.8
51.47
21.01
190.87
55.13
25.78
199.63
46.67
35.29
131.1
74.84
14.39
1.63
94.26
100
0
46.48
27.84
190.53
53.88
23.35
128.3
41.51
20.78
132.58
91.93
69.67
190.66
54.86
25.2
1.67
93.55
81.05
129.84
58.14
67.45
145.16
62.59
20.39
132.61
62.29
31.11
133.41
59.56
8.5
190.64
48.77
15.97
133.22
93.72
63.31
132.26
92.58
54.61
190.5
54.16
23.59
0.32
97.76
100
198.34
42.38
16.92
191.18
43.67
12.38
67.57
93.61
72.16
189.67
53.5
20.21
189.73
52.79
19.4
132.76
95.05
80.15
134.88
61.57
27.55
128.12
42.13
28.24
188.04
59.28
20
128.47
45.93
46
131.24
75.57
96.72
129.2
52.48
94.9
127.19
33.31
19.43
66.8
98.87
88.05
61.72
79.9
40.98
133.17
98.33
100
188.74
54.14
18.52
130.07
72.05
35.62
128.53
48.09
70.57
187.37
48.42
12.15
133.33
100
100
131.39
78.17
88.97
131.26
74.74
94.71
128.41
45.56
52.79
129.44
57.42
93.56
188.57
53.93
17.68
127.07
27.53
14.37
1.32
95.69
100
187.48
49.72
12.99
128.55
54.55
93.56
127.01
34.7
23.55
132.22
92.83
81.11
194.28
61.91
10.83
145.23
57
16.95
133.13
56.42
26.11
1.85
88.83
39.76
131.58
80.49
95.07
131.95
87.46
96.5
128.21
59.91
69.02
131.36
75.77
95.18
127.7
40.89
43.12
145.27
56.25
16.39
139.44
44.9
9.76
130.26
58.9
15.29
133.35
56.22
25.14
6.96
76.69
54.69
128.33
46.55
92.57
128.33
46.52
93.19
141.93
50.77
13.6
141.16
49.26
12.91
128.74
58.56
42.66
128.74
54.69
63.56
67.12
89.53
49.87
57.07
68.82
56.52
129.1
63.39
71.61
60.86
81.35
28.96
128.15
45.08
84.79
2.89
86.55
40.54
130.38
58.43
23.3
130.27
43.84
24.01
128.13
45.02
85.32
128.13
44.96
85.92
68.96
78.99
53.01
128.15
49.39
66.85
129.42
40.9
23.99
128.58
44.38
23.08
56.66
69.93
30.94
127.94
59.76
35.09
65.35
79.74
39.86
127.12
55.43
51.31
127.96
43.77
74.47
127.97
43.71
74.48
63.36
75.23
28.38
126.95
53.53
35.82
127.61
48.74
56.05
68.13
82.97
38.69
14.2
31.36
33.14
158.76
-75.84
100
17.58
6.16
56.36
135.62
5.77
62.53
7.09
38.74
56.08
130.41
10.27
56.67
148.07
-35.66
100
148.06
-40.22
100
158.38
-74.49
100
155.12
-62.76
100
146.43
-37.45
100
130.48
5.7
43.59
149.78
-45.28
100
144.38
-30.78
100
132.4
3.58
58.5
100.58
-79.22
100
100.05
-69.98
100
100.13
-40.26
100
100.1
-88.38
100
101.18
-56.47
100
101.44
-62.51
100
100.12
-44.16
100
100.15
-37.43
100
100.46
-75.74
100
136.87
85.84
44.31
101.07
-59.44
100
122.4
5.49
41.85
8.76
8.75
100
153.26
31.36
37.4
149.93
-48.24
100
106.14
-60
100
113.8
7.07
38.82
148.33
13.11
36.27
11.66
3.73
100
105.89
9.85
76.99
100.39
-50.98
100
105.21
7.95
73.56
8.25
9.61
100
198.99
47.18
50.39
100.26
-39.22
100
137.73
9.83
75.08
101.77
-50.81
100
11.17
3.91
70.2
104.29
5.28
59.41
13.29
4.66
60.9
100.13
-38.43
100
101.36
-68.4
100
156.43
-67.4
100
100.71
-62.57
100
100.1
-48.15
100
9.77
3.58
100
100.43
-84.99
100
153.82
-57.34
100
100.38
-53.71
100
101.57
-38.04
100
100.91
-59.9
100
100.52
-61.46
100
190.97
29.68
60.78
120.02
13.56
30.85
139.06
8.26
54.26
135.66
3.69
63.79
154.97
-62.25
100
142.09
-23.36
100
100.48
-43.75
100
100.55
-58.85
100
100.1
-54.2
100
143.81
-29.17
100
102.03
-21.76
100
100.87
-58.39
100
144.46
-30.59
100
100.1
-50.1
100
100.1
-53.71
100
102.09
-15.73
100
101.7
-32.3
100
100.42
-83.51
100
100.13
-50.03
100
101.92
-23.19
100
101.31
-50.98
100
101.1
0.04
100
154.38
-61.43
100
100.03
-89.1
100
105.75
9.86
55.69
100.36
-52.94
100
142.89
-26.04
100
3.1
23.04
71.04
102.09
-18.04
100
108.56
18.15
28.63
113.04
32.1
26.57
142.42
-24.55
100
155.54
-66.14
100
102.18
-3.15
100
150.41
-44.84
100
100.13
-52.32
100
101.9
-26.27
100
151.44
-51.18
100
100.1
-47.87
100
141.9
-22.75
100
102.06
-17.2
100
100.24
-50.92
100
110.72
-60
100
100.6
-44.8
100
101.13
-57.5
100
149.18
-45.66
100
100.15
-65.03
100
101.95
-22.14
100
144.3
-30.71
100
153.57
-60.1
100
132.8
3.96
61.11
100.05
-82.71
100
114.97
38.68
34.98
102.2
-11.6
100
147.19
-38.69
100
154.36
-61.79
100
141.84
-22.46
100
100.69
-81.62
100
148.74
-43.43
100
151.18
-49.98
100
137.6
-8.69
100
101.58
0.04
100
139.25
-14.17
100
154.49
-59.9
100
135.58
-2.07
100
146.61
-38.19
100
101.68
-33.58
100
147.38
-40.56
100
17.51
-27.61
100
101.72
-28.22
100
142.64
-25.2
100
101.35
-47.12
100
101.65
-34.85
100
101.65
-34.33
100
100.78
-71.18
100
100.12
-89.41
100
143.62
-28.21
100
101.05
1.28
100
144.13
-30.11
100
14.75
3.71
57.25
100.97
-50.39
100
138.2
-10.68
100
101.4
0.03
100
100.73
-73.36
100
146.78
-37.78
100
100.07
-72.06
100
146.89
-39.06
100
100.19
-63.26
100
101.74
-31.41
100
100.14
-56.46
100
135.79
-2.75
100
102.05
-17.95
100
101.34
-46.55
100
143.21
-26.39
100
155.59
-63.78
100
102.29
-8.63
100
128.37
82.98
18.43
100.39
-80.2
100
146.26
-36.39
100
107.34
17.1
25.23
106.98
15.5
28.91
100.42
-57.07
100
101.49
-35.74
100
101.5
-40.57
100
146.13
-36.23
100
134.97
0
100
141.67
-21.9
100
152.01
-55.16
100
102.08
-16.53
100
107.76
19.86
26.02
100.51
-52.47
100
138.15
-10.5
100
145.77
-35.36
100
156.16
-65.68
100
101.78
-31.24
100
136.49
6.32
74.51
102.08
-16.41
100
187.18
-30.91
100
101.71
-32.49
100
143.71
-28.38
100
100.46
-86.01
100
101.5
-41.55
100
100.78
0
100
107.38
-58.84
100
109.22
19.38
16.73
16.72
4.99
57.25
102
-20.24
100
191.73
-13.84
100
17.39
7.64
72.94
100.73
-68.59
100
139.08
-13.67
100
136.94
-6.57
100
101.66
-31.18
100
155.32
-65.1
100
156.65
-68.05
100
101.58
-37.34
100
101.15
-50.74
100
192.2
-12.13
100
143.4
-27.8
100
146.95
58.45
55.69
148.03
-42.6
100
110.89
24.6
15.41
154.63
-62.94
100
103.35
2.67
77.16
145.78
-35.28
100
101.92
-20.02
100
139.8
-15.99
100
17.33
7.99
77.57
152.94
-57.69
100
101.86
-26.18
100
140
-16.64
100
148.05
-42.56
100
101.36
-47.16
100
101.1
-53.46
100
151.73
-53.25
100
124.29
50.4
46.64
101.69
-32.42
100
101.74
-30.93
100
101.53
-39.87
100
106.27
8.24
50
133.91
87.93
22.75
122.61
60.92
51.18
112.13
26.55
30.52
118.11
33.33
17.18
196.67
77.04
29.46
191.5
65.34
24.61
190.83
53.43
23.16
190.58
50
18.04
128.26
42.27
20.29
131.92
81.25
14.26
198.07
61.03
29.56
0.89
42.67
29.41
190.24
54.92
24.31
127.83
46.86
9.93
132.46
93.33
65.88
190.17
46.65
14.63
189.58
54.47
21.6
130.13
53.85
40.78
190.29
55.01
23.97
142.06
60.4
21.57
128.33
44.03
28.73
198.56
43.14
16.67
132.05
89.51
56.31
128.74
47.54
45.37
190.66
41.76
10.98
132.9
97.56
83.01
131.78
83.47
100
129.61
57.06
87.2
189.14
52.47
17.97
127.26
34.27
20.09
189.16
53.36
18.86
189.73
54.39
21.77
131.53
55.32
33.67
143.99
59.61
20.2
128.7
48.41
70.22
132.99
98.85
94.73
132.08
81.06
88.9
132.91
95.8
100
63.99
90.62
48.76
128.54
46.69
52.41
1.6
94.68
100
133.33
100
100
131.71
81.51
96.86
129.41
56.87
94.56
128.71
54.95
94.51
186.12
48.55
10.72
126.77
28.25
16.03
127.31
36.08
24.95
129.54
70.42
39.43
187.92
54.48
16.98
128.46
60.61
69.47
132.52
95.81
86.41
192.06
72.94
10.12
131.86
77.87
95.62
186.21
49.65
11.63
187.63
53.68
16.12
131.3
77.5
95.29
127.8
41.5
43.98
131.89
86.33
96.39
131.43
52.31
29.45
141.32
55.25
18.34
2.34
88.05
44.73
130.28
62.39
16.75
134.67
45.97
11.29
128.4
47.02
94.58
128.4
47
94.22
6.91
76.55
60.45
141.06
54.52
17.82
131.06
49.49
28.58
128.76
58.67
44.49
128.69
54.1
65.36
128.2
45.45
86.22
136.09
48.79
14.82
137
49.71
15.42
129.15
63.32
74.12
61.5
82.7
30.72
66.92
89.46
53.05
57.07
68.95
62.24
128.17
45.3
87.92
128.17
45.3
88.04
128.21
49.06
69.16
130.22
59.73
26.77
2.62
88.2
45.12
69.31
78.83
55.63
128.64
39.72
27.96
9.84
70.45
33.35
128.09
43.37
26.68
128.14
38.16
28.06
127.84
59.87
39.79
64.48
77.74
42.15
127.99
44.04
77.49
128
44.1
78.36
127.21
55.27
56.5
68.18
83.3
41.6
63.53
76.04
31.53
127.01
53.73
40.36
127.71
49.21
61.1
137.24
40.53
42.02
163.73
-90.98
100
16.87
7.74
47.06
159.67
-78.61
100
17.74
5.42
51.48
148.29
-36.63
100
153.07
-55.29
100
4.39
45.86
52.16
148.93
-39.35
100
148.22
-36.38
100
135.87
6.13
53.33
158.54
-75.09
100
155.46
-63.92
100
147.52
-40.78
100
108.24
-58.04
100
150.28
-47.55
100
113.9
-45.88
100
118.69
-41.18
100
197.38
35.6
74.9
100.52
-81.47
100
100.13
-67.45
100
151.63
-49.02
100
100.13
-41.25
100
100.14
-88.24
100
101.22
-63.97
100
100.13
-46.25
100
100.15
-38.68
100
100.54
-75.97
100
104.97
-58.82
100
101.11
-58.13
100
102.75
-38.82
100
100.17
-38.04
100
101.31
-41.18
100
138.59
7.57
48.71
11.24
3.66
100
133.87
84
49.02
151.68
-51.37
100
154.44
-60.19
100
136
17.66
50.59
11.37
3.45
100
102.11
-14.71
100
101.95
-22.5
100
115.89
7.81
50.2
100.46
-57.16
100
100.13
-51.29
100
4.16
34.23
49.49
102.46
-56.39
100
137.76
9.88
68.1
9.67
3.14
100
12.89
3.39
59.55
100.13
-40.78
100
100.17
-39.11
100
101.96
-70.14
100
14.44
5.1
59.41
156.6
-68.24
100
100.86
-60.22
100
100.09
-50.64
100
100.48
-52.13
100
100.51
-83.67
100
9.92
2.55
100
154.52
-60.06
100
150.02
-48.63
100
7.77
53.95
25.44
178.72
33.85
38.24
152.81
-55.29
100
147.45
-40.39
100
101.09
-55.46
100
100.73
-59.48
100
144.2
-30.31
100
144.71
-32.16
100
155.82
-63.34
100
100.49
-43.35
100
100.13
-54.85
100
100.75
-56.64
100
133.28
3.9
66.67
100.98
-56.56
100
102.06
-16.86
100
101.73
-31.18
100
100.12
-53.44
100
100.07
-56.57
100
101.98
-20.88
100
100.47
-82.53
100
112.84
32.79
15.95
101.67
0
100
101.35
-53.33
100
106.57
12.21
41.76
122.86
63.81
10.29
155.58
-66.2
100
101.9
-27.06
100
115.7
39.56
44.12
154.22
-61.35
100
100.11
-52.05
100
143.74
-28.73
100
100.05
-90.21
100
102.13
-2.58
100
9.75
3.84
70.39
100.51
-53.39
100
141.54
-21.74
100
101.66
-34.77
100
142.03
-23.35
100
152.85
-57.69
100
154.16
-60.11
100
102.01
-20.24
100
101.89
-24.84
100
146.2
-36.08
100
101.15
-58.56
100
144.1
-30.07
100
100.12
-54.69
100
100.78
-43.1
100
149.87
-42.55
100
115.03
38.61
29.02
102.12
-15.84
100
150.81
-49.64
100
100.17
-66.21
100
148.09
-42.29
100
100.11
-50.03
100
100.32
-51.92
100
141.57
-21.64
100
102.65
2.54
92.55
100.05
-84.72
100
101.51
-39.95
100
146.23
-36.93
100
101.41
-4.26
100
101.72
-27.91
100
139.41
-14.72
100
137.49
-8.33
100
135.88
-2.99
100
146.69
-38.34
100
145.75
-34.25
100
115.7
40.9
28.69
141.87
-22.77
100
100.78
-70.98
100
142.82
-25.72
100
152.96
-57.37
100
101.65
-35.51
100
101.37
-44.9
100
100.16
-87.45
100
138.64
-12.16
100
101.21
0.03
100
144.04
-29.84
100
154.93
-61.76
100
150.59
-48.68
100
147.62
-40.07
100
102.22
0
100
136.01
-3.43
100
100.09
-73.07
100
18.98
-30.96
100
102.27
-7.22
100
102.13
-14.87
100
101.19
-79.16
100
142.34
-23.87
100
15.69
4.36
57.15
102.06
-17.69
100
101.83
-27.69
100
102
-20.05
100
136.05
-3.33
100
100.46
-79.22
100
139.87
-14.31
100
102.11
-15.25
100
101.77
-27.63
100
145.49
-33.94
100
140.86
-19.31
100
100.27
-64.44
100
138
-10.03
100
101.55
-37.05
100
146.23
-36.83
100
101.52
-40.1
100
100.66
-51
100
101.74
-30.05
100
100.49
-84.92
100
100.19
-58.5
100
155.71
-64.16
100
188.05
-27.75
100
100.78
-72.01
100
144.83
-32.16
100
107.06
17.28
30.26
110.8
25.55
27.84
110.46
-67.06
100
144.73
-31.66
100
156.74
-67.33
100
110.53
26.02
28.14
150.88
-51.2
100
100.93
-46.65
100
8.66
33.8
72.27
138.16
-10.56
100
17.29
8.08
76.34
142.37
-24.11
100
192.2
-12
100
17.13
5.7
60.83
101.65
-30.91
100
144.01
-29.73
100
154.33
-62.18
100
133.38
4.56
96.23
111.71
27.36
13.86
142.96
-26.35
100
100.79
-67.05
100
147.09
-39.63
100
192.73
-10.18
100
102.02
-16.96
100
156.03
-66.15
100
101.73
-31.29
100
100.41
-56.06
100
101.85
-26.63
100
17.32
8.16
80.49
101.33
-45.82
100
138.64
-12.13
100
110.65
24.31
19.42
101.64
-35.88
100
153.56
-59.73
100
101.96
-22.91
100
146.83
-38.69
100
151.5
-53.29
100
144.24
-30.41
100
138.75
-12.49
100
101.48
-42.55
100
101.28
-48.17
100
150.49
-49.57
100
117.97
38.05
46.05
101.84
-26.84
100
101.78
-31.05
100
101.66
-34.59
100
130.3
81.03
33.07
192.46
75.36
19.33
166.8
-96.86
100
115.01
29.47
16.92
128.35
42.28
18.34
136
90.14
30.5
129.45
74.93
13.14
190.24
53.57
22.88
190.7
50
16.86
197.6
64.47
25.61
0
42.37
23.14
190.67
54.17
21.96
127.37
42.03
9.1
132.65
94.71
70.46
128.85
49.07
43.96
128.51
46.05
29.8
189.82
54.92
22.57
189.82
46.15
12.94
195.95
42.57
11.61
129.98
61.09
86.47
131.55
78.65
100
130.03
52.08
40.92
189.79
39.06
9.65
132.1
91.89
59.51
127.26
35.17
20.31
188.49
55.51
20.15
128.9
49.86
68.53
189.63
54.79
22.05
138.76
58.83
23.49
132.96
98.12
83.42
133.54
90.08
87.94
1.87
93.79
100
128.76
48.27
52.16
188.6
51.93
16.09
133.33
100
100
188.67
52.81
17.24
130.58
51.65
36.15
66.79
99.03
93.01
188.48
55.51
19.81
128.89
57.5
94.12
129.59
59.18
95.8
139.85
58.05
22.29
64.14
89.41
52.38
132.22
86.67
100
133.33
100
100
128.5
61.14
69.39
127.54
37.28
25.77
126.68
29.35
17.3
132.1
72.63
94.69
183.36
49.57
9.16
127.91
42.33
44.63
129.32
66.17
43.82
131.24
77.16
96.51
137.75
78.15
11.13
132.49
95.43
85.76
186.4
55.64
15.44
183.83
51.38
10.15
131.9
86.42
96.85
186.07
55.19
14.57
128.53
47.59
95.61
130.63
66.52
18.32
128.52
47.5
95.42
129.72
46
32.84
2.3
89.25
48.23
130.91
37.98
13.02
128.84
55.72
65.93
137.38
54.3
20.41
128.97
60.49
45.18
128.26
45.93
87.08
6.87
76.9
64.94
136.98
53.79
20.03
61.53
82.89
32.59
129.08
62.66
76.46
129.66
45.91
32.52
128.23
45.73
89.27
128.22
48.5
71.16
66.42
89.19
55.79
131.93
45.21
17.6
128.2
45.57
90.36
132.98
49.08
18
57.22
69.47
67.13
130.17
60.36
30.27
56.95
70.67
35.68
68.86
79.49
58.42
2.5
89.3
49.73
64.36
77.37
44.28
128.05
44.72
30.52
127.87
38.47
32.64
128.02
44.32
80.42
128.04
44.34
81.43
127.64
37.93
32.94
127.87
60.48
44.63
68.15
83.37
43.75
127.17
55.72
61.05
63.57
76.6
34.82
127.7
49.77
65.09
127.17
54.26
44.73
141.38
30.05
39.8
104.14
-87.58
100
28.24
-64.31
100
160.58
-81.25
100
17.88
4.79
47.92
11.11
3.2
100
13.53
18.05
52.16
147.68
-34.41
100
152.65
-53.43
100
9.7
4.31
100
137.34
15.06
47.32
148.99
-39.78
100
148.57
-37.76
100
158.73
-75.75
100
105.27
-65.75
100
116.8
-47.76
100
121.53
5.06
50.39
150.66
-49.45
100
129.17
4.69
50.2
5.27
18.86
91.5
152.51
-53.91
100
194.2
30.85
78.82
100.07
-69.22
100
100.12
-43.09
100
100.14
-89.02
100
189.47
18.8
52.16
100.15
-48.78
100
100.16
-40.07
100
100.61
-75.39
100
101.16
-56.67
100
100.65
-40
100
137.73
5.44
45.62
100.15
-38.27
100
100.72
-39.31
100
118.9
7.87
49.8
10.96
3.95
100
101.99
-26.93
100
152.94
-54.05
100
150.23
-45.69
100
101.71
-32.92
100
150.52
-44.71
100
11.03
3.17
100
122.84
7.66
46.08
102.68
-43.4
100
11.6
11.85
52.94
100.39
-58.28
100
100.1
-54.29
100
146.93
-33.33
100
14.92
3.96
56.45
194.5
43.15
53.25
9.82
2.59
100
100.13
-42.42
100
191.61
27.67
62.35
119.78
10.58
37.8
100.15
-39.85
100
100.56
-50.76
100
15.72
5.41
60.36
156.56
-68.23
100
100.11
-53.44
100
100.51
-82.94
100
101.1
-53.77
100
150.85
-51.37
100
149.38
-46.76
100
9.74
2.49
96.92
78.55
49.47
12.29
145.66
-34.97
100
153.2
30.01
34.46
155.15
-62.64
100
150.6
-45.49
100
146.67
-38.04
100
101.3
-48.23
100
100.97
-55.04
100
145.67
-34.41
100
102.05
-17.14
100
101.11
-53.92
100
155.46
-63.03
100
100.22
-42.75
100
101.81
-28.26
100
100.08
-55.75
100
101
-52.37
100
120.51
55.38
8.5
132.75
98.25
5.59
102.04
-18.36
100
155.59
-66.08
100
132.14
96.43
3.66
102.48
0
100
101.89
-57.04
100
101.81
-30.02
100
100.09
-59.18
100
100.12
-59.39
100
143.08
-26.72
100
100.54
-81.27
100
153.48
-58.89
100
101.37
-48.24
100
100.05
-91.06
100
102.08
-57.4
100
152.09
-55.29
100
102.13
0.05
100
151.56
-49.41
100
141.62
-22
100
103.32
8.36
46.41
100.12
-54.39
100
104.63
6.28
87.45
133.5
3.2
66.5
101.86
-26.1
100
19.8
-35.93
100
100.64
-53.12
100
153.46
-57.89
100
143.22
-27.22
100
139.82
-16.04
100
102.47
-25.85
100
112.13
29.77
29.59
101.21
-58.53
100
101.45
-43.88
100
102.09
-16.86
100
100.92
-41.48
100
140.55
-18.32
100
101.77
-26.66
100
145.73
-35.32
100
100.08
-57.13
100
150.4
-44.49
100
100.26
-66.58
100
139.73
-15.78
100
145.92
-35.88
100
136.61
-5.42
100
134.89
0
100
146.45
-37.16
100
149.67
-46.39
100
141.93
-22.9
100
100.72
-74.9
100
141.02
-20
100
100.04
-85.96
100
100.24
-54.57
100
100.11
-52.34
100
111.58
27.96
34.08
101.64
-35.56
100
102.02
-19.59
100
102.17
-13.19
100
101.44
-42.75
100
138.82
-12.75
100
100.23
-86.74
100
100.97
0.03
100
101.86
-25.12
100
144.02
-29.79
100
134.93
0.2
100
102.25
-7.35
100
144.71
-30.98
100
141.78
-21.74
100
100.12
-75.25
100
139.9
-14.9
100
151.76
-53.33
100
102.15
-14.4
100
135.99
-3.4
100
155.3
-63.42
100
101.93
-23.25
100
102.17
-12.94
100
137.9
-9.72
100
100.5
-84.51
100
139.92
-16.25
100
100.48
-77.39
100
12.74
3.57
66.49
149.88
-46.83
100
16.35
5.15
60.29
101.82
-27.86
100
148.34
-36.89
100
100.83
-49.73
100
155.62
-66.08
100
189.14
-23.65
100
101.68
-33.29
100
17.21
8.24
78.98
100.38
-65.1
100
143.99
-29.3
100
101.68
-33.53
100
137.29
-7.69
100
102.66
-72.31
100
144.95
-32.86
100
143.47
-27.81
100
156.39
-66.68
100
100.29
-59.42
100
17.24
8.36
80.83
193.39
-7.62
100
156.5
-67.49
100
108.52
19.48
37.58
109.83
22.87
35.52
142.41
-24.56
100
146.3
-37.11
100
17.32
6.5
65.74
102.12
-13.81
100
143.14
-26.61
100
115.44
40.96
25.85
153.14
-58.59
100
134.58
1.22
100
100.81
-71.34
100
17.22
8.53
83.71
140.7
-18.75
100
100.88
-64.59
100
149.75
-48.07
100
193.64
-6.92
100
119.25
50.94
10.39
137.59
-8.65
100
145.58
-34.68
100
101.91
-24.62
100
142.33
-24.31
100
102.07
-17.31
100
155.6
-65.06
100
110.67
24.95
25.73
101.51
-39.52
100
149.76
-47.97
100
152.23
-55.72
100
137.56
-8.55
100
101.8
-25.92
100
104.19
7.77
57.03
142.58
-25.04
100
101.6
-37.54
100
115.34
33.18
45.16
149.04
-45.18
100
101.43
-42.82
100
101.99
-20.89
100
101.7
-35
100
101.95
-23.02
100
101.76
-30.33
100
100.2
-59.8
100
101.77
-29.65
100
3.43
47.75
44.44
144.5
36.72
30.36
127.31
71.69
32.55
143.42
60.53
4.97
128.42
42.62
17.4
189.17
59.35
19.22
132.93
80.14
22.51
147.42
50.68
24.65
133.65
65.56
27.52
146.01
44.3
27.76
196.53
84.98
24.66
135.65
83.04
10.02
188.86
60.17
21.21
129.11
51.17
41.76
131.07
80.58
40.39
132.88
50.68
7.57
134.26
63.24
28.35
198.85
43.1
22.75
135.43
91.38
16.89
128.57
44.59
24.16
190.21
48.51
15.36
189.71
53.5
20.62
189.84
52.85
19.87
132.39
94.25
69.28
129.11
51.72
66.72
130.34
66.77
81.63
190.48
42.86
7.32
127.55
35.7
20.05
188.64
43.3
10.8
3.23
88.12
97.65
133.19
81.78
92.55
128.97
50.22
52.78
188.33
37.08
7.24
189.26
54.65
20.74
131.88
88.54
60.2
129.51
49.6
43.66
132.84
97.72
83.3
129.07
57.2
93.05
133.33
100
100
186.91
58.17
18.59
189.01
54.41
19.93
128.77
63.65
68.74
135.93
57.94
25.75
129.13
52.33
95.42
133.75
84.37
94.82
188.05
51.09
14.19
133.33
100
100
127.62
38.04
26.19
132.61
96.27
100
188.2
52.16
15.42
133.33
100
100
129.72
48.74
39.81
126.69
30.49
18.09
63.21
86.08
51.93
128.06
43.14
44.88
186.79
58.23
18.1
136.4
57.06
24.65
131.38
78.96
97.62
146.26
45.31
9.1
134.71
79.11
12.7
132.59
96.06
91.35
129.11
67.24
45.99
128.63
48.2
96.14
132.2
89.81
100
128.68
48.17
96.22
130.51
65.51
19.81
128.83
55.5
66.69
145.73
47.52
10.1
128.94
60.12
46.14
145.93
55.26
14.95
128.32
46.48
87.44
145.87
54.05
14.16
128.92
33.74
14.71
2.05
90.71
51.68
128.85
43.83
37.18
128.3
46.31
90.04
6.8
77.01
69.53
60.91
81.46
34.23
134.05
53.83
23.06
128.26
48.88
72.21
129.18
63.26
78.06
128.25
45.88
92.13
67.19
89.51
57.39
133.54
53.49
22.64
128.78
44.3
37.44
129.5
39.05
20.47
57.23
69.64
71.86
130.02
59.23
33.09
57.1
71.2
37.54
130.08
41.32
21.01
68.45
79.47
60.92
64.14
77.01
45.89
128.06
44.54
82.68
2.37
89.8
54.77
128.06
44.58
83.93
128.16
45.69
34.07
127.59
38.58
37.35
68.56
83.29
45.51
127.48
38.18
37.41
127.9
61.41
49.19
127.29
55.93
65.25
63.8
77.27
37.65
127.76
49.72
69.11
127.22
54.37
48.8
161.57
-84.12
100
161.21
-83.4
100
27.28
-56.78
100
10.96
3.2
100
147.28
46.1
55.29
152.29
-51.92
100
151.9
-54.9
100
10.11
3.16
100
149.16
-40.63
100
107.94
-75.78
100
149.42
-41.21
100
113.59
-52.16
100
131.98
5.76
45.98
150.47
-49.39
100
150.63
-50.07
100
9.81
3.61
97.88
9.76
3.5
96.39
155.23
-63.03
100
100.07
-72.35
100
100.11
-45.2
100
100.14
-89.41
100
144.38
-29.41
100
100.18
-51.3
100
100.19
-41.74
100
100.69
-74.22
100
132.27
78.72
36.86
101.19
-54.79
100
102.12
-43.25
100
182.22
44
29.41
140.46
8.37
51.55
100.13
-38.63
100
100.61
-38.26
100
101.74
-35.56
100
127.28
9.45
52.55
153.46
-56.31
100
10.27
4.39
100
147.3
-38.63
100
150.83
-46.13
100
100.13
-42.06
100
10.59
2.95
100
14.32
6.14
51.11
102.09
-45.36
100
148.5
-38.82
100
152.68
-54.12
100
101.1
-41.81
100
100.44
-60.78
100
145.85
48.97
47.52
100.11
-56.6
100
16.03
5.4
57.71
2.59
29.51
68.37
9.46
2.53
96.3
100.62
-50.19
100
100.13
-44.27
100
143.07
9.34
38.5
148.87
-45.2
100
100.16
-40.86
100
145.34
-34.07
100
148.92
-45.33
100
16.69
5.98
63.9
156.22
-67.42
100
100.55
-82.14
100
105.11
13.7
20.45
100.1
-56.58
100
154.64
-60
100
101.36
-44.94
100
146.8
-38.82
100
9.82
2.45
93.89
155.6
-64.56
100
130.92
3.41
63.27
102.07
-16.81
100
150.04
-43.06
100
101.23
-50.58
100
101.54
-39.02
100
101.86
-25.41
100
102.22
-44.31
100
100.24
-51.71
100
155.58
-66.19
100
123.53
67.65
6.67
132.52
97.56
5.36
101.23
-48.99
100
102.11
-15.66
100
102.29
-8.45
100
154.4
-61.15
100
100.26
-43.37
100
101.76
-33.73
100
143.23
-27.06
100
102.69
7.61
42.35
101.25
-47.09
100
150.59
-46.37
100
151.89
-54.18
100
100.11
-61.79
100
100.14
-62.34
100
100.57
-80.19
100
141.47
-21.43
100
144.44
-30.81
100
101.71
0.05
100
101.37
-47.16
100
100.06
-91.52
100
101.84
-27.27
100
113.33
33.69
24.18
100.72
-57.01
100
101.81
-25.69
100
142.33
-24.33
100
102.04
-18.53
100
151.76
-50.46
100
152.68
-55.54
100
145.22
-33.67
100
101.05
-60.59
100
139.81
-15.88
100
100.16
-58.04
100
100
-55.69
100
101.07
-39.7
100
21.66
-39.73
100
102.03
-19.21
100
100.82
-52.14
100
145.11
-33.28
100
138.44
-11.48
100
141
-19.89
100
139.99
-16.65
100
134.95
0
100
100.6
-80.31
100
136.54
-5.14
100
102.21
-11.37
100
139.99
-16.6
100
101.97
-21.68
100
109.22
20.1
39.51
100.06
-60.28
100
100.36
-65.67
100
101.65
-35.53
100
138.78
-12.55
100
100.05
-87.16
100
144.82
-32.07
100
150.94
-46.55
100
100.2
-87.06
100
101.56
-43.69
100
100.61
0.03
100
148.19
-42.17
100
143.83
-29.19
100
134.9
0.2
100
139.22
-13.23
100
102.29
-6.86
100
100.32
-55.55
100
140.33
-17.41
100
100.12
-54.78
100
136.6
-5.1
100
100.08
-75.87
100
102.17
-12.39
100
100.51
-83.96
100
137.71
-9.18
100
102.19
-11.86
100
101.84
-26.56
100
138.63
-12.06
100
102.01
-19.5
100
154.77
-63.53
100
143.59
-27.65
100
100.52
-76.73
100
16.95
9.27
81.9
101
-47
100
190.21
-19.62
100
151.67
-52.45
100
16.86
6.11
65.16
155.4
-64.16
100
14.21
4.28
65.29
101.82
-28.28
100
136.07
-3.6
100
148.05
-41.57
100
145.71
-31.34
100
17.15
8.8
86.5
102.2
-10.66
100
194.66
-3.29
100
101.84
-26.9
100
100.46
-64.97
100
145.39
-34.22
100
141.82
-22.65
100
141.64
-21.98
100
142.45
-24.46
100
17.2
8.68
87.21
155.72
-65.51
100
110.31
23.76
45.27
17.35
7.24
71.88
143.89
-29.37
100
156.64
-67.66
100
151.71
-54.17
100
100.4
-59.79
100
132.81
5.26
100
136.59
-5.34
100
110.81
25.75
39.08
194.38
-4.13
100
144.3
-30.5
100
100.97
-62.3
100
139.07
-13.43
100
114.9
38.74
34.42
102.19
-12.79
100
141.36
-20.91
100
107.42
14.85
38.72
102.05
-18.17
100
148.66
-44.43
100
147.92
-42.13
100
112.27
29.96
29.66
136.3
-4.34
100
155.11
-63.84
100
100.86
-70.49
100
111.69
25.6
47.66
150.77
-51.16
100
101.68
-32.75
100
140.52
-18.38
100
101.73
-31.95
100
101.63
-35.49
100
140.84
-19.38
100
147.5
-40.51
100
101.58
-36.92
100
102.04
-18.19
100
101.97
-20.35
100
100.78
-41.18
100
101.89
-24.67
100
102.12
-14.79
100
101.89
-24.71
100
100.16
-63.29
100
149.31
49.51
18.15
128.36
39.8
15.76
192.78
55
23.53
167.65
-94.12
100
190.09
51.35
18.66
130
78.14
28.1
190.31
53.49
22.48
126.28
62.64
25.33
129.32
51.7
38.04
142.69
63.16
22.35
132.46
90.53
74.51
188.86
53.63
21.06
194.22
39.29
8.54
132.24
62.61
31.99
128.28
42.96
21.73
196.4
75.22
22.16
135.4
46.73
7.06
129.4
56.52
60.59
197.19
89.35
17.56
131.78
87.31
50.46
0
48.23
27.65
190.45
53.8
22.35
130.54
65.92
70.2
1.9
92.29
97.18
189.39
46.21
12.94
133.33
63.07
31.58
188.48
60.49
21.18
132.18
78.88
82.32
129.13
51.06
47.36
127.63
36.58
19.48
132.45
93.39
79.53
189.18
52.81
18.17
185.61
50
5.75
189.28
52.12
17.83
188.84
39.62
9.24
129.64
60.98
90.03
185.69
36.13
5.76
129.63
66.37
67.02
133.57
90.17
95.95
132.97
95.88
100
132.2
93.94
64.43
132.73
96.99
85.24
130.86
71.58
94.86
129.09
48.06
47.39
188.5
54.38
18.46
127.73
39.06
26.42
131.9
94.51
100
133.33
100
100
128.19
43.79
44.15
126.83
31.52
19.1
133.33
100
100
188.38
54.27
17.73
133.37
57.49
28.53
144.44
57.87
18.64
187.08
49.51
12.34
64.55
91.55
56.27
187.22
51.1
13.51
131.49
79.31
100
129.04
46.59
44.47
128.75
49.03
96.3
129.04
57.18
66.27
128.76
48.95
96.68
132.76
77.52
14.11
132.51
94.6
92.4
140.89
43.15
9.62
144.44
57.26
18.2
132.18
89.65
100
128.52
47.28
87.51
133.72
56.7
27.14
129.07
60.68
46.11
130.31
64
21.25
129.07
65.64
50.04
140.51
45.38
10.86
128.41
46.94
90.52
128.28
49.1
72.76
127.61
32.01
16.64
60.94
81.58
35.39
142.01
52.87
15.64
129.29
64.83
78.61
141.43
51.99
14.98
2.28
89.89
57.11
128.29
46.31
93.48
6.77
76.96
73.76
128.23
42.13
41.84
66.36
88.84
60.25
131.47
48.51
26.08
57.17
71.47
39.39
64.59
78.48
47.54
129.99
59.34
35.83
57.29
69.94
76.08
128.09
35.97
23.74
68.93
79.09
62.5
130.88
46.54
26.08
128.1
44.78
84.51
128.28
43.36
42.06
128.45
37.47
24.44
128.08
44.76
86.15
67.91
83.72
47.41
128.11
45.69
37.15
2.28
90.23
59.74
127.38
55.85
68.81
127.49
38.99
41.96
64.19
78.76
40.2
127.73
50.85
71.88
127.99
62.05
53.84
127.44
38.72
41.95
127.31
55.28
52.47
162.33
-86.5
100
163.59
-90.69
100
28.37
-65.1
100
10.82
3.19
100
134.41
7.53
51.06
148.32
-35.05
100
10.33
2.99
100
108.3
-74.31
100
149.41
-41.64
100
108.76
-65.1
100
150.76
-47.32
100
111.97
-54.62
100
148.36
18.14
46.71
149.86
-48.18
100
149.72
-47.51
100
10.38
3.29
94.11
10.62
3.26
89.61
156.67
-68.24
100
100.04
-72.94
100
100.09
-48.04
100
100.13
-91.03
100
151.75
-50.81
100
144.74
10.24
72.75
100.22
-54.05
100
100.22
-43.71
100
100.75
-72.53
100
186.8
52.48
39.61
101.21
-53.74
100
100.78
-40.39
100
137.47
3.46
60.44
100.13
-40.48
100
100.78
-38.82
100
132.04
10.51
50.39
153.48
-56.64
100
10.34
3.38
100
145.11
-31.06
100
151.36
-48.02
100
14.19
11.13
55.49
137.76
12.6
65.57
100.13
-42.91
100
101.52
-43.87
100
10.07
2.73
100
152.39
-53.33
100
100.17
-41.96
100
100.37
-61.62
100
100.07
-58.43
100
16.76
6.31
64.06
144.39
39.7
47.41
4.21
25.27
73.13
100.71
-49.44
100
149.35
-46.71
100
145.18
-33.51
100
100.13
-46.41
100
9.35
2.88
91.1
147.04
-39.37
100
143.24
9.17
38.16
100.18
-42.13
100
100.21
-79.78
100
154.81
-56.31
100
146.09
-36.34
100
100.54
-81.79
100
16.99
7.18
69.8
155.35
-65.1
100
102.12
-15.06
100
145.62
-34.61
100
100.13
-59.61
100
155.55
-66.14
100
101.65
-34.28
100
101.97
-21.64
100
101.34
-47.08
100
133.33
100
5.1
133.33
100
6.08
9.94
3.09
89.54
100.25
-50.59
100
155.86
-65.94
100
102.22
-12.35
100
150.4
-44.51
100
102.15
-13.6
100
82.06
53.58
46.95
105.49
-39.71
100
101.18
-50.07
100
130.63
5.56
61.67
101.78
-29.51
100
101.68
-39.36
100
143.63
-28.47
100
101.18
-52.94
100
101.57
-41.18
100
101.47
-41.07
100
153.38
-58.16
100
100.27
-44.39
100
143.09
-26.47
100
140.57
-18.53
100
101.87
-23.49
100
149.98
-47.84
100
101.2
0.04
100
100.08
-58.64
100
101.48
-40
100
144.68
-31.92
100
101.8
-28.53
100
102.02
-19.2
100
100.09
-92.06
100
112.08
29.88
24.61
150.65
-45.93
100
101.9
-24.9
100
100.59
-79.6
100
138.87
-12.88
100
141.06
-20.15
100
100.18
-65.29
100
100.12
-63.84
100
151.16
-50.89
100
102.02
-19.45
100
102.24
-9.82
100
101.58
-55.64
100
139.98
-16.55
100
144.31
-30.74
100
101.24
-37.07
100
100.39
-86.86
100
139.78
-16.01
100
138.97
-13.25
100
100.13
-58.43
100
134.98
0
100
150.22
-46.9
100
136.09
-3.68
100
14.36
4.45
60.6
100.25
-62.07
100
108
16.44
44.12
100.13
-56.76
100
101.65
-34.97
100
100.95
-51.77
100
138.84
-12.83
100
136.92
-6.43
100
144.71
40
33.33
100.23
-86.57
100
100.3
0.03
100
101.52
-40.96
100
138.91
-12.11
100
134.94
0.1
100
143.74
-28.85
100
100.52
-63.96
100
100.07
-63.66
100
102.35
-5.1
100
100.05
-88
100
139.3
-13.48
100
142.98
-26.24
100
134.99
0
100
100.52
-82.94
100
151.41
-48.35
100
100.08
-77.08
100
137.91
-9.8
100
102.31
-9.41
100
146.61
-37.42
100
101.9
-24.97
100
102.22
-9.61
100
17.06
9.07
86.29
153.73
-60.39
100
137.23
-7.45
100
100.46
-54.76
100
100.15
-57.08
100
102.12
-15.04
100
101.15
-44.74
100
100.59
-74.71
100
191.23
-15.83
100
134.99
0.05
100
17.01
7.08
71.87
142.09
-23.01
100
102.07
-20.3
100
102.27
-7.64
100
15.52
5.35
66.12
151.37
-51.37
100
17.05
9.25
92.39
144.59
-31.63
100
155.33
-64.32
100
17.16
8.92
90.97
141.42
-21.3
100
195.65
0.53
100
102.03
-18.83
100
147.24
-39.27
100
135.59
-2.01
100
17.33
7.88
79.09
139.97
-16.56
100
100.63
-63.4
100
142.86
-25.84
100
154.38
-61.65
100
150.24
-49.64
100
195.85
1.38
100
134.99
0.72
100
140.72
-18.79
100
144.09
-27.57
100
102.22
-10.27
100
111.63
27.87
50.25
101.04
-59.64
100
157.02
-69.13
100
143.66
-28.68
100
112.18
29.71
44.31
100.56
-58.82
100
108.8
19.2
42.38
137.84
-9.38
100
109.61
20.21
49.43
145.88
-35.64
100
134.99
0.02
100
102.19
-11.58
100
116.17
43.23
36.44
114.47
37.21
32.67
101.76
-31.96
100
139.75
-15.76
100
149.13
-46.04
100
101.83
-27.6
100
147.34
-40.39
100
154.15
-61.1
100
101.86
-25.57
100
145.73
-35.01
100
139.09
-13.63
100
102.16
-12.3
100
101.75
-30.76
100
138.68
-12.28
100
100.88
-71.22
100
102.01
-19.79
100
102.11
-14.34
100
100.18
-68.19
100
102.27
-8.79
100
100.94
-39.61
100
102.02
-19.54
100
120.04
50
34.9
114.05
34.31
60
100.13
-66.37
100
167.45
-95.2
100
129.46
54.07
33.73
190.2
52.94
20
195.97
80.24
22.16
190.06
51.15
18.14
131.13
67.71
53.43
190.28
53.6
20.71
194.94
39.89
8.73
189.81
50
14.12
166.5
-95.88
100
132.52
92.4
80
189.71
54.18
20.33
0
48.81
32.94
131.26
58.1
33.57
140.59
61.46
22.61
129.51
53.12
37.65
198.71
55.68
17.25
189.55
52.84
19.85
0
46.56
25.69
131.6
82.72
51.44
127.66
37.36
17.84
188.76
44.71
11.11
144.44
47.62
5.49
132.36
92.45
81.37
189.55
53.98
19.73
132.28
59.29
33.07
132.78
78.1
76.57
143.5
60.7
20.57
188.63
52.1
16.35
133.31
99.92
100
188
38.4
8.17
183.53
39.88
5.07
188.38
51.03
15.29
131.14
74.01
94.25
127.86
40.06
26.43
132.78
96.44
84.06
131.87
90.19
65.42
128.33
44.76
43.33
132.62
94.08
100
126.91
32.66
19.55
128.79
46.96
49.83
133.33
100
100
133.33
100
100
187.33
54.44
16.18
128.85
49.86
95.81
131.32
79.32
100
129.14
57.13
66.03
65.11
92.37
62.64
185.15
48.95
10.21
128.86
49.75
96.76
128.67
48.19
86.89
131.54
51.93
30.99
187.16
54.15
15.44
129.2
60.36
46.37
140.83
56.01
19.72
185.56
50.71
11.47
132
76.67
15.56
128.61
45.37
48.16
132.22
90.41
100
132.77
97.97
91.81
130.87
69.35
22.12
135.38
41.62
10.63
128.61
47.81
90.63
128.45
48.66
73.44
128.99
64.31
54.45
140.59
55.23
19.24
131.44
50.88
30.41
62.01
83.94
35.79
135.19
44.79
12.18
127.01
31.34
18.74
129.35
64.49
80.25
128.35
46.68
94.4
137.37
51.43
17.17
6.84
76.76
77.5
2.08
90.78
60.96
136.5
50.48
16.7
67.27
89.11
61.4
57.24
71.68
40.62
128.11
42.98
46.53
64.09
77.03
48.5
128.13
45
85.73
130.14
60.38
38.67
68.54
79.52
64.6
129.56
43.45
30.08
57.3
70.28
79.14
128.11
44.99
87.63
127.4
35.04
27.16
68.05
83.84
48.78
128.07
43.11
46.8
129.15
41.86
30.16
127.61
36.28
28.37
128.25
46.42
40.43
2.28
90.48
64.76
127.42
56.08
71.71
64.1
78.61
42.45
127.73
50.56
75.23
127.49
39.43
46.67
128.01
62.31
58.09
127.48
39.4
46.26
127.47
55.62
56.02
105.19
-81.44
100
10.28
57.01
20.98
164.38
-92.84
100
195.5
30.32
63.37
150.98
-46.27
100
10.69
3.46
100
133.89
9.73
54.74
148.02
-34.61
100
105.07
-69.41
100
156.86
-69.8
100
10.73
3.19
95.77
149.75
-42.87
100
121.42
8.85
59.8
113.86
-55.82
100
148.69
-42.61
100
149.07
-45.8
100
124.86
4.54
52.28
11.28
3.4
88.51
11.63
4.01
83.36
137.8
60.85
46.08
100.09
-74.38
100
116.86
-29.8
100
100.12
-51.39
100
106.3
-62.2
100
100.13
-90.54
100
139.66
26.62
56.47
100.28
-56.64
100
100.27
-45.83
100
100.8
-71.16
100
101.22
-53.55
100
100.39
-41.18
100
144.84
-25.49
100
198.46
60.77
50.98
100.87
-36.47
100
100.1
-42.45
100
122.57
7.87
49.8
152.94
-55.45
100
15.13
11.56
64.47
141.18
-15.88
100
10.04
3.55
100
143.76
-27.06
100
151.78
-49.78
100
100.13
-44.9
100
100.61
-41.96
100
9.72
2.4
100
100.17
-43.03
100
151.85
-52.26
100
16.94
7.79
75.61
100.07
-65.88
100
148.22
-43.08
100
100.78
-48.81
100
100.09
-61.18
100
8.82
7.84
80
143.26
-27.33
100
138.68
6.87
51.37
143.8
-28.97
100
155.21
-65.05
100
102.09
-14.12
100
130.13
3.63
66.98
100.17
-48.55
100
143.14
-26.67
100
100.1
-85.39
100
9.32
2.51
87.89
151.27
-49.44
100
100.19
-43.38
100
102
-19.61
100
101.25
-46.67
100
153.46
-57.65
100
100.56
-81.18
100
101.42
-43.9
100
154.16
-61.7
100
101.5
-50.45
100
17.19
7.84
76.56
102.2
-11.75
100
100.13
-49.67
100
100.15
-62.43
100
102.04
-36.47
100
143.92
-29.41
100
101.9
-23.91
100
148.04
-41.18
100
142.09
-23.33
100
10.58
3.53
83.08
101.92
-21.96
100
102.03
-18.98
100
155.52
-65.27
100
150.84
-46.14
100
100.72
-42.94
100
131.26
3.93
68.53
139.91
-16.35
100
80.07
55.47
49.89
144.2
-30.37
100
102.01
-19.95
100
151.48
-50.92
100
102.11
-16.22
100
102.28
-7.79
100
101.7
-33.33
100
123.81
67.62
10.29
100.7
0.04
100
137.72
-9.05
100
147.01
-38.7
100
100.36
-45.19
100
151.58
-53
100
139.04
-13.42
100
101.71
-32.26
100
138.9
-12.98
100
143.56
-28.27
100
100.11
-92.46
100
149.87
-46.96
100
101.37
-54.12
100
137.98
-9.88
100
143.02
-26.5
100
100.09
-59.95
100
151.11
-47.06
100
100.64
-78.09
100
135.8
-2.67
100
101.68
-32.79
100
101.39
-34.54
100
135.69
-2.09
100
100.3
-67.38
100
100.19
-64.22
100
142.36
32.19
34.41
108.23
16.88
30.2
101.65
-34.77
100
139.6
-15.34
100
138.2
-9.88
100
149.02
-43.53
100
100.11
-63.33
100
100.37
-83.92
100
100.14
0.03
100
136.06
-3.4
100
101.54
-41.47
100
190.59
55.29
50
15.55
5.47
63.63
102.35
-3.14
100
143.48
-28
100
100.39
-62.73
100
137.97
-9.22
100
101.12
-49.57
100
100.11
-59.61
100
100.46
-83.73
100
134.99
0
100
135.93
-3.1
100
100.67
-61
100
137.78
-9.61
100
17.08
9.08
88.24
100.1
-79.59
100
100.04
-88.44
100
103.49
2.88
77.12
100.09
-68.2
100
102.22
-8.63
100
113.67
-50.79
100
102.29
-6.9
100
136.12
-3.73
100
141.43
-21.24
100
101.32
-41.41
100
151.98
-50.52
100
192.43
-11.43
100
102.2
-10.8
100
100.72
-72.16
100
145.54
-34.27
100
135.09
0.06
100
102.35
-4.91
100
100.7
-53.5
100
100.22
-58.92
100
17.14
9.28
95.85
143.9
-29.36
100
17.11
7.89
79.55
17.14
9.33
100
102.14
-16.12
100
140.94
-19.73
100
195.48
0.64
100
16.41
6.54
70.31
140.75
-18.66
100
141.14
-20.19
100
135.03
0.04
100
154.66
-62.57
100
150.13
-46.47
100
17.25
8.53
87.24
196.12
3.1
100
148.83
-45.15
100
102.3
-7.29
100
102.23
-10.45
100
138.57
-11.9
100
134.27
3.14
100
152.69
-56.59
100
100.75
-61.85
100
101.13
-56.85
100
145.01
-32.39
100
107.81
15.94
49.79
138.82
-12.68
100
101.89
-24.56
100
157.33
-70.42
100
135.09
0.02
100
143.6
-28.27
100
142.71
-25.49
100
141.73
-21.06
100
111.09
26.08
44.11
114.12
35.88
47.22
111.72
28.14
56.62
136.66
-5.38
100
102.35
-4.78
100
117.45
46.88
34.33
100.74
-56.55
100
101.94
-22.38
100
147.4
-40.59
100
116.47
44.08
41.57
102.2
-5.99
100
143.76
-28.75
100
152.98
-57.7
100
137.64
-8.78
100
101.91
-24.08
100
102.01
-19.01
100
146
-36.09
100
137.2
-7.3
100
102.04
-15.65
100
136.82
-6.05
100
111.83
21.77
24.31
167.67
-94.64
100
120.35
48.2
31.55
114.43
35.25
51.18
102.26
-8.78
100
102.4
-3.42
100
100.15
-68.04
100
189.7
52.42
18.24
194.37
41.55
7.96
166.27
-95.98
100
195.51
67.31
20.39
101.15
-36.26
100
102.13
-14.83
100
190.15
52.27
17.25
132.38
91.53
71.76
190.06
49.04
13.59
127.64
36.59
16.08
189.38
53.12
19.16
198.8
41.35
15.49
0
45.33
29.41
130.71
56.57
37.78
0.47
42.25
27.84
187.97
55.19
17.82
100.1
-69.66
100
131.62
84.09
58.24
138.01
59.48
23.44
139.08
41.38
5.69
189.17
52.94
18.33
132.54
95.78
85.66
188.95
43.37
10.98
133.33
100
100
131.49
78.67
93.01
127.98
41.29
26.12
128.48
45.93
42.39
130.83
53.86
36.55
166.55
-95.46
100
186.17
37.25
7.06
188.05
54.55
17.54
139.59
58.37
21.53
132.77
97.7
82.28
187.91
51.41
14.53
187.7
50.19
13.21
132.95
97.22
100
132.65
96.94
76.86
127.09
32.76
19.44
128.95
50.81
94.93
129.29
58.56
64.59
133.33
100
100
133.33
100
100
131.23
78.17
100
128.8
49.19
85.96
129.03
51.09
96.21
128.63
46.21
52.57
129.2
59.27
46.26
64.73
91.2
62
147.87
55.91
14.12
132.26
90.75
100
149.27
47.29
8.73
131.56
74.93
16.9
131.05
71.2
22.68
128.75
48.86
90.18
128.61
47.86
73.95
67.19
98.39
91.87
129.92
46.93
34.34
147.82
55.25
13.64
148.12
49.68
10.07
128.3
44.63
51.97
131.45
37.19
12.06
136.9
54.61
21.26
61.13
82.07
36.85
129.59
67.96
79.26
128.45
47.12
94.95
129.01
65.59
56.81
126.84
31.63
20.73
131.24
39.05
13.84
136.6
53.98
20.82
129.8
45.92
34.15
63.88
76.44
49.54
67.56
89.7
61.86
6.75
77.32
80.48
57.34
71.69
41.61
128.17
45.4
86.52
2.25
90.59
64.45
133.25
50.93
19.29
132.58
48.31
18.78
68.63
79.62
65.67
128.17
45.3
88.66
130.1
60.4
40.7
127.86
41.89
51.03
68.43
83.85
49.67
57.38
70.15
82.46
127.17
35.38
30.34
128.37
40.41
34.41
128.23
46.76
42.93
128.05
43.6
51.84
127.37
36.4
31.86
128.16
39.68
34.48
127.45
56
74.65
127.84
51.19
77.31
64.05
78.77
44.74
2.14
91.62
68.51
127.48
55.43
58.86
128.12
62.87
61.73
127.56
40.1
50.45
127.56
40.17
51.21
101.44
-90.2
100
11.11
47.5
23.53
77.02
68.93
13.25
184.25
29.98
48.98
148.6
-37.73
100
10.46
3.53
100
150.62
-48.63
100
148.98
-39.22
100
147.79
-34.42
100
11.28
3.47
90.22
149.9
-44.24
100
150.69
-45.69
100
146.34
-36.34
100
114.44
-53.92
100
147.17
-39.18
100
138.48
9.33
67.25
114.92
-44.09
100
148.41
-43.46
100
12.22
3.73
81.63
12.59
4.39
78.05
155.61
-63.81
100
136.77
29.9
66.01
100.09
-75.95
100
100.13
-91.05
100
100.11
-54.92
100
13.52
16
68.63
100.37
-58.72
100
100.35
-47.95
100
100.84
-69.26
100
101.26
-52.12
100
121.07
57.47
34.12
138.43
-10.98
100
100.39
-40.55
100
108.82
5.29
66.67
152.12
-53.26
100
101.05
-36.14
100
100.13
-44.92
100
137.21
11.48
91.67
15.86
10.9
74.51
100.72
-56.67
100
9.87
2.96
96.35
143.5
-26.5
100
147.78
-41.83
100
100.55
-48.47
100
100.16
-47.45
100
152.3
-51.95
100
100.88
-47.77
100
140.28
-17.62
100
17
8.82
88.07
100.22
-44.47
100
100.13
-67.84
100
152.08
-53.45
100
154.96
-64.3
100
9.46
2.22
95.36
10.97
3.54
77.45
100.13
-63.33
100
101.29
-43.89
100
139.16
-13.81
100
101.95
-20.84
100
148.04
-38.24
100
123.33
3.14
66.67
101.7
-51.64
100
152.65
-51.57
100
109.47
5.79
74.51
138.13
-10.33
100
102.08
-16.85
100
100.65
-63.14
100
101.52
-40.11
100
102.04
-18.82
100
149.08
-43.04
100
102.22
-10.98
100
100.27
-50.31
100
146.41
-37.41
100
101.7
-35.29
100
101.99
-19.16
100
100.08
-53.62
100
145.16
-33.33
100
100.23
-44.75
100
14.22
-17.07
100
140.78
-18.97
100
100.59
-80.29
100
102.17
-13.33
100
154.4
-59.28
100
143.79
-29.03
100
154.18
-61.79
100
138.95
-13.17
100
102.32
-6.15
100
100.24
-64.75
100
17.25
7.97
76.37
136.96
-6.5
100
105.21
8.2
50.2
102.09
-16.18
100
102.29
-28.76
100
138.04
-10.14
100
151.51
-48.64
100
100.34
0.04
100
142.97
-26.36
100
100.7
-43.79
100
128.63
3.81
67.45
11.42
3.49
76.62
155.39
-65.09
100
132.62
9.93
55.29
136.4
-4.67
100
143.38
-27.22
100
86.55
39.06
51.54
136.96
-6.53
100
151.56
-51.79
100
102.17
-13.03
100
133.58
3.99
56.71
100.13
-92.54
100
145.07
-33.16
100
101.34
-49.41
100
135.85
-2.78
100
100.41
-46.04
100
135.03
0
100
146.15
49.91
36.54
150.98
-51.36
100
100.02
-71.91
100
101.55
-31.62
100
101.67
-34.66
100
137.63
-8.35
100
140.77
-19.14
100
101.88
-24.75
100
100.67
-77.03
100
100.1
0.03
100
136.47
-4.9
100
100.55
-78.35
100
150.96
-46.76
100
100.43
-68.25
100
100.09
-61.02
100
100.26
-64.26
100
103.7
3.56
77.2
101.79
-28.89
100
143.62
-28.45
100
101.16
-57.16
100
136.37
-4.32
100
135.01
0
100
16.97
9.45
90.11
146.23
50.28
56.16
139.53
-15.14
100
147.28
-38.89
100
100.22
-67.73
100
16.24
6.12
65.3
103.65
3.34
77.84
100.12
-81.65
100
102.32
-5.97
100
102.35
-5.29
100
115.8
-46.54
100
135
0.02
100
101.28
-46.46
100
100.76
-59.9
100
100.48
-62.17
100
136.84
-6.01
100
100.04
-89
100
100.15
-62.75
100
101.46
-37.99
100
100.1
-71.93
100
193.56
-7.31
100
148.24
-40.26
100
141.08
-20.07
100
102.28
-8.79
100
100.65
-72.16
100
135.18
0.06
100
102.3
-2.4
100
17.42
9.79
100
142.6
-25.15
100
152.38
-52.17
100
17.75
10.33
100
140.53
-18.37
100
142.82
-25.7
100
195.39
1.07
100
102.15
-16.38
100
17.1
8.61
88.73
100.85
-52.16
100
139.83
-15.7
100
135.18
0.04
100
100.32
-60.36
100
16.77
7.61
77.42
17.24
9.06
95.4
102.39
-3.14
100
195.6
0.59
100
138.64
-12.04
100
147.47
-40.87
100
133.65
5.25
100
102.16
-26.76
100
153.57
-59.47
100
108.02
16.5
50.74
136.21
-4.03
100
150.74
-50.62
100
102.38
-3.51
100
101.2
-54.22
100
100.9
-59.72
100
135.23
0.05
100
141.62
-21.85
100
136.64
-5.41
100
113.67
34.26
59.29
143.26
-26.81
100
113.13
32.51
44.94
157.04
-69.82
100
101.94
0.07
100
132.23
95.87
23.73
102.06
-17.66
100
101.93
-2.07
100
135.09
0.01
100
145.94
-35.94
100
141.83
-22.75
100
115.56
41.01
47.45
141.89
-22.72
100
100.97
-52.4
100
139.71
-15.38
100
116.6
44.4
47.84
102.06
-11.23
100
167.71
-94.25
100
151.61
-53.56
100
102.06
-17.44
100
136.01
-3.18
100
102.13
-10.99
100
135.88
-2.98
100
144.95
-32.75
100
118.87
48
42.48
117.96
42.15
34.21
134.85
0.39
100
166.16
-95.69
100
196.97
38.96
8.63
102.54
-52.37
100
127.83
38.05
16.64
195.59
68.79
20.74
189.31
52.06
17.65
132.37
92
73.57
197.95
42.78
13.33
189.29
47.15
12.61
189.48
51.94
16.16
197.44
43.27
20.39
199.6
42.17
21.7
137.78
40
5.88
188.61
52.76
17.24
129.86
52.61
45.1
102.4
-3.37
100
132.24
88.2
95.69
131.38
81.25
60.17
133.33
100
100
128.67
47.34
41.01
128.07
42.11
24.84
101.96
0.04
100
132.67
96.94
87.38
147.12
58.15
16.29
135.66
58.29
25.03
188.15
41.98
9.93
102.19
-62.61
100
166.25
-95.22
100
188.56
52.55
16.8
129.11
51.78
93.73
129.39
58.86
62.82
101.38
-32.11
100
133.33
100
100
184.82
35.8
6.3
102.23
-10.45
100
127.12
33.48
19.52
128.95
50.44
84.71
130.01
50.72
39.67
66.93
98.72
84.05
129.06
52.07
94.9
131.29
80.52
100
132.37
91.3
81.18
129.66
64.03
45.58
133.33
100
100
147.3
57.64
15.89
133.33
100
100
187
48.8
11.71
136.31
57.18
23.72
187.21
50.26
12.88
100.11
-72.92
100
128.9
50.35
89.12
128.74
48.69
73.18
128.46
45.47
56.1
132.24
91.1
100
64.93
92.42
64.67
131.13
70.92
23.38
131.4
76.6
18.25
132.76
97.75
94.73
143.68
43.48
9.14
61.03
81.91
37.06
144.54
53.32
14.33
129.48
32.85
13.65
128.57
47.68
94.93
129.71
68.81
79.61
143.48
45.65
10.22
128.2
44.39
56.45
128.93
44.26
38.71
144.33
52.58
13.87
133.57
54.04
23.39
126.78
32.13
22.46
128.9
65.14
59.51
64.07
77.33
49.99
128.23
45.84
86.64
128.9
33.63
15.76
57.4
71.83
42.01
66.41
89.45
64.09
128.72
43.03
38.44
133.21
53.23
23.25
6.71
77.88
82.58
128.21
45.74
89.16
68.48
79.65
66.82
2.11
91.45
67.46
130.07
59.73
42.65
68.5
84.23
50.61
129.96
41.13
21.58
130.45
43.1
22.15
57.83
70.74
84.26
127.88
42.52
56.02
127.14
36.06
33.39
128.43
48.05
45.69
127.86
39.52
38.77
127.84
51.68
79.22
64.28
79.28
46.12
127.47
56.35
76.41
127.28
36.97
35.35
128.04
43.85
56.66
127.75
39.26
38.89
2.21
91.85
72.18
127.46
55.55
61.34
128.14
62.83
65.31
127.61
40.71
54.21
127.63
40.81
55.43
155.43
28.91
40.78
148.15
-36.04
100
10.41
3.27
100
151.39
-51.24
100
149.39
-40.78
100
148.15
-35.89
100
11.96
3.55
83.91
150.32
-46.31
100
147.19
-36.8
100
150.39
-45.07
100
132.59
6.83
65.56
151.1
-52.34
100
147.3
-38.75
100
111.56
-49.47
100
147.71
-41.44
100
13.17
3.93
75.66
13.62
4.26
72.83
155.58
-64.95
100
136.47
21.63
68
100.03
-77.16
100
15.57
7.27
66.4
100.13
-91.5
100
100.1
-58.51
100
198.78
78.9
42.75
100.51
-60.22
100
141.07
-18.04
100
100.9
-67.43
100
100.43
-49.84
100
101.25
-51.48
100
100.98
-33.92
100
151.46
-51.58
100
136.01
3.92
100
101.13
-34.62
100
16.03
11.14
78.86
100.15
-47.76
100
184.03
39.75
43.22
100.37
-61.7
100
155.69
-65.88
100
145.38
-34.06
100
199.28
28.7
63.53
136.45
-4.71
100
101.31
-43.32
100
154.99
-64.38
100
101.01
-45.9
100
101.62
-51.92
100
145.88
-35.69
100
17.06
9.16
93.06
9.68
2.72
92.91
102.04
-18.57
100
100.17
-50.2
100
142.89
-25.53
100
101.9
-24.67
100
152.89
-54.44
100
137.62
-8.68
100
11.25
5.86
73.65
100.28
-45.49
100
100.13
-70.69
100
102.06
-17.02
100
152.12
-54.02
100
102.12
-14.99
100
135.25
0
100
146.27
-36.99
100
102.19
-11.82
100
12.59
-10.5
100
100.1
-66.37
100
101.62
-36.86
100
150.92
-46.63
100
139.97
-16.42
100
102.25
-9.46
100
133.81
10.64
55.29
100.52
-74.71
100
102.32
-4.68
100
146.67
-37.84
100
143.33
-27.56
100
153.43
-55.18
100
146.92
-38.01
100
100.1
-55.54
100
137.63
-8.7
100
100.36
-51.96
100
137.21
-7.39
100
136.35
-4.43
100
100.59
-79.41
100
100.29
-46.12
100
142.98
-26.39
100
101.7
-30
100
15.8
-23.23
100
153.79
-58.92
100
153.78
-60.6
100
100.18
0.03
100
137.02
-6.75
100
135.09
0.04
100
100.34
-66.67
100
17.31
7.99
77.59
146.12
49.8
39.06
140.1
-16.74
100
134.95
0
100
148.67
-43.49
100
136.08
-3.73
100
103.53
-37.25
100
100.74
-44.31
100
121.98
6.04
47.58
102.23
-10.44
100
152.21
-51.25
100
153.1
-54.61
100
137.14
-6.27
100
100.17
-92.62
100
154.89
-63.76
100
101.63
-35.41
100
12.21
3.61
70.12
100.06
-72.34
100
143.1
-26.67
100
101.67
-28.72
100
153.46
-58.04
100
145.12
43.48
48.33
101.7
-41.49
100
101.42
3.59
58.3
136.73
-5.88
100
102.33
-6.55
100
100.05
0.03
100
100.85
-70.39
100
100.49
-46.8
100
102.16
-16.67
100
150.35
-49.54
100
101.54
-40.39
100
17.02
9.38
92.75
143.95
-29.61
100
135.18
0.59
100
135.99
-3.27
100
100.69
-76.08
100
140.71
-19.03
100
118.8
-41.9
100
103.78
3.85
80.06
102.06
-17.54
100
100.58
-68
100
151.51
-48.78
100
100.39
-63.36
100
143.24
39.27
66.33
102.42
-3.04
100
100.16
-83.48
100
102.48
-3.92
100
100.09
-63.36
100
101.96
-21.75
100
135.97
-3.15
100
146.16
-35.63
100
16.78
6.84
68.99
100.21
-70.07
100
101.61
-34.06
100
194.32
-4.2
100
100.94
-55.55
100
102.04
0.03
100
100.09
-89.35
100
135.22
0.03
100
101.4
-43.61
100
100.95
-62.51
100
101.94
-9.77
100
17.98
10.31
100
136.5
-4.64
100
100.66
-59.69
100
141.86
-22.75
100
100.13
-74.71
100
100.21
-65.7
100
138.86
-12.78
100
149.93
-45.49
100
140.31
-17.7
100
18.77
11.33
100
195.15
0.47
100
138.44
-11.23
100
135.34
0.03
100
102.03
-4.96
100
190.76
47.9
15.56
152.65
-53.53
100
17.18
9.1
95.21
140.85
-19.33
100
144.16
38.1
34.31
103.12
2.39
100
17.92
9.93
100
101.07
-48.24
100
149.83
49.9
16.5
197.72
36.33
87.06
167.71
-94.71
100
106.92
13.22
50.28
16.99
8.25
83.87
146.13
-36.6
100
132.55
6.86
100
100.49
-60.51
100
142.34
60.34
17.06
189.91
48.62
14.25
148.44
-43.47
100
135.05
0.13
100
101.26
-51.63
100
135.37
0.05
100
136.54
-5.16
100
139.65
-15.39
100
100.97
0.03
100
152.09
-55.06
100
101.02
-56.94
100
189.43
51.64
18.43
101.08
0.05
100
102.21
-12.55
100
166.38
-95.75
100
147.52
-38.04
100
123.08
58.4
30.35
100.23
0.08
100
133.33
99.3
28.04
115.36
39.45
46.31
118.73
43.54
31.72
144.41
-31.01
100
127.85
38.1
15.6
198.14
40.61
9.66
140.02
-16.68
100
135
0.05
100
101.89
-7.84
100
146.01
41.69
22.32
156.46
-68.26
100
135.26
0.01
100
141.35
-20.74
100
115.51
40.5
53.95
112.13
29.76
69.54
145.4
60.8
16.86
140.26
-17.25
100
129.5
50.57
34.12
101.99
-10.2
100
101.18
-47.71
100
149.8
-47.99
100
117.05
45.39
54.43
135.13
0.04
100
137.96
-9.64
100
101.66
-5.74
100
196.62
57.02
21.07
132.46
92.89
78.63
198.44
43.35
14.47
135.06
0.03
100
128.77
48.89
38.98
144.13
-30.06
100
133.33
100
100
187.05
59.64
6.51
188.62
51.42
16.18
128.28
43.94
25.88
197.35
43.18
17.25
197.8
42
14.87
189.17
46.72
11.94
134.91
0.64
100
188.42
50.32
15.1
129.87
63.47
60.39
129.22
52.74
84.44
131.19
79.06
61.79
132.72
96.78
89.02
129.36
50.87
44.97
129.09
51.67
82.22
187.98
52.88
15.92
102.42
-37.16
100
133.03
97.71
100
166.06
-94.77
100
187.04
40.1
8.54
127.13
33.72
19.48
129.14
52.11
91.5
129.79
62.55
45.49
133.31
57.58
27.46
181.65
38.99
5.34
132.07
87
97.3
143.9
55.99
17.04
66.96
98.98
86.8
132.64
93.87
100
187.74
52.5
15.24
129.09
51.9
87.84
133.33
100
100
129.01
50.51
72.29
129.37
48.41
43.6
62.31
84.31
60
101.82
0.05
100
185.9
48.19
10.48
100.56
0.04
100
185.98
50
11.44
132.24
91.61
100
131.08
69.79
23.8
143.85
55.42
16.49
133.67
56.58
26.07
65.03
92.93
67.59
130.89
72.66
19.55
128.31
45.15
59.02
61.49
83.1
36.72
132.84
98.44
95.96
128.66
48.28
94.56
129.7
67.74
80.6
101.89
-64.69
100
102.32
-6.38
100
139.17
42.6
10.13
101.53
-28.97
100
128.06
30.07
15.19
63.69
76.56
50.32
128.32
46.37
86.29
140.25
51.58
15.57
138.46
44.59
11.34
126.91
33.75
24.11
128.08
44.13
59.53
57.48
72.2
42.59
128.35
42.75
42.57
128.87
64.05
63.17
139.91
50.79
15
67
90.06
64.62
128.29
46.27
89.19
127.85
31.73
17.76
100.14
-75.46
100
131.14
47.61
26.6
68.32
79.85
67.56
68.13
84.56
51.23
6.75
78.51
83.11
129.98
58.83
44.22
128.17
41.79
42.89
130.64
46.11
26.84
2
92.01
70.04
58.11
70.92
86.28
128.34
37.36
25.16
128.69
38.85
25.99
128.37
48.1
47.51
127.2
36.92
36.4
127.98
43.68
60.64
127.83
51.58
80.84
64.31
79.7
47.76
127.54
56.12
78.19
127.31
37.77
38.79
127.66
39.7
43.21
127.51
55.68
63.46
1.97
93.97
73.77
128.03
43.78
61.43
127.6
39.4
43.31
128.16
63.09
68.08
127.7
41.32
57.63
127.69
41.32
59.47
151.49
23.26
44.19
3.16
21.14
94.06
146.8
-30.98
100
10.53
3.22
95.1
152.05
-51.37
100
150.14
-43.53
100
118.29
5.56
56.47
148.93
-38.89
100
12.81
3.86
77.32
148.89
-45.1
100
150.36
-47.23
100
136.19
5.13
53.46
147.29
-39.18
100
150.1
-49.2
100
151.42
-49.8
100
146.95
-39.29
100
146.84
-38.77
100
14.1
4.32
70.45
14.53
4.67
67.92
154.72
-62.88
100
144.38
-29.61
100
128.88
31.96
46.01
15.08
6.19
66.63
100.05
-79.61
100
100.08
-92.24
100
100.14
-62.33
100
140.55
-18.21
100
101.3
-49.88
100
100.93
-65.67
100
100.69
-60.9
100
100.57
-51.04
100
102.75
-40.65
100
137.83
14.31
94.69
101.31
-39.74
100
15.93
11.97
82.5
101.67
-51.99
100
150.09
-47.76
100
100.46
-58.41
100
154.94
-64.23
100
141.98
-23.01
100
102.04
-18.86
100
144.78
30.85
38.22
135.28
0.1
100
101.12
-33.65
100
100.15
-50.97
100
155.86
-66.41
100
101.16
-43.3
100
102.26
-9.15
100
102.11
-14.91
100
101.79
-29.41
100
193.6
26.85
53.07
146.67
-38.3
100
17.33
9.39
96.01
102.29
-3.42
100
136.55
-5.03
100
102.17
-12.89
100
139.15
-13.69
100
143.35
-27.58
100
135.38
0
100
100.18
-53.33
100
102.29
-7.96
100
12.33
4.87
69.85
9.73
2.73
88.29
101.66
-34.47
100
142.65
-24.49
100
100.96
-36.99
100
100.09
-74.25
100
153.43
-56.79
100
136.66
-5.52
100
151.59
-52.74
100
136.65
-5.52
100
100.09
-57.35
100
136.74
-5.83
100
100.1
-69.51
100
149.67
-41.96
100
151.14
-47.16
100
143.3
-27.44
100
145.28
-32.73
100
14.65
-18.39
100
100.18
-65.05
100
138.21
-10.7
100
154.5
-59.44
100
1.58
54.58
57.84
135.31
0.14
100
100.08
0.03
100
100.59
-79.96
100
134.97
0
100
100.46
-53.16
100
136.5
-4.24
100
100.37
-47.39
100
137.58
-8.82
100
148.68
-43.65
100
137.74
-9.03
100
101.66
-36.73
100
17.31
-29.17
100
152.77
-57.52
100
100.49
-67.07
100
100.13
-67.45
100
153.08
-56.86
100
100.21
-92
100
100.02
0.03
100
101.82
-24.59
100
17.3
8.19
80.65
16.77
10.34
95.06
101.9
-24.9
100
101.79
-44.26
100
109.64
3.77
62.35
154.17
-58.65
100
152.88
-53.82
100
145.28
-33.85
100
135.23
0.6
100
102.21
-4.9
100
141.03
27.12
54.88
140.92
-19.61
100
145.69
-35.08
100
153.96
-60.97
100
153.33
-57.59
100
13.52
4.07
64.94
103.52
3.14
79.22
100.58
-47.47
100
102.11
0.01
100
100.11
-43.98
100
102.22
-12.16
100
149.27
-45.97
100
101.34
-41.59
100
100.22
-84.39
100
103.76
-18.04
100
100.68
-75.61
100
135.95
-2.54
100
141.86
33.17
71.8
101.43
0.03
100
100.73
-66.39
100
101.73
-29.81
100
193.16
-8.77
100
100.54
-61.42
100
151.94
-50.57
100
135.49
0.05
100
18.47
10.79
100
102.22
-10.8
100
141.25
-20.75
100
17.03
7.66
74.12
100.08
-65.67
100
100.9
-64.26
100
116.95
41.6
46.67
145.66
-34.14
100
101.5
-6.89
100
101.13
-50.94
100
0
33.33
9.41
100.12
-89.8
100
102.13
-14.66
100
100.31
-71.05
100
140.35
-17.87
100
115.01
36.64
51.37
190.79
50.52
17.7
19.53
11.72
100
101.51
-40.26
100
138.65
-11.83
100
136.43
-4.2
100
100.19
-75.49
100
193.95
-3.7
100
188
54
19.61
137.2
-7.31
100
100.89
-55.3
100
135.45
0.02
100
100.29
-68.11
100
101.25
-2.22
100
189.58
52.08
18.82
148.78
51.22
4.02
127.78
36.16
13.86
150.68
-47.78
100
143.62
61.82
17.52
190.77
51.18
17.94
131.9
62.72
30.33
101.6
0
100
17.69
9.68
100
198.74
39.46
10.36
105.69
9.68
47.92
19.17
11.07
100
197.37
90.02
67.61
152.66
-54.22
100
194.88
78.01
19.17
144.96
-32.81
100
138.93
-13.04
100
124.05
5.93
100
190.6
51.28
15.29
189.48
53.01
18.36
129.15
50.67
35.36
17.07
8.69
90.38
135.46
0.14
100
101.3
-42.78
100
137.13
-7.02
100
101.32
-48.73
100
146.24
-36.49
100
128.4
8.42
51.24
135.22
0.14
100
132.29
59.75
31.18
189.38
51.65
17.84
100.71
-58.64
100
128.37
42.49
21.41
197.64
45.43
13.29
100.36
0.67
100
100.06
0.05
100
132.43
92.21
79.31
146.21
61.36
17.25
130.14
64.4
55.28
135.85
-2.6
100
196.23
45.03
19.08
102.32
-6.36
100
150.48
-50.14
100
101.65
-4.88
100
129.48
54.48
75.29
186.93
58.36
6.45
101.17
-52.68
100
129.34
53.41
74.33
100.04
0.1
100
133.2
99.59
31.9
138.25
-10.82
100
143.11
-26.8
100
117.88
47.63
45.63
197.51
42.36
14.75
199.44
42.37
23.14
135.39
0.01
100
155.59
-65.73
100
135.17
0.06
100
101.7
-5.15
100
128.56
6.76
60.2
187.63
45.28
11.34
130.89
68.81
42.75
112.94
32.03
68.08
114.51
37.18
66.8
129.65
56.65
81.11
188.24
51.71
15.17
141.88
-22.78
100
135.28
0.04
100
131.69
85.33
66.83
148.02
-42.44
100
139.6
-15.01
100
133.33
100
100
132.75
96.95
87.57
127.1
33.77
18.87
101.39
-42.15
100
119.06
51.99
52.05
101.03
-3.12
100
188.2
51.26
14.22
140.2
36.27
5.71
132.15
87.58
95.37
129.08
49.9
50
129.3
52.75
71.37
129.2
52.27
83.28
136.35
-4.37
100
186.67
40.24
8.33
135.23
0.03
100
143.69
-28.75
100
132.93
97.17
100
66.92
99.1
87.61
152.58
42.27
5.39
186.8
53.46
14.72
133.33
100
100
131.62
51.98
30.11
135.15
0.43
100
64.58
92.37
71.96
140.17
55
18.38
131.56
74.39
23.63
131.72
88.67
100
128.93
47
47.49
61.32
82.59
36.24
186.42
53.4
13.99
128.78
49.17
93.69
130.88
72.67
20.61
183.73
49.03
9.55
65.11
93.39
68.24
67.09
98.63
97.01
129.89
68.51
79.45
102.33
-25.8
100
184.24
51.25
10.43
114.21
23.26
75.88
131.36
50.77
29.09
128.2
44.93
61.88
140.04
54.29
18
63.16
75.42
50.14
128.48
47.03
85.59
127.31
29.68
16.95
135.14
43.34
11.55
57.59
72.29
42.45
126.99
34.78
25.32
128.42
46.84
88.91
100.4
0.03
100
67.11
89.89
64.15
128.03
43.94
63.42
134.26
45.63
13.22
100.01
0.03
100
68.28
85
51.67
128.89
63.55
65.78
68.25
80.03
68.3
136.34
51.23
17.53
128.07
42.14
46.46
127.3
31.73
20.22
130.08
59.66
45.33
104.49
-54.58
100
135.45
50.44
17.26
6.72
79.05
84.48
129.54
43.51
30.71
102.4
-2.89
100
100
-69.93
100
1.73
94.01
70.42
58.47
71.33
87.69
101.68
-25.04
100
127.92
41.37
47.12
127.9
51.23
82.02
129.18
42.44
31.05
128.42
47.81
49.44
64.4
79.98
48.85
127.6
57.18
78.77
127.27
37.64
39.02
127.68
36.43
28.65
127.91
37.49
29.64
127.97
43.69
65.18
127.55
56.05
65.06
127.36
38.45
41.92
100.09
-79.95
100
64.61
93.38
76.87
127.62
40.03
47.79
128.11
44.55
65.81
128.22
62.77
70.79
127.53
39.56
47.54
127.78
41.91
60.87
127.77
41.91
62.88
132.72
10.22
47.94
149.17
-39.78
100
150.85
-46.27
100
8.25
10.32
100
151.62
-50.23
100
147.97
-33.4
100
11.05
3.36
88.94
128.4
9.6
49.02
150.9
-46.37
100
108.54
-53.99
100
150.07
-43.21
100
13.97
4.31
71.79
146.96
-37.97
100
150.06
-47.13
100
148.82
-45.12
100
146.14
-36.64
100
151.84
-51.93
100
145.82
-35.55
100
15.43
5.13
65.57
15.18
4.81
67.02
145.56
-31.57
100
154.44
-62.24
100
152.76
-55.85
100
14.83
5.35
67.53
101.05
-54.12
100
100.05
-81.41
100
100.09
-92.94
100
140.06
-16.67
100
101.31
-38.88
100
100.19
-66.14
100
101.34
-48.77
100
102.02
-19.35
100
154.88
-64.11
100
101.3
-49.61
100
100.98
-63.62
100
102
-39.66
100
137.63
13.41
95.19
100.86
-60.32
100
140.7
-18.82
100
100.73
-52.18
100
102.31
-6.98
100
100.26
-61.57
100
16.27
11.26
86.52
135.4
0.13
100
102.17
-12.33
100
148.63
-43.51
100
102.23
-2.69
100
148.8
-44.05
100
100.13
-62.75
100
101.3
-40.16
100
157.25
-65.1
100
139.51
-14.95
100
143.24
-27.21
100
101.2
-33.88
100
100.21
-54.88
100
102.21
-11.4
100
152.65
-56.31
100
135.91
-2.66
100
17.67
9.73
100
102.3
-7.2
100
135.51
0
100
136.25
-4.22
100
152.94
-53.73
100
185.22
25.96
42.11
101.71
-32.3
100
136.29
-4.09
100
138.46
-11.54
100
141.31
-20.95
100
13.93
4.33
67.16
100.1
-59.56
100
100.24
-56.76
100
192.21
58.57
41.96
137.35
-7.86
100
100.12
-62.71
100
100.06
-78.1
100
10.12
2.67
81.79
141.12
-19.8
100
143.43
-26.78
100
154.01
-59.51
100
135.61
0.07
100
151.72
-49.46
100
150.58
-49.97
100
136.31
-3.21
100
150.11
-43.27
100
100.07
-73.33
100
100.05
0.03
100
139.38
-14.55
100
143.93
-28.46
100
107.28
14.03
56.65
16.8
-25.89
100
135.77
-2.56
100
100.57
-79.98
100
16.72
10.41
95.11
155.46
-62.28
100
100.01
0.02
100
100.07
-71.57
100
104.49
5.77
61.18
100.61
-53.69
100
101.94
-20.68
100
100.23
-92.16
100
100.49
-48.66
100
145.93
-35.99
100
136.27
-2.12
100
151.46
-53.45
100
105.46
8.74
71.76
100.66
-66.37
100
19.38
-35.35
100
101.83
-43.53
100
151.99
-54.04
100
101.77
-28.12
100
155.37
-63.1
100
135.88
3.59
62.84
17.27
8.4
84.45
153.66
-56.82
100
100.23
-84.98
100
106.67
-26.08
100
135.41
0.02
100
119.82
50.28
41.49
152.91
-56.24
100
100.78
0.02
100
101.55
0.05
100
127.24
32.26
12.16
152.61
-56.87
100
135.17
91.74
28.5
14.8
4.98
63.56
101.85
-25.7
100
191.89
-12.92
100
166.8
-97.25
100
100.67
-48.03
100
135.59
0.05
100
140.39
26.98
79.08
17.36
9.87
100
100.74
-74.18
100
100.59
0.01
100
147.63
-41.02
100
189.93
53.13
18.82
100.07
-48.5
100
140.76
-19.08
100
129.6
56.98
29.98
198.3
39.2
9.86
100.95
-63.28
100
100.13
-49.41
100
101.29
-6.11
100
100.89
-63.66
100
100.77
-57.53
100
189.66
53.45
18.95
140.52
-18.43
100
152.34
-52.39
100
131.56
61.39
33.22
21.02
13.08
100
138.51
-11.14
100
100.14
-90.25
100
101.3
-46.31
100
130.92
77.25
44.61
188.64
53.98
17.52
17.16
8.24
81.35
191.19
51.75
18.91
139.3
61.01
21.37
128.02
39.37
17.93
195.26
3.92
100
133.43
3.5
70.55
135.54
0.02
100
130.35
60.96
65.62
193.11
47.33
16.81
102.37
-4.35
100
100.14
-69.48
100
100.47
-70.38
100
189.4
49.67
14.8
102.3
-7.03
100
101.61
-36.47
100
197.66
46.49
13.19
100.28
-75.64
100
100.76
0.04
100
100.07
0
100
135.88
-2.69
100
135.21
0.02
100
146.48
59.31
6.54
132.22
88.82
76.27
100.92
-64.71
100
189.1
52.66
18.43
132.21
85.01
36.34
101.1
-50.34
100
18.39
10.42
100
131.33
57.28
35.86
195.69
45.04
18.43
20.21
11.98
100
100.41
-69.32
100
149.89
-45.88
100
197.69
43.77
16.19
143.87
-29.28
100
188.59
53.07
17.4
141.55
59.31
19.55
120.33
5.83
100
129.81
64.27
58.04
195.88
43.21
15.88
130.2
60.22
70.98
132.86
95.28
97.65
127.23
34.86
18.56
135.59
0.08
100
135.01
0.1
100
152.51
-54.28
100
132.04
87.16
93.84
17.17
9.18
96.32
101.39
-46.35
100
136.74
-5.79
100
100.01
0.02
100
144.11
-29.77
100
67.05
98.69
89.69
187.7
45.64
11.23
131.31
81.81
65.88
135.41
0.1
100
101.2
-2.39
100
138.21
35.37
6.43
101.5
-36.78
100
102.18
-3.56
100
100.31
0.69
100
187.84
51.54
14.81
133.33
100
100
136.5
-5.01
100
131.13
7.99
51.5
100.94
-55.09
100
141.84
-22.66
100
100.04
0.12
100
133.15
99.45
35.49
128.87
48.48
51.67
66.92
98.75
86.5
187.54
50.52
13.83
148.79
-44.9
100
101.3
-48.28
100
135.13
0
100
121.38
59.11
42.79
185.65
40.67
8.2
133.33
100
100
149.37
40.08
5.81
101.35
0.27
100
135.55
0
100
132.56
82.5
23.12
112.6
30.98
78.69
60.54
80.79
35.79
154.4
-62.24
100
131.21
85.98
100
135.36
0
100
128.82
49.77
92.35
135.42
0.04
100
65.64
95.46
73.43
112.69
31.23
75.84
146.21
-36.71
100
142.3
-24.09
100
131.03
6.6
61.75
130.13
71.98
77.45
100.64
0.03
100
147.82
55.68
13.95
121.18
59.02
49.37
101.6
-35.87
100
130.42
69.31
21.09
137.64
-8.68
100
130.27
48.22
33.33
67.07
98.57
97.04
128.68
45.91
50.13
65.46
94.52
72.22
62.81
74.55
49.8
128.6
47.89
84.22
137.06
54.41
20.22
135.4
0.03
100
134.85
0.67
100
147.47
54.88
13.44
142.58
-25.05
100
147.43
48.8
9.98
57.62
72.29
41.71
128.16
44.8
64.62
146.81
50.08
10.86
128.58
47.64
87.9
135.08
0.99
100
127.07
30.45
18.84
129.97
46.8
33.49
127.09
35.64
26.32
136.57
53.66
20.32
132.27
42.01
13.57
68.31
85.14
51.21
67.48
89.76
63.89
68.09
79.94
68.56
130.02
58.93
46.43
128.97
64.31
67.89
128.04
43.96
66.42
131.66
42.07
15.31
6.5
80.02
84.75
127.06
32.43
22.44
107.98
11.47
73.61
127.92
42
50.79
133.28
51.45
20.13
132.63
48.91
19.75
58.55
71.71
90.01
127.92
51.59
82.35
1.98
93.83
72.6
64.18
79.58
50.15
128.59
41.28
34.7
128.43
48.45
50.54
127.56
56.98
79.47
127.34
38.39
41.37
127.8
41.33
51.58
100.01
0.04
100
100.01
0.03
100
128.39
40.51
35.04
127.43
36.58
31.94
127.59
55.69
66.51
127.94
43.39
69.12
127.6
37.4
33.14
127.43
39
44.85
65.36
94.67
77.93
128.3
64.02
72.38
103.1
-55.65
100
128.12
44.52
69.42
127.8
42.26
63.53
127.59
40.34
52.2
102.31
0.02
100
127.56
40.16
51.61
127.83
42.47
66
100.09
-71.94
100
101.83
-20.59
100
100.09
-82.56
100
129.11
9.14
44.31
152.94
-53.73
100
151.02
-46.67
100
151.37
-48.14
100
149.32
-40.65
100
148.22
-36.31
100
150.92
-46.67
100
149.98
-42.88
100
115.79
7.52
52.16
151.88
-49.65
100
11.63
3.92
100
11.76
3.79
82.84
147.83
-33.89
100
115.9
-40.47
100
126.63
6.95
45.15
107.52
-53.66
100
151.97
-50.37
100
146.16
-35.65
100
15.22
4.95
67.9
151.34
-48.08
100
149.67
-46.49
100
145.17
-33.49
100
147.68
-41.52
100
151.96
-53.01
100
144.72
-32.02
100
101.11
-51.37
100
16.23
5.77
64.99
143.71
20.53
55.58
16.07
5.45
66.08
153.6
-59.77
100
152.09
-54.47
100
101.4
-36.89
100
14.48
5.56
69.95
102
-20.02
100
155.16
-64.97
100
102.34
-5.95
100
138.77
-12.55
100
107.19
-37.25
100
100.2
-93.53
100
100.02
-83.59
100
101.65
-44.98
100
102.18
-12.17
100
141.5
-21.57
100
102.18
-2.08
100
138.44
17.59
94.26
149.24
-46.41
100
135.57
0.11
100
100.28
-69.42
100
100.39
-63.4
100
101.35
-48.47
100
16.96
9.39
90.42
143.24
-27.23
100
139.92
-16.35
100
100.7
-40.46
100
101.02
-61.86
100
100.16
-59.37
100
101.43
-37.08
100
101.01
-57.81
100
100.91
-51.91
100
147.01
-38.6
100
102.22
-10.85
100
134.89
0.28
100
156.32
-65.49
100
102.32
-6.69
100
136.22
-3.33
100
136.92
-6.32
100
140.12
-17.05
100
135.57
0.07
100
135.15
0.05
100
101.76
-30.22
100
101.41
-31.73
100
18.28
10.5
100
100.31
-58.42
100
151.71
-53.5
100
135.19
0.02
100
134.27
7.38
45.2
100.14
-60.49
100
138.05
-8.97
100
100.07
-61.18
100
156.18
24
32.31
135.85
0.1
100
14.71
6.65
67.84
136.64
-4.87
100
100.02
0.02
100
141.56
-20.99
100
142.2
-22.82
100
100.35
-59.63
100
16.57
10.66
90.83
100.03
-80.78
100
100.78
-43.53
100
100.02
0.02
100
152.9
-53.91
100
135.13
0.02
100
150.74
-45.69
100
100.07
-70.69
100
100.03
-78.24
100
10.68
2.75
76.43
149.46
-46.74
100
153.58
-58.46
100
140.07
-16.41
100
136.72
-2.52
100
102.06
-16.81
100
100.26
-91.79
100
125.2
67.39
58.2
100.57
-79.4
100
120.84
52.78
40.62
19.1
-32.53
100
197.13
60.8
26.72
197.59
41.11
8.82
155.43
-63.47
100
100.81
-52.89
100
100.66
-49.56
100
112.06
2.55
92.16
100.27
-84.76
100
135.54
0.05
100
100.36
0.02
100
189.9
52.91
18.69
149.99
-48.79
100
146.35
-33.05
100
18.36
10.81
90.89
100.83
-64.16
100
192.32
-10.77
100
135.67
0.04
100
101.96
-21.47
100
131.21
60.46
35.24
156.7
-67.86
100
20.93
-40.74
100
140.52
-18.43
100
192.32
47.35
16.5
197.73
46.75
13.25
144.29
58.57
6.86
189.21
52.97
18.43
154.41
-59.77
100
150.36
-49.15
100
189.47
51.58
18.63
139.29
22.07
84.51
137.16
59.51
23.14
17.24
8.65
88.56
152.32
-54.45
100
187.08
56.38
16.51
131.87
83.08
69.93
100.92
-63.66
100
189.28
49.78
14.84
143.25
-27.3
100
101.05
-5.11
100
137.95
-9.01
100
150.98
-51.79
100
100.73
-73.82
100
100.68
0.03
100
100.77
-48.32
100
22
13.92
100
132.28
90.16
100
127.41
35.56
17.65
15.8
6.31
65.91
132.29
89.72
87.71
0
45.68
31.76
197.39
44.96
16.34
135.63
0.01
100
146.57
-37.43
100
195.75
7.65
100
100.02
0.01
100
100.15
-90.23
100
130.82
53.76
36.47
101.45
-40.73
100
199.75
44.12
26.67
101.01
-60.13
100
100.07
-52.77
100
188.73
53.29
17.86
100.96
-53.07
100
17.16
8.74
89.12
100
0
100
152.75
-54.21
100
132.6
97.21
84.2
138
34
6.54
100.11
-52.27
100
100.98
-62.55
100
142.07
-23.29
100
100.29
0.05
100
133.33
100
100
138.44
58
21.13
131.28
79.87
69.28
187.17
55.67
16.64
187.32
45.64
10.96
100.39
-74.53
100
135.03
0.42
100
100.58
-68.84
100
101.71
-32.6
100
21.18
12.85
100
19.23
11.19
100
66.78
98.58
87.63
61.34
82.75
34.35
135.31
0.02
100
66.71
99.51
96.71
100.17
-71.86
100
132.43
80.93
22.77
128.98
50.71
90.48
101.82
0.03
100
142.83
-25.92
100
102.34
0.02
100
131.31
84.51
100
119.03
6.02
100
145.71
38.37
6.41
135.67
0.07
100
183.89
41.94
7.88
128.68
47.48
52.86
101.3
-44.55
100
135.16
0.09
100
187.34
51.89
14.23
130.21
71.87
75.29
100.01
0.02
100
187.19
51.2
13.4
100.89
0.01
100
101.44
-44.11
100
150.97
-49.58
100
100.53
-68.67
100
62.27
73.28
48.88
128.73
48.85
82.6
66.56
97.57
74.2
142
-22.89
100
17.82
9.89
100
130.59
70.14
21.67
101.62
0.02
100
135.27
0.85
100
151.98
-53.22
100
152.29
-52.84
100
132.97
98.8
100
134.98
0.05
100
135
0.04
100
100.23
0.65
100
65.28
94.18
72.91
140.65
-18.76
100
100.04
0.11
100
132.99
98.98
38.51
101.68
-30.76
100
57.74
72.58
41.43
124.88
70.86
40.76
101.43
-43.51
100
100.78
0.23
100
128.68
48.53
86.71
129.27
45.44
37.24
147.05
-39.44
100
144.85
54.16
14.9
128.47
45.28
53.73
135.26
0.11
100
101.18
-49.82
100
133.48
8.01
50.02
135.7
0.02
100
68.21
86.26
51.59
135.57
0.02
100
143.9
47.37
10.93
152.61
-56.8
100
134.24
54.29
22.81
135.53
0.03
100
144.76
-32.05
100
128.13
44.8
67.87
126.92
31.37
20.58
127.18
36.18
26.95
144.39
53.42
14.53
112.59
31.07
74.98
111.88
29.74
82.27
68.61
89.88
62.58
100.38
0.03
100
67.97
80.59
68.41
142.56
-24.87
100
143.19
48.92
11.99
118.65
50.77
56
101.76
-29.5
100
130.42
38.13
15.63
147.84
-40.39
100
136.46
-4.51
100
130.02
59.01
46.98
129.12
44.37
37.18
133.78
53.89
23.15
135.56
0.01
100
129.01
64.01
69.75
142.69
-25.46
100
6.48
79.9
87.54
135.19
0.11
100
126.97
33.08
24.32
128.02
44.03
69.35
129.99
38.56
17.62
127.93
52.23
82.09
64.31
80.03
50.19
135.34
0.61
100
58.75
71.74
89.61
128.52
48.66
51.99
127.62
57.35
79.89
127.84
42.07
54.71
131.11
45.73
23.29
65.2
94.78
73.44
130.5
43.75
23.27
127.44
39.19
43.68
127.65
56.45
67.19
128.08
40.29
38.74
127.77
41.64
56.18
127.33
36.99
35.11
127.94
39.93
39.44
65.54
94.85
79.79
127.96
43.56
72.34
127.47
39.51
47.35
128.3
63.49
74.11
127.46
37.8
36.88
105.62
7.13
77.2
127.82
42.38
65.83
128.23
45.51
72.72
127.85
42.63
68.51
127.63
40.8
56.29
127.62
40.66
55.24
100.01
0.02
100
100.01
0.04
100
101.81
-56.56
100
101.51
0.02
100
100.06
-74.54
100
101.96
-16.48
100
100.07
-86.06
100
128.02
7.7
41.46
151.03
-46.8
100
151.95
-50.12
100
151.94
-50.34
100
146.99
-31.8
100
142.32
21.1
40.26
147.55
-33.86
100
151.2
-46.95
100
111.75
6.47
54.51
136.85
6.63
50.9
148.93
-39.08
100
146.25
-36.98
100
10.85
3.82
100
13.02
3.84
75.24
104.59
6.33
49.57
147.41
-33.15
100
126.89
6.82
34.51
109.54
-58.43
100
152.95
-54.14
100
145.39
-33.42
100
144.17
-30.27
100
146.63
-38.15
100
16.21
5.7
67.2
149.06
-45.01
100
101.98
-21.17
100
152.63
-53.09
100
101.44
-35.65
100
151.25
41.64
45.02
151.69
-52.84
100
16.87
6.34
66.3
143.61
-28.43
100
16.72
6.13
67.25
102.35
-5.28
100
152.77
-57.19
100
156.15
-67.98
100
149.85
-47.63
100
14.74
5.62
71.52
102.2
-11.67
100
102.16
0.02
100
151.05
-52.35
100
140
-16.47
100
139.1
-13.5
100
142.48
-24.87
100
135.61
0.06
100
138.48
-11.65
100
139.27
22.81
93.04
100.31
-64.55
100
103.69
-39.77
100
100.13
-92.94
100
100.08
-83.29
100
100.52
-40.35
100
16.44
11.16
94.62
135.09
0.1
100
100.2
-56.73
100
101.54
-33.73
100
102.21
-10.56
100
135.26
0.02
100
139.63
-15.46
100
101.36
-48.09
100
135.41
0.02
100
102.34
-6.07
100
100.41
-71.18
100
100.7
-43.8
100
101.05
-60.56
100
135.33
0.06
100
144.96
-32.36
100
135.63
0.03
100
101.81
-28.31
100
156.44
-66.35
100
107.87
-45.23
100
135.25
0.04
100
101.08
-50.37
100
101.15
-54.5
100
140.6
-18.06
100
18.98
11.03
100
100.21
-61.9
100
135.97
0.13
100
100.09
-61.34
100
135.49
0
100
152.5
-53.1
100
101.6
-28.78
100
132.92
9.47
45.56
16.7
10.03
82.46
149.64
-46.97
100
100.02
0.02
100
100.44
-61.32
100
198.53
41.18
8.89
141.24
-19.8
100
100
0.01
100
15.63
7.41
69.84
128.76
73.88
28.1
139.58
-14.72
100
197.75
46.19
25.71
151.48
19.08
32.16
100.07
-72.35
100
135.81
1.31
100
135.32
0.01
100
134.61
91.51
55.41
102.16
-12.84
100
100.07
-83.1
100
141.13
54.04
6.58
100.78
-48.86
100
100.49
-61.7
100
154.33
-59.22
100
198.04
47.37
12.67
100.24
-91.71
100
131.37
74.94
51.11
151.55
-48.76
100
130.63
58.39
37.51
189.32
53.25
18.5
127.5
32.5
15.69
192.9
45.43
15.22
100.16
0.02
100
100.03
-81.41
100
132.15
87.57
81.41
135.65
0.05
100
148.18
-42.91
100
100.36
-83.53
100
152.77
-56.23
100
139.64
-14.92
100
100.58
-80.65
100
11.61
3.1
69.78
20.16
12.84
96.1
189.17
52.55
17.91
196.29
46.92
14.09
188.31
48.7
13.42
135.39
58.86
24.99
188.81
53.51
17.45
135.72
0.05
100
192.78
-8.86
100
102.05
-17.62
100
197.62
43.88
19.22
146.07
57.66
16.52
140.26
-17.45
100
196.8
42.4
16.34
132.97
98.35
100
21.44
-38.56
100
165.36
-93.53
100
60.74
81.6
33.47
67.05
98.62
88.63
129.04
51.56
88.24
100.85
-47.65
100
144.31
-28.06
100
101
-50.63
100
130.11
52
39.22
154.5
-61.36
100
136.58
-3.98
100
144.37
-30.85
100
133.21
88.55
21.92
100.93
-63.32
100
138.42
17.95
89.57
131.5
84.05
70.29
100.94
-4.99
100
148.41
-43.79
100
22.59
14.71
100
133.33
100
100
131.77
85.19
93.84
188.21
53.15
17.09
101
-60.25
100
131.9
95.69
100
157.7
-71.48
100
129.71
65.47
77.56
135.69
0.01
100
61.43
70.65
47.23
128.88
50.09
80.53
186.59
44.77
9.94
196.96
31.5
100
155.07
-62.48
100
135.47
57.06
23.78
22.69
-46.18
100
141.63
37.35
6.51
150.96
-50.22
100
100.74
-73.53
100
146.26
57.11
16.21
148
-42.13
100
106.32
14.13
95.26
17.38
9.02
92.05
151.79
43.79
6.94
100.16
-90.07
100
100.89
-46.68
100
100.96
-64.05
100
101.61
-35.3
100
130.22
68.24
22.16
128.63
47.34
56.23
149.17
-46.11
100
100.17
0.06
100
64.76
93.04
71.86
57.93
72.44
40.35
132.88
98.56
100
100.17
0.01
100
145.11
-32.88
100
101.15
-56.05
100
16.45
7.23
69.82
186.55
52.45
13.47
128.88
49.97
85.1
186.44
51.62
12.97
17.09
9.29
96.39
101.17
-47.48
100
100
0.01
100
65.54
94.93
74.31
22.01
13.51
100
152.55
-54.11
100
100.07
-56.74
100
69.58
86.34
50.74
130.6
3.73
78.82
20.18
11.89
100
141.97
-23.14
100
135.6
0.44
100
135.13
0.57
100
100.5
-72.53
100
113.58
5.6
100
100
0.01
100
135.34
0.12
100
100.57
0.02
100
101.8
-28.89
100
100.76
-65.87
100
100.1
-56.19
100
135.52
0.05
100
101.48
-42.29
100
67.06
90.4
64.48
67.64
80.4
68.45
128.32
44.86
55.78
127.22
36.64
27.47
100.18
-73.1
100
101.04
0
100
128.73
43.73
40.22
139.95
-16.15
100
126.86
31.69
21.67
100.49
0.02
100
101.52
-37.9
100
100.09
0.03
100
18.88
10.92
100
141.29
52.87
16.19
135.55
0.47
100
135.14
0.04
100
139.37
47.21
12.53
150.17
-47.45
100
128.13
44.71
69.94
130
58.49
47.1
100.72
-66.21
100
139.63
-15.38
100
100.05
0.09
100
151.14
-51.06
100
100.04
0.12
100
133.17
99.28
40.59
132.23
51.1
25.77
128.91
35.42
17.74
151.73
-51.37
100
135.17
0.05
100
141.1
52.43
15.93
122.7
64.02
47.55
139.43
48.56
13.44
100.4
0.46
100
101.87
-23.7
100
101.55
-38.81
100
6.48
80.44
86.12
128.05
52.31
81.73
145.43
-34.27
100
128.94
62.86
71.16
135.84
0.02
100
65.14
82.73
50.45
128.47
42.79
41.27
135.41
0
100
135.7
0.01
100
126.96
33.76
26.21
101.39
-43.48
100
108.46
22.07
91.88
150.91
-51.52
100
143.33
-27.42
100
151.37
-49.98
100
58.84
72.24
90.43
131.49
48.78
26.74
128.02
44.06
71.63
127.72
57.82
79.49
128.58
49.63
52.24
128.7
36.09
20.25
135.65
0.02
100
112.86
31.86
76.93
100.18
0.03
100
143.86
-29.22
100
116.6
44.82
61.44
101.92
-22.72
100
65.36
94.75
74.97
127.66
56.9
67.58
127.81
42.16
58.74
135.83
-2.08
100
146.69
-36.71
100
127.47
39.54
45.44
129.53
41.91
26.97
129.23
40.76
26.38
135.7
0.03
100
142.47
-24.81
100
134.69
1.9
100
127.84
40.05
43.06
65.59
94.87
80.91
127.34
37.61
38.16
128.29
62.79
75.45
127.78
41.95
60.32
127.53
40.02
49.51
135.32
0.96
100
127.95
43.55
74.92
127.83
42.56
67.58
127.77
39.99
43.63
127.44
38.3
40.2
128.22
45.41
75.32
127.87
42.73
70.57
127.68
41.27
60
127.67
41.13
58.67
102.61
-12.55
100
100.01
0.03
100
100.02
0.05
100
100.75
0.02
100
100.09
-62.75
100
102.11
-12.04
100
100.05
-76.98
100
100.09
-89.18
100
146.47
-29.75
100
154.81
-60.95
100
148.37
-36.86
100
152.81
-53.58
100
153.51
-55.95
100
153.07
-54.57
100
101.22
-46.67
100
137.11
6.77
45.49
144.84
-23.66
100
10.33
2.75
100
151.5
-48.63
100
150.6
-46.63
100
148.3
-36.59
100
137.42
10.72
50.74
122.22
9.09
51.76
145.79
-35.41
100
148.63
-37.8
100
101.94
-22.51
100
101.49
-34.25
100
10.12
2.94
100
14.33
4.58
69.71
113.29
-57.52
100
109.74
-69.61
100
102.34
-4.85
100
148.12
-35.57
100
144.75
-30.94
100
154.04
-58.29
100
143.27
-27.38
100
157.23
-71.29
100
145.92
-35.89
100
102.22
-9.84
100
101.9
0.03
100
16.87
6.31
67.87
148.03
-42.17
100
17.19
6.93
68.26
153.92
-58.12
100
142.53
-24.94
100
150.97
-51.07
100
17.14
6.77
69.23
148.52
-43.69
100
151.8
-54.26
100
141.61
-21.96
100
15.21
5.83
71.64
136.6
-4.51
100
136.01
-3.1
100
135.72
0
100
134.99
0.87
100
141.05
-20
100
140.99
30.66
84.43
100.35
-64.86
100
189.49
51.09
15.46
199.58
41.83
30.78
139.36
-14.63
100
135.46
0.01
100
195.11
46.23
21.39
135.63
0.05
100
102.21
-9.7
100
100.31
-53.73
100
17.1
9.54
97.93
101.65
-30.64
100
102.34
-5.91
100
135.46
0
100
101.83
-42.88
100
141.78
-20.88
100
197.78
40.95
8.24
100.37
-83.43
100
101.84
-27.03
100
135.67
0.05
100
198.84
42.53
30.77
100.26
-37.95
100
100.03
-85.1
100
191.79
50.15
18.21
135.38
0.02
100
101.36
-47.39
100
132.14
86.23
65.49
16.64
10.43
79.95
136.11
0.29
100
156.44
-66.69
100
100.78
-43.9
100
144.63
-31.26
100
198.4
57.49
30.31
195.32
59.89
24.35
187.4
59.88
6.13
100.31
-61.78
100
100.08
-62.43
100
150.65
-49.76
100
101.09
-59.31
100
127.76
36.95
15.71
197.12
61.56
14.08
100.57
-71.32
100
100.02
0.03
100
19.84
11.72
100
100
0.01
100
133.64
3.77
85.88
101.23
-47.74
100
101.27
-50.85
100
132.07
86.16
82.75
136.02
1.33
100
152.9
-53.99
100
130.2
56.15
39.84
152.14
-51.2
100
191.89
43.24
14.51
100.03
-73.19
100
129.41
56.04
72.78
5.88
81.68
32.59
198.19
28.96
86.67
195.97
64.8
15.52
188.9
52.7
17.05
101.69
-26.93
100
133.33
100
100
148.77
-44.37
100
135.5
0.01
100
137.6
-8.18
100
102.22
-9.17
100
16.29
8.02
73.51
100.6
-61.97
100
133.74
91.84
21.63
101.13
-40.74
100
128.99
51.78
77.25
61.1
69.5
45.7
194.24
42.73
14.38
187.97
47.94
12.46
133.33
33.33
7.06
199.29
45.74
18.43
129.96
68.99
73
188.5
51.75
16.17
66.79
98.91
89.85
100.05
0.02
100
131.75
84.92
90.09
133.19
57.36
27.09
100.27
-91.63
100
66.65
99.54
96.37
187.93
53.8
16.35
135.77
0.06
100
100.82
-49.08
100
100.42
-82.49
100
21.22
14.94
100
131.63
94.51
100
147.01
16.25
32.64
143.15
56.28
17.65
131.51
84.98
70.02
129.53
49.47
42.24
135.85
0.03
100
193.27
-6.42
100
100
-85.42
100
155.19
-62.42
100
102.13
-13.92
100
139.91
-16.29
100
58.28
72.69
39.04
100.78
-50.39
100
185.43
44.37
9.06
137.87
35.96
6.88
128.92
50.75
82.12
130.08
65.25
22.24
100.68
-61.33
100
152.72
-53.19
100
187.29
53.78
15.73
132.8
98.31
97.33
129.12
85.3
51.91
135.37
0.32
100
148.07
40.95
6.96
100.03
-84.17
100
100.56
-78.82
100
63.29
88.81
66.59
146.85
-38.8
100
133.63
56.63
26.05
100.87
-64.89
100
23.02
15.75
100
128.45
46.39
57.3
65.97
96.23
75.16
100.86
-5.33
100
135.76
0.02
100
151.87
-53.84
100
142.66
55.49
17.46
142.47
-22.26
100
138.95
-12.35
100
138.07
16.28
94.31
196.99
35.84
100
12.8
3.44
65.28
184.41
52.24
11.31
67.13
80.67
68.27
184.84
53.53
12.19
67.79
90.98
61.54
126.32
4.21
74.51
100.9
-48.24
100
106.39
14.41
96.08
101.21
-47.68
100
100.85
-68.92
100
127.31
38.17
28.23
14.53
3.82
59.01
158.34
-73.81
100
146.97
-39.18
100
153.25
-57.6
100
101.16
-55.66
100
100.19
-89.81
100
130.16
59.65
46.95
126.7
32.13
22.76
100.72
-73.53
100
101.8
-28.62
100
100.06
0.07
100
155.55
-64.69
100
149.6
-45.88
100
128.17
44.51
59.22
22.9
14.33
100
101.86
-20.29
100
23.61
-46.85
100
128.11
44.69
71.76
135.24
1.65
100
128.35
42.76
43.89
141.18
-20.54
100
100.36
0.03
100
128.08
52.14
81.43
17.69
9.42
94.53
135.52
46.45
13.63
17.7
9.9
100
146.04
-35.83
100
100
0
100
147.56
-41.03
100
101.26
-51.45
100
21.05
12.75
100
106.6
4.31
100
135.49
0.12
100
143.94
-28.86
100
65.08
82.64
49.94
101.4
-40.89
100
127.85
33.12
19.73
6.39
80.47
87.67
100.06
0.13
100
138
52.27
17.95
135.23
0.76
100
122.08
3.03
82.5
16.72
8.19
74.87
100
0.01
100
152.78
-55.35
100
100.63
-70.1
100
101.51
-40.99
100
128.03
57.08
80.08
135.49
48.03
14.97
129.03
64.72
71.2
130.47
46.38
29.58
100.71
0.06
100
101.87
-25.22
100
128.64
49.4
52.5
58.66
71.97
90.89
126.95
34.57
27.95
137.48
51.75
17.83
100.09
-59.44
100
135.58
0.02
100
138.02
-9.72
100
100.89
-63.23
100
135.31
0.04
100
134.5
4.05
100
20
11.82
100
128.05
44.19
73.7
128.17
42.09
45.01
127.7
56.63
67.67
138.65
-12.18
100
127.81
34.32
22.35
100.11
-60.14
100
101.73
-30.35
100
100.04
0.11
100
100.21
-74.01
100
100.31
0.91
100
132.94
98.36
41.96
100.19
0.47
100
65.33
94.85
75.74
151.46
-52.03
100
100.01
0.02
100
130.06
45.04
30.12
120.83
58.12
53.9
127.53
39.92
47.04
100.87
-62.64
100
149.52
-46.31
100
100.01
0.02
100
135.33
0.02
100
101.65
-34.91
100
151.86
-52.59
100
135.79
0.03
100
135.94
0.02
100
127.81
42.44
62.73
102.07
-15.98
100
143.85
-29.23
100
128.41
64.94
75.38
135.59
0.05
100
142.14
-23.51
100
128.32
38.74
29.8
66.21
95.72
80.56
148.76
-44.84
100
128.51
39.71
30.56
101.6
-36.39
100
100.12
0.04
100
135.78
0.02
100
127.58
40.5
51.42
110.15
26.3
84.71
112.52
32.55
78.3
127.87
42.85
69.12
127.35
38.12
40.99
150.85
-48.63
100
116.38
43.53
60.25
128.04
44.31
77.09
127.73
40.28
47.35
127.78
42.19
63.92
102.04
-16.33
100
127.87
42.9
72.17
127.45
38.84
43.4
128.27
45.9
77.45
127.69
40.3
47.75
135.31
0
100
144.48
-30.2
100
135.83
0.04
100
142.37
-24.38
100
127.71
41.5
61.66
127.74
41.72
63.19
135.28
0.74
100
135.6
0.42
100
102.16
-5.84
100
100.01
0.02
100
100.02
0.05
100
101.36
-41.68
100
100.59
-57.84
100
100.2
0.03
100
100.06
-66.32
100
102.19
-7.59
100
100.06
-79.54
100
100.11
-91.35
100
144.84
-23.61
100
155.51
-63.4
100
154.38
-59.22
100
153.75
-57.01
100
149.01
-39.22
100
101.36
-41.69
100
154.69
-60.51
100
101.9
-24.57
100
154.89
-61.44
100
101.51
-33.87
100
195.6
28.02
71.37
136.25
4.57
48.9
102.34
-4.22
100
145.04
-24.44
100
150.02
-43.14
100
11.76
3.73
100
136.7
8.01
51.42
146.27
-36.86
100
150.4
-46.8
100
134.99
5.79
47.45
101.59
0.04
100
148.88
-38.7
100
119.08
-35.37
100
102.12
-6.61
100
149.97
-42.82
100
114.01
-55.69
100
108.93
-71.76
100
9.2
2.86
100
143.46
-26.63
100
15.37
5.3
67.33
141.41
-21.33
100
142.51
-24.89
100
148.7
-38.12
100
155.17
-62.54
100
134.89
1.25
100
145.28
-33.82
100
135.24
0.58
100
17.37
7.29
70.9
129.87
81.37
34.46
17.22
6.95
70.15
135.79
0
100
146.89
-38.71
100
144.72
60.56
15.69
195.26
47.4
22.63
191.47
50.24
16.39
194.44
48.15
21.18
197.27
41.82
8.63
147.31
-39.94
100
141.22
-20.67
100
139.17
-13.99
100
154.92
-62.18
100
135.57
0.01
100
17.33
7.23
71.95
150.7
-50.86
100
15.6
6.45
72.32
149.58
-46.94
100
135.74
0.03
100
100.54
-63.77
100
190.59
65.47
19.55
141.42
33.1
85.29
135.62
0
100
132.21
88.2
69.8
102.24
-10.11
100
128.01
38.49
14.26
142.32
54.61
6.14
135.44
2.57
83.2
102.35
-5.48
100
100.26
-50.59
100
199.88
41.61
30.61
144.14
59.96
16.83
198.07
71.24
18.47
101.77
-27.21
100
191.92
52.31
17.72
17.44
10.18
100
197.11
58.66
27.59
129.7
57.05
61.18
63.16
89.47
29.8
189.69
51.8
18.17
16.87
9.53
81.4
101.87
-25.48
100
129.33
54.19
69.24
60.47
69.91
44.31
135.74
0.07
100
131.6
78.41
59.02
132.14
86.74
85.18
132.75
95.1
100
134.67
92
19.61
136.26
0.16
100
129.89
60.92
68.24
195.63
61.33
14.51
135.52
0
100
193.17
63.11
15.95
129.58
53.75
47.06
131.9
85.55
81.96
133.33
31.58
7.45
100
0.01
100
100.1
-63.85
100
101.76
-43.09
100
100.46
-61.03
100
100.03
0.03
100
66.58
98.6
86.88
197.73
45.45
17.25
133.33
100
100
193.75
41.67
12.55
131.9
4.74
90.98
188.06
51.25
14.66
100.4
-83.14
100
58.52
74.02
38.5
129.18
52.65
77.09
187.64
48.72
13.25
155.96
-66.13
100
133.33
100
100
126.39
6.69
35.16
136.26
1.96
100
101.34
-47.79
100
129.13
86.61
49.8
144.24
-30.02
100
100.27
-39.59
100
187.64
50.55
13.67
130.94
78.8
68.02
100.03
-86.2
100
129.92
62.24
21.81
100.05
-75.83
100
20.57
12.34
100
148.92
-44.62
100
131.9
52.88
28.51
100.77
-43
100
135.57
35.97
7.63
132.31
96.73
95.88
129.11
47.78
44.17
186.4
54.97
14.59
100.02
0.01
100
102.18
-6.03
100
101.11
-58.48
100
135.7
0.02
100
184.83
46.67
9.36
139.84
55.07
18.91
153.81
-57.25
100
22.42
14.69
100
144.61
39.94
7.47
135.87
0.07
100
62.82
87.72
65.49
151.99
-50.29
100
100.47
-81.38
100
65.99
96.55
74.73
100.7
-70.3
100
136.01
-2.84
100
68.36
81.02
67.1
101.37
-44.31
100
135.91
0.04
100
69.6
91.04
60.2
100.27
-91.84
100
16.72
8.23
77.98
101.37
-47.17
100
193.76
-4.15
100
139.15
-13.73
100
128.35
45.89
59.56
185.9
55.21
14.12
102.18
-10.72
100
101.86
-22.76
100
147.83
-41.58
100
101.28
-38.64
100
127.48
38.06
28.47
100.5
-54.05
100
131.35
50.73
29.81
129.96
57.79
46.14
100.76
-60.28
100
135.54
0.73
100
100.87
-45.57
100
139.33
54.5
18.72
146.58
49.15
10.6
126.94
32.92
23.59
146.23
50.97
11.75
128.31
53.21
79.69
23.44
16.24
100
156.14
-65.86
100
135.79
0.01
100
100.92
-64.35
100
100.03
-87.65
100
65.15
83.34
49.52
157.65
-69.41
100
100.84
-5
100
197.73
63.14
100
101.05
-48.04
100
153.35
-55.58
100
128.11
44.32
61.34
6.51
79.86
87.35
100.81
-59.41
100
104.28
7.67
97.2
100.78
-71.7
100
138.02
15.66
97.2
100.69
-71.67
100
128.1
44.71
73.08
128.05
59.99
77.58
140.67
-17.84
100
100.13
-85.98
100
128.63
49.86
52.19
132.19
43.46
15.23
127.38
32.72
21.44
58.7
72.17
90.6
128.08
42.06
47.34
145.64
-34.96
100
129.01
64.95
71.33
127.03
35.29
29.36
127.71
57.44
66.7
112.37
-43.5
100
100.02
0.06
100
100.22
-89.58
100
150.92
-51.25
100
134.66
52.08
20.11
131.89
44.25
16.88
101.93
-22.95
100
101.08
-47.13
100
23.71
14.92
100
100.36
0.03
100
137.72
-8.13
100
135.75
0.24
100
158.55
-74.68
100
101.38
-43.27
100
100.01
0.03
100
14.24
4.29
61.13
100.88
-67.89
100
140.51
-18.37
100
129.3
43.27
33
134.05
51.69
20.06
128.06
44.33
75.17
145.41
-34.22
100
135.63
0.2
100
101.28
-50.81
100
127.23
33.73
24.7
65.51
95.44
76.11
127.58
40.31
48.21
148.21
-41.62
100
21.89
13.42
100
154.98
-63.14
100
15.99
4.79
59.23
151.87
-53.64
100
127.96
41.7
49.04
18.79
10.9
100
101.53
-40.22
100
100.56
0.02
100
101.38
-46.52
100
135.21
1.26
100
101.61
-33.79
100
128.35
63.42
76.01
128.95
42.29
34.05
100.76
-67.55
100
142.36
-23.83
100
14.81
4.46
53.69
127.06
3.59
79.22
135.44
0.03
100
145.84
-35.56
100
18.09
9.88
96.92
66.17
96.23
81.34
136.2
-3.62
100
144.12
-29.73
100
151.01
-50.14
100
127.84
42.71
66.16
100.07
0.2
100
101.94
-23.2
100
127.88
43
70.1
135.15
2.39
100
100
0.01
100
137.93
-9.77
100
127.61
40.83
52.99
135.69
0.02
100
16.95
8.54
80.54
20.9
12.61
100
101.02
-59.6
100
100.03
0.1
100
127.77
37.89
33.13
100.12
0.35
100
127.4
38.61
43.58
100.07
-61.98
100
127.95
38.75
33.79
100.14
0.4
100
132.71
97.89
41.86
119.88
55.28
56.89
128.08
44.84
78.97
127.89
43.19
73.3
101.93
-22.71
100
127.81
42.37
67.15
149.87
-47.25
100
127.7
40.7
51.63
128.16
45.16
79.02
101.74
-30.28
100
135.87
0.04
100
147.68
-40.89
100
100.22
-74.21
100
127.49
39.38
46.37
100.09
-65.64
100
136.05
0.02
100
135.53
0
100
101.04
-57.73
100
100.01
0.04
100
127.63
40.34
51.63
142.39
-24.43
100
150.02
-46.94
100
140.39
-17.82
100
102.23
-8.77
100
127.8
42.08
64.45
100.01
0.03
100
108.89
23.97
89.65
147.72
-41.54
100
127.81
42.19
66.09
135.7
0.1
100
100.06
0.04
100
135.91
0
100
109.95
25.86
84.63
101.77
-29.25
100
115.38
39.95
62.41
149.8
-45.88
100
101.98
-10.95
100
135.46
0.03
100
141.9
-22.75
100
135.96
0.06
100
143.85
-28.27
100
134.41
3.66
100
135.63
0.56
100
102
-3.92
100
100.01
0.02
100
100.01
0.03
100
101.14
-40.11
100
100.52
-60.98
100
100.03
0.03
100
102.01
-4.23
100
100.04
-68.92
100
100.06
-82.17
100
100.23
-91.35
100
101.33
-41.8
100
145.25
-25.2
100
155.95
-65.29
100
156.54
-67.06
100
101.86
-25.79
100
154.72
-60.53
100
145.37
-25.59
100
149.73
-41.92
100
101.56
-32.08
100
102.29
-4.19
100
155.66
-64.1
100
101.2
0.05
100
101.69
-3.48
100
156.85
-68.13
100
151.53
-49.97
100
6.15
18.2
100
146.14
-36.47
100
141.83
-22.75
100
150.16
-43.73
100
137.89
12.56
49.96
145.62
-26.54
100
145.29
-32.75
100
132.99
70.83
28.24
153.95
-57.84
100
134.99
1.37
100
12.2
4.2
100
196.48
72.77
28.71
149.74
-45.47
100
135.37
0.51
100
128.75
43.92
13.48
145.15
63.1
18.51
0.16
54.72
41.57
199.32
47.67
33.73
188.61
52.17
15.78
149.84
-41.66
100
188.07
49.38
5.29
199.01
41.81
25.24
150.93
-46.51
100
4.39
84.87
29.2
132.38
89.16
63.92
129.25
59.18
57.65
143.05
-25.32
100
151.72
-54.18
100
64.34
83.09
37.65
138.95
-13.33
100
198.01
67.92
17.73
135.86
0.03
100
135.68
0.02
100
158.01
-72.94
100
190.23
55.17
22.75
141.88
-22.81
100
133.5
87.42
18.71
197.66
59.89
27.37
9.07
2.29
90.81
135.82
0
100
16.28
5.88
66.41
135.64
0
100
145.19
60
17.65
135.84
3.29
95.46
2.83
32
39.22
189.43
52.86
17.8
132.21
87.72
84.66
132.23
89.51
76.67
144.7
-31.97
100
156.24
-66.56
100
194.25
50.19
17.06
131.66
79.96
60
129.09
53.64
64.71
195.42
60.09
14.74
102.22
-10.53
100
5.72
79.94
41.48
17.4
7.62
73.56
149.96
-42.95
100
102.33
-5.51
100
131.67
30
7.84
69.34
88.36
44.83
100.58
-64.83
100
146.3
-36.76
100
66.64
98.33
90.13
143.1
41.92
77.65
192.3
60.41
14.28
16.74
9.95
85.1
66.33
97.11
83.14
129.55
52.56
46.01
100.39
-51.76
100
16.17
6.86
73.98
195.42
69.75
16.94
145.29
-33.71
100
131.9
95.29
100
17.37
7.39
73.11
101.86
-24.31
100
139.69
-15.66
100
196.36
43.7
15.56
130.13
63.7
22.04
149.6
-47.33
100
17.38
7.61
74.96
18.02
10.76
100
101.91
-23.67
100
132.55
96.55
87.11
136.34
0.13
100
187.64
50.26
13.13
155.03
-62.98
100
130.77
76.19
69.37
135.8
0.08
100
148.1
-42.45
100
187.68
51.07
13.57
133.63
36.2
8.67
100
0.01
100
66.54
81.35
66.76
187.78
52.93
15.73
68.81
92.44
58.82
135.63
0.02
100
130.1
47.51
31.96
100.09
-65.64
100
66.1
96.85
76.41
100.02
0.03
100
66.14
96.06
69.65
128.75
46.36
47.63
121.5
4.56
97.96
183.02
47.74
8.69
136.52
3.53
100
100.64
-61.09
100
140.55
38.06
7.88
130.02
57.37
45.1
127.56
38.15
28.74
146.65
54.3
13.39
136.63
54.14
20.3
100.03
-78.17
100
100.01
0.01
100
128.35
54.28
77.72
128.3
45.76
61.45
126.67
6.55
35.95
64.8
82.67
48.65
22.31
16.86
100
155.06
-63.49
100
126.88
33.45
24.62
102
-3.47
100
135.93
0.04
100
145.51
52.88
13.47
135.89
0.02
100
101.48
-45.04
100
21.3
12.91
100
100.58
-79.21
100
130.03
46.99
32.61
142.7
-25.16
100
135.93
0.11
100
128.14
61.02
76.36
101.36
-47.88
100
143
49.18
12.02
100.48
-80.5
100
195.3
1.26
100
6.76
78.59
86.77
147.51
-40.43
100
102.12
-8.01
100
128.66
49.08
52.48
135.86
53.78
20.84
142.03
47.94
12.06
100.89
-41.32
100
100.29
-91.76
100
58.61
72.35
89.31
135.56
0.42
100
154.64
-60.31
100
135.18
0.23
100
100.34
-42.02
100
127.85
57.44
66.24
128.1
44.69
74.12
100.03
-87.22
100
128.08
44.22
63.75
127.19
33.16
23.27
152.57
-52.6
100
101.12
-57.55
100
128.98
63.6
72.65
127.09
35.83
30.3
131.1
42.44
17.58
16.66
9.61
83.1
23.98
16.59
100
135.82
0.01
100
100.98
-63.1
100
101.41
-36.02
100
127.89
41.83
50.68
100.95
-4.15
100
147.03
-39.21
100
101.5
-40.51
100
101.92
-20.29
100
100.49
-48.43
100
101.05
-43.48
100
109.89
23.29
97.39
100.58
-76.39
100
127.6
40.57
49.02
100.79
-68.59
100
65.55
95.5
75.71
101.44
-44.07
100
129.57
38.5
19.38
128.06
44.34
76.59
100.92
-58.07
100
131.6
47.25
23.13
127.14
34.28
26.72
137.64
13.23
100
157.15
-69.46
100
128.47
64.5
75.76
131.09
45.52
23.03
100.09
-89.41
100
128.51
41.42
36.67
138.87
-12.26
100
66.38
96.96
81.1
154.15
-58.52
100
101.2
-45.46
100
100.74
-68.1
100
100.33
0.02
100
127.9
43.15
70.53
100.02
0.05
100
127.84
41.64
52.88
158.43
-72.94
100
100.01
0.02
100
24.31
15.56
100
134.25
4.86
100
100.22
-89.69
100
100.99
-57.03
100
127.62
41.03
54.04
100.13
-87.84
100
139.9
-16.31
100
102.08
-16.88
100
135.72
0.13
100
154.36
-62.48
100
128.24
40.61
37.72
127.87
42.98
68.65
144.64
-31.76
100
101.44
-43.92
100
114.88
-37.14
100
127.43
39.05
45.76
127.91
43.25
74.05
22.39
13.9
100
100.92
-65.63
100
128.1
44.91
80.33
127.47
37.67
36.3
158.68
-75.3
100
100.41
0.03
100
101.24
-44.32
100
101.56
-39.4
100
127.61
38.45
37.54
149.73
-47.76
100
128.15
45.14
80.22
101.53
-38.7
100
135.57
0.03
100
19.72
11.77
100
147.23
-38.75
100
144.12
-30.1
100
101.38
-46.05
100
127.83
42.58
69.68
154.09
-60.71
100
127.53
39.83
48.99
135.5
0.83
100
134.85
0.87
100
136.28
-3.58
100
127.7
41.03
55.55
101.5
-41.83
100
100.87
-65.05
100
15.44
5.59
61.41
137.28
-7.58
100
127.83
42.4
66.63
101.8
-27.05
100
135.44
2
100
16.85
5.73
61.58
150.42
-49.05
100
100.18
0.54
100
127.61
40.59
55.21
100.04
0.11
100
21.61
13.3
100
127.86
42.62
68.46
141.16
-19.69
100
101.98
-21.22
100
149.84
-46.85
100
144.24
-30.39
100
135.73
0
100
100.08
0.23
100
133
98.99
39.02
119.7
54.73
57.8
18.55
10.38
100
15.75
5.22
54.8
101.16
-54.68
100
142.43
-24.13
100
100.05
0.16
100
100.01
0.02
100
17.05
8.99
86.44
135.96
0.04
100
101.8
-26.35
100
136.13
0.02
100
100.06
-64.71
100
102.09
-15.67
100
147.58
-40.49
100
133.3
3.52
65.85
139.11
-13.61
100
135.65
0.02
100
140.99
-19.87
100
106.7
17.96
97.19
101.24
-51.46
100
100.03
0.05
100
100.29
-74.55
100
146.38
-37.27
100
101.98
-3.18
100
148.54
-42.7
100
100.01
0.04
100
135.78
0.1
100
109.74
24.77
84.55
136.04
0.06
100
100.12
-70.76
100
114.03
35.48
66.16
100.01
0.02
100
101.94
-22.38
100
101.77
-6.66
100
148.71
-42.61
100
135.61
0.01
100
133.65
3.25
81.55
136.05
0.04
100
141.96
-22.41
100
135.8
0.31
100
133.78
6.05
100
101.68
-2.99
100
100.01
0.02
100
100.01
0.03
100
100.96
-43.57
100
100.7
-58.89
100
100.02
0.05
100
101.61
0.03
100
100.05
-72.46
100
100.03
-85
100
100.32
-89.57
100
145.75
9.97
53.49
101.31
-43.92
100
101.86
-26.69
100
101.61
-30.21
100
102.21
-3.61
100
146.04
-28.11
100
156.58
-67.25
100
157.99
-72.31
100
100.93
0.04
100
0.78
43.53
33.33
155.99
-65.12
100
101.4
-2.17
100
150.71
-45.6
100
145.82
-27.25
100
197.69
47.22
28.24
1.33
90.43
29.49
133.75
73.69
27.21
142.5
-24.8
100
156.61
-67.45
100
190.96
52.54
23.14
199.67
51.2
39.72
132.38
90.88
68.82
128.9
5.58
79.61
197.7
58.55
15.41
143.29
62.8
21.44
140.13
-16.86
100
134.17
91.97
17.1
135.37
0.57
100
198.46
48.93
33.02
135.4
0.63
100
158.48
-73.96
100
187.15
54.15
15.26
0.84
37.52
28.45
3.41
85.97
39.94
132.92
64.37
31.92
189.55
55.08
23.14
132.29
88.54
89.47
196.71
59.46
26.38
138.58
-11.91
100
146.72
-38.43
100
196.78
65.76
17.94
131.75
28.57
8.24
131.96
84.22
65.54
132.67
96.96
93.43
135.74
0.02
100
150.46
-48.25
100
189.18
51.62
17.25
142
59.67
19.61
137.36
10.83
51.9
67.54
97.14
84.12
3.04
30.99
41.07
148.24
-36.08
100
129.8
62.88
20.71
132.74
97.13
88.69
135.94
0.03
100
141.41
31.91
81.46
7.38
17.83
100
135.69
0
100
189.35
28.45
59.74
193.6
67.93
16.65
191.92
52.92
15.22
195.46
73.04
18.73
135.76
0.08
100
132.26
95.85
81.42
129.46
53.06
48.63
69.26
82.16
64.31
194.99
44.25
14.77
154.9
-61.46
100
146.56
-30.05
100
66.06
88.32
62.98
131.26
93.1
56.86
17.04
10.25
90.88
132.26
35.29
9.17
149.41
-45
100
102.22
-10.8
100
12.29
5.1
100
102.35
-5.77
100
186.74
48.52
11.83
142.84
-24.56
100
129.93
56.18
43.73
66.05
96.59
75.92
114.5
-52.96
100
67.53
96.86
69.96
151.99
-50.35
100
127.71
38.9
27.89
128.6
53.94
76.58
150.95
-45.91
100
187.69
54.03
15.8
100.73
-63.34
100
137.34
38.7
8.59
65.27
84.65
47.53
158.1
-73.59
100
147.75
44.64
8.24
187.49
54.48
16.52
141.24
-20.7
100
100.59
-48.14
100
128.71
46.07
49.07
136.38
0.13
100
129.37
45.51
34.97
101.95
-21.52
100
101.94
-22.3
100
100
0.01
100
128.56
59.94
76.03
126.9
34.22
25.25
144.32
-30.73
100
17.38
7.81
76.33
16.87
6.54
67.01
145.23
-33.4
100
135.89
0.1
100
128.26
45.87
63.12
18.66
10.74
100
15.02
-22.06
100
157.06
-69.5
100
142.7
51.62
13.87
16.52
7.39
74.62
140.62
28.63
100
128.89
50.32
51.48
133.71
53.77
22.59
6.62
78.78
85.84
100.02
0.04
100
121.31
5.3
100
100.07
-67.4
100
128.02
57.55
65.23
58.36
72.04
88.94
135.73
0.03
100
100.01
0.02
100
151.24
-47.9
100
100.79
-57.16
100
148.45
-43.67
100
138.38
-11.31
100
141.53
51.21
14.27
17.37
7.91
78.42
143.35
-27.5
100
100.08
-79.35
100
17.39
7.76
76.85
129.05
44.11
36.1
135.42
0
100
140.83
50.77
14.62
13.68
37.84
100
128.11
44.71
75
127.22
36.52
31.38
129.03
63.74
72.73
127.02
33.3
24.6
136.02
0.03
100
138.7
48.74
14.11
101.75
0.04
100
128.04
44.12
65.29
132.91
52.33
23.24
135.93
0.07
100
100.64
-76.96
100
146.64
-37.93
100
154.6
-61.96
100
129.93
40.06
20
136.02
0.01
100
195.62
2.91
100
127.68
40.95
49.68
101.98
-5.77
100
105.31
-66.2
100
135.6
0.39
100
65.41
95.04
75.83
100.81
-49.93
100
128.5
64.35
75.28
153.68
-58.82
100
21.8
13.34
100
127.82
41.75
54.24
128.05
44.35
77.59
101.18
-74.69
100
65.64
94.78
81.63
127.1
34.88
28.84
128.84
37.4
21.95
127.92
43.31
70.58
135.84
0.02
100
141.04
-19.92
100
24.03
17.23
100
135.34
0.14
100
102.32
-56.91
100
146.3
-36.83
100
129.65
42.13
26.09
127.71
41.43
55.03
100.7
-44.12
100
101.31
-49.02
100
155.99
-65.21
100
100.84
-4.57
100
100.44
-78.67
100
102.51
0.2
100
129.23
40.68
26.25
128.02
40.47
40.62
100.98
-40.45
100
100.48
-79.84
100
127.93
43.45
74.28
127.79
41.76
56.35
16.93
9.25
87.67
153.66
-56.76
100
147.15
-37.52
100
127.48
39.5
47.86
127.88
43.17
70.86
128.06
44.49
81.25
100.31
0.01
100
136.6
6.67
100
100.39
-43.91
100
101.52
-33.43
100
101.13
-57.16
100
127.85
39.88
41.8
128.3
46.23
81.24
100.04
-87.58
100
101.18
-42.32
100
127.39
38.09
39.44
100
0.01
100
100.02
0.07
100
146.3
-36.99
100
133.77
6.15
100
100.47
-50.76
100
24.74
15.87
100
102
-17.67
100
127.49
38.56
40.79
127.57
40.18
51.29
137.49
-6.71
100
127.86
42.79
72.01
158.06
-72.79
100
135.8
0.14
100
127.83
42.47
68.39
100.24
-90.14
100
139.49
-14.98
100
101.61
-36.32
100
101.07
-54.83
100
127.68
41.23
58.93
100.09
-90.92
100
102.19
-11.53
100
127.87
42.76
70.46
101.51
-40.86
100
155.16
-62.32
100
100.93
-65.28
100
127.65
41.02
58.32
22.81
14.23
100
101.36
-42.1
100
100.42
0.06
100
101.55
-39.4
100
154.69
-63.53
100
135.67
0.02
100
158.66
-73.61
100
101.11
-54.86
100
101.75
-30.77
100
144.86
-32.34
100
100.22
-88.21
100
101.31
-58.65
100
134.99
1
100
158.58
-75.14
100
20.75
12.49
100
136.83
-6.1
100
143.9
-29.37
100
135.24
2.16
100
100.14
0.42
100
101.39
-40.97
100
134.9
4.02
100
124.92
3.57
80.98
145.8
-34.51
100
100.02
0.06
100
100.98
-61.87
100
101.6
-36.12
100
22.32
13.83
100
143.1
-26.78
100
152.86
-57.21
100
101.51
-41.34
100
101.62
-37.13
100
101.57
-31.37
100
101.98
-19.89
100
148.54
-44.17
100
100.17
0.5
100
132.79
98.38
36.27
118.69
51.38
58.88
102.01
-20.1
100
135.81
0.03
100
139.94
-15.62
100
136.02
0.04
100
135.22
0.42
100
148.32
-42.59
100
101.31
-49.85
100
16.34
6.34
63.06
148.37
-42.68
100
142.8
-25.73
100
136.21
0.02
100
101.83
-23.6
100
17.28
6.51
65.74
19.1
10.85
100
138.23
-10.63
100
100.01
0.02
100
16.29
6.1
58.01
100.15
0.45
100
140.46
-17.83
100
100.02
0.05
100
17.32
9.33
91.77
102.16
-9.22
100
117.01
2.79
83.5
105.47
15.23
100
146.38
-36.8
100
139.8
-15.99
100
144.83
-32.33
100
135.79
0.02
100
100.08
-67.65
100
108.56
21.26
84.86
101.27
0.03
100
136.14
0.03
100
101.4
-44.75
100
135.88
0.1
100
145.49
-33.73
100
115.99
41.68
56.08
100.35
-73.93
100
100.01
0.03
100
102.11
-15.93
100
101.45
-3.68
100
100.24
-72.66
100
100
0.01
100
147.61
-39.84
100
131.57
4.16
85.49
136.17
0.01
100
135.74
0.01
100
140.63
-18.17
100
135.83
0.38
100
134.68
3.66
100
101.41
0.02
100
100.01
0.03
100
100.01
0.02
100
101.09
-41.72
100
100.01
0.04
100
100.61
-64.25
100
100.88
0.03
100
100.04
-87.45
100
100.06
-75.86
100
100.45
-86.57
100
101.32
-43.64
100
101.76
-30.81
100
151.76
-50.32
100
101.68
-28.27
100
102.02
-2.96
100
194.92
78.57
27.45
198.07
47.28
28.82
100.91
0.05
100
192.84
50.37
26.47
101.3
0.02
100
199.33
96
14.71
133.06
75.59
27.84
196.84
54.75
13.77
132.32
90.68
68.76
158.87
-75.25
100
157.25
-69.73
100
190.64
54.39
22.35
147.07
-31.97
100
199.96
51.3
43.28
142.13
-23.7
100
140.62
61.21
23.14
198.16
49.51
33.03
132.89
96.28
100
138.4
49.07
8.39
132.27
91.13
92.09
195.7
65.65
16.29
123.14
4.59
73.99
131.94
60.77
34.49
147.42
57.29
15.4
157.52
-69.7
100
135.19
1.29
100
200
40.74
25.57
135.36
0.81
100
129.37
56.32
20.47
196.89
60.05
25.2
131.5
78.1
60.71
68.66
84.95
58.48
132.15
88.14
100
132.39
94.98
89.8
189.39
56.06
22.67
132.21
95.57
73.77
152.03
-50.53
100
189.82
50.84
17.04
65.61
87.2
61.76
195.59
75.72
20.39
147.15
-32.29
100
194.06
72.75
17.75
138.07
-10.2
100
139.29
58.56
22.24
129.71
54.19
42.51
196.55
45.98
17.06
128.75
54.46
74.35
141.46
-19.25
100
135.78
0.03
100
2.13
34.42
36.14
129.21
50.63
49.41
131.84
36.31
10.03
131.1
79.43
68.95
190.44
57
14.12
65.73
86.95
46.35
65.72
95.44
68.82
127.79
40.13
27.82
135.69
0
100
157.83
-71.7
100
66.95
97.56
68.33
185.71
49.23
10.89
136.21
1.57
100
136
0.04
100
128.88
59.27
74.99
136.09
40.43
9.76
16.73
10.28
100
144.49
42.45
8.55
159.87
-78.47
100
129.26
52.75
50.42
127.01
34.82
25.54
187
55.99
16.86
146.41
-37.25
100
128.16
59.65
63.07
128.5
45.34
51.92
187.61
55.35
17.03
6.63
77.68
86.56
102.36
-5.03
100
102.18
-12.18
100
58.04
72.34
88.75
129.06
44.81
37.67
128.22
45.69
64.61
151.5
-53.33
100
149.88
-46.26
100
136.47
0
100
149.28
-40
100
100.01
0.03
100
139.38
52.01
15.98
100.86
-60.89
100
131.51
48.97
25.96
100.65
-47.19
100
127.24
37.12
31.91
129.05
63.83
72.56
101.97
-21.31
100
156.26
-66.27
100
128.09
44.79
75.7
126.99
33.94
26.23
141.87
36.15
100
102.04
-18.46
100
151.88
19.18
48.63
13.24
5.2
100
138.2
51.15
16.74
127.72
41.25
49.88
141.74
-22.03
100
128.51
42.62
39.54
138.34
52.07
16.98
135.92
0.12
100
100.01
0.02
100
128.57
65.08
74.32
147.36
-33.03
100
116.58
5.29
100
128.04
44.07
67.05
100.04
0.04
100
65.36
95.25
75.86
137.09
50.92
16.89
148.81
-43.18
100
151.21
-52.61
100
129.05
38.25
22.11
100.07
-69.45
100
19.2
10.98
100
8.44
50.22
100
65.61
95.08
81.53
130.81
46.55
26.68
127.97
43.57
70.19
11.61
4.44
100
139.85
-16.16
100
100.02
-82.35
100
100.95
-54.61
100
152.96
-54
100
135.78
0.02
100
128.07
44.45
78.15
157.81
-72.89
100
136.05
0.04
100
143.94
-29.2
100
137.46
-7.84
100
127.12
35.49
30.63
135.95
0.13
100
152.25
-50.89
100
17.26
8.29
79.1
16.72
7.55
75.9
127.8
41.89
57.52
127.74
41.67
55.35
100.73
-74.23
100
101.32
0.04
100
128.63
38.21
24.62
142.77
-25.67
100
197.81
57.1
92.41
101.75
-4.14
100
135.63
0.54
100
127.95
43.58
73.97
136.11
0.01
100
17.22
6.99
68.79
157.43
-71.03
100
128.65
39.88
29.41
147.22
-39.74
100
18.27
-35
100
127.52
40.04
49.56
128.4
39.01
29.74
135.85
0.07
100
137.28
-7.66
100
128.06
44.58
81.83
23.87
18.07
100
17.32
8.16
82.02
127.78
40.06
44.51
127.77
41.81
59.39
128.28
46.17
81.64
106.54
-71.69
100
100.9
-67.06
100
127.89
43.27
72.77
141.94
-22.97
100
152.21
-51.79
100
17.33
8.13
81.44
105.32
-44.03
100
100.31
-80.78
100
22.13
13.7
100
133.19
4.86
47.35
101.15
-4.97
100
127.44
38.65
42.27
100.7
-54.37
100
127.57
40.39
53.24
127.71
39.97
45.68
127.82
42.51
69.65
127.87
42.96
73.85
135.49
0.14
100
145.18
-33.36
100
127.46
38.94
44.02
154
-60.44
100
127.86
42.76
71.8
139.2
-13.91
100
100.3
0.03
100
127.72
41.59
61.82
158.09
-72.62
100
145.07
-33.06
100
100.01
0.03
100
127.7
41.41
61.13
135.82
1.18
100
101.31
-47.45
100
16.94
9.52
92.48
100.01
0.04
100
134.59
3.74
100
24.99
16.15
100
100.76
-43.53
100
135.85
0.22
100
155.07
-62.03
100
101.12
-38.56
100
151.18
-48.56
100
101.33
-41.34
100
100.26
-90.41
100
139.2
-13.97
100
136.57
-3.6
100
101.65
-30.52
100
100.34
-83.98
100
100.32
0.09
100
102.04
-7.02
100
23.25
14.69
100
101.53
-39.92
100
135.75
0.02
100
158.91
-75.84
100
101.11
-58.2
100
145.62
-34.91
100
100.2
-55.29
100
100.5
-45.09
100
102.13
-14.23
100
100.07
-90.2
100
135.09
1.02
100
100.17
-91.5
100
156.53
-67.4
100
156.74
-69.8
100
136.39
-4.62
100
100.19
0.56
100
101.22
-50.86
100
101.51
-38.46
100
101.72
-31.96
100
101.81
-27.46
100
143.59
-28.33
100
134.06
6.55
100
100.02
0.05
100
135.22
2.47
100
21.55
13.19
100
101.6
-37.31
100
158.23
-74.24
100
22.87
14.46
100
100.3
-87.56
100
101.08
-58.64
100
101.24
-50.43
100
158.61
-74.03
100
140.52
-18.04
100
101.03
-61.39
100
100.13
0.31
100
131.61
94.25
34.12
117.42
47.6
59.61
144.44
-30.47
100
136.08
0.03
100
101.71
-32.67
100
101.52
-37.56
100
117.86
-35.45
100
143.32
-27.48
100
101.96
-21.96
100
102.09
-13.31
100
151.46
-53.05
100
102.09
-17.25
100
101.59
-37.77
100
142.14
-23.59
100
101.66
-33.7
100
135.82
0.04
100
136.25
0.04
100
101.86
-21.08
100
137.56
-8.3
100
146.34
-36.61
100
138.98
-12.39
100
101.41
-45.58
100
100.02
0.06
100
147.17
-39.84
100
104.73
14.18
100
143.71
-28.72
100
141.42
-21.28
100
138.96
-13.18
100
135.18
0.33
100
135.89
0.05
100
144.58
-31.31
100
101.63
-5.05
100
108.27
22.13
83.73
146.31
-36.45
100
100.01
0.02
100
136.21
0
100
19.65
11.38
100
17.41
7.13
70.53
100.21
0.62
100
16.88
7
66.73
100.18
0.03
100
135.99
0.11
100
113.68
34.31
64
16.74
6.43
60.37
17.56
10.02
95.97
139.13
-13.18
100
101.59
-37.81
100
143.83
-28.63
100
100.09
-70.54
100
101.06
0.04
100
100.41
-74.62
100
102.25
-9.77
100
100.01
0.04
100
106.21
-25.78
100
128.37
4.12
91.41
136.23
0.01
100
146.35
-36.3
100
135.87
0
100
100.4
-72.61
100
100
0.01
100
135.77
0.52
100
139.22
-13.82
100
134.1
5.62
100
101
0.02
100
100.01
0.04
100
100.02
0.05
100
100.01
0.04
100
101.28
-37.5
100
100.65
-64.82
100
100.34
0.03
100
100.06
-89.67
100
100.06
-78.4
100
100.52
-83.49
100
101.37
-41.47
100
101.7
-33.14
100
194.23
49.04
20.39
101.77
-26.95
100
102.05
-2.2
100
148.09
30.74
58.04
132.9
82.49
33.87
197.44
47.92
27.28
193.41
47.67
6.75
100.68
0.04
100
190.25
57.14
57.65
1.58
36.44
52.94
138.08
75.08
28.15
101.46
0.05
100
196.54
51.85
13.24
132.43
89.41
58.04
132.19
71.4
29.38
152.53
-54.21
100
190.2
52.94
20
200
51.09
44.03
132.6
94.95
89.22
69.17
86.4
55.75
140.72
49.85
7.97
128.72
46.81
18.43
132.16
87.86
88.82
196.28
73.63
19.47
67.3
96.93
67.06
65.05
84.99
61.83
132.47
93.51
90.59
138.88
59.96
24.9
133.85
2.65
83.92
132.5
95.94
85.6
132.14
87.16
65.88
128.98
55.81
71.53
198.88
48.81
33.83
129.94
55.7
40.24
131.84
57.3
34.9
197.15
57.44
24.74
65.58
87.61
45.57
195.02
76.26
19.51
145.32
58.1
16.65
0.05
41.06
25.89
188.86
55.82
22.3
127.94
41.18
27.09
189.42
50
15.2
135.35
0.96
100
135.18
1.51
100
189.15
51.16
11.24
66.57
96.8
75.11
131.45
35.22
10.39
126
4
78.43
190.32
48.39
12.16
130.96
78.78
69.34
129.11
61.78
72.16
129.06
50.38
51.27
66.87
97.32
65.78
137.56
57.89
24.64
129.55
55.81
48.4
136.34
-4.31
100
1.84
36.18
36.94
128.31
61.58
61.39
151.02
-45.62
100
183.8
49.35
9.61
159.99
-78.94
100
145.28
63.27
13.43
134.48
42.24
10.7
127.12
35.29
25.67
135.79
0.04
100
158.27
-73.25
100
6.99
76.4
82.06
8.91
73.16
88.16
141.44
42.78
9.38
148.35
-36.81
100
135.82
0
100
128.39
44.94
53.92
137.89
12.36
94.33
193.01
59.33
78.82
186.33
57.92
16.94
187.39
57.35
16.97
128.19
45.33
65.34
7.45
10.6
100
158.76
-74.66
100
128.76
43.98
41.03
138.5
-11.76
100
136.03
0.05
100
127.33
37.64
32.44
129.12
63.72
72.55
127.76
41.54
49.78
128.67
65.89
73.05
127.07
34.44
27.42
153.27
-55.22
100
128.11
44.9
76.04
102.32
-6.01
100
102.19
-12.7
100
65.89
96.45
73.93
136.95
52.83
18.65
148.29
-36.53
100
64.05
91.9
82.16
128.01
43.84
69.38
130.13
45.18
29.23
135.99
51.51
18.5
100.13
-72.16
100
128.04
44.1
68.14
100
0
100
128.2
36.58
24.13
136.3
0.59
100
128.18
41.94
43.19
137.45
53.95
20.5
159.05
-75.86
100
135.76
51.96
19.5
127.78
41.94
55.55
128.08
44.53
78.5
199.86
60.67
93.73
127.14
36
32.12
100
0
100
127.98
43.8
73.39
101.99
-20.62
100
101
-58.18
100
100.85
-46.34
100
129.65
43.61
29.96
161.17
-82.83
100
112.77
5.16
100
102.11
-15.3
100
128.26
37.79
26.89
127.77
42
60.52
100.13
0.02
100
135.96
0.12
100
100.06
-71.89
100
127.57
40.4
50.75
109.87
-63.33
100
100.06
-84.85
100
136.05
0.13
100
128.04
44.24
82.06
128.19
45.38
81.61
135.89
0.07
100
146.54
-37.25
100
101.12
-51.62
100
100.74
-72.77
100
19.52
11.27
100
128.25
39.44
32.8
150.49
-44.9
100
135.6
0.09
100
135.84
0.02
100
127.91
43.48
74.2
128.1
39.04
33.17
139.58
-14.9
100
101.55
-3.15
100
100.86
0.04
100
127.77
42.06
62.21
127.84
42.73
70.4
127.73
40.29
48.56
141.54
-20.98
100
127.62
40.75
54.92
157.52
-70.62
100
127.48
39.12
44.86
127.88
43.13
75.22
136.19
0.02
100
135.82
0
100
127.86
42.86
72.81
150.92
-51.68
100
23.87
17.09
100
148.15
13.58
49.59
127.68
40.36
49.3
12.66
4.64
100
127.48
39.43
47.02
138.59
-11.94
100
142.65
-25.14
100
16.87
8.28
78.18
100.2
-83.33
100
148.38
-36.85
100
148.09
-41.33
100
104.07
-40.85
100
127.77
41.98
64.44
17.25
8.36
81.74
127.74
41.8
63.63
101.06
-59.77
100
156.54
-69.11
100
101.66
-3.59
100
154.1
-58.14
100
10.81
3.49
100
141.78
-22.42
100
131.22
6.75
32.94
100.39
0.06
100
154.26
-60.09
100
153.72
-56.42
100
22.55
13.93
100
100.01
0.02
100
146.11
-36.22
100
149.82
-46.91
100
135.64
0.17
100
157.74
-72.23
100
135.82
0.08
100
17.37
7.45
72.23
100.57
-56.6
100
136.32
-4.44
100
17.27
8.44
86.06
25.2
16.31
100
100.04
0.13
100
135.85
0.16
100
136.21
2.75
100
21.51
-46.66
100
100.26
-69.02
100
137.52
-8.38
100
140.69
-18.88
100
159.21
-76.39
100
17.27
8.43
85.94
100.13
0
100
152.7
-54.58
100
144.05
-29.8
100
16.65
10.94
97.4
100.26
-90
100
139.08
-13.59
100
135.81
0
100
101.52
-40.93
100
23.69
14.87
100
143.8
-28.96
100
135.26
0.6
100
101.6
-4.19
100
156.24
-66.3
100
101.05
-60.96
100
153.15
-58
100
101.45
-38.9
100
101.78
-26.84
100
135.18
1.16
100
136.22
-4.05
100
101.22
-36.35
100
100.01
0.02
100
100.93
-42.66
100
150.98
-51.76
100
151.37
-48.24
100
158.92
-76.16
100
100.02
0.05
100
134.9
4.31
100
156.41
-68.82
100
100.15
-60.06
100
144.86
-32.45
100
134.64
4.58
100
22.24
13.8
100
23.48
14.89
100
101.09
-59.05
100
157.64
-71.42
100
100.23
-91.27
100
102.18
-11.12
100
101.86
-26.18
100
142.71
-25.55
100
100.37
0.97
100
132.02
96.05
29.8
117.3
47.08
57.12
101.15
-55.43
100
136.1
0.01
100
101.65
-33.9
100
146.31
-36.38
100
157.63
-72.42
100
146.41
-37.06
100
100.64
-45.55
100
101.36
-46.69
100
136.32
0.04
100
100
-90.07
100
143.59
-28.43
100
101.81
-28.08
100
143.17
-26.52
100
100.44
-86.01
100
102.22
-13.33
100
101.86
-19.03
100
136.98
-6.27
100
101.94
-7.75
100
101.83
-27.32
100
101.39
-46
100
135.79
0.04
100
101.99
-20.6
100
101.66
-33.13
100
100.02
0.05
100
149.76
-47.84
100
159.06
-75.29
100
141.54
-21.08
100
101.67
-34.2
100
101.64
-35.2
100
141.4
-21.22
100
142.24
-23.97
100
104.92
14.77
100
142.76
-25.6
100
101.79
-29.47
100
144.43
-30.69
100
101.51
-40.81
100
138.01
-8.59
100
138.74
-12.49
100
111.97
28.97
76.47
101.11
-57.96
100
136.28
0.04
100
135.98
0.02
100
112.97
32.3
67.19
142.89
-25.94
100
101.09
-2.35
100
136.01
0
100
140.26
-17.44
100
100.01
0.03
100
144.73
-32.05
100
100.01
0.03
100
100.65
0.03
100
101.73
-31.56
100
20.23
11.9
100
142.22
-23.61
100
100.31
0.92
100
144.1
-29.35
100
18.02
10.45
100
135.31
0.33
100
102.39
-3.87
100
17.14
7.01
63.28
137.65
-8.45
100
17.38
7.73
76.2
100.12
-72.8
100
133.86
4.12
100
17.13
7.63
71.63
100.43
-75.17
100
136.29
0.04
100
100.01
0.02
100
135.97
0.02
100
144.73
-31.52
100
105.34
-51.3
100
135.84
0.37
100
100.01
0.03
100
137.64
-8.65
100
100.62
-69.63
100
135.99
0.13
100
100.02
0.06
100
100.55
0.03
100
100.02
0.05
100
100.01
0.03
100
101.46
-33.86
100
100.8
-63.02
100
100.05
0.03
100
100.03
-92.25
100
100.05
-81.78
100
100.59
-80.23
100